  0
SECTION
  2
HEADER
  9
$ACADVER
  1
AC1024
  9
$ACADMAINTVER
 70
6
  9
$DWGCODEPAGE
  3
ANSI_1252
  9
$LASTSAVEDBY
  1
ezdxf
  9
$INSBASE
 10
0.0
 20
0.0
 30
0.0
  9
$EXTMIN
 10
1e+20
 20
1e+20
 30
1e+20
  9
$EXTMAX
 10
-1e+20
 20
-1e+20
 30
-1e+20
  9
$LIMMIN
 10
0.0
 20
0.0
  9
$LIMMAX
 10
420.0
 20
297.0
  9
$ORTHOMODE
 70
0
  9
$REGENMODE
 70
1
  9
$FILLMODE
 70
1
  9
$QTEXTMODE
 70
0
  9
$MIRRTEXT
 70
1
  9
$LTSCALE
 40
1.0
  9
$ATTMODE
 70
1
  9
$TEXTSIZE
 40
2.5
  9
$TRACEWID
 40
1.0
  9
$TEXTSTYLE
  7
Standard
  9
$CLAYER
  8
0
  9
$CELTYPE
  6
ByLayer
  9
$CECOLOR
 62
256
  9
$CELTSCALE
 40
1.0
  9
$DISPSILH
 70
0
  9
$DIMSCALE
 40
1.0
  9
$DIMASZ
 40
2.5
  9
$DIMEXO
 40
0.625
  9
$DIMDLI
 40
3.75
  9
$DIMRND
 40
0.0
  9
$DIMDLE
 40
0.0
  9
$DIMEXE
 40
1.25
  9
$DIMTP
 40
0.0
  9
$DIMTM
 40
0.0
  9
$DIMTXT
 40
2.5
  9
$DIMCEN
 40
2.5
  9
$DIMTSZ
 40
0.0
  9
$DIMTOL
 70
0
  9
$DIMLIM
 70
0
  9
$DIMTIH
 70
0
  9
$DIMTOH
 70
0
  9
$DIMSE1
 70
0
  9
$DIMSE2
 70
0
  9
$DIMTAD
 70
1
  9
$DIMZIN
 70
8
  9
$DIMBLK
  1

  9
$DIMASO
 70
1
  9
$DIMSHO
 70
1
  9
$DIMPOST
  1

  9
$DIMAPOST
  1

  9
$DIMALT
 70
0
  9
$DIMALTD
 70
3
  9
$DIMALTF
 40
0.03937007874
  9
$DIMLFAC
 40
1.0
  9
$DIMTOFL
 70
1
  9
$DIMTVP
 40
0.0
  9
$DIMTIX
 70
0
  9
$DIMSOXD
 70
0
  9
$DIMSAH
 70
0
  9
$DIMBLK1
  1

  9
$DIMBLK2
  1

  9
$DIMSTYLE
  2
ISO-25
  9
$DIMCLRD
 70
0
  9
$DIMCLRE
 70
0
  9
$DIMCLRT
 70
0
  9
$DIMTFAC
 40
1.0
  9
$DIMGAP
 40
0.625
  9
$DIMJUST
 70
0
  9
$DIMSD1
 70
0
  9
$DIMSD2
 70
0
  9
$DIMTOLJ
 70
0
  9
$DIMTZIN
 70
8
  9
$DIMALTZ
 70
0
  9
$DIMALTTZ
 70
0
  9
$DIMUPT
 70
0
  9
$DIMDEC
 70
2
  9
$DIMTDEC
 70
2
  9
$DIMALTU
 70
2
  9
$DIMALTTD
 70
3
  9
$DIMTXSTY
  7
Standard
  9
$DIMAUNIT
 70
0
  9
$DIMADEC
 70
0
  9
$DIMALTRND
 40
0.0
  9
$DIMAZIN
 70
0
  9
$DIMDSEP
 70
44
  9
$DIMATFIT
 70
3
  9
$DIMFRAC
 70
0
  9
$DIMLDRBLK
  1

  9
$DIMLUNIT
 70
2
  9
$DIMLWD
 70
-2
  9
$DIMLWE
 70
-2
  9
$DIMTMOVE
 70
0
  9
$DIMFXL
 40
1.0
  9
$DIMFXLON
 70
0
  9
$DIMJOGANG
 40
0.785398163397
  9
$DIMTFILL
 70
0
  9
$DIMTFILLCLR
 70
0
  9
$DIMARCSYM
 70
0
  9
$DIMLTYPE
  6

  9
$DIMLTEX1
  6

  9
$DIMLTEX2
  6

  9
$DIMTXTDIRECTION
 70
0
  9
$LUNITS
 70
2
  9
$LUPREC
 70
4
  9
$SKETCHINC
 40
1.0
  9
$FILLETRAD
 40
10.0
  9
$AUNITS
 70
0
  9
$AUPREC
 70
2
  9
$MENU
  1
.
  9
$ELEVATION
 40
0.0
  9
$PELEVATION
 40
0.0
  9
$THICKNESS
 40
0.0
  9
$LIMCHECK
 70
0
  9
$CHAMFERA
 40
0.0
  9
$CHAMFERB
 40
0.0
  9
$CHAMFERC
 40
0.0
  9
$CHAMFERD
 40
0.0
  9
$SKPOLY
 70
0
  9
$TDCREATE
 40
2461300.254074074
  9
$TDUCREATE
 40
2458532.153996898
  9
$TDUPDATE
 40
2461300.2540856483
  9
$TDUUPDATE
 40
2458532.1544311
  9
$TDINDWG
 40
0.0
  9
$TDUSRTIMER
 40
0.0
  9
$USRTIMER
 70
1
  9
$ANGBASE
 50
0.0
  9
$ANGDIR
 70
0
  9
$PDMODE
 70
0
  9
$PDSIZE
 40
0.0
  9
$PLINEWID
 40
0.0
  9
$SPLFRAME
 70
0
  9
$SPLINETYPE
 70
6
  9
$SPLINESEGS
 70
8
  9
$HANDSEED
  5
75
  9
$SURFTAB1
 70
6
  9
$SURFTAB2
 70
6
  9
$SURFTYPE
 70
6
  9
$SURFU
 70
6
  9
$SURFV
 70
6
  9
$UCSBASE
  2

  9
$UCSNAME
  2

  9
$UCSORG
 10
0.0
 20
0.0
 30
0.0
  9
$UCSXDIR
 10
1.0
 20
0.0
 30
0.0
  9
$UCSYDIR
 10
0.0
 20
1.0
 30
0.0
  9
$UCSORTHOREF
  2

  9
$UCSORTHOVIEW
 70
0
  9
$UCSORGTOP
 10
0.0
 20
0.0
 30
0.0
  9
$UCSORGBOTTOM
 10
0.0
 20
0.0
 30
0.0
  9
$UCSORGLEFT
 10
0.0
 20
0.0
 30
0.0
  9
$UCSORGRIGHT
 10
0.0
 20
0.0
 30
0.0
  9
$UCSORGFRONT
 10
0.0
 20
0.0
 30
0.0
  9
$UCSORGBACK
 10
0.0
 20
0.0
 30
0.0
  9
$PUCSBASE
  2

  9
$PUCSNAME
  2

  9
$PUCSORG
 10
0.0
 20
0.0
 30
0.0
  9
$PUCSXDIR
 10
1.0
 20
0.0
 30
0.0
  9
$PUCSYDIR
 10
0.0
 20
1.0
 30
0.0
  9
$PUCSORTHOREF
  2

  9
$PUCSORTHOVIEW
 70
0
  9
$PUCSORGTOP
 10
0.0
 20
0.0
 30
0.0
  9
$PUCSORGBOTTOM
 10
0.0
 20
0.0
 30
0.0
  9
$PUCSORGLEFT
 10
0.0
 20
0.0
 30
0.0
  9
$PUCSORGRIGHT
 10
0.0
 20
0.0
 30
0.0
  9
$PUCSORGFRONT
 10
0.0
 20
0.0
 30
0.0
  9
$PUCSORGBACK
 10
0.0
 20
0.0
 30
0.0
  9
$USERI1
 70
0
  9
$USERI2
 70
0
  9
$USERI3
 70
0
  9
$USERI4
 70
0
  9
$USERI5
 70
0
  9
$USERR1
 40
0.0
  9
$USERR2
 40
0.0
  9
$USERR3
 40
0.0
  9
$USERR4
 40
0.0
  9
$USERR5
 40
0.0
  9
$WORLDVIEW
 70
1
  9
$SHADEDGE
 70
3
  9
$SHADEDIF
 70
70
  9
$TILEMODE
 70
1
  9
$MAXACTVP
 70
64
  9
$PINSBASE
 10
0.0
 20
0.0
 30
0.0
  9
$PLIMCHECK
 70
0
  9
$PEXTMIN
 10
1e+20
 20
1e+20
 30
1e+20
  9
$PEXTMAX
 10
-1e+20
 20
-1e+20
 30
-1e+20
  9
$PLIMMIN
 10
0.0
 20
0.0
  9
$PLIMMAX
 10
420.0
 20
297.0
  9
$UNITMODE
 70
0
  9
$VISRETAIN
 70
1
  9
$PLINEGEN
 70
0
  9
$PSLTSCALE
 70
1
  9
$TREEDEPTH
 70
3020
  9
$CMLSTYLE
  2
Standard
  9
$CMLJUST
 70
0
  9
$CMLSCALE
 40
20.0
  9
$PROXYGRAPHICS
 70
1
  9
$MEASUREMENT
 70
1
  9
$CELWEIGHT
370
-1
  9
$ENDCAPS
280
0
  9
$JOINSTYLE
280
0
  9
$LWDISPLAY
290
0
  9
$INSUNITS
 70
6
  9
$HYPERLINKBASE
  1

  9
$STYLESHEET
  1

  9
$XEDIT
290
1
  9
$CEPSNTYPE
380
0
  9
$PSTYLEMODE
290
1
  9
$FINGERPRINTGUID
  2
{E3DC9F63-8C08-4D33-8929-72FD6B51429D}
  9
$VERSIONGUID
  2
{3A5FA49F-DC1C-46BC-9778-9981DE2BB05A}
  9
$EXTNAMES
290
1
  9
$PSVPSCALE
 40
0.0
  9
$OLESTARTUP
290
0
  9
$SORTENTS
280
127
  9
$INDEXCTL
280
0
  9
$HIDETEXT
280
1
  9
$XCLIPFRAME
280
1
  9
$HALOGAP
280
0
  9
$OBSCOLOR
 70
257
  9
$OBSLTYPE
280
0
  9
$INTERSECTIONDISPLAY
280
0
  9
$INTERSECTIONCOLOR
 70
257
  9
$DIMASSOC
280
2
  9
$PROJECTNAME
  1

  9
$CAMERADISPLAY
290
0
  9
$LENSLENGTH
 40
50.0
  9
$CAMERAHEIGHT
 40
0.0
  9
$STEPSPERSEC
 40
24.0
  9
$STEPSIZE
 40
100.0
  9
$3DDWFPREC
 40
2.0
  9
$PSOLWIDTH
 40
0.005
  9
$PSOLHEIGHT
 40
0.08
  9
$LOFTANG1
 40
1.570796326795
  9
$LOFTANG2
 40
1.570796326795
  9
$LOFTMAG1
 40
0.0
  9
$LOFTMAG2
 40
0.0
  9
$LOFTPARAM
 70
7
  9
$LOFTNORMALS
280
1
  9
$LATITUDE
 40
37.795
  9
$LONGITUDE
 40
-122.394
  9
$NORTHDIRECTION
 40
0.0
  9
$TIMEZONE
 70
-8000
  9
$LIGHTGLYPHDISPLAY
280
1
  9
$TILEMODELIGHTSYNCH
280
1
  9
$CMATERIAL
347
20
  9
$SOLIDHIST
280
0
  9
$SHOWHIST
280
1
  9
$DWFFRAME
280
2
  9
$DGNFRAME
280
2
  9
$REALWORLDSCALE
290
1
  9
$INTERFERECOLOR
 62
256
  9
$CSHADOW
280
0
  9
$SHADOWPLANELOCATION
 40
0.0
  0
ENDSEC
  0
SECTION
  2
CLASSES
  0
CLASS
  1
ACDBDICTIONARYWDFLT
  2
AcDbDictionaryWithDefault
  3
ObjectDBX Classes
 90
0
 91
0
280
0
281
0
  0
CLASS
  1
SUN
  2
AcDbSun
  3
SCENEOE
 90
1153
 91
0
280
0
281
0
  0
CLASS
  1
VISUALSTYLE
  2
AcDbVisualStyle
  3
ObjectDBX Classes
 90
4095
 91
0
280
0
281
0
  0
CLASS
  1
MATERIAL
  2
AcDbMaterial
  3
ObjectDBX Classes
 90
1153
 91
0
280
0
281
0
  0
CLASS
  1
SCALE
  2
AcDbScale
  3
ObjectDBX Classes
 90
1153
 91
0
280
0
281
0
  0
CLASS
  1
TABLESTYLE
  2
AcDbTableStyle
  3
ObjectDBX Classes
 90
4095
 91
0
280
0
281
0
  0
CLASS
  1
MLEADERSTYLE
  2
AcDbMLeaderStyle
  3
ACDB_MLEADERSTYLE_CLASS
 90
4095
 91
0
280
0
281
0
  0
CLASS
  1
DICTIONARYVAR
  2
AcDbDictionaryVar
  3
ObjectDBX Classes
 90
0
 91
0
280
0
281
0
  0
CLASS
  1
CELLSTYLEMAP
  2
AcDbCellStyleMap
  3
ObjectDBX Classes
 90
1152
 91
0
280
0
281
0
  0
CLASS
  1
MENTALRAYRENDERSETTINGS
  2
AcDbMentalRayRenderSettings
  3
SCENEOE
 90
1024
 91
0
280
0
281
0
  0
CLASS
  1
ACDBDETAILVIEWSTYLE
  2
AcDbDetailViewStyle
  3
ObjectDBX Classes
 90
1025
 91
0
280
0
281
0
  0
CLASS
  1
ACDBSECTIONVIEWSTYLE
  2
AcDbSectionViewStyle
  3
ObjectDBX Classes
 90
1025
 91
0
280
0
281
0
  0
CLASS
  1
RASTERVARIABLES
  2
AcDbRasterVariables
  3
ISM
 90
0
 91
0
280
0
281
0
  0
CLASS
  1
ACDBPLACEHOLDER
  2
AcDbPlaceHolder
  3
ObjectDBX Classes
 90
0
 91
0
280
0
281
0
  0
CLASS
  1
LAYOUT
  2
AcDbLayout
  3
ObjectDBX Classes
 90
0
 91
0
280
0
281
0
  0
ENDSEC
  0
SECTION
  2
TABLES
  0
TABLE
  2
VPORT
  5
8
330
0
100
AcDbSymbolTable
 70
1
  0
VPORT
  5
23
330
8
100
AcDbSymbolTableRecord
100
AcDbViewportTableRecord
  2
*Active
 70
0
 10
0.0
 20
0.0
 11
1.0
 21
1.0
 12
0.0
 22
0.0
 13
0.0
 23
0.0
 14
0.5
 24
0.5
 15
0.5
 25
0.5
 16
0.0
 26
0.0
 36
1.0
 17
0.0
 27
0.0
 37
0.0
 40
1000.0
 41
1.34
 42
50.0
 43
0.0
 44
0.0
 50
0.0
 51
0.0
 71
0
 72
1000
 73
1
 74
3
 75
0
 76
0
 77
0
 78
0
281
0
 65
0
146
0.0
  0
ENDTAB
  0
TABLE
  2
LTYPE
  5
2
330
0
100
AcDbSymbolTable
 70
3
  0
LTYPE
  5
24
330
2
100
AcDbSymbolTableRecord
100
AcDbLinetypeTableRecord
  2
ByBlock
 70
0
  3

 72
65
 73
0
 40
0.0
  0
LTYPE
  5
25
330
2
100
AcDbSymbolTableRecord
100
AcDbLinetypeTableRecord
  2
ByLayer
 70
0
  3

 72
65
 73
0
 40
0.0
  0
LTYPE
  5
26
330
2
100
AcDbSymbolTableRecord
100
AcDbLinetypeTableRecord
  2
Continuous
 70
0
  3

 72
65
 73
0
 40
0.0
  0
ENDTAB
  0
TABLE
  2
LAYER
  5
1
330
0
100
AcDbSymbolTable
 70
2
  0
LAYER
  5
27
330
1
100
AcDbSymbolTableRecord
100
AcDbLayerTableRecord
  2
0
 70
0
 62
7
  6
Continuous
370
-3
390
13
347
21
  0
LAYER
  5
28
330
1
100
AcDbSymbolTableRecord
100
AcDbLayerTableRecord
  2
Defpoints
 70
0
 62
7
  6
Continuous
290
0
370
-3
390
13
347
21
  0
ENDTAB
  0
TABLE
  2
STYLE
  5
5
330
0
100
AcDbSymbolTable
 70
1
  0
STYLE
  5
29
330
5
100
AcDbSymbolTableRecord
100
AcDbTextStyleTableRecord
  2
Standard
 70
0
 40
0.0
 41
1.0
 50
0.0
 71
0
 42
2.5
  3
txt
  4

  0
ENDTAB
  0
TABLE
  2
VIEW
  5
7
330
0
100
AcDbSymbolTable
 70
0
  0
ENDTAB
  0
TABLE
  2
UCS
  5
6
330
0
100
AcDbSymbolTable
 70
0
  0
ENDTAB
  0
TABLE
  2
APPID
  5
3
330
0
100
AcDbSymbolTable
 70
3
  0
APPID
  5
2A
330
3
100
AcDbSymbolTableRecord
100
AcDbRegAppTableRecord
  2
ACAD
 70
0
  0
APPID
  5
72
330
3
100
AcDbSymbolTableRecord
100
AcDbRegAppTableRecord
  2
HATCHBACKGROUNDCOLOR
 70
0
  0
APPID
  5
73
330
3
100
AcDbSymbolTableRecord
100
AcDbRegAppTableRecord
  2
EZDXF
 70
0
  0
ENDTAB
  0
TABLE
  2
DIMSTYLE
  5
4
330
0
100
AcDbSymbolTable
 70
1
100
AcDbDimStyleTable
  0
DIMSTYLE
105
2B
330
4
100
AcDbSymbolTableRecord
100
AcDbDimStyleTableRecord
  2
Standard
 70
0
 40
1.0
 41
2.5
 42
0.625
 43
3.75
 44
1.25
 45
0.0
 46
0.0
 47
0.0
 48
0.0
 49
2.5
140
2.5
141
2.5
142
0.0
143
0.03937007874
144
1.0
145
0.0
146
1.0
147
0.625
148
0.0
 69
0
 70
0
 71
0
 72
0
 73
0
 74
0
 75
0
 76
0
 77
1
 78
8
 79
3
170
0
171
3
172
1
173
0
174
0
175
0
176
0
177
0
178
0
179
2
271
2
272
2
273
2
274
3
275
0
276
0
277
2
278
44
279
0
280
0
281
0
282
0
283
0
284
8
285
0
286
0
288
0
289
3
290
0
371
-2
372
-2
  0
ENDTAB
  0
TABLE
  2
BLOCK_RECORD
  5
9
330
0
100
AcDbSymbolTable
 70
3
  0
BLOCK_RECORD
  5
17
330
9
100
AcDbSymbolTableRecord
100
AcDbBlockTableRecord
  2
*Model_Space
340
1A
 70
0
280
1
281
0
  0
BLOCK_RECORD
  5
1B
330
9
100
AcDbSymbolTableRecord
100
AcDbBlockTableRecord
  2
*Paper_Space
340
1E
 70
0
280
1
281
0
  0
BLOCK_RECORD
  5
2F
330
9
100
AcDbSymbolTableRecord
100
AcDbBlockTableRecord
  2
PART_0
340
0
 70
0
280
1
281
0
  0
ENDTAB
  0
ENDSEC
  0
SECTION
  2
BLOCKS
  0
BLOCK
  5
18
330
17
100
AcDbEntity
  8
0
100
AcDbBlockBegin
  2
*Model_Space
 70
0
 10
0.0
 20
0.0
 30
0.0
  3
*Model_Space
  1

  0
ENDBLK
  5
19
330
17
100
AcDbEntity
  8
0
100
AcDbBlockEnd
  0
BLOCK
  5
1C
330
1B
100
AcDbEntity
  8
0
100
AcDbBlockBegin
  2
*Paper_Space
 70
0
 10
0.0
 20
0.0
 30
0.0
  3
*Paper_Space
  1

  0
ENDBLK
  5
1D
330
1B
100
AcDbEntity
  8
0
100
AcDbBlockEnd
  0
BLOCK
  5
30
330
2F
100
AcDbEntity
  8
0
100
AcDbBlockBegin
  2
PART_0
 70
0
 10
0.0
 20
0.0
 30
0.0
  3
PART_0
  1

  0
LWPOLYLINE
  5
32
330
2F
100
AcDbEntity
  8
CUT
100
AcDbPolyline
 90
1428
 70
1
 10
52.95278018007442
 20
1.0910704447454975
 10
52.54616636374352
 20
1.2742664678454219
 10
52.082668819274296
 20
1.5222443492562263
 10
51.571803403452016
 20
1.8280209993990866
 10
51.023085973061875
 20
2.1846133286952067
 10
50.4460323848891
 20
2.5850382475657057
 10
49.85015849571892
 20
3.0223126664316737
 10
49.24498016233657
 20
3.489453495714372
 10
48.640013241527264
 20
3.9794776458348906
 10
48.04477359007625
 20
4.485402027214434
 10
47.46877706476874
 20
5.000243550274064
 10
46.921539522389956
 20
5.517019125435013
 10
46.23849696752703
 20
6.153325412642857
 10
45.55281450564786
 20
6.734032273204065
 10
44.85957830747214
 20
7.261668525811956
 10
44.15387454371956
 20
7.738762989160108
 10
43.430789385109826
 20
8.167844481941927
 10
42.685409002362604
 20
8.551441822850848
 10
41.91281956619759
 20
8.89208383058022
 10
41.1081072473345
 20
9.192299323823534
 10
40.266358216493
 20
9.454617121274197
 10
39.3826586443928
 20
9.681566041625643
 10
38.45209470175356
 20
9.875674903571337
 10
37.03795913736057
 20
10.194262136900846
 10
35.74114632016717
 20
10.597989946957739
 10
34.56531337496526
 20
11.083569040643312
 10
33.514117426546754
 20
11.647710124858946
 10
32.5912155997036
 20
12.287123906505997
 10
31.800265019227695
 20
12.99852109248576
 10
31.14492280991098
 20
13.778612389699589
 10
30.628846096545367
 20
14.624108505048724
 10
30.25569200392279
 20
15.531720145434576
 10
30.02911765683517
 20
16.49815801775847
 10
29.95278018007442
 20
17.520132828921703
 10
29.913418094443223
 20
18.53922184205362
 10
29.791315288526498
 20
19.52447467781238
 10
29.580446938789535
 20
20.487193331974055
 10
29.274788221697598
 20
21.438679800315015
 10
28.868314313715985
 20
22.39023607861131
 10
28.35500039130995
 20
23.353164162639246
 10
27.728821630944786
 20
24.33876604817499
 10
26.98375320908577
 20
25.358343730994676
 10
26.113770302198184
 20
26.42319920687453
 10
25.1128480867473
 20
27.54463447159077
 10
23.9749617391984
 20
28.73395152091959
 10
22.971435124167023
 20
29.761381019264405
 10
22.147235390869163
 20
30.636893437031034
 10
21.48892983032954
 20
31.394147652704305
 10
20.98308573357285
 20
32.06680254476919
 10
20.6162703916238
 20
32.68851699171057
 10
20.375051095507104
 20
33.292949872013395
 10
20.245995136247473
 20
33.91376006416249
 10
20.215669804869627
 20
34.584606446642766
 10
20.27064239239826
 20
35.339147897939085
 10
20.397480189858094
 20
36.21104329653642
 10
20.58275048827383
 20
37.23395152091959
 10
20.805505612188306
 20
38.49787406526397
 10
20.98162376536486
 20
39.708301277103544
 10
21.110821665728885
 20
40.89229764063367
 10
21.192816031205723
 20
42.07692764005003
 10
21.22732357972076
 20
43.28925575954804
 10
21.214061029199364
 20
44.55634648332324
 10
21.15274509756688
 20
45.90526429557113
 10
21.0430925027487
 20
47.36307368048716
 10
20.884819962670186
 20
48.9568391222669
 10
20.67764419525669
 20
50.71362510510579
 10
20.4212819184336
 20
52.66049611319943
 10
20.279359043734964
 20
53.78006613519486
 10
20.182070427810977
 20
54.77228899433155
 10
20.13287873787001
 20
55.65774225008758
 10
20.13524664112036
 20
56.457003461941156
 10
20.192636804770366
 20
57.19065018937033
 10
20.30851189602837
 20
57.87925999185333
 10
20.486334582102707
 20
58.54341042886824
 10
20.729567530201713
 20
59.20367905989315
 10
21.04167340753372
 20
59.88064344440622
 10
21.426114881307058
 20
60.594881141885566
 10
21.88635461873006
 20
61.36696971180933
 10
22.90264020879672
 20
62.85736871376386
 10
24.133907579437448
 20
64.4000753326778
 10
25.556259017119856
 20
65.9750688144953
 10
27.145796808311566
 20
67.56232840516057
 10
28.878623239480184
 20
69.14183335061782
 10
30.730840597093326
 20
70.69356289681127
 10
32.678551167618615
 20
72.19749628968512
 10
34.69785723752367
 20
73.63361277518348
 10
36.7648610932761
 20
74.98189159925062
 10
38.85566502134353
 20
76.22231200783074
 10
40.946371308193555
 20
77.33485324686797
 10
47.7992111015585
 20
80.76318909277336
 10
42.12599564081646
 20
81.42398882254031
 10
39.638349970635616
 20
81.75424952617601
 10
37.34164402715369
 20
82.14676630369289
 10
35.21858293019317
 20
82.60877709333784
 10
33.25187179957646
 20
83.14751983335773
 10
31.424215755126035
 20
83.77023246199943
 10
29.7183199166643
 20
84.48415291750973
 10
28.116889404013726
 20
85.29651913813558
 10
26.602629336996763
 20
86.21456906212376
 10
25.158244835435845
 20
87.2455406277212
 10
23.76644101915341
 20
88.39667177317466
 10
22.40992300797192
 20
89.67520043673107
 10
20.229024128899837
 20
91.95348990044542
 10
18.35873075589494
 20
94.15256097882485
 10
16.771557421076352
 20
96.35480806692155
 10
15.440018656563208
 20
98.64262555978783
 10
14.336628994474651
 20
101.09840785247587
 10
13.433902966929807
 20
103.80454934003795
 10
12.704355106047828
 20
106.84344441752626
 10
12.12049994394783
 20
110.29748747999301
 10
11.654852012748968
 20
114.24907292249048
 10
11.279925844570364
 20
118.78059514007086
 10
10.968235971531165
 20
123.97444852778642
 10
10.767101378695624
 20
127.7037396055253
 10
10.570750500763957
 20
130.8757476917021
 10
10.357394092272063
 20
133.60640225710944
 10
10.105242907755827
 20
136.01163277254003
 10
9.792507701751127
 20
138.20736870878648
 10
9.397399228793855
 20
140.3095395366414
 10
8.898128243419904
 20
142.43407472689753
 10
8.272905500165166
 20
144.69690375034742
 10
7.4999417535655155
 20
147.2139560777838
 10
6.557447758156854
 20
150.10116117999922
 10
5.4236342684750625
 20
153.47444852778642
 10
4.358049310781567
 20
156.65440434411636
 10
3.4584298416730626
 20
159.4253658405086
 10
2.7087164755375923
 20
161.86464613767703
 10
2.0928498267632136
 20
164.0495583563357
 10
1.594770509737982
 20
166.05741561719842
 10
1.1984191388499497
 20
167.96553104097916
 10
0.8877363284871684
 20
169.8512177483919
 10
0.646662693037694
 20
171.79178886015046
 10
0.45913884688958007
 20
173.86455749696884
 10
0.3091054044308805
 20
176.14683677956094
 10
0.1805029800496456
 20
178.71593982864073
 10
0.08597243071044502
 20
181.03182483839035
 10
0.02509650242279804
 20
183.08130476502296
 10
0.0
 20
184.89272836286696
 10
0.012807728255339157
 20
186.49444438625082
 10
0.06564449200210731
 20
187.91480158950293
 10
0.16063509605359805
 20
189.18214872695174
 10
0.2999043452231067
 20
190.32483455292564
 10
0.48557704432392335
 20
191.37120782175305
 10
0.7197779981693451
 20
192.34961728776244
 10
1.0046320115726601
 20
193.2884117052822
 10
1.3422638893471621
 20
194.21593982864073
 10
2.313057918436691
 20
196.49551016852428
 10
3.338466649070572
 20
198.49014823449085
 10
4.439099048698559
 20
200.21401855018945
 10
5.63556408477039
 20
201.6812856392691
 10
6.948470724735824
 20
202.9061140253788
 10
8.398427936044595
 20
203.9026682321675
 10
10.00604468614646
 20
204.6851127832843
 10
11.79192994249117
 20
205.2676122023781
 10
13.776692672528466
 20
205.66433101309792
 10
15.980941843708102
 20
205.8894337390928
 10
18.425286423479818
 20
205.95708490401168
 10
21.423349080362684
 20
205.89212262478375
 10
24.30729373885628
 20
205.7048471628205
 10
27.11777135940949
 20
205.3839292367629
 10
29.895432902471207
 20
204.918039565252
 10
32.68092932849033
 20
204.2958488669288
 10
35.51491159791573
 20
203.5060278604343
 10
38.43803067119632
 20
202.53724726440947
 10
41.490937508781016
 20
201.3781777974954
 10
44.71428307111868
 20
200.01749017833305
 10
48.14871831865821
 20
198.44385512556343
 10
51.8348942118485
 20
196.64594335782755
 10
57.81223049415137
 20
193.5692472602461
 10
63.33596645173654
 20
190.53421768219448
 10
68.47430172358978
 20
187.48811703777818
 10
73.29543594869693
 20
184.3782077411027
 10
77.86756876604375
 20
181.1517522062735
 10
82.25889981461606
 20
177.7560128473961
 10
86.53762873339969
 20
174.13825207857602
 10
90.77195516138042
 20
170.24573231391867
 10
95.03007873754407
 20
166.02571596752955
 10
99.38019910087644
 20
161.42546545351416
 10
103.8905158903633
 20
156.39224318597803
 10
105.44166552919344
 20
154.62148733794785
 10
106.95145229406194
 20
152.89861631844616
 10
108.40136402716587
 20
151.2447173181701
 10
109.77288857070232
 20
149.68087752781682
 10
111.04751376686832
 20
148.22818413808346
 10
112.20672745786098
 20
146.9077243396672
 10
113.23201748587735
 20
145.74058532326515
 10
114.10487169311452
 20
144.74785427957445
 10
114.8067779217696
 20
143.95061839929224
 10
115.31922401403963
 20
143.3699648731157
 10
115.62369781212166
 20
143.0269808917419
 10
115.90705565801912
 20
142.72873964401973
 10
116.1595987170794
 20
142.50912208318684
 10
116.38736771178316
 20
142.37256129567407
 10
116.59640336461072
 20
142.32349036791226
 10
116.79274639804268
 20
142.36634238633218
 10
116.98243753455944
 20
142.5055504373646
 10
117.17151749664151
 20
142.74554760744041
 10
117.3660270067694
 20
143.09076698299037
 10
117.57200678742359
 20
143.5456416504453
 10
117.79549756108455
 20
144.11460469623597
 10
118.04254005023276
 20
144.8020892067932
 10
118.29900559846132
 20
145.39347599555845
 10
118.72141203837222
 20
146.18619306210735
 10
119.29480227479209
 20
147.15823463481274
 10
120.0042192125475
 20
148.28759494204763
 10
120.83470575646501
 20
149.5522682121848
 10
121.77130481137127
 20
150.93024867359716
 10
122.79905928209283
 20
152.39953055465762
 10
123.9030120734563
 20
153.938108083739
 10
125.06820609028827
 20
155.52397548921422
 10
126.27968423741532
 20
157.13512699945616
 10
127.52248941966405
 20
158.7495568428377
 10
128.83243987155322
 20
160.4740898938876
 10
130.23887083605015
 20
162.4049203726011
 10
131.7171007306542
 20
164.50409652555084
 10
133.24244797286465
 20
166.73366659930946
 10
134.79023098018092
 20
169.05567884044956
 10
136.3357681701023
 20
171.43218149554383
 10
137.85437796012823
 20
173.8252228111649
 10
139.32137876775803
 20
176.19685103388542
 10
140.71208901049104
 20
178.50911441027802
 10
142.00182710582658
 20
180.72406118691532
 10
143.16591147126405
 20
182.80373961036995
 10
145.3149281190433
 20
186.66242834271986
 10
147.375008455121
 20
190.21014345403486
 10
149.3575104691463
 20
193.46223801132723
 10
151.2737921507683
 20
196.43406508160922
 10
153.13521148963613
 20
199.1409777318931
 10
154.95312647539893
 20
201.59832902919106
 10
156.73889509770586
 20
203.82147204051546
 10
158.50387534620606
 20
205.82575983287853
 10
160.25942521054864
 20
207.62654547329248
 10
162.01690268038277
 20
209.2391820287696
 10
163.78766574535754
 20
210.67902256632215
 10
166.8158820815406
 20
212.65833364979235
 10
169.55068232009123
 20
213.751673360702
 10
171.99296860102052
 20
213.95762559205485
 10
174.14364306433953
 20
213.27477423685468
 10
176.0036078500593
 20
211.70170318810517
 10
177.57376509819093
 20
209.23699633881012
 10
178.85501694874543
 20
205.8792375819732
 10
179.84826554173398
 20
201.62701081059825
 10
180.5544130171675
 20
196.47889991768892
 10
180.9743615150572
 20
190.43348879624904
 10
181.10901317541405
 20
183.4893613392823
 10
181.0739855823894
 20
178.75918342493844
 10
180.96054261503488
 20
174.50148381161037
 10
180.74047322974084
 20
170.55986580674426
 10
180.38556638289774
 20
166.7779327177863
 10
179.86761103089592
 20
162.99928785218276
 10
179.1583961301258
 20
159.06753451737976
 10
178.22971063697779
 20
154.8262760208235
 10
177.05334350784224
 20
150.1191156699602
 10
175.6010836991096
 20
144.78965677223607
 10
173.84472016717027
 20
138.68150263509727
 10
171.75604186841466
 20
131.63825656599002
 10
170.8877584601113
 20
128.71276071331607
 10
170.162039780448
 20
126.20443184865485
 10
169.57274065002986
 20
124.08007895994325
 10
169.1137158894619
 20
122.30651103511819
 10
168.77882031934928
 20
120.85053706211654
 10
168.5619087602971
 20
119.67896602887518
 10
168.45683603291042
 20
118.75860692333104
 10
168.45745695779445
 20
118.05626873342095
 10
168.5576263555542
 20
117.53876044708184
 10
168.7511990467948
 20
117.17289105225058
 10
169.03202985212138
 20
116.92546953686409
 10
169.31144158936286
 20
116.7783019120437
 10
169.57292340802056
 20
116.69615763039948
 10
169.81927652889678
 20
116.6816635314278
 10
170.05330217279376
 20
116.73744645462513
 10
170.27780156051386
 20
116.86613323948785
 10
170.49557591285932
 20
117.07035072551237
 10
170.7094264506325
 20
117.35272575219507
 10
170.92215439463564
 20
117.71588515903238
 10
171.13656096567112
 20
118.16245578552073
 10
171.35544738454118
 20
118.69506447115648
 10
171.58161487204814
 20
119.31633805543608
 10
172.67931304367625
 20
122.12400722068553
 10
174.00357147390037
 20
124.89642189379657
 10
175.522563925262
 20
127.59603557108431
 10
177.20446416030245
 20
130.185301748864
 10
179.01744594156312
 20
132.6266739234507
 10
180.92968303158554
 20
134.8826055911596
 10
182.909349192911
 20
136.91555024830586
 10
184.9246181880811
 20
138.68796139120457
 10
186.9436637796371
 20
140.1622925161709
 10
188.93465973012044
 20
141.30099711952005
 10
190.86577980207258
 20
142.0665286975671
 10
193.6814572612236
 20
142.53542249015987
 10
196.29656844079256
 20
142.28772584022556
 10
198.64203262256234
 20
141.4421037556907
 10
200.64876908831562
 20
140.11722124448204
 10
202.24769711983527
 20
138.4317433145261
 10
203.36973599890402
 20
136.50433497374956
 10
203.9458050073047
 20
134.45366123007906
 10
203.9068234268201
 20
132.39838709144118
 10
203.18371053923303
 20
130.4571775657626
 10
201.70738562632627
 20
128.7486976609699
 10
199.40876796988258
 20
127.39161238498971
 10
198.33607901993477
 20
126.99467009267477
 10
197.2860874310726
 20
126.7084309281386
 10
196.26212841848752
 20
126.5323504745374
 10
195.26753719737093
 20
126.46588431502732
 10
194.3056489829143
 20
126.50848803276463
 10
193.37979899030898
 20
126.65961721090554
 10
192.49332243474652
 20
126.9187274326062
 10
191.64955453141826
 20
127.28527428102282
 10
190.85183049551566
 20
127.75871333931164
 10
190.1034855422302
 20
128.33850019062882
 10
189.40785488675323
 20
129.0240904181306
 10
188.62232987869535
 20
130.1764313595226
 10
188.2347517914024
 20
131.38502481880465
 10
188.19760624192477
 20
132.5933052384511
 10
188.4633788473129
 20
133.74470706093643
 10
188.9845552246173
 20
134.78266472873497
 10
189.71362099088853
 20
135.6506126843211
 10
190.60306176317698
 20
136.29198537016924
 10
191.60536315853318
 20
136.65021722875372
 10
192.67301079400758
 20
136.66874270254897
 10
193.7584902866507
 20
136.29099623402936
 10
194.81428725351302
 20
135.46041226566928
 10
195.192477875398
 20
135.06097485164423
 10
195.49236333060492
 20
134.73598096887486
 10
195.7126416812739
 20
134.48277310921952
 10
195.85201098954497
 20
134.29869376453664
 10
195.90916931755834
 20
134.18108542668455
 10
195.88281472745416
 20
134.1272905875216
 10
195.77164528137254
 20
134.13465173890614
 10
195.5743590414536
 20
134.20051137269655
 10
195.28965406983752
 20
134.3222119807512
 10
194.91622842866443
 20
134.49709605492848
 10
194.45278018007443
 20
134.72250608708666
 10
193.72942285769068
 20
135.0361333821082
 10
193.05854462359787
 20
135.24336899790933
 10
192.44360354258527
 20
135.34585082066724
 10
191.88805767944197
 20
135.34521673655928
 10
191.39536509895726
 20
135.24310463176278
 10
190.9689838659203
 20
135.04115239245505
 10
190.6123720451203
 20
134.74099790481336
 10
190.32898770134656
 20
134.34427905501502
 10
190.12228889938817
 20
133.8526337292373
 10
189.9957337040344
 20
133.26769981365757
 10
189.95278018007443
 20
132.59111519445307
 10
189.99876258550438
 20
131.78556687576662
 10
190.13691988045193
 20
131.05796438374577
 10
190.36756718290357
 20
130.40804919943457
 10
190.69101961084576
 20
129.83556280387722
 10
191.10759228226502
 20
129.34024667811775
 10
191.61760031514774
 20
128.92184230320026
 10
192.2213588274805
 20
128.5800911601689
 10
192.91918293724976
 20
128.31473473006773
 10
193.711387762442
 20
128.12551449394084
 10
194.59828842104375
 20
128.01217193283236
 10
195.58020003104141
 20
127.97444852778642
 10
196.7959242594379
 20
128.06935273733768
 10
197.92023318897117
 20
128.34277717195044
 10
198.9401186425781
 20
128.77778954056316
 10
199.8425724431956
 20
129.35745755211437
 10
200.6145864137605
 20
130.06484891554254
 10
201.2431523772097
 20
130.8830313397861
 10
201.71526215648007
 20
131.7950725337836
 10
202.0179075745086
 20
132.78404020647352
 10
202.1380804542321
 20
133.83300206679428
 10
202.06277261858745
 20
134.92502582368445
 10
201.7789758905116
 20
136.0431791860824
 10
201.41450048548774
 20
136.95948341304648
 10
200.9932094241818
 20
137.77130270040382
 10
200.5091291729045
 20
138.48226489375116
 10
199.95628619796642
 20
139.09599783868532
 10
199.32870696567815
 20
139.6161293808031
 10
198.62041794235037
 20
140.04628736570132
 10
197.8254455942937
 20
140.39009963897672
 10
196.93781638781886
 20
140.65119404622615
 10
195.95155678923638
 20
140.83319843304636
 10
194.86069326485693
 20
140.9397406450342
 10
193.65925228099118
 20
140.9744485277864
 10
191.9826067974142
 20
140.7733077351871
 10
190.19618480444197
 20
140.19009333353173
 10
188.3319350795595
 20
139.25511728703412
 10
186.4218064002517
 20
137.99869155990814
 10
184.49774754400354
 20
136.45112811636756
 10
182.59170728830014
 20
134.64273892062627
 10
180.73563441062637
 20
132.60383593689807
 10
178.9614776884673
 20
130.36473112939677
 10
177.3011858993079
 20
127.95573646233623
 10
175.78670782063315
 20
125.40716389993028
 10
174.44999222992803
 20
122.74932540639274
 10
173.5095229694364
 20
120.63648627028985
 10
172.73245836036298
 20
118.75796325582517
 10
172.11729875318125
 20
117.10232174489067
 10
171.66254449836433
 20
115.65812711937832
 10
171.36669594638562
 20
114.41394476118009
 10
171.22825344771852
 20
113.35834005218796
 10
171.2457173528363
 20
112.47987837429386
 10
171.41758801221238
 20
111.76712510938982
 10
171.74236577632004
 20
111.20864563936776
 10
172.21855099563265
 20
110.79300534611968
 10
172.84464402062352
 20
110.50876961153755
 10
173.5726577673467
 20
110.14908833141867
 10
174.35381002923052
 20
109.53054149569422
 10
175.1711339452073
 20
108.68137018652091
 10
176.0076626542094
 20
107.62981548605555
 10
176.84642929516932
 20
106.40411847645485
 10
177.67046700701934
 20
105.03252023987555
 10
178.46280892869189
 20
103.54326185847444
 10
179.20648819911943
 20
101.96458441440822
 10
179.88453795723424
 20
100.32472898983363
 10
180.47999134196883
 20
98.65193666690746
 10
180.97588149225552
 20
96.97444852778642
 10
181.16585144782107
 20
96.28228931488226
 10
181.377076939921
 20
95.5633931926507
 10
181.60547849288136
 20
94.8291324358133
 10
181.8469766310279
 20
94.09087931909173
 10
182.09749187868658
 20
93.3600061172074
 10
182.3529447601833
 20
92.64788510488188
 10
182.609255799844
 20
91.9658885568368
 10
182.86234552199457
 20
91.32538874779362
 10
183.10813445096088
 20
90.73775795247394
 10
183.34254311106892
 20
90.21436844559923
 10
183.56149202664452
 20
89.76659250189115
 10
184.14493130535828
 20
88.50170048032868
 10
184.62888583745166
 20
87.16888617382935
 10
185.01238299215916
 20
85.78629269133987
 10
185.29445013871535
 20
84.37206314180682
 10
185.47411464635465
 20
82.94434063417683
 10
185.55040388431166
 20
81.52126827739653
 10
185.52234522182087
 20
80.1209891804125
 10
185.3889660281168
 20
78.7616464521713
 10
185.14929367243403
 20
77.46138320161964
 10
184.80235552400697
 20
76.23834253770406
 10
184.3471789520702
 20
75.11066756937123
 10
183.11719924421388
 20
72.86672900216757
 10
181.61489238470372
 20
70.7212168073128
 10
179.8651878969058
 20
68.6909821368267
 10
177.89301530418604
 20
66.79287614272911
 10
175.7233041299103
 20
65.04374997703962
 10
173.38098389744457
 20
63.460454791778034
 10
170.8909841301548
 20
62.05984173896408
 10
168.27823435140698
 20
60.85876197061748
 10
165.56766408456699
 20
59.87406663875794
 10
162.78420285300083
 20
59.1226068954052
 10
159.95278018007443
 20
58.62123389257903
 10
159.04857427200164
 20
58.51131069930207
 10
158.36725527830419
 20
58.44841838208191
 10
157.9165158031298
 20
58.43713935100084
 10
157.70404845062632
 20
58.48205601614126
 10
157.7375458249415
 20
58.587750787585435
 10
158.02470053022316
 20
58.75880607541572
 10
158.57320517061902
 20
58.999804289714376
 10
159.390752350277
 20
59.3153278405637
 10
160.48503467334487
 20
59.70995913804606
 10
161.86374474397036
 20
60.18828059224373
 10
163.53457516630132
 20
60.754874613239025
 10
165.90916304691254
 20
61.60323258092396
 10
168.1313419466099
 20
62.49729320050426
 10
170.19386886506928
 20
63.43221952886395
 10
172.08950080196658
 20
64.40317462288692
 10
173.81099475697778
 20
65.40532153945716
 10
175.35110772977882
 20
66.43382333545861
 10
176.70259672004565
 20
67.48384306777518
 10
177.85821872745424
 20
68.55054379329087
 10
178.8107307516805
 20
69.62908856888961
 10
179.55288979240035
 20
70.71464045145532
 10
180.07745284928973
 20
71.802362497872
 10
180.23549189891568
 20
72.19647606211595
 10
180.40738728929398
 20
72.5859950071177
 10
180.59000870185346
 20
72.96580854610434
 10
180.78022581802279
 20
73.33080589230298
 10
180.97490831923076
 20
73.67587625894072
 10
181.17092588690613
 20
73.99590885924462
 10
181.36514820247763
 20
74.2857929064418
 10
181.5544449473741
 20
74.54041761375927
 10
181.7356858030242
 20
74.75467219442419
 10
181.9057404508568
 20
74.92344586166362
 10
182.06147857230053
 20
75.04162782870463
 10
182.20950525643212
 20
75.19458753549776
 10
182.3571701448965
 20
75.46433657125891
 10
182.50245974797443
 20
75.84072737311294
 10
182.6433605759467
 20
76.31361237818507
 10
182.77785913909423
 20
76.87284402360032
 10
182.90394194769786
 20
77.50827474648372
 10
183.01959551203848
 20
78.20975698396038
 10
183.1228063423969
 20
78.96714317315528
 10
183.21156094905402
 20
79.77028575119351
 10
183.28384584229062
 20
80.60903715520013
 10
183.3376475323876
 20
81.4732498223002
 10
183.38620408184048
 20
82.65272640839663
 10
183.40451476077206
 20
83.69807446765415
 10
183.3900538938863
 20
84.62181094032002
 10
183.3402958058872
 20
85.43645276664134
 10
183.25271482147872
 20
86.15451688686534
 10
183.12478526536492
 20
86.7885202412391
 10
182.95398146224974
 20
87.35097977000976
 10
182.7377777368373
 20
87.85441241342454
 10
182.4736484138315
 20
88.31133511173056
 10
182.15906781793635
 20
88.73426480517497
 10
181.7915102738559
 20
89.13571843400496
 10
181.52074310752892
 20
89.42231409859914
 10
181.26199468787055
 20
89.72701974426096
 10
181.01816609166286
 20
90.044641891011
 10
180.79215839568795
 20
90.36998705886992
 10
180.5868726767278
 20
90.69786176785823
 10
180.40521001156458
 20
91.02307253799663
 10
180.2500714769803
 20
91.34042588930572
 10
180.12435814975711
 20
91.644728341806
 10
180.03097110667701
 20
91.93078641551818
 10
179.97281142452206
 20
92.19340663046282
 10
179.95278018007443
 20
92.42739550666053
 10
179.90207767986
 20
93.02832618036803
 10
179.76005656679072
 20
93.72446829778846
 10
179.5418464222275
 20
94.48370177532257
 10
179.26257682753138
 20
95.2739065293712
 10
178.93737736406308
 20
96.0629624763352
 10
178.58137761318375
 20
96.81874953261533
 10
178.2097071562542
 20
97.50914761461243
 10
177.83749557463548
 20
98.10203663872727
 10
177.4798724496885
 20
98.56529652136066
 10
177.15196736277412
 20
98.86680717891346
 10
176.86890989525332
 20
98.97444852778642
 10
176.77081684086465
 20
98.9444898501005
 10
176.7048171398301
 20
98.85750637902609
 10
176.67005187545465
 20
98.71783695753851
 10
176.66566213104304
 20
98.52982042861285
 10
176.69078898990034
 20
98.29779563522442
 10
176.7445735353313
 20
98.0261014203484
 10
176.8261568506409
 20
97.71907662695997
 10
176.9346800191341
 20
97.38106009803437
 10
177.06928412411574
 20
97.01639067654673
 10
177.22911024889072
 20
96.62940720547238
 10
177.41329947676397
 20
96.22444852778642
 10
178.00261968283593
 20
94.9245447033681
 10
178.49101390193246
 20
93.71544804925063
 10
178.87870854689882
 20
92.59489720327755
 10
179.16593003057983
 20
91.56063080329247
 10
179.35290476582068
 20
90.61038748713878
 10
179.43985916546643
 20
89.7419058926601
 10
179.42701964236213
 20
88.95292465769998
 10
179.31461260935285
 20
88.24118242010186
 10
179.10286447928368
 20
87.6044178177093
 10
178.79200166499973
 20
87.04036948836591
 10
178.382250579346
 20
86.5467760699151
 10
177.8408695485082
 20
86.0319520478483
 10
177.34704630527955
 20
85.62703404942826
 10
176.88835053310768
 20
85.33344308584671
 10
176.45235191544023
 20
85.15260016829575
 10
176.0266201357248
 20
85.08592630796727
 10
175.59872487740913
 20
85.13484251605328
 10
175.15623582394076
 20
85.30076980374574
 10
174.68672265876742
 20
85.58512918223653
 10
174.17775506533675
 20
85.9893416627176
 10
173.6169027270964
 20
86.51482825638098
 10
172.99173532749396
 20
87.16300997441857
 10
172.28111969343362
 20
88.09529509233371
 10
171.7147656548681
 20
89.18451086529069
 10
171.29242006976813
 20
90.39000864853222
 10
171.0138297961043
 20
91.67113979730118
 10
170.8787416918473
 20
92.98725566684027
 10
170.88690261496788
 20
94.29770761239234
 10
171.03805942343664
 20
95.5618469892002
 10
171.33195897522435
 20
96.73902515250654
 10
171.76834812830165
 20
97.78859345755421
 10
172.3469737406392
 20
98.669903259586
 10
173.06758267020774
 20
99.34230591384465
 10
173.39409405409893
 20
99.55464289812261
 10
173.7355060162081
 20
99.74627530486586
 10
174.08629639274872
 20
99.91570471044912
 10
174.44094301993408
 20
100.06143269124695
 10
174.79392373397755
 20
100.181960823634
 10
175.1397163710925
 20
100.2757906839849
 10
175.4727987674923
 20
100.34142384867428
 10
175.78764875939035
 20
100.37736189407678
 10
176.07874418300005
 20
100.38210639656697
 10
176.34056287453473
 20
100.35415893251951
 10
176.56758267020777
 20
100.292021078309
 10
176.7715636709094
 20
100.2268484800345
 10
176.96649041290638
 20
100.1900897935667
 10
177.150177385477
 20
100.18068610993768
 10
177.32043907789938
 20
100.19757852017975
 10
177.47508997945172
 20
100.23970811532499
 10
177.6119445794123
 20
100.30601598640564
 10
177.72881736705918
 20
100.3954432244538
 10
177.82352283167063
 20
100.5069309205017
 10
177.89387546252487
 20
100.6394201655815
 10
177.9376897489001
 20
100.79185205072531
 10
177.95278018007443
 20
100.9631676669654
 10
177.8627271151068
 20
101.76636068356552
 10
177.60072334014467
 20
102.62682238226822
 10
177.17900198509898
 20
103.53051996898056
 10
176.60979617988062
 20
104.46342064960962
 10
175.90533905440057
 20
105.41149163006244
 10
175.07786373856973
 20
106.3607001162461
 10
174.139603362299
 20
107.29701331406764
 10
173.1027910554994
 20
108.20639842943409
 10
171.97965994808183
 20
109.07482266825254
 10
170.78244316995725
 20
109.88825323643003
 10
169.52337385103655
 20
110.63265733987363
 10
168.63352139062727
 20
111.13091087948011
 10
167.86403326145245
 20
111.58389336284951
 10
167.2139867070009
 20
111.99247586309161
 10
166.6824589707614
 20
112.3575294533162
 10
166.26852729622252
 20
112.67992520663309
 10
165.97126892687317
 20
112.96053419615198
 10
165.78976110620204
 20
113.20022749498271
 10
165.72308107769783
 20
113.39987617623501
 10
165.77030608484935
 20
113.56035131301869
 10
165.93051337114528
 20
113.68252397844347
 10
166.20278018007443
 20
113.7672652456192
 10
166.46048115678363
 20
113.82946494127407
 10
166.70674336564917
 20
113.90856765578745
 10
166.93880572477767
 20
114.0025530543469
 10
167.15390715227582
 20
114.10940080214016
 10
167.34928656625027
 20
114.22709056435473
 10
167.52218288480773
 20
114.35360200617826
 10
167.6698350260549
 20
114.48691479279837
 10
167.78948190809848
 20
114.62500858940263
 10
167.87836244904514
 20
114.76586306117869
 10
167.93371556700157
 20
114.90745787331412
 10
167.95278018007443
 20
115.04777269099657
 10
167.82898267734166
 20
115.35382437007588
 10
167.47876672841687
 20
115.59569788276455
 10
166.93389717221018
 20
115.77376855126478
 10
166.22613884763157
 20
115.88841169777882
 10
165.38725659359125
 20
115.9400026445089
 10
164.4490152489993
 20
115.92891671365723
 10
163.44317965276585
 20
115.85552922742608
 10
162.40151464380097
 20
115.72021550801759
 10
161.3557850610148
 20
115.52335087763407
 10
160.3377557433175
 20
115.26531065847769
 10
159.37919152961908
 20
114.94647017275071
 10
158.54109939193353
 20
114.65206393251756
 10
157.82363865767027
 20
114.45080375310165
 10
157.22841765582433
 20
114.34151677682729
 10
156.75704471539075
 20
114.32303014601887
 10
156.41112816536454
 20
114.39417100300075
 10
156.19227633474085
 20
114.55376649009723
 10
156.10209755251464
 20
114.80064374963271
 10
156.142200147681
 20
115.13362992393152
 10
156.314192449235
 20
115.551552155318
 10
156.6196827861717
 20
116.05323758611652
 10
157.0602794874861
 20
116.63751335865143
 10
157.36729872024506
 20
117.02001916134546
 10
157.6074906178901
 20
117.33415424581676
 10
157.77898119595773
 20
117.58272793348422
 10
157.87989646998415
 20
117.76854954576672
 10
157.90836245550585
 20
117.89442840408313
 10
157.8625051680592
 20
117.9631738298524
 10
157.74045062318055
 20
117.97759514449334
 10
157.54032483640637
 20
117.94050166942482
 10
157.26025382327305
 20
117.85470272606577
 10
156.89836359931695
 20
117.72300763583502
 10
156.45278018007443
 20
117.5482257201515
 10
156.13920016504815
 20
117.42483712268348
 10
155.80240452267392
 20
117.29624811086113
 10
155.44830985700906
 20
117.1645158676706
 10
155.0828327721105
 20
117.03169757609825
 10
154.71188987203536
 20
116.89985041913032
 10
154.34139776084078
 20
116.77103157975301
 10
153.9772730425838
 20
116.64729824095264
 10
153.6254323213216
 20
116.53070758571539
 10
153.29179220111124
 20
116.42331679702757
 10
152.98226928600982
 20
116.32718305787542
 10
152.70278018007443
 20
116.24436355124519
 10
152.44507920336517
 20
116.15301743216686
 10
152.19881699449965
 20
116.03212711480326
 10
151.96675463537122
 20
115.88498467084005
 10
151.75165320787303
 20
115.71488217196287
 10
151.5562737938986
 20
115.52511168985738
 10
151.38337747534115
 20
115.3189652962092
 10
151.23572533409396
 20
115.09973506270396
 10
151.1160784520504
 20
114.87071306102732
 10
151.02719791110374
 20
114.63519136286486
 10
150.9718447931473
 20
114.39646203990226
 10
150.95278018007443
 20
114.15781716382517
 10
150.94521827027947
 20
113.86818621294404
 10
150.9219080493258
 20
113.6289844268611
 10
150.8819127798601
 20
113.43980494220983
 10
150.82429572452898
 20
113.30024089562372
 10
150.74812014597921
 20
113.20988542373627
 10
150.65244930685745
 20
113.16833166318094
 10
150.53634646981038
 20
113.1751727505912
 10
150.39887489748472
 20
113.23000182260057
 10
150.23909785252712
 20
113.3324120158425
 10
150.0560785975843
 20
113.48199646695046
 10
149.8488803953029
 20
113.67834831255797
 10
149.60985558048793
 20
113.87481753434842
 10
149.32872812398193
 20
114.02476380738136
 10
149.00061874248777
 20
114.12779480835462
 10
148.62064815270824
 20
114.1835182139661
 10
148.18393707134624
 20
114.1915417009135
 10
147.68560621510463
 20
114.15147294589471
 10
147.1207763006863
 20
114.06291962560756
 10
146.48456804479406
 20
113.92548941674981
 10
145.77210216413087
 20
113.73878999601932
 10
144.97849937539954
 20
113.5024290401139
 10
144.0988803953029
 20
113.21601422573136
 10
142.37355057060972
 20
112.61023516135333
 10
140.85577043101142
 20
112.01768425176503
 10
139.5173226906542
 20
111.41621556934838
 10
138.3299900636843
 20
110.78368318648525
 10
137.265555264248
 20
110.09794117555747
 10
136.29580100649147
 20
109.33684360894698
 10
135.392510004561
 20
108.4782445590356
 10
134.52746497260284
 20
107.4999980982052
 10
133.67244862476323
 20
106.37995829883768
 10
132.79924367518836
 20
105.09597923331488
 10
131.87963283802452
 20
103.6259149740187
 10
131.39624147204822
 20
102.84849949415359
 10
130.88864787056494
 20
102.06892884330458
 10
130.36517495384592
 20
101.29805680378675
 10
129.8341456421625
 20
100.54673715791523
 10
129.3038828557859
 20
99.82582368800502
 10
128.78270951498752
 20
99.14617017637119
 10
128.27894854003858
 20
98.51863040532885
 10
127.80092285121049
 20
97.954058157193
 10
127.35695536877449
 20
97.46330721427873
 10
126.9553690130019
 20
97.0572313589011
 10
126.604486704164
 20
96.74668437337522
 10
126.24563739840895
 20
96.44888092521325
 10
125.94480674599492
 20
96.17841103051498
 10
125.70205291339215
 20
95.93541100739711
 10
125.51743406707061
 20
95.72001717397666
 10
125.39100837350048
 20
95.5323658483704
 10
125.32283399915192
 20
95.37259334869523
 10
125.312969110495
 20
95.24083599306798
 10
125.36147187399988
 20
95.13723009960549
 10
125.46840045613666
 20
95.0619119864246
 10
125.63381302337552
 20
95.01501797164224
 10
125.8577677421865
 20
94.99668437337522
 10
126.12066383131454
 20
94.97999015525704
 10
126.32490659941277
 20
94.9373918943609
 10
126.46994785143275
 20
94.86625038536096
 10
126.55523939232609
 20
94.76392642293135
 10
126.58023302704433
 20
94.62778080174627
 10
126.54438056053911
 20
94.45517431647983
 10
126.44713379776195
 20
94.24346776180619
 10
126.28794454366457
 20
93.99002193239946
 10
126.06626460319848
 20
93.6921976229338
 10
125.78154578131532
 20
93.34735562808339
 10
125.4332398829666
 20
92.95285674252233
 10
125.16141639078472
 20
92.6308853608353
 10
124.89695790361563
 20
92.27591907441882
 10
124.64310046592448
 20
91.89466336787092
 10
124.40308012217648
 20
91.49382372578964
 10
124.18013291683695
 20
91.08010563277304
 10
123.97749489437106
 20
90.66021457341915
 10
123.79840209924407
 20
90.24085603232609
 10
123.64609057592125
 20
89.8287354940918
 10
123.52379636886772
 20
89.4305584433144
 10
123.43475552254884
 20
89.05303036459188
 10
123.38220408142979
 20
88.70285674252233
 10
123.34173342040353
 20
88.35019482660331
 10
123.28776849421618
 20
87.9654421153937
 10
123.22179571711271
 20
87.55566446708343
 10
123.14530150333789
 20
87.12792773986274
 10
123.05977226713665
 20
86.68929779192149
 10
122.96669442275396
 20
86.24684048144985
 10
122.86755438443458
 20
85.80762166663783
 10
122.76383856642354
 20
85.37870720567537
 10
122.65703338296566
 20
84.96716295675265
 10
122.54862524830585
 20
84.58005477805966
 10
122.44010057668902
 20
84.22444852778642
 10
122.330920374067
 20
83.85193468164235
 10
122.25134682889035
 20
83.50977774992555
 10
122.20119002787882
 20
83.19905665393355
 10
122.18026005775229
 20
82.92085031496381
 10
122.18836700523062
 20
82.67623765431381
 10
122.22532095703363
 20
82.46629759328101
 10
122.2909319998812
 20
82.29210905316287
 10
122.38501022049311
 20
82.15475095525687
 10
122.50736570558928
 20
82.05530222086048
 10
122.65780854188955
 20
81.99484177127118
 10
122.83614881611376
 20
81.97444852778642
 10
123.00058138360907
 20
81.93631930164068
 10
123.15771515856764
 20
81.82561306572782
 10
123.30578836348053
 20
81.64785198383453
 10
123.44303922083893
 20
81.40855821974733
 10
123.56770595313381
 20
81.113253937253
 10
123.67802678285645
 20
80.76746130013805
 10
123.77223993249791
 20
80.37670247218915
 10
123.84858362454932
 20
79.9464996171929
 10
123.9052960815018
 20
79.48237489893592
 10
123.94061552584645
 20
78.98985048120488
 10
123.95278018007443
 20
78.47444852778642
 10
123.96336276230761
 20
77.95904657436799
 10
123.99408874244673
 20
77.46652215663693
 10
124.04342547065119
 20
77.00239743837997
 10
124.10984029708027
 20
76.57219458338372
 10
124.19180057189322
 20
76.18143575543482
 10
124.2877736452495
 20
75.83564311831984
 10
124.39622686730834
 20
75.54033883582551
 10
124.51562758822914
 20
75.30104507173834
 10
124.64444315817119
 20
75.12328398984502
 10
124.78114092729382
 20
75.01257775393216
 10
124.92418824575637
 20
74.97444852778642
 10
125.07641010522477
 20
74.93904281779396
 10
125.2397456796127
 20
74.83624417016063
 10
125.41133359245106
 20
74.67118030840251
 10
125.5883124672707
 20
74.44897895603583
 10
125.76782092760257
 20
74.17476783657679
 10
125.9469975969775
 20
73.85367467354149
 10
126.12298109892643
 20
73.49082719044608
 10
126.29291005698022
 20
73.09135311080672
 10
126.45392309466982
 20
72.66038015813953
 10
126.6031588355261
 20
72.20303605596072
 10
126.73775590307991
 20
71.72444852778642
 10
126.87370878175776
 20
71.24586099961215
 10
127.02688105008448
 20
70.78851689743334
 10
127.19421497273862
 20
70.35754394476615
 10
127.37265281439849
 20
69.95806986512679
 10
127.55913683974259
 20
69.59522238203135
 10
127.75060931344939
 20
69.27412921899602
 10
127.94401250019726
 20
68.99991809953701
 10
128.13628866466473
 20
68.77771674717036
 10
128.32438007153021
 20
68.61265288541227
 10
128.50522898547217
 20
68.50985423777891
 10
128.67577767116902
 20
68.47444852778642
 10
128.860327397572
 20
68.4449855499904
 10
129.08182760901252
 20
68.35944131790674
 10
129.33519283323912
 20
68.22208288349205
 10
129.61533759800042
 20
68.03717729870314
 10
129.91717643104496
 20
67.80899161549658
 10
130.23562386012136
 20
67.54179288582904
 10
130.5655944129782
 20
67.23984816165725
 10
130.9020026173641
 20
66.90742449493777
 10
131.23976300102763
 20
66.54878893762736
 10
131.57379009171737
 20
66.16820854168265
 10
131.8989984171819
 20
65.76995035906035
 10
132.24668207552008
 20
65.35206569827625
 10
132.60108043444146
 20
64.97224773995143
 10
132.95853738117287
 20
64.63267861401027
 10
133.31539680294117
 20
64.33554045037752
 10
133.66800258697324
 20
64.08301537897768
 10
134.01269862049602
 20
63.877285529735275
 10
134.3458287907363
 20
63.720533032574906
 10
134.6637369849211
 20
63.61494001742108
 10
134.9627670902772
 20
63.56268861419835
 10
135.23926299403146
 20
63.56596095283135
 10
135.48956858341086
 20
63.62693916324457
 10
135.70503775917797
 20
63.69988114023528
 10
135.91094274193912
 20
63.750610924145946
 10
136.1049749333825
 20
63.779653432193896
 10
136.28482573519628
 20
63.78753358159673
 10
136.44818654906874
 20
63.774776289571804
 10
136.592748776688
 20
63.7419064733366
 10
136.71620381974233
 20
63.68944905010855
 10
136.81624307991996
 20
63.61792893710506
 10
136.89055795890903
 20
63.527871051543656
 10
136.93683985839778
 20
63.419800310641705
 10
136.95278018007443
 20
63.2942416316167
 10
136.8627989232735
 20
62.89100324731464
 10
136.6106058272293
 20
62.591281344903706
 10
136.22282690347998
 20
62.39169702466535
 10
135.7260881635634
 20
62.2888713868812
 10
135.1470156190176
 20
62.279425531832715
 10
134.5122352813806
 20
62.35998055980144
 10
133.84837316219037
 20
62.52715757106887
 10
133.18205527298497
 20
62.77757766591654
 10
132.53990762530233
 20
63.10786194462597
 10
131.9485562306805
 20
63.51463150747867
 10
131.43462710065748
 20
63.99450745475616
 10
131.01692016784494
 20
64.43581935598147
 10
130.64065044659952
 20
64.75626770228263
 10
130.2782187585828
 20
64.93448250756904
 10
129.90202592545631
 20
64.94909378575008
 10
129.4844727688817
 20
64.77873155073513
 10
128.9979601105204
 20
64.40202581643354
 10
128.41488877203415
 20
63.79760659675469
 10
127.70765957508445
 20
62.9441039056079
 10
126.84867334133284
 20
61.82014775690254
 10
125.81033089244099
 20
60.40436816454806
 10
124.56503305007038
 20
58.675395142453766
 10
123.71320381587137
 20
57.49172104780814
 10
122.72190527848437
 20
56.1204598214172
 10
121.61247034987855
 20
54.590827072999446
 10
120.40623194202297
 20
52.93203841227344
 10
119.12452296688681
 20
51.17330944895784
 10
117.78867633643915
 20
49.343855792771194
 10
116.42002496264917
 20
47.47289305343202
 10
115.03990175748595
 20
45.589636840658954
 10
113.66963963291863
 20
43.72330276417051
 10
112.33057150091634
 20
41.90310643368528
 10
111.04403027344821
 20
40.15826345892185
 10
102.689584909817
 20
28.84207839005731
 10
103.19213723727924
 20
22.581335380848202
 10
103.54560526963095
 20
19.550104598669662
 10
104.09606244555866
 20
16.80110590899494
 10
104.842419130645
 20
14.33565824954303
 10
105.78358569047268
 20
12.15508055803295
 10
106.9184724906244
 20
10.260691772183549
 10
108.24598989668286
 20
8.653810829713848
 10
109.76504827423076
 20
7.33575666834281
 10
111.47455798885082
 20
6.307848225789343
 10
113.37342940612572
 20
5.57140443977238
 10
115.46057289163821
 20
5.127744248010941
 10
117.73489881097089
 20
4.978186588223963
 10
119.05744224769867
 20
5.022623384336924
 10
120.38343324904375
 20
5.15438974658008
 10
121.69682776789455
 20
5.367724626752448
 10
122.98158175713945
 20
5.65686697665322
 10
124.2216511696669
 20
6.016055748081527
 10
125.4009919583653
 20
6.439529892836362
 10
126.50356007612308
 20
6.921528362716913
 10
127.51331147582869
 20
7.456290109522172
 10
128.41420211037052
 20
8.038054085051328
 10
129.19018793263703
 20
8.661059241103487
 10
129.82522489551658
 20
9.319544529477696
 10
130.12439642593085
 20
9.694456477887854
 10
130.34134536167576
 20
10.008689703339257
 10
130.46783581315916
 20
10.26750603812593
 10
130.49563189078896
 20
10.476167314542096
 10
130.41649770497298
 20
10.639935364881865
 10
130.22219736611925
 20
10.76407202143929
 10
129.90449498463556
 20
10.853839116508595
 10
129.45515467092991
 20
10.914498482383834
 10
128.86594053541015
 20
10.951311951359116
 10
128.12861668848416
 20
10.969541355728609
 10
127.23494724055988
 20
10.974448527786421
 10
125.82503893954075
 20
11.088065202700477
 10
124.20262569484987
 20
11.412050349854326
 10
122.42137384600431
 20
11.921106652865575
 10
120.53494973252117
 20
12.58993679535206
 10
118.59701969391764
 20
13.393243460931302
 10
116.66125006971075
 20
14.305729333221052
 10
114.78130719941768
 20
15.302097095838974
 10
113.01085742255552
 20
16.35704943240262
 10
111.40356707864143
 20
17.445289026529764
 10
110.01310250719246
 20
18.541518561838046
 10
108.8931300477258
 20
19.6204407219451
 10
108.34038952441244
 20
20.23260922199313
 10
107.9173216636936
 20
20.717393340174908
 10
107.63249450646663
 20
21.07257510916449
 10
107.49447609362886
 20
21.295936561635898
 10
107.51183446607766
 20
21.3852597302631
 10
107.69313766471043
 20
21.338326647720066
 10
108.04695373042452
 20
21.152919346680847
 10
108.58185070411727
 20
20.826819859819352
 10
109.30639662668611
 20
20.357810219809664
 10
110.22915953902839
 20
19.743672459325666
 10
111.35870748204141
 20
18.982188611041465
 10
114.03623757629185
 20
17.27077471465884
 10
116.64488914793841
 20
15.802097789352587
 10
119.17428803735532
 20
14.578370958251242
 10
121.6140600849167
 20
13.601807344483376
 10
123.95383113099669
 20
12.874620071177503
 10
126.18322701596949
 20
12.399022261462193
 10
128.29187358020926
 20
12.177227038465958
 10
130.26939666409015
 20
12.211447525317254
 10
132.10542210798636
 20
12.503896845144709
 10
133.78957575227201
 20
13.056788121076806
 10
135.3114834373213
 20
13.872334476242145
 10
136.03080547911225
 20
14.401755797100918
 10
136.80447324225713
 20
15.067638003055038
 10
137.60657781338705
 20
15.838303099206655
 10
138.41121027913312
 20
16.682073090657866
 10
139.19246172612654
 20
17.567269982510908
 10
139.9244232409984
 20
18.462215779867876
 10
140.58118591037987
 20
19.335232487830893
 10
141.13684082090214
 20
20.15464211150214
 10
141.5654790591963
 20
20.888766655983716
 10
141.84119171189352
 20
21.50592812637774
 10
141.9380698656249
 20
21.97444852778642
 10
141.87926428058782
 20
22.049738672967635
 10
141.70896470775784
 20
22.12492278728365
 10
141.4356575641867
 20
22.19897138889317
 10
141.06782926692628
 20
22.27085499595495
 10
140.6139662330284
 20
22.339544126627715
 10
140.08255487954486
 20
22.404009299070168
 10
139.48208162352753
 20
22.463221031441066
 10
138.82103288202822
 20
22.516149841898994
 10
138.10789507209873
 20
22.561766248602765
 10
137.35115461079093
 20
22.59904076971111
 10
136.55929791515663
 20
22.62694392338267
 10
134.81348634948313
 20
22.735452834155012
 10
133.08265795507165
 20
22.96164620938464
 10
131.3663807407174
 20
23.305704232766544
 10
129.66422271521537
 20
23.767807087995976
 10
127.97575188736079
 20
24.3481349587681
 10
126.30053626594867
 20
25.046868028777908
 10
124.63814385977415
 20
25.864186481720623
 10
122.98814267763245
 20
26.80027050129138
 10
121.35010072831861
 20
27.85530027118523
 10
119.72358602062772
 20
29.02945597509739
 10
118.10816656335496
 20
30.322917796722976
 10
116.76423777121695
 20
31.472048760921865
 10
115.73261453765235
 20
32.39530228080696
 10
115.00913604808713
 20
33.09230082683169
 10
114.58964148794715
 20
33.56266686944949
 10
114.46997004265836
 20
33.8060228791137
 10
114.64596089764666
 20
33.82199132627787
 10
115.11345323833797
 20
33.61019468139537
 10
115.86828625015823
 20
33.17025541491958
 10
116.90629911853335
 20
32.50179599730393
 10
118.22333102888925
 20
31.604438899001877
 10
119.81522116665181
 20
30.477806590466827
 10
121.46713689946486
 20
29.343870621060063
 10
123.11406016412576
 20
28.319424690153255
 10
124.7568654574871
 20
27.404153558251124
 10
126.3964272764014
 20
26.597741985858733
 10
128.0336201177212
 20
25.899874733480743
 10
129.66931847829915
 20
25.310236561622048
 10
131.30439685498774
 20
24.828512230787425
 10
132.9397297446396
 20
24.454386501481736
 10
134.5761916441073
 20
24.18754413420976
 10
136.21465705024337
 20
24.027669889476414
 10
137.8560004599004
 20
23.97444852778642
 10
139.52524156799578
 20
24.028842267176856
 10
141.02134877300946
 20
24.191249051651454
 10
142.34275179097918
 20
24.460507230664916
 10
143.48788033794253
 20
24.835455153672285
 10
144.4551641299372
 20
25.314931170128318
 10
145.2430328830009
 20
25.89777362948803
 10
145.84991631317135
 20
26.582820881206146
 10
146.2742441364862
 20
27.368911274737513
 10
146.51444606898312
 20
28.254883159537087
 10
146.56895182669984
 20
29.23957488505971
 10
146.436191125674
 20
30.321824800760254
 10
146.12067126585703
 20
31.856886632696302
 10
145.83452586607305
 20
33.13770672131332
 10
145.56293265080694
 20
34.18747486893727
 10
145.29106934454367
 20
35.02938087789411
 10
145.00411367176824
 20
35.68661455050972
 10
144.68724335696552
 20
36.18236568911004
 10
144.3256361246206
 20
36.53982409602099
 10
143.90446969921834
 20
36.782179573568555
 10
143.40892180524375
 20
36.932621924078546
 10
142.82417016718176
 20
37.01434094987701
 10
142.13539250951735
 20
37.05052645328979
 10
141.70222795912602
 20
37.07662437089522
 10
141.2140211301969
 20
37.130576600056855
 10
140.6805267078478
 20
37.21010592176941
 10
140.11149937719654
 20
37.312935117027564
 10
139.51669382336092
 20
37.43678696682599
 10
138.90586473145876
 20
37.57938425215937
 10
138.28876678660794
 20
37.73844975402241
 10
137.67515467392627
 20
37.911706253409704
 10
137.0747830785316
 20
38.096876531315985
 10
136.49740668554168
 20
38.2916833687359
 10
135.95278018007443
 20
38.493849546664194
 10
135.09953743706743
 20
38.82893712697489
 10
134.42869974903297
 20
39.1011153882761
 10
133.9499846441504
 20
39.31378002647986
 10
133.67310965059897
 20
39.47032673749834
 10
133.60779229655802
 20
39.57415121724358
 10
133.76375011020687
 20
39.62864916162775
 10
134.1507006197248
 20
39.63721626656297
 10
134.77836135329125
 20
39.603248227961274
 10
135.65644983908544
 20
39.53014074173484
 10
136.79468360528674
 20
39.42128950379572
 10
138.20278018007443
 20
39.28009021005602
 10
143.95278018007443
 20
38.69908570557686
 10
143.95278018007443
 20
41.771667455507156
 10
143.9911018015359
 20
42.81976982145579
 10
144.10060242974123
 20
43.87498693142018
 10
144.27308571042153
 20
44.91478753767899
 10
144.5003552893079
 20
45.91664039251094
 10
144.7742148121315
 20
46.85801424819462
 10
145.08646792462355
 20
47.71637785700864
 10
145.42891827251518
 20
48.46919997123172
 10
145.79336950153748
 20
49.093949343142356
 10
146.17162525742165
 20
49.56809472501925
 10
146.5554891858989
 20
49.86910486914107
 10
146.93676493270027
 20
49.97444852778642
 10
147.10489817700574
 20
49.92604402106679
 10
147.24681609159802
 20
49.78201048541379
 10
147.36239411213057
 20
49.544117897586545
 10
147.45150767425687
 20
49.21413623434415
 10
147.51403221363037
 20
48.79383547244572
 10
147.5498431659047
 20
48.28498558865033
 10
147.55881596673314
 20
47.68935655971703
 10
147.54082605176933
 20
47.00871836240489
 10
147.49574885666678
 20
46.244840973473
 10
147.4234598170789
 20
45.3994943696805
 10
147.3238343686592
 20
44.47444852778642
 10
147.18674023679083
 20
43.255843511222366
 10
147.0877804021438
 20
42.22849021913447
 10
147.03019049814196
 20
41.37654507780155
 10
147.0172061582092
 20
40.68416451350265
 10
147.05206301576933
 20
40.135504952516555
 10
147.13799670424635
 20
39.71472282112211
 10
147.27824285706404
 20
39.40597454559827
 10
147.47603710764636
 20
39.19341655222394
 10
147.7346150894172
 20
39.0612052672779
 10
148.05721243580035
 20
38.993497117039084
 10
148.44706478021976
 20
38.97444852778642
 10
148.74632543027025
 20
38.99834570137119
 10
149.10761845513315
 20
39.06772990881373
 10
149.52255180693555
 20
39.17914018014662
 10
149.98273343780437
 20
39.32911554540243
 10
150.47977129986654
 20
39.51419503461375
 10
151.00527334524907
 20
39.73091767781315
 10
151.55084752607888
 20
39.97582250503311
 10
152.10810179448302
 20
40.24544854630625
 10
152.66864410258844
 20
40.5363348316651
 10
153.22408240252207
 20
40.845020391142214
 10
153.76602464641093
 20
41.168044254770194
 10
154.60626947379538
 20
41.68443895808565
 10
155.29779152749092
 20
42.09924049647432
 10
155.85151885285248
 20
42.413402096206
 10
156.27837949523482
 20
42.62787698355041
 10
156.58930149999276
 20
42.743618384777164
 10
156.79521291248116
 20
42.761579526156
 10
156.9070417780549
 20
42.68271363395658
 10
156.93571614206874
 20
42.507973934448614
 10
156.89216404987764
 20
42.23831365390174
 10
156.78731354683637
 20
41.87468601858569
 10
156.63209267829973
 20
41.418044254770194
 10
156.49846751915743
 20
41.0222942327662
 10
156.4070561031171
 20
40.71059419435008
 10
156.3606877782083
 20
40.48383922667358
 10
156.36219189246046
 20
40.34292441688848
 10
156.41439779390316
 20
40.288744852146465
 10
156.52013483056584
 20
40.322195619599285
 10
156.68223235047813
 20
40.44417180639866
 10
156.90351970166952
 20
40.65556849969627
 10
157.18682623216947
 20
40.957280786643935
 10
157.5349812900076
 20
41.350203754393306
 10
157.95081422321334
 20
41.83523249009616
 10
158.24561912745435
 20
42.198010318164705
 10
158.527338303803
 20
42.57416421097267
 10
158.79281312828533
 20
42.95777756446293
 10
159.03888497692733
 20
43.34293377457837
 10
159.26239522575494
 20
43.723716237261954
 10
159.46018525079418
 20
44.09420834845653
 10
159.62909642807102
 20
44.448493504105045
 10
159.76597013361152
 20
44.78065510015034
 10
159.86764774344155
 20
45.084776532535386
 10
159.9309706335872
 20
45.354941197203004
 10
159.95278018007443
 20
45.58523249009616
 10
159.99187050694638
 20
46.016263559931815
 10
160.10123335449367
 20
46.36573887232811
 10
160.2690065231134
 20
46.63295200867094
 10
160.48332781320252
 20
46.817196550346125
 10
160.73233502515805
 20
46.91776607873945
 10
161.00416595937702
 20
46.93395417523675
 10
161.2869584162565
 20
46.865054421223874
 10
161.56885019619355
 20
46.71036039808655
 10
161.8379790995851
 20
46.46916568721065
 10
162.08248292682825
 20
46.14076386998201
 10
162.29049947832004
 20
45.72444852778642
 10
162.36563425365054
 20
45.58122914386462
 10
162.4391092164143
 20
45.523941390295874
 10
162.5100040059803
 20
45.54864086437547
 10
162.5773982617173
 20
45.65138316339872
 10
162.64037162299428
 20
45.82822388466096
 10
162.6980037291801
 20
46.07521862545735
 10
162.74937421964367
 20
46.38842298308319
 10
162.7935627337539
 20
46.763892554833774
 10
162.82964891087968
 20
47.197682938004306
 10
162.85671239038987
 20
47.685849729890094
 10
162.8738328116534
 20
48.22444852778642
 10
162.89533258610223
 20
48.7766649064491
 10
162.93511129106773
 20
49.304369639732386
 10
162.99161431476787
 20
49.801646123579076
 10
163.06328704542054
 20
50.26257775393219
 10
163.14857487124357
 20
50.681247926734585
 10
163.24592318045495
 20
51.051740037929164
 10
163.35377736127262
 20
51.36813748345884
 10
163.47058280191447
 20
51.624523659266515
 10
163.5947848905984
 20
51.814981961295075
 10
163.72482901554235
 20
51.93359578548737
 10
163.8591605649642
 20
51.97444852778642
 10
163.98648885094602
 20
51.997940182499576
 10
164.09619936272944
 20
52.06614698687349
 10
164.1877517542722
 20
52.1756667012601
 10
164.26060567953158
 20
52.32309708601139
 10
164.31422079246522
 20
52.50503590147912
 10
164.34805674703057
 20
52.71808090801531
 10
164.36157319718515
 20
52.95882986597172
 10
164.3542297968865
 20
53.223880535700346
 10
164.32548620009212
 20
53.509830677553055
 10
164.27480206075953
 20
53.813278051881724
 10
164.20163703284618
 20
54.13082041903829
 10
164.10465654818486
 20
54.52956510655417
 10
164.0380656152422
 20
54.87012832226597
 10
164.00244674034386
 20
55.153652853899445
 10
163.99838242981505
 20
55.38128148918062
 10
164.02645518998145
 20
55.55415701583519
 10
164.08724752716853
 20
55.67342222158905
 10
164.1813419477017
 20
55.740219894168035
 10
164.30932095790652
 20
55.75569282129794
 10
164.47176706410843
 20
55.72098379070465
 10
164.669262772633
 20
55.63723559011399
 10
164.9023905898056
 20
55.50559100725178
 10
165.1373071209052
 20
55.371829441130444
 10
165.3342951114303
 20
55.28543618267085
 10
165.49391288714494
 20
55.247682434386235
 10
165.6167187738131
 20
55.25983939878989
 10
165.70327109719878
 20
55.32317827839509
 10
165.754128183066
 20
55.43897027571501
 10
165.76984835717886
 20
55.60848659326297
 10
165.7509899453013
 20
55.83299843355218
 10
165.69811127319744
 20
56.113776999095876
 10
165.6117706666312
 20
56.452093492407386
 10
165.4925264513666
 20
56.849219115999915
 10
165.29029987907293
 20
57.57114110776169
 10
165.1849959605965
 20
58.13722166983598
 10
165.1664428328959
 20
58.549524273252416
 10
165.22446863292967
 20
58.81011238904085
 10
165.3489014976564
 20
58.92104948823095
 10
165.5295695640347
 20
58.88439904185242
 10
165.7563009690231
 20
58.70222452093503
 10
166.01892384958023
 20
58.376589396508535
 10
166.30726634266463
 20
57.90955713960261
 10
166.61115658523497
 20
57.30319122124703
 10
166.92042271424972
 20
56.559555112471486
 10
167.0611940871897
 20
56.13168363298519
 10
167.17231998517286
 20
55.66908683287855
 10
167.25384597530734
 20
55.175440747750486
 10
167.30581762470135
 20
54.65442141320017
 10
167.32828050046302
 20
54.10970486482648
 10
167.32128016970057
 20
53.544967138228515
 10
167.28486219952222
 20
52.963884269005234
 10
167.21907215703618
 20
52.3701322927557
 10
167.1239556093506
 20
51.76738724507885
 10
166.99955812357365
 20
51.159325161573776
 10
166.84592526681357
 20
50.549622077839445
 10
166.65531101946215
 20
49.81584002260183
 10
166.51022729656913
 20
49.15159257559236
 10
166.4115812871559
 20
48.547422684247096
 10
166.36028018024402
 20
47.99387329600248
 10
166.3572311648549
 20
47.48148735829463
 10
166.40334143001002
 20
47.00080781855979
 10
166.49951816473092
 20
46.542377624234234
 10
166.6466685580391
 20
46.09673972275411
 10
166.84569979895602
 20
45.65443706155571
 10
167.09751907650315
 20
45.206012588075254
 10
167.403033579702
 20
44.742009249749
 10
167.91711542027033
 20
43.82509746729758
 10
168.3300769326787
 20
42.724463293439385
 10
168.64165426482364
 20
41.497217033703976
 10
168.85158356460153
 20
40.20046899362083
 10
168.9596009799089
 20
38.891329478719626
 10
168.96544265864216
 20
37.62690879452981
 10
168.8688447486979
 20
36.464317246581004
 10
168.66954339797255
 20
35.46066514040268
 10
168.3672747543625
 20
34.673062781524436
 10
167.9617749657643
 20
34.15862047547586
 10
167.45278018007443
 20
33.97444852778642
 10
167.1779250516823
 20
34.00183708550762
 10
166.93311057947304
 20
34.08544402979757
 10
166.71746317282685
 20
34.22743126734588
 10
166.53010924112397
 20
34.42996070484216
 10
166.37017519374464
 20
34.695194248976065
 10
166.23678744006915
 20
35.02529380643713
 10
166.12907238947767
 20
35.422421283915014
 10
166.04615645135053
 20
35.88873858809927
 10
165.98716603506793
 20
36.4264076256795
 10
165.95122755001015
 20
37.03759030334538
 10
165.93746740555738
 20
37.72444852778642
 10
165.9242859154519
 20
38.2930060033687
 10
165.8904063628896
 20
38.868156266328896
 10
165.837435375969
 20
39.44161607098704
 10
165.7669795827885
 20
40.0051021716632
 10
165.68064561144664
 20
40.55033132267749
 10
165.58004009004185
 20
41.06902027834991
 10
165.46676964667262
 20
41.55288579300057
 10
165.34244090943744
 20
41.99364462094945
 10
165.20866050643482
 20
42.38301351651671
 10
165.06703506576324
 20
42.71270923402233
 10
164.91917121552112
 20
42.97444852778642
 10
164.69653631104214
 20
43.292416909652616
 10
164.49534659270418
 20
43.541627179941514
 10
164.30975243314998
 20
43.72077051402414
 10
164.13390420502193
 20
43.82853808727154
 10
163.96195228096272
 20
43.86362107505482
 10
163.78804703361496
 20
43.82471065274498
 10
163.6063388356212
 20
43.710497995713155
 10
163.41097805962406
 20
43.5196742793303
 10
163.1961150782661
 20
43.250930678967535
 10
162.95590026418995
 20
42.90295836999587
 10
162.68448399003816
 20
42.47444852778642
 10
162.22944170255343
 20
41.69946519950588
 10
161.8223369880959
 20
40.928109965034054
 10
161.46157514885488
 20
40.15477840892612
 10
161.14556148701942
 20
39.37386611573726
 10
160.87270130477884
 20
38.57976867002267
 10
160.64139990432236
 20
37.7668816563376
 10
160.45006258783926
 20
36.92960065923728
 10
160.29709465751873
 20
36.06232126327677
 10
160.18090141555004
 20
35.15943905301131
 10
160.0998881641224
 20
34.215349612996135
 10
160.05246020542504
 20
33.22444852778642
 10
160.02225992429538
 20
32.63109049912663
 10
159.96945778369798
 20
32.10258868664681
 10
159.89311786185067
 20
31.63718458383397
 10
159.79230423697138
 20
31.233119684175193
 10
159.66608098727812
 20
30.88863548115745
 10
159.51351219098873
 20
30.601973468267772
 10
159.3336619263213
 20
30.371375138993216
 10
159.1255942714936
 20
30.195081986820753
 10
158.88837330472376
 20
30.07133550523747
 10
158.6210631042296
 20
29.99837718773037
 10
158.32272774822903
 20
29.97444852778642
 10
157.9847901296557
 20
29.9958852765038
 10
157.7011785006636
 20
30.066571614322186
 10
157.46952374679375
 20
30.196071678741077
 10
157.2874567535872
 20
30.39394960726017
 10
157.15260840658487
 20
30.669769537378812
 10
157.06260959132783
 20
31.033095606596675
 10
157.01509119335705
 20
31.493491952413166
 10
157.00768409821356
 20
32.060522712327895
 10
157.03801919143837
 20
32.74375202384036
 10
157.10372735857246
 20
33.55274402445011
 10
157.20243948515687
 20
34.497062851656636
 10
157.29471068374104
 20
35.37456519355379
 10
157.3586383008506
 20
36.1267990564933
 10
157.39331429178378
 20
36.75837676887588
 10
157.3978306118387
 20
37.27391065910234
 10
157.3712792163137
 20
37.6780130555733
 10
157.31275206050688
 20
37.97529628668957
 10
157.22134109971662
 20
38.170372680851756
 10
157.09613828924108
 20
38.267854566460585
 10
156.93623558437847
 20
38.27235427191681
 10
156.74072494042704
 20
38.18848412562113
 10
156.50869831268503
 20
38.02085645597424
 10
156.2908057666585
 20
37.855684597970566
 10
156.07584630034503
 20
37.724301903673165
 10
155.86376840568926
 20
37.62670932959472
 10
155.65452057463574
 20
37.56290783224824
 10
155.44805129912908
 20
37.532898368146334
 10
155.2443090711139
 20
37.536681893801926
 10
155.0432423825348
 20
37.57425936572781
 10
154.84479972533634
 20
37.64563174043667
 10
154.64892959146323
 20
37.75079997444146
 10
154.45558047285996
 20
37.88976502425484
 10
154.2647008614712
 20
38.06252784638974
 10
153.80339178926155
 20
38.395786164723546
 10
153.31887426959327
 20
38.511484354382674
 10
152.82111811678024
 20
38.42265199848012
 10
152.32009314513624
 20
38.14231868012891
 10
151.82576916897509
 20
37.68351398244204
 10
151.34811600261057
 20
37.05926748853247
 10
150.89710346035653
 20
36.28260878151332
 10
150.48270135652686
 20
35.366567444497434
 10
150.1148795054353
 20
34.32417306059787
 10
149.80360772139574
 20
33.16845521292768
 10
149.55885581872192
 20
31.912443484599805
 10
149.42346978291732
 20
31.197244275933258
 10
149.248161168321
 20
30.49022061899271
 10
149.0347266325015
 20
29.794989017083566
 10
148.78496283302724
 20
29.115165973511296
 10
148.50066642746677
 20
28.45436799158145
 10
148.18363407338862
 20
27.816211574599436
 10
147.83566242836122
 20
27.204313225870692
 10
147.45854814995315
 20
26.622289448700656
 10
147.05408789573286
 20
26.07375674639485
 10
146.62407832326892
 20
25.562331622258682
 10
146.17031609012975
 20
25.09163057959762
 10
145.74858580531253
 20
24.662894050961114
 10
145.3035950403356
 20
24.17089970855386
 10
144.84275276988626
 20
23.625906921259258
 10
144.3734679686515
 20
23.038175057960842
 10
143.90314961131858
 20
22.417963487542067
 10
143.4392066725746
 20
21.775531578886472
 10
142.9890481271068
 20
21.12113870087748
 10
142.56008294960228
 20
20.465044222398518
 10
142.15972011474824
 20
19.817507512333123
 10
141.79536859723189
 20
19.188787939564776
 10
141.4744373717403
 20
18.589144872976902
 10
141.14458607250796
 20
17.993774391946943
 10
140.75433558226854
 20
17.37746005035018
 10
140.3123867484578
 20
16.74984242881675
 10
139.8274404185116
 20
16.12056210797701
 10
139.3081974398657
 20
15.499259668461264
 10
138.76335865995594
 20
14.895575690899705
 10
138.20162492621816
 20
14.319150755922578
 10
137.63169708608817
 20
13.77962544416016
 10
137.0622759870018
 20
13.286640336242783
 10
136.50206247639485
 20
12.849836012800608
 10
135.95975740170317
 20
12.478853054463968
 10
135.42361679403237
 20
12.131575113826898
 10
134.88130149456885
 20
11.76359708315374
 10
134.34061956586956
 20
11.381126402580435
 10
133.8093790704914
 20
10.990370512242777
 10
133.2953880709913
 20
10.597536852276676
 10
132.8064546299262
 20
10.208832862817872
 10
132.35038680985306
 20
9.83046598400233
 10
131.9349926733288
 20
9.468643655965764
 10
131.5680802829103
 20
9.129573318844109
 10
131.25745770115458
 20
8.819462412773191
 10
131.01093299061853
 20
8.544518377888835
 10
129.6317026559861
 20
7.187504765843784
 10
127.9495078147176
 20
6.031813947563165
 10
126.02433163178392
 20
5.084708430183241
 10
123.91615727215594
 20
4.3534507208403
 10
121.6849679008046
 20
3.845303326670603
 10
119.39074668270078
 20
3.5675287548103825
 10
117.09347678281537
 20
3.527389512395871
 10
114.85314136611933
 20
3.7321481065633293
 10
112.7297235975835
 20
4.18906704444899
 10
110.78320664217884
 20
4.905408833189142
 10
109.07357366487619
 20
5.888435979920018
 10
107.92351272805834
 20
6.809208379733263
 10
106.86087389547336
 20
7.866820023330348
 10
105.8901639737145
 20
9.051125347998749
 10
105.01588976937487
 20
10.351978791026426
 10
104.24255808904772
 20
11.75923478970094
 10
103.57467573932621
 20
13.262747781310054
 10
103.01674952680352
 20
14.852372203141442
 10
102.57328625807293
 20
16.51796249248281
 10
102.24879273972755
 20
18.24937308662186
 10
102.04777577836063
 20
20.036458422846238
 10
101.97474218056533
 20
21.869072938443736
 10
101.95278018007443
 20
27.26369734910105
 10
95.91768626904093
 20
20.67745629225152
 10
93.93618603736158
 20
18.58583940807435
 10
91.86206581090406
 20
16.53053608507986
 10
89.7160873846521
 20
14.527768218071657
 10
87.51901255358928
 20
12.593757701853349
 10
85.2916031126993
 20
10.744726431228656
 10
83.05462085696587
 20
8.996896301001044
 10
80.8288275813726
 20
7.366489205974261
 10
78.63498508090314
 20
5.869727040951773
 10
76.49385515054121
 20
4.522831700737299
 10
74.42619958527038
 20
3.3420250801344196
 10
72.45278018007443
 20
2.3435290739467405
 10
70.89315533461675
 20
1.7023553793661108
 10
69.17408754584065
 20
1.1591411001412837
 10
67.33451763303432
 20
0.7163873524335145
 10
65.41338641548592
 20
0.37659525240417224
 10
63.4496347124836
 20
0.14226591621462603
 10
61.48220334331549
 20
0.015900460026102792
 10
59.55003312726981
 20
0.0
 10
57.69206488363469
 20
0.0970656522975446
 10
55.947239431698314
 20
0.30959853308010565
 10
54.35449759074884
 20
0.6400997585089954
 10
52.95278018007442
 20
1.0910704447454975
  0
LWPOLYLINE
  5
33
330
2F
100
AcDbEntity
  8
CUT
100
AcDbPolyline
 90
58
 70
1
 10
75.92476958470701
 20
6.960158588317597
 10
77.26613078338985
 20
7.669735637614622
 10
78.36798640332464
 20
8.308065588658309
 10
79.23065107636893
 20
8.8759213675161
 10
79.85443943438034
 20
9.374075900255576
 10
80.23966610921642
 20
9.803302112944152
 10
80.38664573273473
 20
10.164372931649353
 10
80.29569293679285
 20
10.458061282438678
 10
79.96712235324841
 20
10.685140091379537
 10
79.40124861395893
 20
10.846382284539459
 10
78.598386350782
 20
10.94256078798594
 10
77.55885019557522
 20
10.974448527786421
 10
75.87563247148947
 20
11.058581430490051
 10
74.31076324863864
 20
11.306408144531474
 10
72.87253558162666
 20
11.71107067880638
 10
71.56924252505749
 20
12.265711042210711
 10
70.40917713353508
 20
12.96347124364027
 10
69.40063246166335
 20
13.797493291990833
 10
68.55190156404632
 20
14.760919196158227
 10
67.8712774952879
 20
15.846890965038256
 10
67.36705330999209
 20
17.04855060752675
 10
67.04752206276277
 20
18.359040132519453
 10
66.92097680820396
 20
19.771501548912255
 10
66.90830711016741
 20
20.137603706151168
 10
66.88250052302178
 20
20.427531218726017
 10
66.83923072703783
 20
20.640468503035493
 10
66.77417140248622
 20
20.775599975478144
 10
66.68299622963772
 20
20.83211005245252
 10
66.56137888876302
 20
20.809183150357285
 10
66.40499306013285
 20
20.706003685590986
 10
66.20951242401793
 20
20.521756074552115
 10
65.97061066068903
 20
20.255624733639365
 10
65.68396145041683
 20
19.906794079251284
 10
65.34523847347202
 20
19.47444852778642
 10
65.08951102974842
 20
19.132053433072258
 10
64.78987244267958
 20
18.711594697259358
 10
64.45286759513067
 20
18.223162142842398
 10
64.08504136996694
 20
17.676845592316198
 10
63.692938650053605
 20
17.082734868175294
 10
63.28310431825582
 20
16.450919792914306
 10
62.862083257438854
 20
15.791490189028053
 10
62.43642035046787
 20
15.114535879011044
 10
62.012660480208126
 20
14.430146685357983
 10
61.59734852952482
 20
13.748412430563576
 10
61.19702938128316
 20
13.079422937122445
 10
58.59275525195576
 20
8.68439734645844
 10
60.88355167832489
 20
6.829422937122445
 10
61.80984374762917
 20
6.217798817682024
 10
62.90507507982716
 20
5.731578146760427
 10
64.14233867906964
 20
5.370527053427281
 10
65.49472754950745
 20
5.134411666752413
 10
66.93533469529132
 20
5.022998115805535
 10
68.43725312057205
 20
5.036052529656416
 10
69.9735758295005
 20
5.173341037374769
 10
71.51739582622741
 20
5.434629768030334
 10
73.04180611490361
 20
5.819684850692823
 10
74.51989969967988
 20
6.328272414431979
 10
75.92476958470701
 20
6.960158588317597
  0
LWPOLYLINE
  5
34
330
2F
100
AcDbEntity
  8
CUT
100
AcDbPolyline
 90
34
 70
1
 10
54.95278018007442
 20
8.852003812344265
 10
54.88619098832374
 20
9.24899992907072
 10
54.70012513546687
 20
9.657439973624975
 10
54.415135205096554
 20
10.063264165926086
 10
54.05177378080551
 20
10.452412725893282
 10
53.63059344618649
 20
10.81082587344548
 10
53.172146784832215
 20
11.124443828501853
 10
52.696986380335424
 20
11.379206810981401
 10
52.22566481628885
 20
11.56105504080324
 10
51.77873467628522
 20
11.65592873788637
 10
51.376748543917294
 20
11.649768122149908
 10
51.04025900277778
 20
11.52851341351294
 10
50.688109742653815
 20
11.2283935447702
 10
50.4755010896151
 20
10.866672052458398
 10
50.39163557974138
 20
10.462351015163875
 10
50.42571574911238
 20
10.034432511472914
 10
50.56694413380783
 20
9.601918619971855
 10
50.80452326990743
 20
9.183811419247064
 10
51.12765569349096
 20
8.799112987884712
 10
51.52554394063812
 20
8.466825404471138
 10
51.98739054742865
 20
8.205950747592738
 10
52.50239804994229
 20
8.03549109583571
 10
53.05976898425876
 20
7.974448527786421
 10
53.338529460877744
 20
7.984008671757977
 10
53.60491638572842
 20
8.011766055289087
 10
53.8559430394185
 20
8.056336105804519
 10
54.08862270255556
 20
8.116334250729182
 10
54.2999686557473
 20
8.190375917487927
 10
54.486994179601375
 20
8.277076533505493
 10
54.646712554725404
 20
8.375051526206676
 10
54.77613706172708
 20
8.482916323016354
 10
54.87228098121404
 20
8.599286351359297
 10
54.93215759379394
 20
8.722777038660297
 10
54.95278018007442
 20
8.852003812344265
  0
LWPOLYLINE
  5
35
330
2F
100
AcDbEntity
  8
CUT
100
AcDbPolyline
 90
69
 70
1
 10
59.854004309387875
 20
13.531608709548209
 10
60.471788986999485
 20
14.586074977709671
 10
60.97160952376896
 20
15.461328853882236
 10
61.3557041795537
 20
16.17004915159586
 10
61.62631121421097
 20
16.724914684380593
 10
61.78566888759812
 20
17.138604265766503
 10
61.83601545957248
 20
17.423796709283522
 10
61.779589189991356
 20
17.59317082846181
 10
61.618628338712114
 20
17.65940543683118
 10
61.35537116559209
 20
17.63517934792179
 10
60.99205593048862
 20
17.533171375263606
 10
60.53092089325898
 20
17.366060332386667
 10
59.905447897231
 20
17.212759628171682
 10
59.23399967603865
 20
17.20482080829973
 10
58.53141267359157
 20
17.33229608688822
 10
57.81252333379937
 20
17.585237678054852
 10
57.09216810057172
 20
17.953697795917236
 10
56.38518341781825
 20
18.427728654592954
 10
55.70640572944861
 20
18.997382468199504
 10
55.07067147937246
 20
19.652711450854554
 10
54.4928171114994
 20
20.38376781667563
 10
53.98767906973911
 20
21.180603779780313
 10
53.5700937980012
 20
22.033271554286216
 10
52.3501683006204
 20
24.934620081805463
 10
49.18103540198143
 20
20.811211837712648
 10
48.71993852128022
 20
20.194975797102245
 10
48.29018218686018
 20
19.588499413156
 10
47.89595805585917
 20
18.999596582859425
 10
47.541457785415005
 20
18.436081203198228
 10
47.23087303266551
 20
17.90576717115806
 10
46.96839545474854
 20
17.41646838372455
 10
46.75821670880193
 20
16.975998737883288
 10
46.604528451963525
 20
16.59217213061993
 10
46.511522341371155
 20
16.27280245892007
 10
46.48339003416266
 20
16.025703619769388
 10
46.524323187475865
 20
15.85868951015351
 10
46.64302935325443
 20
15.723638578344662
 10
46.84070696499704
 20
15.569343172688889
 10
47.11028400217418
 20
15.398988040282433
 10
47.44468844425626
 20
15.215757928221791
 10
47.83684827071373
 20
15.022837583603234
 10
48.279691461017016
 20
14.82341175352309
 10
48.76614599463658
 20
14.620665185077712
 10
49.28913985104287
 20
14.417782625363373
 10
49.8416010097063
 20
14.217948821476455
 10
50.41645745009733
 20
14.024348520513342
 10
51.00663715168641
 20
13.840166469570306
 10
51.60333312609985
 20
13.650438899522413
 10
52.19710922758782
 20
13.440737470675543
 10
52.77994969955659
 20
13.21505007427217
 10
53.34383878541234
 20
12.977364601554882
 10
53.880760728561306
 20
12.731668943766294
 10
54.382699772409715
 20
12.481950992148938
 10
54.84164016036379
 20
12.232198637945316
 10
55.24956613582973
 20
11.986399772398102
 10
55.59846194221381
 20
11.748542286749739
 10
55.8803118229222
 20
11.522614072242789
 10
56.08710002136116
 20
11.312603020119923
 10
56.45382077189122
 20
10.871459161651586
 10
56.76037999358177
 20
10.526309685403561
 10
57.025213202301764
 20
10.288014573863478
 10
57.26675591392004
 20
10.167433809519025
 10
57.50344364430554
 20
10.175427374857861
 10
57.753711909327116
 20
10.322855252367617
 10
58.03599622485368
 20
10.620577424536009
 10
58.368732106754145
 20
11.079453873850554
 10
58.7703550708974
 20
11.710344582799053
 10
59.25930063315235
 20
12.524109533869023
 10
59.854004309387875
 20
13.531608709548209
  0
LWPOLYLINE
  5
36
330
2F
100
AcDbEntity
  8
CUT
100
AcDbPolyline
 90
80
 70
1
 10
92.5969248596025
 20
26.22444852778642
 10
95.76494585059831
 20
30.432235438992365
 10
98.9704077796066
 20
34.587601384239775
 10
102.17331062605953
 20
38.64350709421751
 10
105.33365436938908
 20
42.552913299614374
 10
108.41143898902729
 20
46.26878073111925
 10
111.36666446440628
 20
49.744070119420854
 10
114.15933077495802
 20
52.9317421952081
 10
116.74943790011466
 20
55.78475768916974
 10
119.0969858193082
 20
58.25607733199462
 10
121.16197451197073
 20
60.29866185437152
 10
122.90440395753424
 20
61.86547198698929
 10
123.91916276393832
 20
62.74691512587651
 10
124.78478302796788
 20
63.56699903632551
 10
125.50201886971456
 20
64.32733429973112
 10
126.07162440927013
 20
65.02953149748828
 10
126.49435376672625
 20
65.67520121099184
 10
126.77096106217462
 20
66.26595402163676
 10
126.90220041570697
 20
66.80340051081785
 10
126.88882594741503
 20
67.28915125993007
 10
126.73159177739046
 20
67.72481685036823
 10
126.431252025725
 20
68.11200786352728
 10
125.98856081251031
 20
68.45233488080208
 10
125.76720032023917
 20
68.47344481628974
 10
125.40106233964539
 20
68.36380629270707
 10
124.90316339965463
 20
68.13213096877999
 10
124.28652002919247
 20
67.78713050323458
 10
123.56414875718451
 20
67.33751655479682
 10
122.74906611255642
 20
66.7920007821927
 10
121.85428862423376
 20
66.15929484414823
 10
120.89283282114224
 20
65.4481103993894
 10
119.87771523220741
 20
64.66715910664215
 10
118.82195238635487
 20
63.82515262463258
 10
117.73856081251031
 20
62.93080261208664
 10
116.54923677232983
 20
61.96693277676488
 10
115.22108658287601
 20
60.95283187101592
 10
113.77833346222758
 20
59.904126402201285
 10
112.2452006284633
 20
58.8364428776824
 10
110.64591129966198
 20
57.76540780482074
 10
109.00468869390235
 20
56.70664769097786
 10
107.34575602926324
 20
55.67578904351521
 10
105.69333652382338
 20
54.688458369794205
 10
104.07165339566157
 20
53.76028217717635
 10
102.50492986285656
 20
52.90688697302315
 10
101.01738914348715
 20
52.143899264696046
 10
99.11890674072944
 20
51.18138183893359
 10
97.34607809964021
 20
50.231699941874325
 10
95.67501409424113
 20
49.277958342414024
 10
94.0818255985539
 20
48.30326180944843
 10
92.54262348660026
 20
47.29071511187334
 10
91.03351863240195
 20
46.223423018584555
 10
89.53062190998062
 20
45.08449029847782
 10
88.01004419335806
 20
43.85702172044887
 10
86.44789635655593
 20
42.524122053393455
 10
84.82028927359596
 20
41.06889606620737
 10
83.10333381849989
 20
39.47444852778642
 10
80.29097915626014
 20
36.785090119248025
 10
77.84797785445016
 20
34.3664072310892
 10
75.75294150593399
 20
32.188807008429364
 10
73.9844817035758
 20
30.22269659638789
 10
72.5212100402396
 20
28.438483140084088
 10
71.34173810878954
 20
26.806573784637436
 10
70.42467750208968
 20
25.297375675167245
 10
69.74863981300416
 20
23.881295956792826
 10
69.29223663439703
 20
22.528741774633573
 10
69.03407955913244
 20
21.210120273808883
 10
68.95278018007443
 20
19.89583859943812
 10
69.0046526569908
 20
18.546555563156403
 10
69.16751569601394
 20
17.367934687038
 10
69.45223770955462
 20
16.35109296816441
 10
69.8696871100237
 20
15.48714740361737
 10
70.43073230983205
 20
14.767214990478465
 10
71.14624172139045
 20
14.182412725829295
 10
72.0270837571098
 20
13.723857606751523
 10
73.08412682940096
 20
13.382666630326753
 10
74.32823935067472
 20
13.149956793636505
 10
75.77028973334197
 20
13.016845093762527
 10
77.42114638981352
 20
12.974448527786421
 10
82.74665545669546
 20
12.974448527786421
 10
92.5969248596025
 20
26.22444852778642
  0
LWPOLYLINE
  5
37
330
2F
100
AcDbEntity
  8
CUT
100
AcDbPolyline
 90
34
 70
1
 10
97.32131274187569
 20
25.97444852778642
 10
99.45457202958383
 20
28.560781109307015
 10
101.8029754603264
 20
31.478663054148484
 10
104.29235634831704
 20
34.63000422061762
 10
106.8485480077693
 20
37.916714467021336
 10
109.39738375289687
 20
41.240703651666365
 10
111.86469689791343
 20
44.50388163285962
 10
114.17632075703253
 20
47.6081582689078
 10
116.25808864446785
 20
50.45544341811777
 10
118.03583387443302
 20
52.94764693879631
 10
119.43538976114169
 20
54.986678689250255
 10
120.38258961880746
 20
56.47444852778642
 10
121.02953303884706
 20
57.86057686085675
 10
120.45338870960288
 20
57.68949398330878
 10
118.84335541494391
 20
56.18262433993186
 10
116.38863193873902
 20
53.561392375515425
 10
113.27841706485702
 20
50.04722253484883
 10
109.70190957716687
 20
45.861539262721465
 10
105.84830825953745
 20
41.225767003922726
 10
101.90681189583762
 20
36.36133020324195
 10
98.0666192699363
 20
31.489653305468522
 10
94.51692916570232
 20
26.83216075539184
 10
91.44694036700466
 20
22.610276997801293
 10
89.96652064910023
 20
20.435668541401412
 10
88.95419778298637
 20
18.79449118148443
 10
88.38823638941057
 20
17.674297368012873
 10
88.24690108912034
 20
17.062639550949342
 10
88.50845650286317
 20
16.947070180256446
 10
89.15116725138662
 20
17.315141705896707
 10
90.15329795543818
 20
18.154406577832816
 10
91.49311323576535
 20
19.452417246027238
 10
93.14887771311564
 20
21.19672616044261
 10
95.0988560082366
 20
23.37488577104145
 10
97.32131274187569
 20
25.97444852778642
  0
LWPOLYLINE
  5
38
330
2F
100
AcDbEntity
  8
CUT
100
AcDbPolyline
 90
69
 70
1
 10
51.29555584492264
 20
26.22444852778642
 10
51.20148492052267
 20
26.334891803518985
 10
51.06053066699595
 20
26.44043275017563
 10
50.87721651973313
 20
26.539888046944952
 10
50.65606591412482
 20
26.63207437301557
 10
50.40160228556163
 20
26.71580840757605
 10
50.118349069434224
 20
26.789906829814953
 10
49.810829701133194
 20
26.853186318920905
 10
49.4835676160492
 20
26.90446355408244
 10
49.14108624957286
 20
26.942555214488152
 10
48.78790903709479
 20
26.966277979326605
 10
48.428559414005626
 20
26.97444852778642
 10
48.037035023575285
 20
27.007106045195457
 10
47.590440038334215
 20
27.10192545781041
 10
47.09795768756386
 20
27.254177056213564
 10
46.56877120054561
 20
27.45913113098709
 10
46.01206380656088
 20
27.712057972713126
 10
45.43701873489112
 20
28.00822787197376
 10
44.85281921481771
 20
28.342911119351186
 10
44.26864847562209
 20
28.71137800542749
 10
43.69368974658568
 20
29.10889882078493
 10
43.13712625698989
 20
29.530743856005586
 10
42.60814123611614
 20
29.972183401671657
 10
41.89635731219959
 20
30.585658689337436
 10
41.27171023771578
 20
31.096568361731556
 10
40.725144445999995
 20
31.508213464122548
 10
40.24760437038744
 20
31.82389504177911
 10
39.830034444213425
 20
32.046914139969886
 10
39.463379100813164
 20
32.18057180396346
 10
39.13858277352194
 20
32.228169079028504
 10
38.84658989567499
 20
32.193007010433575
 10
38.57834490060758
 20
32.078386643447374
 10
38.32479222165499
 20
31.887609023338484
 10
38.07687629215244
 20
31.62397519537552
 10
37.87136457664979
 20
31.349185929446833
 10
37.72151883552471
 20
31.08319199496728
 10
37.628694313025626
 20
30.821697657522463
 10
37.594246253400904
 20
30.560407182698015
 10
37.619529900898954
 20
30.29502483607959
 10
37.70590049976817
 20
30.021254883252823
 10
37.854713294256946
 20
29.734801589803283
 10
38.06732352861369
 20
29.43136922131663
 10
38.34508644708679
 20
29.10666204337852
 10
38.68935729392465
 20
28.75638432157453
 10
39.101491313375654
 20
28.376240321490314
 10
39.4383462450995
 20
28.04815906068191
 10
39.80208980027268
 20
27.641090362760792
 10
40.18623197297495
 20
27.164990547316336
 10
40.584282757286026
 20
26.62981593393792
 10
40.98975214728568
 20
26.045522842214922
 10
41.39615013705366
 20
25.422067591736777
 10
41.79698672066971
 20
24.769406502092806
 10
42.18577189221359
 20
24.097495892872473
 10
42.55601564576505
 20
23.41629208366504
 10
42.90122797540384
 20
22.735751394060003
 10
43.21491887520971
 20
22.065830143646735
 10
45.18669787242744
 20
17.65721175950702
 10
48.4715316854741
 20
21.565830143646735
 10
48.950228670733274
 20
22.149574849350273
 10
49.39789905898808
 20
22.72332332669768
 10
49.81008721482544
 20
23.279725388906968
 10
50.182337502832205
 20
23.811430849196427
 10
50.51019428759529
 20
24.311089520784066
 10
50.789201933701584
 20
24.771351216888036
 10
51.01490480573799
 20
25.18486575072643
 10
51.182847268291404
 20
25.544282935517344
 10
51.28857368594873
 20
25.8422525844789
 10
51.32762842329684
 20
26.071424510829218
 10
51.29555584492264
 20
26.22444852778642
  0
LWPOLYLINE
  5
39
330
2F
100
AcDbEntity
  8
CUT
100
AcDbPolyline
 90
34
 70
1
 10
40.95278018007442
 20
20.774448527786433
 10
40.90841634521872
 20
21.346892108897407
 10
40.78083896963524
 20
21.90937737712008
 10
40.578319246799374
 20
22.452515410131014
 10
40.30912837018653
 20
22.966917285606854
 10
39.981537533272075
 20
23.443194081224135
 10
39.60381792953145
 20
23.871956874659446
 10
39.18424075244002
 20
24.24381674358935
 10
38.73107719547321
 20
24.549384765690434
 10
38.252598452106405
 20
24.77927201863926
 10
37.75707571581501
 20
24.924089580112366
 10
37.25278018007442
 20
24.97444852778642
 10
36.813180077376416
 20
24.91423410602951
 10
36.469040290151945
 20
24.743036703912452
 10
36.219492408401386
 20
24.475025116165966
 10
36.06366802212512
 20
24.12436813752069
 10
36.0006987213235
 20
23.705234562707346
 10
36.029716095996946
 20
23.23179318645657
 10
36.14985173614579
 20
22.718212803499085
 10
36.36023723177045
 20
22.17866220856547
 10
36.66000417287128
 20
21.627310196386475
 10
37.04828414944867
 20
21.078325561692765
 10
37.52420875150299
 20
20.545877099214977
 10
38.07269923306173
 20
20.032576361803535
 10
38.582208431982345
 20
19.626650226119352
 10
39.04994329781951
 20
19.327912488799257
 10
39.47311078012791
 20
19.13617694648036
 10
39.84891782846222
 20
19.051257395799553
 10
40.174571392377125
 20
19.072967633393887
 10
40.4472784214273
 20
19.201121455900307
 10
40.66424586516744
 20
19.43553265995581
 10
40.82268067315221
 20
19.776015042197315
 10
40.919789794936314
 20
20.222382399261875
 10
40.95278018007442
 20
20.774448527786433
  0
LWPOLYLINE
  5
3A
330
2F
100
AcDbEntity
  8
CUT
100
AcDbPolyline
 90
89
 70
1
 10
69.05718737279403
 20
26.221005969077765
 10
70.06707556980899
 20
27.355352649724836
 10
71.16476116921066
 20
28.570311551722
 10
72.3302924468102
 20
29.844711813734705
 10
73.54371767841886
 20
31.157382574428254
 10
74.78508513984775
 20
32.48715297246807
 10
76.03444310690813
 20
33.81285214651936
 10
77.2718398554112
 20
35.113309235247584
 10
78.47732366116816
 20
36.36735337731801
 10
79.63094279999024
 20
37.553813711396
 10
80.71274554768857
 20
38.651519376146894
 10
81.70278018007443
 20
39.639299510236015
 10
82.62314081117884
 20
40.553711859711285
 10
83.50264869998423
 20
41.438397956721246
 10
84.3314428397288
 20
42.28281261908208
 10
85.09966222365068
 20
43.076410664610194
 10
85.79744584498803
 20
43.80864691112197
 10
86.41493269697901
 20
44.468976176433614
 10
86.9422617728618
 20
45.04685327836154
 10
87.36957206587456
 20
45.53173303472195
 10
87.6870025692555
 20
45.913070263331235
 10
87.88469227624273
 20
46.18031978200571
 10
87.95278018007443
 20
46.322936408561645
 10
87.91744639146322
 20
46.38818414603233
 10
87.81485656384041
 20
46.43079709708678
 10
87.65012800452209
 20
46.451435228994995
 10
87.42837802082434
 20
46.45075850902708
 10
87.15472392006325
 20
46.42942690445307
 10
86.83428300955498
 20
46.38810038254297
 10
86.47217259661556
 20
46.32743891056691
 10
86.07350998856111
 20
46.24810245579482
 10
85.6434124927078
 20
46.15075098549687
 10
85.18699741637164
 20
46.03604446694305
 10
84.70938206686876
 20
45.904642867403396
 10
84.19539900656474
 20
45.76766458748986
 10
83.63339216300591
 20
45.636766465919465
 10
83.03374589127961
 20
45.51341612711974
 10
82.40684454647311
 20
45.39908119551842
 10
81.76307248367371
 20
45.29522929554312
 10
81.11281405796873
 20
45.203328051621526
 10
80.46645362444548
 20
45.12484508818133
 10
79.83437553819124
 20
45.06124802965002
 10
79.22696415429331
 20
45.014004500455314
 10
78.65460382783903
 20
44.9845821250249
 10
78.12767891391567
 20
44.97444852778642
 10
76.92290383630396
 20
44.840609674254466
 10
75.60453878950952
 20
44.45680367189047
 10
74.20661917611895
 20
43.84959635804253
 10
72.7631803987187
 20
43.04555357005876
 10
71.30825785989535
 20
42.071241145287104
 10
69.87588696223537
 20
40.95322492107567
 10
68.50010310832533
 20
39.71807073477245
 10
67.21494170075175
 20
38.39234442372552
 10
66.05443814210113
 20
37.00261182528291
 10
65.05262783496002
 20
35.57543877679265
 10
64.24354618191492
 20
34.13739111560281
 10
63.908866791222096
 20
33.51068819495646
 10
63.52234363545426
 20
32.89158636728047
 10
63.086959225974454
 20
32.28304202611804
 10
62.605696074145754
 20
31.68801156501246
 10
62.08153669133122
 20
31.109451377506872
 10
61.517463588894
 20
30.55031785714465
 10
60.916459278197095
 20
30.01356739746896
 10
60.281506270603614
 20
29.502156392022982
 10
59.61558707747662
 20
29.01904123435
 10
58.9216842101792
 20
28.56717831799324
 10
58.20278018007442
 20
28.149524036495933
 10
57.0419799420626
 20
27.491622976446422
 10
56.084178563626885
 20
26.890024410231376
 10
55.32277343452542
 20
26.32768412714978
 10
54.75116194451636
 20
25.787557916500788
 10
54.3627414833578
 20
25.25260156758344
 10
54.150909440807915
 20
24.705770869696835
 10
54.109063206624846
 20
24.130021612140013
 10
54.230600170566724
 20
23.508309584211986
 10
54.50891772239171
 20
22.823590575211938
 10
54.93741325185791
 20
22.058820374438852
 10
55.50948414872348
 20
21.196954771191827
 10
56.3416319044912
 20
20.167837121658835
 10
57.21120448596688
 20
19.420140674148996
 10
58.13235772646379
 20
18.95911499976205
 10
59.11924745929517
 20
18.790009669597993
 10
60.1860295177743
 20
18.918074254756675
 10
61.346859735214366
 20
19.348558326337923
 10
62.61589394492876
 20
20.086711455441616
 10
64.00728798023064
 20
21.137783213167523
 10
65.5351976744333
 20
22.50702317061564
 10
67.21377886085003
 20
24.19968089888576
 10
69.05718737279403
 20
26.221005969077765
  0
LWPOLYLINE
  5
3B
330
2F
100
AcDbEntity
  8
CUT
100
AcDbPolyline
 90
78
 70
1
 10
131.63663630251037
 20
32.237823565422104
 10
131.09904959396493
 20
33.8499874605138
 10
130.6310758850943
 20
35.38014905294952
 10
130.23509147023952
 20
36.81323530492577
 10
129.9134726437416
 20
38.134173178639145
 10
129.66859569994162
 20
39.32788963628633
 10
129.50283693318065
 20
40.379311640063804
 10
129.41857263779968
 20
41.273366152168165
 10
129.41817910813984
 20
41.99498013479604
 10
129.50403263854216
 20
42.52908055014396
 10
129.67850952334769
 20
42.860594360408584
 10
129.94398605689744
 20
42.97444852778642
 10
130.06744651615674
 20
43.00168368931912
 10
130.1987414520888
 20
43.08075957211403
 10
130.33563133046738
 20
43.20773177346638
 10
130.47587661706612
 20
43.37865589067147
 10
130.61723777765877
 20
43.58958752102458
 10
130.75747527801906
 20
43.83658226182098
 10
130.89434958392064
 20
44.115695710355965
 10
131.0256211611373
 20
44.42298346392465
 10
131.14905047544275
 20
44.75450111982249
 10
131.26239799261063
 20
45.106304275344655
 10
131.36342417841473
 20
45.47444852778642
 10
131.47195604691692
 20
45.842592780228244
 10
131.60709592557382
 20
46.19439593575041
 10
131.7655172502511
 20
46.52591359164819
 10
131.94389345681452
 20
46.833201345216935
 10
132.13889798112973
 20
47.112314793751835
 10
132.3472042590625
 20
47.35930953454826
 10
132.5654857264785
 20
47.570241164901404
 10
132.7904158192435
 20
47.74116528210649
 10
133.01866797322313
 20
47.86813748345884
 10
133.2469156242832
 20
47.94721336625372
 10
133.47183220828933
 20
47.97444852778642
 10
133.92107354364975
 20
47.97501448543713
 10
134.28037204371572
 20
47.95985004042234
 10
134.5495745467522
 20
47.90366171579171
 10
134.72852789102424
 20
47.78115603459517
 10
134.81707891479675
 20
47.56703951988243
 10
134.81507445633477
 20
47.23601869470315
 10
134.72236135390332
 20
46.76280008210716
 10
134.53878644576739
 20
46.12209020514416
 10
134.26419657019196
 20
45.28859558686395
 10
133.89843856544204
 20
44.23702275031627
 10
133.44135926978265
 20
42.94207821855085
 10
133.11409038523095
 20
41.991777210087605
 10
132.85156057735284
 20
41.1678724858543
 10
132.6535672304384
 20
40.45231548623951
 10
132.51990772877784
 20
39.82705765163186
 10
132.45037945666124
 20
39.274050422419805
 10
132.44477979837882
 20
38.775245238992
 10
132.5029061382207
 20
38.31259354173696
 10
132.62455586047707
 20
37.868046771043225
 10
132.80952634943807
 20
37.42355636729934
 10
133.05761498939384
 20
36.96107377089393
 10
133.36861916463457
 20
36.462550422215514
 10
133.5879278703987
 20
36.09949410974008
 10
133.81201699142716
 20
35.67518125614609
 10
134.03753739563882
 20
35.19882898889546
 10
134.26113995095247
 20
34.67965443545009
 10
134.47947552528694
 20
34.12687472327198
 10
134.68919498656098
 20
33.549706979823014
 10
134.8869492026935
 20
32.957368332565125
 10
135.06938904160324
 20
32.359075908960165
 10
135.23316537120908
 20
31.76404683647013
 10
135.37492905942983
 20
31.181498242556955
 10
135.49133097418425
 20
30.620647254682524
 10
135.69282730613938
 20
29.224141608046097
 10
135.7230984970267
 20
28.161864975050634
 10
135.60242471918295
 20
27.425309129474755
 10
135.35108614494467
 20
27.005965845097307
 10
134.98936294664858
 20
26.895326895696883
 10
134.53753529663132
 20
27.084884055052328
 10
134.01588336722952
 20
27.566129096942348
 10
133.44468733077989
 20
28.33055379514559
 10
132.84422735961905
 20
29.369649923440818
 10
132.23478362608367
 20
30.674909255606735
 10
131.63663630251037
 20
32.237823565422104
  0
LWPOLYLINE
  5
3C
330
2F
100
AcDbEntity
  8
CUT
100
AcDbPolyline
 90
34
 70
1
 10
60.21852632119732
 20
31.778656207370858
 10
61.67980359111556
 20
33.5392176058871
 10
62.7463260177955
 20
35.46251093365234
 10
63.42832492242826
 20
37.49714528479444
 10
63.736031626204806
 20
39.591729753441456
 10
63.67967745031618
 20
41.69487343372114
 10
63.26949371595336
 20
43.75518541976152
 10
62.515711744307424
 20
45.721274805690484
 10
61.428562856569414
 20
47.54175068563592
 10
60.018278373930315
 20
49.16522215372575
 10
58.29508961758116
 20
50.54029830408794
 10
56.269227908712985
 20
51.615588230850335
 10
53.43256875859796
 20
52.44447834523447
 10
50.67223111436807
 20
52.59593159869331
 10
48.057195805444564
 20
52.141829679440264
 10
45.65644366124865
 20
51.154054275688935
 10
43.53895551120157
 20
49.70448707565282
 10
41.77371218472455
 20
47.86500976754539
 10
40.429694511238786
 20
45.70750403958013
 10
39.575883320165545
 20
43.30385157997051
 10
39.28125944092603
 20
40.725934076930116
 10
39.61480370294149
 20
38.04563321867232
 10
40.64549693563311
 20
35.33483069341074
 10
41.86920852495081
 20
33.38296234376463
 10
43.33178727909623
 20
31.733601873337705
 10
44.990654457690894
 20
30.394485306390607
 10
46.80323132035625
 20
29.37334866718402
 10
48.726939126713766
 20
28.677927979978705
 10
50.71919913638494
 20
28.31595926903529
 10
52.737432608991234
 20
28.29517855861451
 10
54.73906080415416
 20
28.62332187297693
 10
56.68150498149516
 20
29.308125236383376
 10
58.52218640063571
 20
30.35732467309444
 10
60.21852632119732
 20
31.778656207370858
  0
LWPOLYLINE
  5
3D
330
2F
100
AcDbEntity
  8
CUT
100
AcDbPolyline
 90
34
 70
1
 10
31.321097540466553
 20
37.22909467332903
 10
31.089346963533927
 20
37.647533977690046
 10
30.842603253872532
 20
38.03840223322396
 10
30.585090044959145
 20
38.397835659429376
 10
30.321030970270535
 20
38.72197047580477
 10
30.05464966328352
 20
39.00694290184876
 10
29.790169757474878
 20
39.24888915705981
 10
29.531814886321406
 20
39.443945460936504
 10
29.283808683299902
 20
39.588248032977276
 10
29.05037478188715
 20
39.677933092680746
 10
28.83573681555994
 20
39.709136859545396
 10
28.644118417795077
 20
39.67799555306979
 10
28.24513514611573
 20
39.42712621967797
 10
27.958605129234428
 20
39.01956182227045
 10
27.7798170987072
 20
38.48514671241537
 10
27.704059786090106
 20
37.85372524168102
 10
27.726621922939167
 20
37.15514176163549
 10
27.842792240810432
 20
36.419240623846974
 10
28.047859471259947
 20
35.6758661798836
 10
28.337112345843757
 20
34.95486278131355
 10
28.705839596117904
 20
34.28607477970499
 10
29.14932995363843
 20
33.69934652662607
 10
29.66287214996136
 20
33.224522373645016
 10
30.30616991464685
 20
32.81712250299981
 10
30.868132266930466
 20
32.605489206712264
 10
31.343034344152002
 20
32.57579708652244
 10
31.725151283651257
 20
32.71422074417046
 10
32.00875822276806
 20
33.00693478139627
 10
32.188130298842204
 20
33.44011379993998
 10
32.257542649213505
 20
33.999932401541685
 10
32.21127041122178
 20
34.67256518794136
 10
32.04358872220684
 20
35.44418676087912
 10
31.7487727195085
 20
36.30097172209497
 10
31.321097540466553
 20
37.22909467332903
  0
LWPOLYLINE
  5
3E
330
2F
100
AcDbEntity
  8
CUT
100
AcDbPolyline
 90
56
 70
1
 10
38.01609738021747
 20
37.75367435326075
 10
37.779487111942665
 20
38.78979657232816
 10
37.646637802100706
 20
39.86897517279988
 10
37.614260015552844
 20
40.976623008729774
 10
37.679064317160275
 20
42.09815293417191
 10
37.83776127178422
 20
43.21897780318011
 10
38.08706144428594
 20
44.32451046980833
 10
38.423675399526665
 20
45.40016378811055
 10
38.84431370236762
 20
46.43135061214065
 10
39.345686917670044
 20
47.40348379595258
 10
39.92450561029516
 20
48.30197619360027
 10
40.5774803451042
 20
49.112240659137655
 10
41.11543007933308
 20
49.72503926325112
 10
41.49678774956162
 20
50.206414725212426
 10
41.71365256346579
 20
50.55493796286612
 10
41.75812372872156
 20
50.76917989405678
 10
41.622300453004826
 20
50.84771143662894
 10
41.29828194399159
 20
50.78910350842719
 10
40.77816740935777
 20
50.591927027296094
 10
40.054056056779366
 20
50.254752911080175
 10
39.1180470939323
 20
49.776152077623976
 10
37.96223972849253
 20
49.154695444772074
 10
36.57873316813601
 20
48.38895393036904
 10
35.23730488342425
 20
47.60193580958969
 10
34.140592472139794
 20
46.858507360552665
 10
33.28205281370849
 20
46.12707311216741
 10
32.65514278755618
 20
45.376037593343455
 10
32.253319273108744
 20
44.57380533299013
 10
32.07003914979203
 20
43.68878086001695
 10
32.0987592970319
 20
42.68936870333329
 10
32.332936594254214
 20
41.543973391848624
 10
32.76602792088484
 20
40.22099945447229
 10
33.39149015634962
 20
38.68885142011382
 10
34.20278018007442
 20
36.91593381768263
 10
34.659756345619336
 20
35.9728272568679
 10
35.07222899829395
 20
35.17047767736878
 10
35.44574036189608
 20
34.503227900644106
 10
35.78583266022344
 20
33.965420748153065
 10
36.09804811707383
 20
33.5513990413545
 10
36.38792895624499
 20
33.255505601707426
 10
36.661017401534714
 20
33.07208325067077
 10
36.922855676740745
 20
32.99547480970358
 10
37.178986005660875
 20
33.02002310026472
 10
37.43495061209285
 20
33.140070943813214
 10
37.69629171983444
 20
33.34996116180804
 10
37.91921017909368
 20
33.59137890461926
 10
38.1027245854943
 20
33.8558365536629
 10
38.24704660882877
 20
34.14624879486462
 10
38.3523879188895
 20
34.46553031415027
 10
38.41896018546899
 20
34.816595797445586
 10
38.44697507835969
 20
35.20235993067621
 10
38.43664426735406
 20
35.625737399767985
 10
38.38817942224457
 20
36.08964289064659
 10
38.30179221282366
 20
36.59699108923775
 10
38.17769430888381
 20
37.150696681467196
 10
38.01609738021747
 20
37.75367435326075
  0
LWPOLYLINE
  5
3F
330
2F
100
AcDbEntity
  8
CUT
100
AcDbPolyline
 90
34
 70
1
 10
148.63589421516215
 20
36.16194852778642
 10
148.5509523975459
 20
36.353938709590295
 10
148.4705710864096
 20
36.49510299798999
 10
148.39523128460596
 20
36.58592239583837
 10
148.32541399498788
 20
36.626877905988266
 10
148.26160022040818
 20
36.61845053129255
 10
148.20427096371972
 20
36.56112127460409
 10
148.1539072277753
 20
36.45537113877572
 10
148.11099001542786
 20
36.30168112666024
 10
148.07600032953016
 20
36.1005322411105
 10
148.0494191729351
 20
35.852405484979386
 10
148.03172754849547
 20
35.557781861119736
 10
148.0266837712273
 20
35.28211976495146
 10
148.03468420290383
 20
35.03151401739328
 10
148.0549001729567
 20
34.80803542986504
 10
148.0865030108177
 20
34.6137548137869
 10
148.12866404591858
 20
34.45074298057881
 10
148.18055460769116
 20
34.32107074166069
 10
148.2413460255672
 20
34.2268089084526
 10
148.3102096289784
 20
34.17002829237444
 10
148.38631674735663
 20
34.152799704846245
 10
148.46883871013364
 20
34.17719395728804
 10
148.5569468467411
 20
34.245281861119736
 10
148.64019326811007
 20
34.3485485152645
 10
148.70859949216003
 20
34.475082449649705
 10
148.76204095880564
 20
34.62185962220164
 10
148.8003931079614
 20
34.785855990846784
 10
148.82353137954195
 20
34.964047513511446
 10
148.83133121346182
 20
35.15341014812199
 10
148.82366804963564
 20
35.350919852604875
 10
148.800417327978
 20
35.55355258488635
 10
148.76145448840347
 20
35.75828430289286
 10
148.7066549708267
 20
35.962090964550754
 10
148.63589421516215
 20
36.16194852778642
  0
LWPOLYLINE
  5
40
330
2F
100
AcDbEntity
  8
CUT
100
AcDbPolyline
 90
60
 70
1
 10
69.52323465080639
 20
45.87170177729496
 10
68.50607682940534
 20
46.55895550305186
 10
67.68100918704047
 20
47.28151512574257
 10
67.04737594739805
 20
48.04936969974389
 10
66.60452133416436
 20
48.87250827943237
 10
66.35178957102579
 20
49.76091991918469
 10
66.28852488166865
 20
50.72459367337743
 10
66.41407148977922
 20
51.773518596387305
 10
66.72777361904389
 20
52.917683742590896
 10
67.22897549314897
 20
54.16707816636483
 10
67.91702133578076
 20
55.5316909220858
 10
68.79125537062558
 20
57.02151106413038
 10
69.23886853565105
 20
57.75086924810981
 10
69.65535310668929
 20
58.44785285963707
 10
70.03668851056207
 20
59.10464734674093
 10
70.37885417409103
 20
59.71343815745027
 10
70.677829524098
 20
60.26641073979383
 10
70.92959398740459
 20
60.75575054180044
 10
71.13012699083254
 20
61.173643011498825
 10
71.27540796120365
 20
61.51227359691785
 10
71.36141632533955
 20
61.763827746086235
 10
71.38413151006202
 20
61.92049090703284
 10
71.33953294219273
 20
61.97444852778642
 10
71.1586826052158
 20
61.94039056659199
 10
70.78579782583952
 20
61.84150503788263
 10
70.2365910457219
 20
61.68272447396913
 10
69.52677470652091
 20
61.46898140716266
 10
68.67206124989454
 20
61.20520836977391
 10
67.68816311750084
 20
60.89633789411394
 10
66.59079275099774
 20
60.547302512493616
 10
65.39566259204327
 20
60.16303475722384
 10
64.11848508229545
 20
59.748467160615576
 10
62.77497266341226
 20
59.308532254979724
 10
61.38083777705168
 20
58.84816257262722
 10
58.99737310983438
 20
58.03443989901348
 10
56.95896435593898
 20
57.28906564312379
 10
55.26829974237808
 20
56.613967516413226
 10
53.928067496164225
 20
56.011073230336876
 10
52.94095584431003
 20
55.48231049634981
 10
52.30965301382809
 20
55.029607025907126
 10
52.03684723173098
 20
54.65489053046386
 10
52.12522672503132
 20
54.36008872147508
 10
52.57747972074167
 20
54.14712931039588
 10
53.39629444587465
 20
54.01794000868128
 10
54.58435912744283
 20
53.97444852778642
 10
55.67388339857147
 20
53.79105192400644
 10
56.91123272679301
 20
53.27641409215116
 10
58.24339666319903
 20
52.48386300144742
 10
59.61736475888105
 20
51.466726621122405
 10
60.98012656493066
 20
50.27833292040302
 10
62.2786716324394
 20
48.97200986851627
 10
63.45998951249882
 20
47.60108543468914
 10
64.47106975620048
 20
46.21888758814862
 10
65.25890191463594
 20
44.87874429812169
 10
65.77047553889673
 20
43.63398353383539
 10
65.95278018007443
 20
42.53793326451665
 10
65.95278018007443
 20
39.83826010651006
 10
69.06394879902479
 20
42.05360756665678
 10
72.17511741797517
 20
44.268955026803496
 10
69.52323465080639
 20
45.87170177729496
  0
LWPOLYLINE
  5
41
330
2F
100
AcDbEntity
  8
CUT
100
AcDbPolyline
 90
67
 70
1
 10
91.95278018007443
 20
50.02759124777873
 10
94.3022418245042
 20
51.078679616838116
 10
96.72383678953454
 20
52.234311906700384
 10
99.19547099384656
 20
53.481657786782336
 10
101.69505035612116
 20
54.80788692650077
 10
104.2004807950394
 20
56.20016899527238
 10
106.68966822928229
 20
57.645673662513985
 10
109.14051857753086
 20
59.13157059764225
 10
111.53093775846614
 20
60.64502947007395
 10
113.83883169076915
 20
62.17321994922591
 10
116.0421062931209
 20
63.70331170451482
 10
118.1186674842024
 20
65.22247440535745
 10
119.71443804498739
 20
66.42850393580446
 10
121.02188699101006
 20
67.43634971781336
 10
122.06061645893328
 20
68.27336361338286
 10
122.85022858541996
 20
68.96689748451175
 10
123.41032550713305
 20
69.54430319319874
 10
123.76050936073545
 20
70.03293260144258
 10
123.92038228289007
 20
70.46013757124194
 10
123.90954641025982
 20
70.8532699645956
 10
123.74760387950766
 20
71.23968164350225
 10
123.45415682729646
 20
71.64672446996067
 10
123.04880739028917
 20
72.10175030596955
 10
122.60355954803106
 20
72.5458905687803
 10
122.12530956373237
 20
72.90389157425443
 10
121.53700106134346
 20
73.17745087185833
 10
120.76157766481447
 20
73.3682660110585
 10
119.7219829980956
 20
73.47803454132125
 10
118.34116068513708
 20
73.50845401211308
 10
116.54205434988916
 20
73.46122197290038
 10
114.24760761630202
 20
73.33803597314952
 10
111.3807641083259
 20
73.14059356232696
 10
107.86446744991105
 20
72.87059228989904
 10
103.62166126500762
 20
72.52972970533222
 10
98.66302468991796
 20
72.12455542405567
 10
94.58373113978456
 20
71.75634403817972
 10
91.24628604539532
 20
71.37117648776541
 10
88.51319483753807
 20
70.91513371287363
 10
86.2469629470007
 20
70.33429665356542
 10
84.31009580457103
 20
69.57474624990161
 10
82.56509884103707
 20
68.58256344194325
 10
80.8744774871866
 20
67.30382916975122
 10
79.10073717380757
 20
65.68462437338653
 10
77.1063833316878
 20
63.671029992910064
 10
74.7539213916152
 20
61.209126968382805
 10
73.09251291770747
 20
59.40923750324234
 10
71.67551828598388
 20
57.749998946895346
 10
70.50072011307009
 20
56.225876487758086
 10
69.56590101559172
 20
54.8313353142471
 10
68.86884361017451
 20
53.5608406147787
 10
68.40733051344407
 20
52.408857577769226
 10
68.17914434202606
 20
51.36985139163508
 10
68.1820677125462
 20
50.438287244792605
 10
68.41388324163012
 20
49.608630325658226
 10
68.87237354590349
 20
48.875345822648285
 10
69.55532124199198
 20
48.23289892417918
 10
70.57378553559121
 20
47.71680189410952
 10
72.00576294490926
 20
47.353380542190195
 10
73.78126032051563
 20
47.13702636754897
 10
75.83028451297963
 20
47.06213086931385
 10
78.08284237287077
 20
47.12308554661263
 10
80.4689407507584
 20
47.31428189857317
 10
82.918586497212
 20
47.630111424323445
 10
85.36178646280098
 20
48.064965622991224
 10
87.72854749809477
 20
48.61323599370448
 10
89.94887645366279
 20
49.26931403559101
 10
91.95278018007443
 20
50.02759124777873
  0
LWPOLYLINE
  5
42
330
2F
100
AcDbEntity
  8
CUT
100
AcDbPolyline
 90
38
 70
1
 10
37.81732070965875
 20
53.83073393507948
 10
37.6522765613146
 20
54.32344491321348
 10
37.535511513725055
 20
54.812926353967754
 10
37.468129643111105
 20
55.30606958487249
 10
37.45123502569367
 20
55.80976593345798
 10
37.48593173769374
 20
56.33090672725436
 10
37.573323855332255
 20
56.876383293791974
 10
37.7145154548302
 20
57.4530869606009
 10
37.91061061240853
 20
58.06790905521143
 10
38.162713404288205
 20
58.72774090515372
 10
38.47192790669019
 20
59.439473837958076
 10
38.83935819583544
 20
60.20999918115464
 10
40.78876461048018
 20
64.15009930000559
 10
38.1207723952773
 20
63.4992232794057
 10
36.846850649371476
 20
63.13811171172887
 10
35.74883706759978
 20
62.71176444658735
 10
34.819233894215195
 20
62.20711509909785
 10
34.050543373470674
 20
61.611097284377166
 10
33.43526774961922
 20
60.91064461754206
 10
32.965909266913826
 20
60.092690713709146
 10
32.63497016960748
 20
59.14416918799532
 10
32.43495270195316
 20
58.05201365551713
 10
32.358359108203864
 20
56.80315773139142
 10
32.39769163261256
 20
55.384535030734924
 10
32.54545251943225
 20
53.783079168664386
 10
33.200500718604545
 20
48.20964122491236
 10
35.97259517836567
 20
49.80060501638383
 10
36.56948780639159
 20
50.15492721233875
 10
37.0662338552408
 20
50.48040055470028
 10
37.46760283083891
 20
50.78744487201891
 10
37.77836423911153
 20
51.08647999284506
 10
38.00328758598431
 20
51.38792574572929
 10
38.147142377382835
 20
51.70220195922204
 10
38.21469811923276
 20
52.03972846187372
 10
38.210724317459686
 20
52.41092508223488
 10
38.13999047798925
 20
52.82621164885586
 10
38.00726610674706
 20
53.29600799028728
 10
37.81732070965875
 20
53.83073393507948
  0
LWPOLYLINE
  5
43
330
2F
100
AcDbEntity
  8
CUT
100
AcDbPolyline
 90
34
 70
1
 10
29.766138664162554
 20
52.22444852778642
 10
29.61842933561487
 20
53.12533101823584
 10
29.374365857882566
 20
53.895975973368934
 10
29.053887890648035
 20
54.528473961553345
 10
28.67693509359362
 20
55.014915551156605
 10
28.263447126401715
 20
55.34739131054647
 10
27.833363648754684
 20
55.51799180809036
 10
27.406624320334913
 20
55.51880761215605
 10
27.003168800824767
 20
55.34192929111106
 10
26.642936749906625
 20
54.97944741332299
 10
26.345867827262857
 20
54.42345254715951
 10
26.131901692575845
 20
53.666035260988224
 10
26.031133806706023
 20
52.96297501696287
 10
26.003335126379866
 20
52.295212470092395
 10
26.045160152293832
 20
51.66941854527107
 10
26.153263385144363
 20
51.09226416739318
 10
26.324299325627912
 20
50.57042026135309
 10
26.554922474440936
 20
50.11055775204508
 10
26.841787332279864
 20
49.71934756436343
 10
27.181548399841184
 20
49.40346062320245
 10
27.57086017782131
 20
49.169567853456385
 10
28.006377166916714
 20
49.024340180019635
 10
28.484753867823848
 20
48.97444852778642
 10
28.789653034732268
 20
48.99516905283454
 10
29.05251350132876
 20
49.05978621961248
 10
29.27478752505275
 20
49.171983415570736
 10
29.457927363343607
 20
49.33544402815983
 10
29.603385273640768
 20
49.5538514448302
 10
29.71261351338361
 20
49.830889053032365
 10
29.78706434001156
 20
50.17024024021677
 10
29.828190010964036
 20
50.57558839383387
 10
29.837442783680416
 20
51.050616901334195
 10
29.816274915600125
 20
51.59900915016823
 10
29.766138664162554
 20
52.22444852778642
  0
LWPOLYLINE
  5
44
330
2F
100
AcDbEntity
  8
CUT
100
AcDbPolyline
 90
34
 70
1
 10
121.03172754849547
 20
50.557781861119736
 10
121.04941917293507
 20
50.852405484979414
 10
121.07600032953013
 20
51.10053224111056
 10
121.11099001542786
 20
51.30168112666024
 10
121.15390722777533
 20
51.45537113877569
 10
121.2042709637197
 20
51.56112127460409
 10
121.26160022040818
 20
51.61845053129258
 10
121.32541399498788
 20
51.626877905988266
 10
121.39523128460596
 20
51.58592239583834
 10
121.47057108640959
 20
51.49510299798993
 10
121.55095239754596
 20
51.35393870959027
 10
121.63589421516215
 20
51.16194852778642
 10
121.70665497082666
 20
50.96209096455081
 10
121.76145448840344
 20
50.75828430289289
 10
121.80041732797798
 20
50.55355258488635
 10
121.82366804963564
 20
50.350919852604875
 10
121.83133121346182
 20
50.15341014812199
 10
121.82353137954192
 20
49.964047513511446
 10
121.80039310796141
 20
49.78585599084681
 10
121.76204095880564
 20
49.62185962220164
 10
121.70859949216006
 20
49.475082449649676
 10
121.6401932681101
 20
49.3485485152645
 10
121.55694684674111
 20
49.245281861119736
 10
121.46883871013358
 20
49.17719395728804
 10
121.38631674735663
 20
49.15279970484633
 10
121.31020962897841
 20
49.17002829237444
 10
121.2413460255672
 20
49.22680890845257
 10
121.18055460769116
 20
49.32107074166069
 10
121.12866404591861
 20
49.45074298057878
 10
121.0865030108177
 20
49.6137548137869
 10
121.05490017295668
 20
49.80803542986507
 10
121.03468420290383
 20
50.03151401739322
 10
121.02668377122737
 20
50.28211976495143
 10
121.03172754849547
 20
50.557781861119736
  0
LWPOLYLINE
  5
45
330
2F
100
AcDbEntity
  8
CUT
100
AcDbPolyline
 90
58
 70
1
 10
59.95278018007443
 20
59.591515937060564
 10
61.37232951788715
 20
60.07786172142093
 10
62.76899596516668
 20
60.54350383396127
 10
64.12480717267493
 20
60.98317055275993
 10
65.42179079117378
 20
61.39159015589533
 10
66.64197447142516
 20
61.76349092144588
 10
67.76738586419094
 20
62.09360112748996
 10
68.7800526202331
 20
62.376649052105876
 10
69.66200239031355
 20
62.60736297337209
 10
70.39526282519418
 20
62.78047116936696
 10
70.9618615756369
 20
62.89070191816887
 10
71.34382629240363
 20
62.932783497856235
 10
71.99317143662364
 20
63.099988614489234
 10
72.96949719668692
 20
63.54427437639825
 10
74.19087765398663
 20
64.20995556363533
 10
75.57538688991593
 20
65.04134695625231
 10
77.04109898586793
 20
65.98276333430124
 10
78.50608802323586
 20
66.97851947783403
 10
79.88842808341283
 20
67.97293016690259
 10
81.10619324779202
 20
68.91031018155886
 10
82.07745759776657
 20
69.73497430185478
 10
82.72029521472965
 20
70.39123730784232
 10
82.95278018007443
 20
70.82341397957342
 10
82.5468032996082
 20
70.94544518606347
 10
81.40696588973483
 20
70.97896553146916
 10
79.65040779774239
 20
70.93318813273316
 10
77.39426887091884
 20
70.81732610679825
 10
74.75568895655215
 20
70.64059257060717
 10
71.85180790193033
 20
70.41220064110263
 10
68.7997655543414
 20
70.1413634352273
 10
65.71670176107335
 20
69.83729406992393
 10
62.71975636941417
 20
69.50920566213523
 10
59.92606922665186
 20
69.16631132880391
 10
57.45278018007442
 20
68.81782418687271
 10
54.11045366365207
 20
68.19785508846249
 10
51.06683790178652
 20
67.4128716653108
 10
48.33529209586422
 20
66.47331575786819
 10
45.92917544727166
 20
65.38962920658537
 10
43.86184715739536
 20
64.17225385191287
 10
42.146666427621795
 20
62.83163153430121
 10
40.79699245933747
 20
61.37820409420107
 10
39.82618445392887
 20
59.822413372062925
 10
39.24760161278248
 20
58.17470120833741
 10
39.07460313728483
 20
56.44550944347509
 10
39.32054822882238
 20
54.64527991792656
 10
39.98078865366442
 20
52.014672533719846
 10
45.21678441686942
 20
54.15329296995745
 10
46.091318729106966
 20
54.504167381828324
 10
47.12862301644602
 20
54.90948434220158
 10
48.305447398268484
 20
55.36066363452497
 10
49.5985419939562
 20
55.849125042246385
 10
50.98465692289103
 20
56.36628834881367
 10
52.44054230445486
 20
56.903573337674715
 10
53.94294825802955
 20
57.45239979227739
 10
55.468624902996986
 20
58.00418749606942
 10
56.99432235873903
 20
58.55035623249873
 10
58.49679074463756
 20
59.082325785013154
 10
59.95278018007443
 20
59.591515937060564
  0
LWPOLYLINE
  5
46
330
2F
100
AcDbEntity
  8
CUT
100
AcDbPolyline
 90
34
 70
1
 10
36.95278018007442
 20
67.58295644948495
 10
36.871926679802925
 20
68.16287146789011
 10
36.649047232077464
 20
68.56704878950592
 10
36.31366341653156
 20
68.80663942769988
 10
35.89529681279875
 20
68.89279439583973
 10
35.423469000512526
 20
68.83666470729304
 10
34.927701559306435
 20
68.64940137542735
 10
34.43751606881397
 20
68.34215541361036
 10
33.98243410866869
 20
67.92607783520958
 10
33.5919772585041
 20
67.41231965359265
 10
33.295667097953725
 20
66.81203188212717
 10
33.123025206651086
 20
66.13636553418075
 10
33.05579280591572
 20
65.62050742379438
 10
33.017897141871686
 20
65.19688298569349
 10
33.01464752294361
 20
64.86183759360975
 10
33.05135325755615
 20
64.61171662127475
 10
33.13332365413394
 20
64.44286544242016
 10
33.26586802110162
 20
64.35162943077756
 10
33.45429566688384
 20
64.3343539600786
 10
33.70391589990525
 20
64.3873844040549
 10
34.0200380285905
 20
64.50706613643808
 10
34.407971361364226
 20
64.68974453095979
 10
34.873025206651086
 20
64.93176496135163
 10
35.179285142632274
 20
65.1124269059174
 10
35.47195088757757
 20
65.31770878342428
 10
35.74774108503003
 20
65.54342764712166
 10
36.003374378532705
 20
65.78540055025897
 10
36.23556941162865
 20
66.03944454608552
 10
36.44104482786094
 20
66.30137668785076
 10
36.61651927077261
 20
66.56701402880407
 10
36.75871138390674
 20
66.83217362219472
 10
36.86433981080638
 20
67.09267252127219
 10
36.930123195014595
 20
67.3443277792858
 10
36.95278018007442
 20
67.58295644948495
  0
LWPOLYLINE
  5
47
330
2F
100
AcDbEntity
  8
CUT
100
AcDbPolyline
 90
67
 70
1
 10
46.09861351340775
 20
67.6026886056436
 10
46.59337960980789
 20
67.73048496704504
 10
47.040786023436546
 20
67.88783985563231
 10
47.44313314399996
 20
68.07721079665183
 10
47.80272136120433
 20
68.30105531534997
 10
48.12185106475589
 20
68.56183093697328
 10
48.40282264436086
 20
68.86199518676807
 10
48.64793648972549
 20
69.20400558998088
 10
48.859492990556
 20
69.590319671858
 10
49.039792536558615
 20
70.0233949576459
 10
49.19113551743956
 20
70.505688972591
 10
49.31582232290507
 20
71.03965924193972
 10
49.458114626320025
 20
71.60308084383792
 10
49.657585507213874
 20
72.14100315499539
 10
49.920003162763614
 20
72.65929863962424
 10
50.25113579014626
 20
73.16383976193669
 10
50.656751586538824
 20
73.66049898614486
 10
51.14261874911832
 20
74.15514877646098
 10
51.71450547506176
 20
74.65366159709708
 10
52.37817996154616
 20
75.1619099122654
 10
53.13941040574853
 20
75.68576618617811
 10
54.003965004845874
 20
76.23110288304736
 10
54.97761195601522
 20
76.80379246708526
 10
56.7027369263353
 20
77.85797717863773
 10
57.89466345575014
 20
78.73008437752438
 10
58.58531066868219
 20
79.41523571438955
 10
58.80659768955386
 20
79.90855283987767
 10
58.59044364278757
 20
80.2051574046331
 10
57.96876765280579
 20
80.30017105930014
 10
56.97348884403093
 20
80.18871545452319
 10
55.63652634088543
 20
79.86591224094656
 10
53.989799267791746
 20
79.3268830692146
 10
52.06522674917229
 20
78.56674958997175
 10
49.8947279094495
 20
77.58063345386228
 10
48.30706411329307
 20
76.75293525776888
 10
46.781945225612766
 20
75.83744919716517
 10
45.338052361936825
 20
74.8527347459617
 10
43.994066637793445
 20
73.81735137806933
 10
42.76866916871089
 20
72.74985856739875
 10
41.68054107021742
 20
71.66881578786067
 10
40.74836345784124
 20
70.59278251336588
 10
39.99081744711062
 20
69.54031821782505
 10
39.42658415355378
 20
68.5299823751489
 10
39.07434469269897
 20
67.5803344592482
 10
38.95278018007442
 20
66.70993394403368
 10
38.97729182545383
 20
66.57425819871631
 10
39.04846011996923
 20
66.45820045538872
 10
39.162735101186364
 20
66.36227828811172
 10
39.31656680667096
 20
66.28700927094621
 10
39.50640527398877
 20
66.23291097795294
 10
39.728700540705525
 20
66.20050098319277
 10
39.97990264438696
 20
66.19029686072642
 10
40.256461622598835
 20
66.20281618461476
 10
40.554827512906876
 20
66.2385765289186
 10
40.87145035287683
 20
66.29809546769872
 10
41.20278018007442
 20
66.38189057501597
 10
41.562933886560764
 20
66.48255886061636
 10
41.963245369155295
 20
66.59106819979101
 10
42.39599017256127
 20
66.70549246491828
 10
42.853443841481884
 20
66.82390552837666
 10
43.32788192062037
 20
66.94438126254454
 10
43.81157995467997
 20
67.06499353980044
 10
44.29681348836392
 20
67.18381623252264
 10
44.77585806637544
 20
67.29892321308964
 10
45.240989233417764
 20
67.40838835387984
 10
45.68448253419413
 20
67.51028552727169
 10
46.09861351340775
 20
67.6026886056436
  0
LWPOLYLINE
  5
48
330
2F
100
AcDbEntity
  8
CUT
100
AcDbPolyline
 90
60
 70
1
 10
64.72541506594098
 20
70.9154562080858
 10
66.22302104818749
 20
71.07189080258931
 10
68.06793876860615
 20
71.24443298285402
 10
70.2156321890754
 20
71.4298195206901
 10
72.62156527147374
 20
71.62478718790774
 10
75.2412019776798
 20
71.82607275631707
 10
78.03000626957203
 20
72.03041299772832
 10
80.94344210902895
 20
72.23454468395164
 10
83.93697345792913
 20
72.43520458679711
 10
86.9660642781511
 20
72.62912947807496
 10
89.98617853157336
 20
72.81305612959534
 10
92.95278018007443
 20
72.98372131316842
 10
98.71722870899379
 20
73.31309854464126
 10
103.72440993741967
 20
73.61823849953205
 10
108.01820730601284
 20
73.90375978923728
 10
111.64250425543409
 20
74.17428102515353
 10
114.64118422634417
 20
74.43442081867738
 10
117.0581306594039
 20
74.6887977812053
 10
118.93722699527405
 20
74.94203052413388
 10
120.3223566746154
 20
75.19873765885961
 10
121.2574031380887
 20
75.46353779677912
 10
121.7862498263548
 20
75.7410495492889
 10
121.95278018007443
 20
76.03589152778551
 10
121.84641569925898
 20
76.42988585195567
 10
121.46972017081589
 20
76.77268039591755
 10
120.73629046574999
 20
77.07245285177669
 10
119.55972345506609
 20
77.33738091163869
 10
117.85361600976898
 20
77.57564226760897
 10
115.53156500086354
 20
77.79541461179309
 10
112.50716729935453
 20
78.00487563629653
 10
108.69401977624685
 20
78.2122030332248
 10
104.00571930254523
 20
78.42557449468336
 10
98.35586274925458
 20
78.65316771277782
 10
91.65804698737966
 20
78.90316037961361
 10
64.8633137946849
 20
79.87847602648918
 10
58.854015418550055
 20
77.2723168176044
 10
57.74847048448806
 20
76.77565480845851
 10
56.73822766185558
 20
76.28513292149049
 10
55.81942860125326
 20
75.79789305872168
 10
54.98821495328172
 20
75.31107712217371
 10
54.24072836854162
 20
74.82182701386805
 10
53.57311049763364
 20
74.32728463582606
 10
52.98150299115837
 20
73.82459189006929
 10
52.462047499716526
 20
73.31089067861916
 10
52.010885673908724
 20
72.78332290349721
 10
51.624159164335616
 20
72.23903046672487
 10
51.298009621597835
 20
71.67515527032361
 10
49.75130220078048
 20
68.68415293192763
 10
52.874676076294
 20
69.30882770703033
 10
53.42969341194807
 20
69.41151334560769
 10
54.14526816640991
 20
69.53047791152758
 10
55.00270270490996
 20
69.66318652886793
 10
55.98329939267868
 20
69.80710432170676
 10
57.06836059494652
 20
69.95969641412208
 10
58.23918867694393
 20
70.11842793019179
 10
59.477086003901434
 20
70.28076399399393
 10
60.763354941049414
 20
70.44416972960639
 10
62.07929785361836
 20
70.6061102611072
 10
63.40621710683874
 20
70.76405071257435
 10
64.72541506594098
 20
70.9154562080858
  0
LWPOLYLINE
  5
49
330
2F
100
AcDbEntity
  8
CUT
100
AcDbPolyline
 90
67
 70
1
 10
161.85278018007443
 20
78.07444852778642
 10
161.45210615160016
 20
78.48945204596316
 10
161.1180069006438
 20
78.86845186683658
 10
160.84931927750011
 20
79.21547929132632
 10
160.64488013246395
 20
79.53456562035197
 10
160.5035263158301
 20
79.82974215483321
 10
160.42409467789335
 20
80.10504019568964
 10
160.40542206894852
 20
80.3644910438409
 10
160.44634533929045
 20
80.61212600020656
 10
160.5457013392139
 20
80.85197636570629
 10
160.70232691901373
 20
81.08807344125967
 10
160.9150589289847
 20
81.32444852778642
 10
161.1461049889703
 20
81.53594427743437
 10
161.36232567107118
 20
81.69638133532456
 10
161.5662881221806
 20
81.80504318509668
 10
161.76055948919182
 20
81.86121331039044
 10
161.94770691899808
 20
81.8641751948455
 10
162.1302975584927
 20
81.8132123221016
 10
162.31089855456898
 20
81.70760817579838
 10
162.49207705412013
 20
81.54664623957555
 10
162.6764002040395
 20
81.32960999707285
 10
162.86643515122034
 20
81.05578293192988
 10
163.06474904255592
 20
80.72444852778642
 10
163.4369211528114
 20
80.18940486976533
 10
163.88373559879952
 20
79.75504029111403
 10
164.39118516512272
 20
79.42194952439547
 10
164.94526263638355
 20
79.19072730217272
 10
165.53196079718452
 20
79.06196835700877
 10
166.1372724321281
 20
79.0362674214665
 10
166.7471903258169
 20
79.11421922810908
 10
167.34770726285342
 20
79.29641850949932
 10
167.9248160278402
 20
79.58345999820031
 10
168.4645094053797
 20
79.97593842677503
 10
168.95278018007443
 20
80.47444852778642
 10
169.37820939387584
 20
80.94635904702656
 10
169.79023996924258
 20
81.32524244541418
 10
170.1831579895814
 20
81.61099072236684
 10
170.5512495382987
 20
81.80349587730208
 10
170.88880069880125
 20
81.90264990963755
 10
171.19009755449554
 20
81.90834481879065
 10
171.44942618878818
 20
81.820472604179
 10
171.66107268508583
 20
81.63892526522011
 10
171.81932312679498
 20
81.36359480133154
 10
171.91846359732233
 20
80.99437321193079
 10
171.95278018007443
 20
80.53115249643548
 10
171.86237451392665
 20
80.02576773760245
 10
171.6067495133692
 20
79.4872300984274
 10
171.20929317523093
 20
78.93266646859112
 10
170.69339349634058
 20
78.37920373777439
 10
170.08243847352693
 20
77.84396879565796
 10
169.39981610361883
 20
77.34408853192252
 10
168.668914383445
 20
76.89668983624884
 10
167.91312130983434
 20
76.51889959831766
 10
167.1558248796156
 20
76.22784470780965
 10
166.42041308961754
 20
76.04065205440571
 10
165.730273936669
 20
75.97444852778642
 10
165.44564675688494
 20
75.99732606347388
 10
165.12909185034087
 20
76.06374980502162
 10
164.78672697578122
 20
76.17040645415759
 10
164.42466989195034
 20
76.31398271260983
 10
164.04903835759276
 20
76.49116528210646
 10
163.6659501314529
 20
76.69864086437545
 10
163.28152297227516
 20
76.93309616114479
 10
162.901874638804
 20
77.19121787414255
 10
162.53312288978387
 20
77.46969270509669
 10
162.1813854839592
 20
77.7652073557353
 10
161.85278018007443
 20
78.07444852778642
  0
LWPOLYLINE
  5
4A
330
2F
100
AcDbEntity
  8
CUT
100
AcDbPolyline
 90
78
 70
1
 10
120.15223054569148
 20
82.22444852778642
 10
120.19788445811272
 20
82.58029000036348
 10
120.23332997791755
 20
82.96808113484883
 10
120.25864130121346
 20
83.38072200637396
 10
120.27389262410782
 20
83.81111269007042
 10
120.2791581427081
 20
84.25215326106968
 10
120.27451205312184
 20
84.69674379450319
 10
120.2600285514564
 20
85.13778436550243
 10
120.23578183381935
 20
85.56817504919889
 10
120.20184609631804
 20
85.98081592072407
 10
120.15829553506
 20
86.3686070552094
 10
120.1052043461527
 20
86.72444852778642
 10
119.99368706436974
 20
87.28083878422368
 10
119.81352615182456
 20
87.73705223290955
 10
119.48280093259513
 20
88.10308832960303
 10
118.91959073075913
 20
88.38894653006315
 10
118.0419748703944
 20
88.60462629004891
 10
116.76803267557875
 20
88.76012706531932
 10
115.01584347038997
 20
88.86544831163332
 10
112.70348657890588
 20
88.93058948474993
 10
109.74904132520427
 20
88.96555004042816
 10
106.07058703336298
 20
88.98032943442698
 10
101.58620302745979
 20
88.98492712250541
 10
98.23187913454214
 20
89.00714254515051
 10
94.78662560890189
 20
89.07002029947716
 10
91.24901984311148
 20
89.17364461726643
 10
87.6176392297433
 20
89.31809973029956
 10
83.89106116136983
 20
89.50346987035755
 10
80.0678630305635
 20
89.72983926922166
 10
76.14662222989674
 20
89.99729215867296
 10
72.12591615194202
 20
90.30591277049263
 10
68.00432218927176
 20
90.65578533646175
 10
63.78041773445841
 20
91.04699408836149
 10
59.45278018007443
 20
91.479623257973
 10
51.9829954901842
 20
92.25664726825542
 10
45.98166298064558
 20
92.87801508488238
 10
41.2989323625322
 20
93.34224968524134
 10
37.784953346917646
 20
93.64787404671983
 10
35.28987564487556
 20
93.79341114670538
 10
33.66384896747956
 20
93.77738396258542
 10
32.75702302580327
 20
93.59831547174744
 10
32.41954753092032
 20
93.254728651579
 10
32.50157219390433
 20
92.74514647946751
 10
32.85324672582892
 20
92.06809193280051
 10
33.32472083776771
 20
91.22208798896551
 10
34.108365274622884
 20
89.78713000462352
 10
34.89385985339066
 20
88.57372369395475
 10
35.74455543763508
 20
87.55572640956933
 10
36.723802890920226
 20
86.70699550407753
 10
37.89495307681013
 20
86.0013883300895
 10
39.321356858868874
 20
85.41276224021544
 10
41.0663651006605
 20
84.91497458706553
 10
43.193328665749085
 20
84.4818827232499
 10
45.765598417698676
 20
84.08734400137882
 10
48.84652522007334
 20
83.70521577406245
 10
52.49945993643713
 20
83.30935539391098
 10
57.22586953003597
 20
82.84184010478086
 10
62.11818799969012
 20
82.40299001862965
 10
67.13713216708402
 20
81.99509730438604
 10
72.24341885390211
 20
81.62045413097866
 10
77.3977648818288
 20
81.28135266733611
 10
82.56088707254855
 20
80.980085082387
 10
87.69350224774581
 20
80.71894354506
 10
92.75632722910501
 20
80.50022022428368
 10
97.71007883831058
 20
80.32620728898672
 10
102.51547389704697
 20
80.19919690809769
 10
107.1332292269986
 20
80.12148125054523
 10
110.23163284832268
 20
80.08823336885101
 10
112.78124563034447
 20
80.07308595014311
 10
114.83734064970494
 20
80.08496728843139
 10
116.45519098304499
 20
80.13280567772577
 10
117.69006970700553
 20
80.22552941203608
 10
118.59724989822752
 20
80.37206678537223
 10
119.23200463335186
 20
80.58134609174414
 10
119.6496069890195
 20
80.86229562516161
 10
119.90533004187137
 20
81.22384367963454
 10
120.05444686854838
 20
81.67491854917287
 10
120.15223054569148
 20
82.22444852778642
  0
LWPOLYLINE
  5
4B
330
2F
100
AcDbEntity
  8
CUT
100
AcDbPolyline
 90
78
 70
1
 10
144.83435912744287
 20
83.72444852778642
 10
144.81808011649574
 20
83.84267029521402
 10
144.80478201736275
 20
83.97079569017146
 10
144.79448375692223
 20
84.1065148516708
 10
144.7872042620524
 20
84.2475179187241
 10
144.7829624596316
 20
84.39149503034344
 10
144.78177727653812
 20
84.53613632554087
 10
144.7836676396503
 20
84.67913194332846
 10
144.7886524758464
 20
84.81817202271822
 10
144.7967507120047
 20
84.95094670272223
 10
144.8079812750035
 20
85.07514612235255
 10
144.82236309172114
 20
85.18846042062125
 10
144.82376503037753
 20
85.28812827119671
 10
144.79730918879852
 20
85.37270593580035
 10
144.74489433827137
 20
85.44185993552401
 10
144.66841925008313
 20
85.49525679145944
 10
144.56978269552098
 20
85.53256302469842
 10
144.4508834458722
 20
85.55344515633274
 10
144.31362027242378
 20
85.55756970745415
 10
144.15989194646303
 20
85.54460319915444
 10
143.99159723927713
 20
85.51421215252535
 10
143.81063492215313
 20
85.46606308865864
 10
143.61890376637825
 20
85.39982252864615
 10
143.18467708324226
 20
85.3517384548679
 10
142.7342712583253
 20
85.51556449253113
 10
142.27980885360392
 20
85.86749743423877
 10
141.83341243105482
 20
86.38373407259357
 10
141.4072045526547
 20
87.0404712001984
 10
141.01330778038013
 20
87.81390560965605
 10
140.66384467620782
 20
88.68023409356937
 10
140.37093780211447
 20
89.6156534445411
 10
140.14670972007667
 20
90.59636045517414
 10
140.0032829920711
 20
91.59855191807128
 10
139.95278018007443
 20
92.59842462583532
 10
140.07335430494334
 20
93.55177799323863
 10
140.4148421749531
 20
94.556812642464
 10
140.9468920332081
 20
95.58350836963436
 10
141.63915212281273
 20
96.60184497087286
 10
142.46127068687142
 20
97.58180224230253
 10
143.38289596848855
 20
98.49335998004645
 10
144.3736762107686
 20
99.30649798022768
 10
145.40325965681595
 20
99.9911960389692
 10
146.44129454973498
 20
100.51743395239413
 10
147.45742913263018
 20
100.85519151662552
 10
148.4213116486059
 20
100.97444852778642
 10
148.8359762860804
 20
100.94789023258804
 10
149.28336978881276
 20
100.8707244652224
 10
149.7557074566546
 20
100.74671490303402
 10
150.2452045894575
 20
100.57962522336734
 10
150.74407648707322
 20
100.37321910356678
 10
151.24453844935334
 20
100.1312602209768
 10
151.7388057761496
 20
99.85751225294183
 10
152.21909376731364
 20
99.55573887680632
 10
152.67761772269708
 20
99.22970376991472
 10
153.10659294215165
 20
98.88317060961145
 10
153.498234725529
 20
98.51990307324098
 10
154.73727835767718
 20
96.95370980241117
 10
155.556436863562
 20
95.21439048539077
 10
155.97973570979468
 20
93.36985181293218
 10
156.03120036298648
 20
91.48800047578794
 10
155.73485628974862
 20
89.63674316471051
 10
155.11472895669237
 20
87.8839865704523
 10
154.19484383042894
 20
86.29763738376585
 10
152.99922637756967
 20
84.94560229540355
 10
151.55190206472574
 20
83.89578799611789
 10
149.87689635850842
 20
83.21610117666137
 10
147.998234725529
 20
82.97444852778642
 10
147.54847800413734
 20
82.98261907624624
 10
147.11617209678988
 20
83.00634184108472
 10
146.70630884327332
 20
83.04443350149043
 10
146.3238800833741
 20
83.09571073665194
 10
145.97387765687895
 20
83.15899022575786
 10
145.6612934035744
 20
83.2330886479968
 10
145.3911191632471
 20
83.31682268255727
 10
145.16834677568372
 20
83.40900900862789
 10
144.9979680806708
 20
83.50846430539724
 10
144.88497491799498
 20
83.61400525205389
 10
144.83435912744287
 20
83.72444852778642
  0
LWPOLYLINE
  5
4C
330
2F
100
AcDbEntity
  8
CUT
100
AcDbPolyline
 90
45
 70
1
 10
143.43827342350696
 20
89.04049735780623
 10
143.26278254433876
 20
90.16860001189323
 10
143.22394480586277
 20
91.29919712371785
 10
143.31436439605628
 20
92.41567605816891
 10
143.52664550289657
 20
93.50142418013539
 10
143.85339231436097
 20
94.5398288545062
 10
144.28720901842672
 20
95.51427744617024
 10
144.82069980307114
 20
96.40815732001647
 10
145.44646885627154
 20
97.2048558409337
 10
146.15712036600516
 20
97.88776037381095
 10
146.94525852024935
 20
98.44025828353708
 10
147.80348750698138
 20
98.84573693500101
 10
148.41510811239016
 20
99.07197134063347
 10
148.90740302626259
 20
99.26084191503779
 10
149.281792727678
 20
99.41608318233489
 10
149.53969769571583
 20
99.54142966664574
 10
149.68253840945542
 20
99.64061589209129
 10
149.71173534797614
 20
99.71737638279245
 10
149.62870899035732
 20
99.7754456628702
 10
149.43487981567839
 20
99.81855825644539
 10
149.1316683030187
 20
99.85044868763904
 10
148.72049493145758
 20
99.87485148057203
 10
148.20278018007443
 20
99.89550115936538
 10
146.95583524967685
 20
99.770340789263
 10
145.77113010434718
 20
99.33399456778574
 10
144.67226990307753
 20
98.62886971624164
 10
143.68285980485985
 20
97.69737345593879
 10
142.82650496868612
 20
96.5819130081853
 10
142.12681055354844
 20
95.32489559428919
 10
141.60738171843886
 20
93.9687284355586
 10
141.29182362234934
 20
92.55581875330154
 10
141.20374142427195
 20
91.12857376882607
 10
141.36674028319877
 20
89.72940070344035
 10
141.8044253581217
 20
88.40070677845239
 10
142.20792828110098
 20
87.57069627171012
 10
142.5748147207507
 20
86.92395054409337
 10
142.90029208613598
 20
86.45859288833918
 10
143.17956778632185
 20
86.1727465971847
 10
143.40784923037342
 20
86.0645349633669
 10
143.58034382735573
 20
86.1320812796229
 10
143.6922589863339
 20
86.3735088386897
 10
143.73880211637302
 20
86.78694093330438
 10
143.7151806265382
 20
87.37050085620399
 10
143.61660192589446
 20
88.12231190012557
 10
143.43827342350696
 20
89.04049735780623
  0
LWPOLYLINE
  5
4D
330
2F
100
AcDbEntity
  8
CUT
100
AcDbPolyline
 90
34
 70
1
 10
31.198483787781193
 20
88.22444852778642
 10
31.34712687844562
 20
88.733684680848
 10
31.420355387781377
 20
89.23474167425857
 10
31.422312897817115
 20
89.71912409042494
 10
31.357142990581494
 20
90.17833651175403
 10
31.22898924810316
 20
90.60388352065263
 10
31.041995252410786
 20
90.98726969952753
 10
30.800304585533006
 20
91.31999963078562
 10
30.50806082949849
 20
91.59357789683372
 10
30.1694075663359
 20
91.79950908007868
 10
29.788488378073886
 20
91.92929776292729
 10
29.36944684674109
 20
91.97444852778642
 10
29.16083177035742
 20
91.95447607599581
 10
28.961476648894852
 20
91.89648709527955
 10
28.773616643886093
 20
91.80337414762116
 10
28.599486916863803
 20
91.67802979500405
 10
28.44132262936067
 20
91.52334659941178
 10
28.30135894290938
 20
91.34221712282775
 10
28.181831019042612
 20
91.1375339272355
 10
28.08497401929305
 20
90.9121895746184
 10
28.013023105193376
 20
90.66907662695999
 10
27.968213438276273
 20
90.41108764624374
 10
27.95278018007442
 20
90.1411151944531
 10
28.007969948894832
 20
89.36561835821325
 10
28.16219294653107
 20
88.68022118742766
 10
28.398429709745656
 20
88.09497408774484
 10
28.699660775301034
 20
87.61992746481312
 10
29.048866679959744
 20
87.26513172428088
 10
29.429027960484248
 20
87.0406372717965
 10
29.82312515363705
 20
86.95649451300841
 10
30.214138796180663
 20
87.02275385356498
 10
30.58504942487756
 20
87.24946569911458
 10
30.91883757649024
 20
87.64668045530559
 10
31.198483787781193
 20
88.22444852778642
  0
LWPOLYLINE
  5
4E
330
2F
100
AcDbEntity
  8
CUT
100
AcDbPolyline
 90
108
 70
1
 10
121.59642292635252
 20
91.20686737350172
 10
121.99316545413626
 20
91.93178252156997
 10
122.27239828783317
 20
92.63169143197067
 10
122.43437848384139
 20
93.30578593275743
 10
122.47936309855916
 20
93.95325785198403
 10
122.40760918838473
 20
94.5732990177041
 10
122.2193738097163
 20
95.16510125797137
 10
121.91491401895203
 20
95.72785640083953
 10
121.49448687249028
 20
96.26075627436217
 10
120.9583494267292
 20
96.76299270659308
 10
120.306758738067
 20
97.23375752558593
 10
119.53997186290192
 20
97.67224255939436
 10
118.951715565395
 20
97.98585882174996
 10
118.12925492661074
 20
98.44300865689866
 10
117.09681606988141
 20
99.02949077523209
 10
115.87862511853936
 20
99.7311038871419
 10
114.49890819591681
 20
100.53364670301977
 10
112.98189142534616
 20
101.42291793325728
 10
111.3518009301597
 20
102.38471628824615
 10
109.6328628336897
 20
103.40484047837796
 10
107.84930325926848
 20
104.46908921404437
 10
106.02534833022838
 20
105.56326120563706
 10
104.18522416990166
 20
106.67315516354765
 10
91.91766815972889
 20
114.09329634932594
 10
74.68522416990166
 20
113.60320699828853
 10
57.45278018007442
 20
113.11311764725112
 10
72.45278018007443
 20
114.10387194447485
 10
74.66978432474218
 20
114.25779686587441
 10
76.80423334916625
 20
114.42052803830161
 10
78.83128213897785
 20
114.58933950785006
 10
80.72608557980817
 20
114.76150532061332
 10
82.46379855728836
 20
114.93429952268501
 10
84.01957595704963
 20
115.10499616015868
 10
85.36857266472313
 20
115.2708692791279
 10
86.48594356594012
 20
115.42919292568621
 10
87.34684354633177
 20
115.57724114592727
 10
87.92642749152921
 20
115.7122879859446
 10
88.19985028716371
 20
115.8316074918318
 10
88.22312616411668
 20
116.01176019068804
 10
88.0764214695561
 20
116.32343305994642
 10
87.77111926354289
 20
116.75508982120161
 10
87.318602606138
 20
117.2951941960482
 10
86.7302545574023
 20
117.93220990608086
 10
86.01745817739675
 20
118.65460067289416
 10
85.19159652618228
 20
119.45083021808273
 10
84.26405266381983
 20
120.30936226324118
 10
83.24620965037028
 20
121.21866052996413
 10
82.14945054589458
 20
122.1671887398462
 10
80.98515841045364
 20
123.14341061448201
 10
73.02339642665427
 20
129.718232486999
 10
59.96437269898669
 20
130.97333437158017
 10
55.3333734954745
 20
131.3687392110138
 10
51.262604157735076
 20
131.6038454586111
 10
47.71860329672119
 20
131.67122721963025
 10
44.667909523385546
 20
131.56345859932964
 10
42.07706144868092
 20
131.27311370296735
 10
39.91259768356003
 20
130.79276663580177
 10
38.141056838975615
 20
130.11499150309106
 10
36.72897752588043
 20
129.23236241009346
 10
35.64289835522722
 20
128.13745346206724
 10
34.849357937968705
 20
126.82283876427061
 10
34.31489488505765
 20
125.28109242196186
 10
34.0967363517415
 20
123.65061836738704
 10
34.25822219404409
 20
122.0842156959277
 10
34.77606264531366
 20
120.60004581950227
 10
35.62696793889849
 20
119.21627015002935
 10
36.787648308146856
 20
117.9510500994274
 10
38.23481398640702
 20
116.82254707961495
 10
39.945175207027255
 20
115.84892250251048
 10
41.89544220335585
 20
115.04833778003248
 10
44.06232520874106
 20
114.43895432409947
 10
46.42253445653116
 20
114.03893354662995
 10
48.95278018007442
 20
113.86643685954243
 10
54.45278018007442
 20
113.75531719314
 10
49.954288320483464
 20
112.87460782224048
 10
47.723605311853575
 20
112.30651047565448
 10
45.708856356309504
 20
111.53256563441023
 10
43.92845312696876
 20
110.57832436797806
 10
42.400807296948834
 20
109.46933774582831
 10
41.14433053936722
 20
108.23115683743139
 10
40.177434527341426
 20
106.8893327122576
 10
39.51853093398894
 20
105.46941643977733
 10
39.186031432427285
 20
103.99695908946089
 10
39.19834769577394
 20
102.49751173077863
 10
39.57389139714641
 20
100.99662543320093
 10
40.331074209662205
 20
99.51985126619812
 10
41.24428312072413
 20
98.2026496469988
 10
42.186879133401135
 20
97.09885836593742
 10
43.281163308615554
 20
96.17961946640528
 10
44.649436707289695
 20
95.41607499179378
 10
46.41400039034591
 20
94.77936698549425
 10
48.69715541870654
 20
94.24063749089802
 10
51.62120285329389
 20
93.77102855139648
 10
55.30844375503033
 20
93.3416822103809
 10
59.881179184838174
 20
92.92374051124264
 10
65.46171020363974
 20
92.48834549737307
 10
72.17233787235739
 20
92.00663921216352
 10
80.42666210729257
 20
91.44866534171996
 10
87.94020915970339
 20
90.98755936708389
 10
94.70915638418708
 20
90.62338314562987
 10
100.72968113534091
 20
90.35619853473253
 10
105.99796076776215
 20
90.18606739176639
 10
110.51017263604805
 20
90.11305157410607
 10
114.26249409479593
 20
90.13721293912616
 10
117.25110249860305
 20
90.25861334420114
 10
119.47217520206667
 20
90.47731464670571
 10
120.92188955978409
 20
90.79337870401437
 10
121.59642292635252
 20
91.20686737350172
  0
LWPOLYLINE
  5
4F
330
2F
100
AcDbEntity
  8
CUT
100
AcDbPolyline
 90
34
 70
1
 10
149.79656040321828
 20
94.535362451302
 10
149.6343716706593
 20
95.14143177031053
 10
149.40912414093938
 20
95.65149288801229
 10
149.1330268065467
 20
96.06232332396743
 10
148.81828865996934
 20
96.37070059773606
 10
148.4771186936955
 20
96.57340222887836
 10
148.1217259002133
 20
96.66720573695446
 10
147.76431927201085
 20
96.64888864152451
 10
147.41710780157638
 20
96.51522846214863
 10
147.09230048139798
 20
96.26300271838701
 10
146.80210630396377
 20
95.88898892979972
 10
146.55873426176197
 20
95.38996461594698
 10
146.41213139205902
 20
94.81254750293479
 10
146.3925539260303
 20
94.21897941432945
 10
146.4834665840519
 20
93.63153777068669
 10
146.66833408649987
 20
93.07249999256209
 10
146.93062115375017
 20
92.5641435005113
 10
147.2537925061789
 20
92.12874571508999
 10
147.62131286416215
 20
91.78858405685381
 10
148.0166469480759
 20
91.56593594635834
 10
148.42325947829625
 20
91.48307880415928
 10
148.8246151751992
 20
91.56229005081224
 10
149.20417875916084
 20
91.82584710687286
 10
149.33829063950333
 20
91.98302317854174
 10
149.4591546292347
 20
92.1708528548138
 10
149.5658360916513
 20
92.38506116782776
 10
149.65740039004953
 20
92.62137314972247
 10
149.73291288772577
 20
92.8755138326367
 10
149.7914389479764
 20
93.14320824870913
 10
149.83204393409773
 20
93.42018143007863
 10
149.85379320938623
 20
93.70215840888386
 10
149.85575213713824
 20
93.98486421726366
 10
149.83698608065012
 20
94.26402388735679
 10
149.79656040321828
 20
94.535362451302
  0
LWPOLYLINE
  5
50
330
2F
100
AcDbEntity
  8
CUT
100
AcDbPolyline
 90
34
 70
1
 10
174.95278018007443
 20
94.41543153341149
 10
174.94263887681234
 20
94.63389504807256
 10
174.91319412734097
 20
94.85486985140915
 10
174.86591467213293
 20
95.07517468498267
 10
174.8022692516605
 20
95.29162829035462
 10
174.72372660639616
 20
95.50104940908639
 10
174.63175547681237
 20
95.70025678273944
 10
174.5278246033815
 20
95.88606915287522
 10
174.41340272657615
 20
96.05530526105508
 10
174.2899585868686
 20
96.20478384884058
 10
174.1589609247314
 20
96.33132365779304
 10
174.02187848063693
 20
96.43174342947395
 10
173.69898280894284
 20
96.56986634606517
 10
173.3848458717688
 20
96.592946839528
 10
173.08856478238422
 20
96.51523149342523
 10
172.81923665405876
 20
96.35096689131981
 10
172.58595860006184
 20
96.11439961677456
 10
172.39782773366304
 20
95.81977625335233
 10
172.26394116813188
 20
95.481343384616
 10
172.19339601673792
 20
95.11334759412836
 10
172.19528939275065
 20
94.73003546545232
 10
172.27871840943965
 20
94.34565358215073
 10
172.45278018007443
 20
93.97444852778642
 10
172.71826968761567
 20
93.61216964188716
 10
173.0064269012995
 20
93.3357110713217
 10
173.30714813372722
 20
93.1432905943152
 10
173.61032969749994
 20
93.03312598909295
 10
173.90586790521897
 20
93.0034350338801
 10
174.18365906948551
 20
93.05243550690182
 10
174.4335995029008
 20
93.17834518638338
 10
174.64558551806613
 20
93.37938185054992
 10
174.8095134275827
 20
93.65376327762664
 10
174.91527954405169
 20
93.99970724583878
 10
174.95278018007443
 20
94.41543153341149
  0
LWPOLYLINE
  5
51
330
2F
100
AcDbEntity
  8
CUT
100
AcDbPolyline
 90
38
 70
1
 10
39.50948414872347
 20
97.19695477119186
 10
38.95446854481854
 20
98.15825478442997
 10
38.52309289548955
 20
99.25717319088577
 10
38.21406765722166
 20
100.46004708472512
 10
38.02610328649998
 20
101.73321356011397
 10
37.957910239809664
 20
103.04300971121812
 10
38.00819897363583
 20
104.35577263220353
 10
38.17567994446363
 20
105.63783941723601
 10
38.45906360877821
 20
106.85554716048145
 10
38.8570604230647
 20
107.97523295610571
 10
39.36838084380823
 20
108.9632338982747
 10
39.991735327493956
 20
109.78588708115429
 10
42.03069047491349
 20
111.97444852778642
 10
34.719021297816376
 20
111.97444852778642
 10
27.40735212071926
 20
111.97444852778642
 10
28.01768103078345
 20
105.72444852778642
 10
28.27178013156277
 20
103.29303257883528
 10
28.540832095032442
 20
101.2762396482349
 10
28.861953924594886
 20
99.63363029042779
 10
29.27226262365251
 20
98.32476505985633
 10
29.80887519560772
 20
97.30920451096301
 10
30.508908643862938
 20
96.54650919819022
 10
31.409479971820566
 20
95.99623967598043
 10
32.547706182883026
 20
95.61795649877604
 10
33.960704280452724
 20
95.37122022101948
 10
35.68559126793207
 20
95.21559139715322
 10
37.75948414872347
 20
95.11063058161969
 10
38.56112616122308
 20
95.08045433930533
 10
39.2123671320648
 20
95.06814859863286
 10
39.720504001574014
 20
95.08241266423698
 10
40.09283371007611
 20
95.13194584075248
 10
40.33665319789645
 20
95.22544743281395
 10
40.45925940536045
 20
95.37161674505614
 10
40.467949272793454
 20
95.57915308211375
 10
40.37001974052089
 20
95.8567557486214
 10
40.17276774886812
 20
96.21312404921383
 10
39.88349023816051
 20
96.65695728852577
 10
39.50948414872347
 20
97.19695477119186
  0
LWPOLYLINE
  5
52
330
2F
100
AcDbEntity
  8
CUT
100
AcDbPolyline
 90
34
 70
1
 10
24.18453309534481
 20
100.004204163505
 10
24.072345196551204
 20
100.68499867404188
 10
23.89952428827928
 20
101.35272814080946
 10
23.673432096452224
 20
101.99648397081192
 10
23.4014303469932
 20
102.60535757105345
 10
23.09088076582541
 20
103.16844034853814
 10
22.74914507887201
 20
103.67482371027022
 10
22.383585012056187
 20
104.11359906325382
 10
22.00156229130112
 20
104.47385781449306
 10
21.610438642529992
 20
104.74469137099214
 10
21.217575791665972
 20
104.91519113975521
 10
20.83033546463225
 20
104.97444852778642
 10
20.529884129763865
 20
104.91553245583285
 10
20.29620283964926
 20
104.74423879307702
 10
20.128851416698907
 20
104.46874936917624
 10
20.027389683323236
 20
104.09724601378802
 10
19.991377461932693
 20
103.63791055656972
 10
20.020374574937755
 20
103.0989248271787
 10
20.113940844748846
 20
102.48847065527238
 10
20.271636093776458
 20
101.81472987050813
 10
20.49302014443102
 20
101.08588430254332
 10
20.777652819122984
 20
100.31011578103539
 10
21.125093940262808
 20
99.49560613564171
 10
21.521229841612723
 20
98.73982232080212
 10
21.934890114649086
 20
98.15127914771455
 10
22.352366297538474
 20
97.72769773574106
 10
22.75994992844737
 20
97.4667992042437
 10
23.143932545542327
 20
97.3663046725845
 10
23.49060568698986
 20
97.42393526012555
 10
23.786260890956505
 20
97.6374120862288
 10
24.0171896956088
 20
98.00445627025636
 10
24.169683639113266
 20
98.5227889315702
 10
24.23003425963642
 20
99.1901311895324
 10
24.18453309534481
 20
100.004204163505
  0
LWPOLYLINE
  5
53
330
2F
100
AcDbEntity
  8
CUT
100
AcDbPolyline
 90
69
 70
1
 10
126.82172545333836
 20
99.79039913575139
 10
128.82685914787865
 20
102.60634974371632
 10
125.26679260375724
 20
109.04039913575137
 10
120.99459313680015
 20
116.30925577493812
 10
116.43702447838584
 20
123.2303184869329
 10
111.66738835057515
 20
129.73246128308958
 10
106.758986475429
 20
135.74455817476195
 10
101.7851205750083
 20
141.19548317330396
 10
96.81909237137393
 20
146.01411029006925
 10
91.93420358658679
 20
150.12931353641187
 10
87.20375594270777
 20
153.4699669236855
 10
82.7010511617978
 20
155.964944463244
 10
78.4993909659178
 20
157.5431201664412
 10
74.67207707712859
 20
158.13336804463103
 10
74.0051697770106
 20
158.13871392828042
 10
73.32145519469799
 20
158.12909262180824
 10
72.631274194409
 20
158.10546103761197
 10
71.94496764036197
 20
158.06877608808907
 10
71.27287639677516
 20
158.01999468563702
 10
70.62534132786695
 20
157.96007374265326
 10
70.01270329785558
 20
157.88997017153523
 10
69.44530317095939
 20
157.8106408846804
 10
68.93348181139666
 20
157.72304279448625
 10
68.48758008338575
 20
157.6281328133502
 10
68.11793885114488
 20
157.52686785366976
 10
67.46961356170797
 20
157.23378639709415
 10
66.81185762108004
 20
156.7761286350925
 10
66.15986537670801
 20
156.1782753762816
 10
65.5288311760387
 20
155.46460742927817
 10
64.93394936651893
 20
154.65950560269897
 10
64.39041429559558
 20
153.78735070516075
 10
63.91342031071554
 20
152.87252354528027
 10
63.518161759325636
 20
151.93940493167426
 10
63.219832988872724
 20
151.01237567295948
 10
63.03362834680368
 20
150.11581657775267
 10
62.97474218056533
 20
149.27410845467062
 10
63.48645407955152
 20
146.44529268984792
 10
64.91530535787555
 20
143.20203041133007
 10
67.19709323521667
 20
139.6060512041076
 10
70.26761493125414
 20
135.71908465317094
 10
74.0626676656673
 20
131.6028603435107
 10
78.51804865813534
 20
127.31910786011736
 10
83.56955512833764
 20
122.92955678798138
 10
89.15298429595339
 20
118.49593671209331
 10
95.20413338066194
 20
114.07997721744363
 10
101.65879960214252
 20
109.74340788902288
 10
108.45278018007443
 20
105.54795831182153
 10
109.94714531906766
 20
104.66343204834695
 10
111.4176186473922
 20
103.79104347976201
 10
112.84526703206541
 20
102.94213725758772
 10
114.2111573401045
 20
102.12805803334511
 10
115.4963564385267
 20
101.36015045855521
 10
116.6819311943494
 20
100.64975918473903
 10
117.74894847458984
 20
100.00822886341763
 10
118.67847514626527
 20
99.44690414611193
 10
119.45157807639299
 20
98.97712968434303
 10
120.04932413199029
 20
98.61025012963194
 10
120.45278018007443
 20
98.35761013349963
 10
121.22878713637024
 20
97.88841697215287
 10
121.9264228910225
 20
97.53034653737981
 10
122.55867704914883
 20
97.28632103412289
 10
123.13853921586676
 20
97.1592626673247
 10
123.67899899629398
 20
97.15209364192768
 10
124.19304599554812
 20
97.26773616287437
 10
124.69366981874671
 20
97.50911243510731
 10
125.1938600710074
 20
97.87914466356895
 10
125.70660635744787
 20
98.38075505320182
 10
126.24489828318562
 20
99.01686580894847
 10
126.82172545333836
 20
99.79039913575139
  0
LWPOLYLINE
  5
54
330
2F
100
AcDbEntity
  8
CUT
100
AcDbPolyline
 90
113
 70
1
 10
132.4619772047054
 20
108.00342578646453
 10
132.43058608229921
 20
110.17726683823201
 10
131.36526701450396
 20
113.33680518020823
 10
129.3663820766215
 20
117.34499022601881
 10
126.53429334395358
 20
122.06477138928928
 10
122.96936289180192
 20
127.35909808364522
 10
118.7719527954684
 20
133.09091972271227
 10
114.04242513025474
 20
139.12318572011588
 10
108.8811419714628
 20
145.3188454894817
 10
103.3884653943943
 20
151.54084844443528
 10
97.66475747435109
 20
157.65214399860218
 10
91.81038028663491
 20
163.51568156560796
 10
88.45137481177176
 20
166.72437611641294
 10
85.30434676564491
 20
169.6391375891768
 10
82.31446082595431
 20
172.30144285058248
 10
79.42688167040001
 20
174.75276876731283
 10
76.58677397668191
 20
177.03459220605077
 10
73.73930242250003
 20
179.1883900334792
 10
70.82963168555435
 20
181.255639116281
 10
67.80292644354483
 20
183.27781632113906
 10
64.60435137417147
 20
185.29639851473624
 10
61.17907115513424
 20
187.35286256375548
 10
57.47225046413309
 20
189.48868533487962
 10
55.18622365929556
 20
190.77509018142283
 10
53.23948643678738
 20
191.84366049455602
 10
51.57223461155285
 20
192.714402604047
 10
50.12466399853627
 20
193.4073228396636
 10
48.83697041268197
 20
193.94242753117373
 10
47.649349668934256
 20
194.33972300834517
 10
46.50199758223746
 20
194.61921560094578
 10
45.33510996753588
 20
194.80091163874346
 10
44.08888263977382
 20
194.90481745150595
 10
42.70351141389563
 20
194.95093936900116
 10
41.119192104845595
 20
194.95928372099695
 10
34.45278018007442
 20
194.94411891420748
 10
44.5906105022225
 20
189.54263791105993
 10
47.87301019274455
 20
187.78261929430622
 10
50.79309255338199
 20
186.18928368766325
 10
53.41380089253813
 20
184.72297717699973
 10
55.79807851861627
 20
183.34404584818438
 10
58.00886874001966
 20
182.01283578708592
 10
60.10911486515167
 20
180.68969307957303
 10
62.161760202415536
 20
179.33496381151446
 10
64.2297480602146
 20
177.9089940687789
 10
66.37602174695212
 20
176.37212993723506
 10
68.66352457103145
 20
174.68471750275165
 10
71.15519984085583
 20
172.80710285119739
 10
74.0296410600501
 20
170.5826737510701
 10
76.79223019413931
 20
168.36544600180815
 10
79.40461135585201
 20
166.19167546776018
 10
81.82842865791659
 20
164.0976180132749
 10
84.02532621306159
 20
162.11952950270106
 10
85.95694813401548
 20
160.29366580038737
 10
87.58493853350672
 20
158.6562827706825
 10
88.87094152426383
 20
157.2436362779352
 10
89.77660121901528
 20
156.09198218649414
 10
90.26356173048953
 20
155.23757636070803
 10
90.2934671714151
 20
154.71667466492562
 10
90.20919796146984
 20
154.5689195137225
 10
90.1508837684971
 20
154.44145219550677
 10
90.11789795421933
 20
154.33491050418775
 10
90.10961388035898
 20
154.24993223367463
 10
90.12540490863844
 20
154.18715517787666
 10
90.16464440078025
 20
154.1472171307031
 10
90.22670571850679
 20
154.13075588606313
 10
90.31096222354054
 20
154.13840923786603
 10
90.41678727760396
 20
154.17081498002105
 10
90.5435542424195
 20
154.22861090643738
 10
90.69063647970958
 20
154.31243481102427
 10
91.60513420641871
 20
154.08203910608984
 10
93.24439662015476
 20
152.8588362241352
 10
95.48040039990158
 20
150.78935796827267
 10
98.18512222464298
 20
148.0201361416145
 10
101.23053877336281
 20
144.69770254727302
 10
104.48862672504492
 20
140.96858898836047
 10
107.83136275867315
 20
136.97932726798913
 10
111.13072355323135
 20
132.87644918927126
 10
114.25868578770337
 20
128.80648655531917
 10
117.08722614107302
 20
124.9159711692451
 10
119.48832129232417
 20
121.35143483416137
 10
120.02557886801429
 20
120.49756993582704
 10
120.60425018027098
 20
119.55232408780745
 10
121.21408549045228
 20
118.53374723277929
 10
121.84483505991616
 20
117.45988931341934
 10
122.48624915002077
 20
116.34880027240422
 10
123.12807802212407
 20
115.21853005241069
 10
123.76007193758412
 20
114.0871285961154
 10
124.37198115775902
 20
112.97264584619512
 10
124.95355594400678
 20
111.8931317453265
 10
125.49454655768545
 20
110.86663623618625
 10
125.98470326015305
 20
109.9112092614511
 10
126.63015554374837
 20
108.65178474132516
 10
127.20051521086836
 20
107.58493221408453
 10
127.70495302008624
 20
106.7005782326083
 10
128.1526397299752
 20
105.98864934977554
 10
128.5527460991085
 20
105.43907211846532
 10
128.91444288605942
 20
105.04177309155672
 10
129.24690084940116
 20
104.78667882192879
 10
129.55929074770697
 20
104.66371586246056
 10
129.86078333955012
 20
104.66281076603116
 10
130.16054938350382
 20
104.7738900855196
 10
130.4677596381413
 20
104.98688037380496
 10
130.68142594533072
 20
105.17903983882677
 10
130.89805668888863
 20
105.40189185493594
 10
131.1145054699496
 20
105.65067703417861
 10
131.32762588964826
 20
105.92063598860099
 10
131.5342715491193
 20
106.20700933024919
 10
131.73129604949733
 20
106.50503767116935
 10
131.91555299191705
 20
106.80996162340762
 10
132.08389597751304
 20
107.11702179901013
 10
132.23317860742
 20
107.42145881002301
 10
132.36025448277258
 20
107.71851326849244
 10
132.4619772047054
 20
108.00342578646453
  0
LWPOLYLINE
  5
55
330
2F
100
AcDbEntity
  8
CUT
100
AcDbPolyline
 90
89
 70
1
 10
139.64561999831264
 20
113.15511785345808
 10
140.20960299355977
 20
113.47852715998806
 10
140.75507601414506
 20
113.7920395625244
 10
141.275547194127
 20
114.09188298203904
 10
141.7645246675642
 20
114.37428533950394
 10
142.21551656851523
 20
114.63547455589102
 10
142.62203103103863
 20
114.87167855217223
 10
142.97757618919292
 20
115.0791252493195
 10
143.27566017703674
 20
115.25404256830475
 10
143.50979112862862
 20
115.39265843009994
 10
143.67347717802713
 20
115.49120075567697
 10
143.7602264592908
 20
115.5458974660078
 10
143.76823524776773
 20
115.63522151698162
 10
143.70330234914414
 20
115.83430253504618
 10
143.57033969298558
 20
116.13435344701129
 10
143.37425920885772
 20
116.52658717968689
 10
143.119972826326
 20
117.0022166598828
 10
142.8123924749562
 20
117.55245481440885
 10
142.45643008431378
 20
118.16851457007492
 10
142.05699758396443
 20
118.84160885369081
 10
141.61900690347372
 20
119.56295059206641
 10
141.1473699724073
 20
120.32375271201157
 10
140.64699872033069
 20
121.11522814033613
 10
140.11411005939266
 20
121.96212031822358
 10
139.54806051363212
 20
122.88382210414095
 10
138.9584714304497
 20
123.86352055082347
 10
138.35496415724612
 20
124.88440271100637
 10
137.74716004142203
 20
125.92965563742487
 10
137.1446804303782
 20
126.98246638281424
 10
136.5571466715153
 20
128.0260219999097
 10
135.99418011223403
 20
129.04350954144638
 10
135.46540209993506
 20
130.01811606015963
 10
134.98043398201918
 20
130.9330286087846
 10
134.548897105887
 20
131.77143424005658
 10
133.7922042825475
 20
133.22148544936442
 10
133.0929280518558
 20
134.44945090058644
 10
132.43369875099333
 20
135.46789235488387
 10
131.79714671714152
 20
136.28937157341798
 10
131.16590228748177
 20
136.92645031734997
 10
130.5225957991956
 20
137.39169034784118
 10
129.8498575894644
 20
137.69765342605274
 10
129.1303179954696
 20
137.85690131314593
 10
128.34660735439266
 20
137.881995770282
 10
127.48135600341499
 20
137.78549855862224
 10
126.51719427971804
 20
137.57997143932778
 10
125.44986378582263
 20
137.23733740519097
 10
124.61363865952711
 20
136.78966437170925
 10
124.01053171328073
 20
136.2171467891745
 10
123.64255575953285
 20
135.49997910787874
 10
123.51172361073287
 20
134.61835577811382
 10
123.62004807933002
 20
133.55247125017172
 10
123.96954197777367
 20
132.28251997434438
 10
124.56221811851327
 20
130.78869640092364
 10
125.40008931399805
 20
129.05119498020147
 10
126.48516837667736
 20
127.05021016246985
 10
127.81946811900059
 20
124.76593639802064
 10
128.565598361724
 20
123.51499227888775
 10
129.30491383768143
 20
122.26122016912451
 10
130.02760917993075
 20
121.02204089857878
 10
130.7238790215298
 20
119.81487529709844
 10
131.3839179955364
 20
118.65714419453136
 10
131.99792073500848
 20
117.56626842072534
 10
132.55608187300385
 20
116.55966880552829
 10
133.04859604258044
 20
115.65476617878801
 10
133.46565787679603
 20
114.86898137035236
 10
133.7974620087085
 20
114.21973521006922
 10
134.03420307137574
 20
113.72444852778642
 10
134.21982043488865
 20
113.31948985010048
 10
134.40318955063586
 20
112.9325063790261
 10
134.5819091736217
 20
112.56783695753849
 10
134.75357805885054
 20
112.22982042861287
 10
134.9157949613267
 20
111.92279563522442
 10
135.0661586360545
 20
111.65110142034841
 10
135.20226783803832
 20
111.41907662695999
 10
135.3217213222825
 20
111.23106009803436
 10
135.42211784379143
 20
111.09139067654675
 10
135.5010561575694
 20
111.00440720547236
 10
135.55613501862075
 20
110.97444852778642
 10
135.63918496830507
 20
110.99820488032005
 10
135.79933589114842
 20
111.06718022112454
 10
136.0301355569048
 20
111.17793397500539
 10
136.3251317353283
 20
111.32702556676806
 10
136.677872196173
 20
111.51101442121804
 10
137.08190470919288
 20
111.72645996316079
 10
137.53077704414207
 20
111.96992161740184
 10
138.01803697077457
 20
112.23795880874658
 10
138.53723225884445
 20
112.52713096200057
 10
139.0819106781058
 20
112.83399750196924
 10
139.64561999831264
 20
113.15511785345808
  0
LWPOLYLINE
  5
56
330
2F
100
AcDbEntity
  8
CUT
100
AcDbPolyline
 90
60
 70
1
 10
35.40732563461987
 20
116.42899398233187
 10
34.65355932625459
 20
117.34882485620848
 10
34.027070791344705
 20
118.44620123361959
 10
33.53070448089905
 20
119.67731988250742
 10
33.16730484592643
 20
120.99837757081418
 10
32.939716337435684
 20
122.36557106648205
 10
32.8507834064356
 20
123.73509713745318
 10
32.90335050393502
 20
125.06315255166979
 10
33.10026208094276
 20
126.30593407707403
 10
33.444362588467634
 20
127.41963848160813
 10
33.93849647751846
 20
128.36046253321425
 10
34.58550819910407
 20
129.08460299983457
 10
34.94982943461167
 20
129.39459456840234
 10
35.234912145812714
 20
129.65977937373015
 10
35.43833563723008
 20
129.88668607893345
 10
35.557679213386685
 20
130.08184334712763
 10
35.59052217880539
 20
130.25177984142812
 10
35.5344438380091
 20
130.40302422495031
 10
35.387023495520715
 20
130.54210516080963
 10
35.14584045586313
 20
130.67555131212146
 10
34.808474023559235
 20
130.8098913420012
 10
34.37250350313191
 20
130.9516539135643
 10
33.83550819910407
 20
131.10736768992615
 10
33.449227438976486
 20
131.20678063857434
 10
33.01112829700484
 20
131.30389606494714
 10
32.530097872242465
 20
131.39750319390825
 10
32.01502326374265
 20
131.48639125032156
 10
31.47479157055873
 20
131.56934945905087
 10
30.918289891744003
 20
131.64516704495998
 10
30.354405326351788
 20
131.7126332329127
 10
29.79202497343541
 20
131.77053724777284
 10
29.24003593204818
 20
131.8176683144042
 10
28.707325301243415
 20
131.8528156576706
 10
28.20278018007442
 20
131.8747685024358
 10
24.95278018007442
 20
131.97444852778642
 10
24.95278018007442
 20
126.12367179301299
 10
24.964739958112126
 20
125.22779202038987
 10
24.99946455503543
 20
124.30485228944391
 10
25.055221865059544
 20
123.36905244991209
 10
25.130279782399676
 20
122.4345923515315
 10
25.222906201271087
 20
121.5156718440392
 10
25.33136901588899
 20
120.62649077717217
 10
25.453936120468605
 20
119.78124900066751
 10
25.588875409225174
 20
118.9941463642622
 10
25.734454776373916
 20
118.27938271769332
 10
25.888942116130053
 20
117.65115791069792
 10
26.050605322708826
 20
117.12367179301299
 10
26.321789156237664
 20
116.37329895584293
 10
26.580900309419526
 20
115.75242849823506
 10
26.85300254410177
 20
115.24883161453918
 10
27.163159622131722
 20
114.85027949910521
 10
27.536435305356733
 20
114.54454334628295
 10
27.99789335562415
 20
114.31939435042223
 10
28.57259753478131
 20
114.16260370587293
 10
29.28561160467556
 20
114.06194260698484
 10
30.16199932715424
 20
114.00518224810784
 10
31.2268244640647
 20
113.98009382359174
 10
32.50515077725428
 20
113.97444852778642
 10
37.861871089165334
 20
113.97444852778642
 10
35.40732563461987
 20
116.42899398233187
  0
LWPOLYLINE
  5
57
330
2F
100
AcDbEntity
  8
CUT
100
AcDbPolyline
 90
47
 70
1
 10
147.10588372479438
 20
127.47444852778642
 10
147.45278018007443
 20
137.47444852778642
 10
143.49234470147954
 20
144.72444852778642
 10
142.61826825643226
 20
146.30546455096905
 10
141.8509451417247
 20
147.64400027046622
 10
141.17249724642045
 20
148.75942077990032
 10
140.565046459583
 20
149.67109117289377
 10
140.0107146702758
 20
150.39837654306882
 10
139.49162376756257
 20
150.96064198404792
 10
138.9898956405067
 20
151.37725258945343
 10
138.48765217817183
 20
151.66757345290767
 10
137.9670152696215
 20
151.85096966803297
 10
137.41010680391926
 20
151.94680632845177
 10
136.7990486701286
 20
151.97444852778642
 10
135.51935597113066
 20
151.8267801046978
 10
134.37940755450245
 20
151.40090864982824
 10
133.38890741753113
 20
150.72253488477236
 10
132.55755955750382
 20
149.81735953112462
 10
131.89506797170768
 20
148.71108331047958
 10
131.4111366574299
 20
147.42940694443183
 10
131.11546961195756
 20
145.9980311545759
 10
131.0177708325779
 20
144.4426566625063
 10
131.12774431657797
 20
142.78898418981757
 10
131.45509406124503
 20
141.06271445810427
 10
132.00952406386617
 20
139.28954818896096
 10
132.76069542189822
 20
137.5650196470306
 10
133.88349006219195
 20
135.34137845475686
 10
135.2887316429684
 20
132.76285260897131
 10
136.88724382244843
 20
129.97367010650566
 10
138.58985025885295
 20
127.11805894419157
 10
140.30737461040297
 20
124.34024711886059
 10
141.95064053531942
 20
121.78446262734445
 10
143.43047169182327
 20
119.59493346647471
 10
144.6576917381354
 20
117.91588763308305
 10
145.54312433247682
 20
116.89155312400108
 10
145.99759313306842
 20
116.66615793606044
 10
146.11349339553644
 20
116.89412559644985
 10
146.2316101968314
 20
117.32417279992866
 10
146.3501949191903
 20
117.93924664623941
 10
146.46749894484998
 20
118.72229423512475
 10
146.58177365604743
 20
119.65626266632721
 10
146.69127043501962
 20
120.72409903958939
 10
146.79424066400344
 20
121.90875045465387
 10
146.8889357252359
 20
123.19316401126324
 10
146.97360700095393
 20
124.56028680916006
 10
147.0465058733944
 20
125.99306594808692
 10
147.10588372479438
 20
127.47444852778642
  0
LWPOLYLINE
  5
58
330
2F
100
AcDbEntity
  8
CUT
100
AcDbPolyline
 90
144
 70
1
 10
155.9701273285015
 20
118.67420519685055
 10
157.02575756218525
 20
119.06184865757515
 10
157.9290709779892
 20
119.42725441296379
 10
158.6965464632024
 20
119.78591550649683
 10
159.34466290511386
 20
120.1533249816547
 10
159.8898991910127
 20
120.5449758819178
 10
160.348734208188
 20
120.97636125076642
 10
160.73764684392887
 20
121.46297413168104
 10
161.07311598552442
 20
122.02030756814196
 10
161.3716205202637
 20
122.66385460362959
 10
161.64963933543578
 20
123.40910828162433
 10
161.92365131832977
 20
124.27156164560651
 10
162.25538137013615
 20
125.37065212784137
 10
162.51524678454453
 20
126.26196962643024
 10
162.69011212730496
 20
126.97418391488327
 10
162.76684196416755
 20
127.53596476671049
 10
162.73230086088242
 20
127.97598195542207
 10
162.57335338319962
 20
128.322905254528
 10
162.27686409686928
 20
128.60540443753848
 10
161.8296975676415
 20
128.85214927796352
 10
161.21871836126635
 20
129.09180954931327
 10
160.43079104349397
 20
129.35305502509775
 10
159.45278018007443
 20
129.6645554788271
 10
158.4534712288944
 20
130.1033040101797
 10
157.61049657359442
 20
130.70612802845466
 10
156.92962757074437
 20
131.4396377646169
 10
156.4166355769143
 20
132.27044344963136
 10
156.07729194867417
 20
133.165155314463
 10
155.91736804259406
 20
134.09038359007664
 10
155.94263521524383
 20
135.01273850743732
 10
156.1588648231935
 20
135.8988302975099
 10
156.57182822301317
 20
136.71526919125932
 10
157.1872967712727
 20
137.42866541965049
 10
158.01104182454216
 20
138.00562921364838
 10
158.47309442568354
 20
138.24029195259274
 10
158.88776504920165
 20
138.4205876468339
 10
159.26312541233662
 20
138.54518360485116
 10
159.6072472323283
 20
138.61274713512404
 10
159.9282022264167
 20
138.62194554613188
 10
160.23406211184175
 20
138.57144614635416
 10
160.53289860584346
 20
138.4599162442703
 10
160.8327834256618
 20
138.28602314835962
 10
161.1417882885367
 20
138.0484341671016
 10
161.46798491170816
 20
137.74581660897564
 10
161.81944501241614
 20
137.37683778246114
 10
162.19810279820098
 20
136.95984543712518
 10
162.49981826100534
 20
136.62310570872086
 10
162.72398375796976
 20
136.36503979930896
 10
162.86999164623472
 20
136.18406891095037
 10
162.93723428294084
 20
136.07861424570584
 10
162.9251040252286
 20
136.04709700563626
 10
162.83299323023857
 20
136.08793839280239
 10
162.66029425511138
 20
136.19955960926504
 10
162.40639945698754
 20
136.38038185708504
 10
162.07070119300752
 20
136.62882633832322
 10
161.65259182031198
 20
136.9433142550404
 10
161.25659462922684
 20
137.23053114387733
 10
160.90323083247776
 20
137.45690812380795
 10
160.58357972136602
 20
137.6216165718351
 10
160.288720587193
 20
137.7238278649616
 10
160.0097327212601
 20
137.7627133801902
 10
159.73769541486863
 20
137.73744449452383
 10
159.46368795932003
 20
137.64719258496524
 10
159.1787896459156
 20
137.4911290285172
 10
158.8740797659568
 20
137.26842520218258
 10
158.54063761074497
 20
136.9782524829642
 10
158.16954247158142
 20
136.61978224786483
 10
157.66703703881672
 20
136.01098270166707
 10
157.34408549126786
 20
135.38348111812928
 10
157.1929456923024
 20
134.75103381708422
 10
157.2058755052877
 20
134.1273971183648
 10
157.37513279359132
 20
133.52632734180386
 10
157.69297542058075
 20
132.9615808072342
 10
158.1516612496234
 20
132.44691383448873
 10
158.7434481440869
 20
131.9960827434002
 10
159.4605939673386
 20
131.6228438538015
 10
160.29535658274605
 20
131.34095348552546
 10
161.23999385367674
 20
131.1641679584049
 10
161.80859154446082
 20
131.11082516206648
 10
162.30032344391103
 20
131.10355258506456
 10
162.72498715864504
 20
131.15176179525503
 10
163.09238029528044
 20
131.26486436049373
 10
163.41230046043486
 20
131.45227184863649
 10
163.69454526072596
 20
131.72339582753915
 10
163.9489123027713
 20
132.0876478650575
 10
164.18519919318865
 20
132.55443952904744
 10
164.41320353859552
 20
133.13318238736474
 10
164.64272294560962
 20
133.8332880078653
 10
164.88355502084858
 20
134.6641679584049
 10
165.26578218924115
 20
136.10299162951836
 10
165.5552506279906
 20
137.35430129384764
 10
165.74860570492248
 20
138.4387123019946
 10
165.84249278786228
 20
139.37684000456088
 10
165.8335572446355
 20
140.1892997521482
 10
165.71844444306768
 20
140.8967068953583
 10
165.49379975098432
 20
141.51967678479292
 10
165.15626853621103
 20
142.07882477105372
 10
164.70249616657324
 20
142.59476620474243
 10
164.1291280098965
 20
143.08811643646078
 10
163.43280943400637
 20
143.57949081681048
 10
162.85742814590998
 20
143.94391957968952
 10
162.3398346170639
 20
144.2376454827138
 10
161.8613425994067
 20
144.46138053747433
 10
161.40326584487698
 20
144.61583675556238
 10
160.94691810541343
 20
144.70172614856898
 10
160.47361313295468
 20
144.71976072808525
 10
159.9646646794393
 20
144.67065250570232
 10
159.40138649680603
 20
144.5551134930113
 10
158.76509233699343
 20
144.3738557016033
 10
158.03709595194016
 20
144.12759114306945
 10
157.19871109358485
 20
143.81703182900085
 10
155.61566204856712
 20
143.12663297049642
 10
154.22664546823634
 20
142.32422487262923
 10
153.022545128495
 20
141.39120811572758
 10
151.99424480524547
 20
140.30898328011966
 10
151.1326282743902
 20
139.05895094613373
 10
150.42857931183167
 20
137.62251169409805
 10
149.8729816934722
 20
135.98106610434084
 10
149.4567191952143
 20
134.11601475719033
 10
149.17067559296046
 20
132.00875823297474
 10
149.005734662613
 20
129.6406971120223
 10
148.95278018007443
 20
126.99323197466131
 10
148.96295356277832
 20
124.99826012479349
 10
148.99529676407215
 20
123.26623439595554
 10
149.05254436372897
 20
121.78178430478391
 10
149.1374309415219
 20
120.52953936791525
 10
149.25269107722406
 20
119.49412910198605
 10
149.40105935060848
 20
118.66018302363288
 10
149.58527034144825
 20
118.01233064949227
 10
149.80805862951658
 20
117.53520149620078
 10
150.0721587945865
 20
117.21342508039496
 10
150.38030541643113
 20
117.03163091871131
 10
150.73523307482353
 20
116.97444852778642
 10
150.85350592762236
 20
116.99296578676572
 10
151.0680823426467
 20
117.04672969042282
 10
151.3707029074753
 20
117.13305842883658
 10
151.7531082096868
 20
117.2492701920859
 10
152.2070388368599
 20
117.39268317024961
 10
152.72423537657338
 20
117.56061555340658
 10
153.29643841640595
 20
117.75038553163569
 10
153.91538854393636
 20
117.95931129501577
 10
154.57282634674326
 20
118.18471103362569
 10
155.26049241240537
 20
118.42390293754433
 10
155.9701273285015
 20
118.67420519685055
  0
LWPOLYLINE
  5
59
330
2F
100
AcDbEntity
  8
CUT
100
AcDbPolyline
 90
100
 70
1
 10
163.35653570598484
 20
117.57588965829682
 10
163.9305635376184
 20
118.10160174593898
 10
164.63395095473095
 20
119.25326531257879
 10
165.44683853311338
 20
120.97141608282564
 10
166.34936684855666
 20
123.19658978128899
 10
167.32167647685168
 20
125.8693221325783
 10
168.34390799378951
 20
128.93014886130294
 10
169.39620197516098
 20
132.31960569207237
 10
170.4586989967572
 20
135.978228349496
 10
171.51153963436897
 20
139.84655255818328
 10
172.53486446378741
 20
143.8651140427436
 10
173.50881406080336
 20
147.97444852778642
 10
174.40103570232475
 20
152.17242733233996
 10
175.19906452394403
 20
156.49669427757445
 10
175.89674757713757
 20
160.8767101643802
 10
176.48793191338143
 20
165.2419357936476
 10
176.96646458415177
 20
169.52183196626706
 10
177.32619264092483
 20
173.64585948312893
 10
177.56096313517682
 20
177.5434791451236
 10
177.66462311838387
 20
181.1441517531414
 10
177.6310196420222
 20
184.37733810807276
 10
177.45399975756806
 20
187.172499010808
 10
177.12741051649752
 20
189.45909526223755
 10
176.8218835136075
 20
190.8758778084165
 10
176.49863585547754
 20
192.17515071421676
 10
176.15941516645992
 20
193.35323704789596
 10
175.80596907090685
 20
194.40645987771182
 10
175.4400451931706
 20
195.33114227192198
 10
175.06339115760338
 20
196.12360729878407
 10
174.6777545885575
 20
196.78017802655583
 10
174.28488311038518
 20
197.29717752349487
 10
173.88652434743872
 20
197.67092885785888
 10
173.48442592407034
 20
197.89775509790553
 10
173.08033546463227
 20
197.97397931189246
 10
172.98784730664144
 20
197.7696516164118
 10
172.89931682578234
 20
197.1765313082617
 10
172.815745133674
 20
196.22420140772763
 10
172.7381333419353
 20
194.9422449350951
 10
172.66748256218543
 20
193.3602449106496
 10
172.60479390604326
 20
191.50778435467663
 10
172.5510684851278
 20
189.41444628746171
 10
172.50730741105806
 20
187.10981372929035
 10
172.47451179545308
 20
184.62346970044803
 10
172.4536827499318
 20
181.98499722122023
 10
172.44582138611327
 20
179.22397931189246
 10
172.43398729929842
 20
175.39182819152919
 10
172.39930460195416
 20
171.96982543598816
 10
172.3384902344984
 20
168.9115829936007
 10
172.24826113734912
 20
166.17071281269813
 10
172.12533425092417
 20
163.70082684161173
 10
171.96642651564164
 20
161.4555370286728
 10
171.76825487191937
 20
159.3884553222127
 10
171.52753626017542
 20
157.4531936705627
 10
171.24098762082767
 20
155.6033640220541
 10
170.9053258942941
 20
153.79257832501824
 10
170.51726802099262
 20
151.97444852778642
 10
170.2366711787511
 20
150.67302400763333
 10
169.97315114106152
 20
149.3324930027249
 10
169.7293960844545
 20
147.97346934638733
 10
169.5080941854605
 20
146.61656687194696
 10
169.31193362061012
 20
145.28239941272994
 10
169.14360256643397
 20
143.99158080206257
 10
169.00578919946255
 20
142.76472487327112
 10
168.90118169622653
 20
141.62244545968176
 10
168.83246823325638
 20
140.5853563946208
 10
168.80233698708275
 20
139.67407151141444
 10
168.81347613423614
 20
138.909204643389
 10
168.8414803391213
 20
138.00793259866094
 10
168.83416391035118
 20
137.17846409975556
 10
168.78909176549436
 20
136.41191325724807
 10
168.7038288221194
 20
135.69939418171384
 10
168.57593999779482
 20
135.03202098372816
 10
168.40299021008929
 20
134.40090777386638
 10
168.1825443765713
 20
133.7971686627037
 10
167.9121674148095
 20
133.21191776081557
 10
167.58942424237242
 20
132.63626917877718
 10
167.21187977682862
 20
132.0613370271639
 10
166.7770989357467
 20
131.478235416551
 10
166.4260625728258
 20
131.00101294222407
 10
166.05342175761376
 20
130.437409221571
 10
165.6654979531347
 20
129.7999434039853
 10
165.26861262241283
 20
129.10113463886057
 10
164.8690872284724
 20
128.3535020755903
 10
164.4732432343376
 20
127.56956486356796
 10
164.0874021030326
 20
126.76184215218706
 10
163.7178852975816
 20
125.94285309084117
 10
163.3710142810089
 20
125.12511682892375
 10
163.05311051633865
 20
124.32115251582835
 10
162.770495466595
 20
123.54347930094843
 10
162.17328398661095
 20
121.80628434561694
 10
161.69878898371738
 20
120.38318771996128
 10
161.349470823243
 20
119.24913576782279
 10
161.12778987051655
 20
118.3790748330429
 10
161.0362064908667
 20
117.74795125946291
 10
161.07718104962217
 20
117.33071139092417
 10
161.2531739121117
 20
117.10230157126806
 10
161.56664544366404
 20
117.03766814433592
 10
162.02005600960783
 20
117.11175745396909
 10
162.61586597527187
 20
117.29951584400894
 10
163.35653570598484
 20
117.57588965829682
  0
LWPOLYLINE
  5
5A
330
2F
100
AcDbEntity
  8
CUT
100
AcDbPolyline
 90
34
 70
1
 10
21.345791375890094
 20
119.55623599602221
 10
21.614718067652518
 20
120.36962806301763
 10
21.806603584999742
 20
121.19112875562874
 10
21.923903151058127
 20
122.0027073186189
 10
21.96907198895402
 20
122.78633299675145
 10
21.944565321813783
 20
123.52397503478971
 10
21.852838372763756
 20
124.19760267749706
 10
21.6963463649303
 20
124.78918516963682
 10
21.477544521439782
 20
125.28069175597227
 10
21.198888065418544
 20
125.65409168126678
 10
20.862832219992946
 20
125.89135419028372
 10
20.471832208289335
 20
125.97444852778642
 10
20.02816774601211
 20
125.87526675771306
 10
19.606802138719672
 20
125.59591394390895
 10
19.216799558554186
 20
125.16367883099781
 10
18.867224177657775
 20
124.60585016360358
 10
18.567140168172592
 20
123.94971668635009
 10
18.3256117022408
 20
123.22256714386117
 10
18.151702952004527
 20
122.45169028076072
 10
18.05447808960593
 20
121.66437484167255
 10
18.043001287187153
 20
120.88790957122052
 10
18.126336716890343
 20
120.14958321402845
 10
18.313548550857647
 20
119.47668451472023
 10
18.536292894024783
 20
118.9920270876904
 10
18.790027652157953
 20
118.60628293388949
 10
19.06795029329996
 20
118.3192735875662
 10
19.3632582854936
 20
118.13082058296925
 10
19.669149096781666
 20
118.0407454543474
 10
19.97882019520698
 20
118.04886973594938
 10
20.285469048812317
 20
118.15501496202394
 10
20.582293125640497
 20
118.35900266681975
 10
20.862489893734327
 20
118.66065438458557
 10
21.119256821136588
 20
119.05979164957014
 10
21.345791375890094
 20
119.55623599602221
  0
LWPOLYLINE
  5
5B
330
2F
100
AcDbEntity
  8
CUT
100
AcDbPolyline
 90
67
 70
1
 10
67.00781605462285
 20
136.63724019793187
 10
66.41068079435874
 20
137.48523620350693
 10
65.84005102779005
 20
138.32306837449536
 10
65.30232463270534
 20
139.13975919385746
 10
64.80389948689307
 20
139.9243311445536
 10
64.35117346814184
 20
140.66580670954417
 10
63.95054445424017
 20
141.35320837178944
 10
63.608410322976596
 20
141.9755586142498
 10
63.331168952139706
 20
142.52187991988555
 10
63.12521821951805
 20
142.98119477165704
 10
62.99695600290008
 20
143.34252565252464
 10
62.95278018007443
 20
143.5948950454487
 10
62.709214997991495
 20
144.00979120235831
 10
62.01730519585166
 20
144.50880655243168
 10
60.93522938981823
 20
145.07238289155208
 10
59.52116619605442
 20
145.68096201560263
 10
57.83329423072363
 20
146.31498572046655
 10
55.92979210998913
 20
146.95489580202698
 10
53.868838450014216
 20
147.58113405616712
 10
51.70861186696222
 20
148.17414227877012
 10
49.50729097699642
 20
148.71436226571916
 10
47.32305439628014
 20
149.18223581289743
 10
45.21408074097669
 20
149.5582047161881
 10
43.15134944429365
 20
149.74955392021064
 10
41.22098186838213
 20
149.66718304491587
 10
39.44528732854911
 20
149.32983963123547
 10
37.846575140101514
 20
148.75627122010104
 10
36.447154618346325
 20
147.9652253524443
 10
35.26933507859049
 20
146.9754495691968
 10
34.33542583614095
 20
145.80569141129024
 10
33.667736206304696
 20
144.47469841965622
 10
33.28857550438867
 20
143.00121813522642
 10
33.22025304569983
 20
141.40399809893245
 10
33.485078145545124
 20
139.70178585170598
 10
33.864088548490635
 20
138.4200909905523
 10
34.337714524479495
 20
137.32446642600328
 10
34.950571194556595
 20
136.3965159097719
 10
35.74727367976675
 20
135.61784319357105
 10
36.772437101154836
 20
134.97005202911376
 10
38.070676579765696
 20
134.43474616811292
 10
39.6866072366442
 20
133.99352936228155
 10
41.6648441928352
 20
133.62800536333253
 10
44.050002569383544
 20
133.31977792297886
 10
46.88669748733409
 20
133.0504507929335
 10
50.21954406773168
 20
132.80162772490937
 10
52.0482174546732
 20
132.6752494290831
 10
53.84876976409604
 20
132.54710676107345
 10
55.5979554694518
 20
132.41906149353068
 10
57.272529044192034
 20
132.292975399105
 10
58.8492449617684
 20
132.17071025044663
 10
60.30485769563245
 20
132.05412782020585
 10
61.61612171923582
 20
131.94508988103289
 10
62.759791506030126
 20
131.84545820557793
 10
63.71262152946693
 20
131.75709456649125
 10
64.45136626299782
 20
131.68186073642306
 10
64.95278018007443
 20
131.6216184880236
 10
66.5233805134699
 20
131.4061510836888
 10
67.78864269896053
 20
131.25521074345153
 10
68.75809419316437
 20
131.19205064690095
 10
69.44126245269925
 20
131.23992397362647
 10
69.8476749341832
 20
131.4220839032173
 10
69.98685909423418
 20
131.7617836152627
 10
69.86834238947011
 20
132.28227628935184
 10
69.50165227650899
 20
133.00681510507408
 10
68.89631621196878
 20
133.95865324201867
 10
68.0618616524674
 20
135.16104387977484
 10
67.00781605462285
 20
136.63724019793187
  0
LWPOLYLINE
  5
5C
330
2F
100
AcDbEntity
  8
CUT
100
AcDbPolyline
 90
40
 70
1
 10
34.142479298428846
 20
135.2725230695617
 10
33.27304052916794
 20
136.28815432373483
 10
32.563248014534864
 20
137.31481333456418
 10
32.01303184562462
 20
138.35355134475412
 10
31.622322113532235
 20
139.40541959700914
 10
31.39104890935274
 20
140.47146933403357
 10
31.319142324181165
 20
141.5527517985319
 10
31.406532449112525
 20
142.6503182332085
 10
31.65314937524186
 20
143.76521988076786
 10
32.05892319366418
 20
144.89850798391433
 10
32.62378399547452
 20
146.0512337853524
 10
33.34766187176789
 20
147.22444852778642
 10
35.89250657947196
 20
150.97444852778642
 10
29.499758127362774
 20
150.97444852778642
 10
23.107009675253593
 20
150.97444852778642
 10
23.6117196233947
 20
143.22444852778642
 10
23.690255770803148
 20
142.0695837644506
 10
23.773513512103456
 20
140.93945604093443
 10
23.860086272571543
 20
139.84826520697501
 10
23.94856747748331
 20
138.81021111230933
 10
24.037550552114702
 20
137.83949360667447
 10
24.125628921741622
 20
136.95031253980744
 10
24.211396011639984
 20
136.15686776144534
 10
24.293445247085735
 20
135.47335912132513
 10
24.37037005335477
 20
134.91398646918387
 10
24.440763855723027
 20
134.4929496547586
 10
24.50322007946641
 20
134.22444852778642
 10
24.61831807240013
 20
134.01304648710664
 10
24.82602943914734
 20
133.820200362381
 10
25.124734033338143
 20
133.6462425600944
 10
25.512811708602626
 20
133.49150548673168
 10
25.98864231857089
 20
133.35632154877763
 10
26.55060571687303
 20
133.2410231527171
 10
27.197081757139138
 20
133.14594270503494
 10
27.926450292999313
 20
133.07141261221597
 10
28.737091178083652
 20
133.01776528074498
 10
29.62738426602224
 20
132.98533311710688
 10
30.59570941044519
 20
132.97444852778642
 10
36.30140823349338
 20
132.97444852778642
 10
34.142479298428846
 20
135.2725230695617
  0
LWPOLYLINE
  5
5D
330
2F
100
AcDbEntity
  8
CUT
100
AcDbPolyline
 90
67
 70
1
 10
125.7234469066697
 20
138.85734996704468
 10
126.06848898847062
 20
139.02887722302728
 10
126.4189967335507
 20
139.17994721530295
 10
126.76984241839389
 20
139.3096064621102
 10
127.1158983194839
 20
139.41690148168743
 10
127.45203671330464
 20
139.50087879227306
 10
127.77312987633994
 20
139.56058491210547
 10
128.07405008507365
 20
139.59506635942313
 10
128.34966961598965
 20
139.60336965246444
 10
128.59486074557176
 20
139.5845413094678
 10
128.80449575030383
 20
139.5376278486716
 10
128.9734469066697
 20
139.46167578831435
 10
129.11766127300126
 20
139.37725154143584
 10
129.25547428735788
 20
139.30573952529164
 10
129.38534079581464
 20
139.24741326444405
 10
129.50571564444652
 20
139.2025462834552
 10
129.61505367932853
 20
139.17141210688732
 10
129.7118097465357
 20
139.15428425930259
 10
129.79443869214302
 20
139.15143626526316
 10
129.86139536222555
 20
139.16314164933127
 10
129.91113460285825
 20
139.18967393606906
 10
129.9421112601162
 20
139.2313066500388
 10
129.95278018007443
 20
139.28831331580258
 10
129.85465396483826
 20
139.78966920985766
 10
129.58366863367706
 20
140.57912725070298
 10
129.17491415841155
 20
141.58588683342674
 10
128.66348051086246
 20
142.73914735311732
 10
128.08445766285064
 20
143.9681082048629
 10
127.4729355861968
 20
145.20196878375174
 10
126.86400425272171
 20
146.36992848487213
 10
126.29275363424622
 20
147.40118670331236
 10
125.79427370259103
 20
148.22494283416063
 10
125.40365442957696
 20
148.77039627250528
 10
125.15598578702475
 20
148.96674641343452
 10
124.75273441459191
 20
148.77975843537115
 10
124.2455684022822
 20
148.26574393004358
 10
123.66447480878074
 20
147.48391245847085
 10
123.03944069277253
 20
146.49347358167188
 10
122.40045311294276
 20
145.3536368606658
 10
121.77749912797637
 20
144.12361185647148
 10
121.20056579655855
 20
142.86260813010801
 10
120.69964017737436
 20
141.62983524259437
 10
120.3047093291089
 20
140.48450275494952
 10
120.04576031044724
 20
139.48582022819247
 10
119.95278018007443
 20
138.69299722334225
 10
119.98082211208302
 20
137.904429380867
 10
120.06190485990558
 20
137.21575077524182
 10
120.19146385123716
 20
136.6314617804328
 10
120.36493451377277
 20
136.15606277040598
 10
120.57775227520747
 20
135.79405411912728
 10
120.82535256323635
 20
135.54993620056277
 10
121.10317080555444
 20
135.42820938867843
 10
121.40664242985682
 20
135.43337405744023
 10
121.73120286383855
 20
135.5699305808142
 10
122.07228753519462
 20
135.84237933276637
 10
122.42533187162016
 20
136.25522068726272
 10
122.60136833742982
 20
136.4734605712093
 10
122.81777415062524
 20
136.70768053474023
 10
123.06934567366062
 20
136.9537750395478
 10
123.3508792689899
 20
137.20763854732436
 10
123.65717129906724
 20
137.46516551976217
 10
123.98301812634674
 20
137.72225041855356
 10
124.32321611328248
 20
137.9747877053908
 10
124.67256162232857
 20
138.21867184196623
 10
125.02585101593905
 20
138.44979728997217
 10
125.37788065656807
 20
138.66405851110088
 10
125.7234469066697
 20
138.85734996704468
  0
LWPOLYLINE
  5
5E
330
2F
100
AcDbEntity
  8
CUT
100
AcDbPolyline
 90
34
 70
1
 10
19.766138664162554
 20
141.14743681484094
 10
19.608507207103223
 20
142.19490359681183
 10
19.371735342281433
 20
143.0752425196822
 10
19.075661311942625
 20
143.78085909473566
 10
18.740123358332248
 20
144.30415883325583
 10
18.38495972369578
 20
144.63754724652625
 10
18.03000865027866
 20
144.7734298458306
 10
17.695108380326353
 20
144.7042121424524
 10
17.400097156084318
 20
144.4222996476753
 10
17.164813219798013
 20
143.9200978727829
 10
17.009094813712895
 20
143.1900123290587
 10
16.95278018007442
 20
142.22444852778642
 10
16.960042889816467
 20
141.78768419019565
 10
16.9811297918951
 20
141.35616027334117
 10
17.01498904558907
 20
140.9355304210997
 10
17.0605688101771
 20
140.53144827734815
 10
17.11681724493793
 20
140.14956748596322
 10
17.182682509150304
 20
139.79554169082172
 10
17.25711276209295
 20
139.47502453580046
 10
17.33905616304462
 20
139.19366966477617
 10
17.427460871284037
 20
138.95713072162565
 10
17.52127504608995
 20
138.7710613502257
 10
17.619446846741088
 20
138.64111519445308
 10
18.020710925645666
 20
138.28785727661761
 10
18.388684893946333
 20
138.06008118970092
 10
18.72072477002304
 20
137.95470001258812
 10
19.014186572255653
 20
137.96862682416435
 10
19.266426319024106
 20
138.09877470331472
 10
19.47480002870831
 20
138.34205672892438
 10
19.63666371968818
 20
138.69538597987844
 10
19.74937341034363
 20
139.155675535062
 10
19.810285119054562
 20
139.71983847336017
 10
19.816754864200902
 20
140.38478787365813
 10
19.766138664162554
 20
141.14743681484094
  0
LWPOLYLINE
  5
5F
330
2F
100
AcDbEntity
  8
CUT
100
AcDbPolyline
 90
45
 70
1
 10
151.3467201040676
 20
153.21598158583032
 10
151.20697180078736
 20
155.0369308236729
 10
150.80380484185574
 20
156.7394550786184
 10
150.17513415448983
 20
158.29157367042473
 10
149.35887466590646
 20
159.6613059188498
 10
148.39294130332266
 20
160.8166711436515
 10
147.3152489939553
 20
161.72568866458778
 10
146.1637126650214
 20
162.3563778014165
 10
144.97624724373793
 20
162.6767578738956
 10
143.79076765732182
 20
162.654848201783
 10
142.64518883299002
 20
162.2586681048366
 10
141.57742569795946
 20
161.4562369028143
 10
140.8645238611265
 20
160.50893858036483
 10
140.39724102435244
 20
159.34786580318917
 10
140.1727076474958
 20
157.98424830581774
 10
140.18805419041504
 20
156.42931582278106
 10
140.4404111129686
 20
154.6942980886096
 10
140.92690887501504
 20
152.79042483783377
 10
141.64467793641288
 20
150.7289258049841
 10
142.59084875702052
 20
148.52103072459104
 10
143.7625517966965
 20
146.177969331185
 10
145.15691751529928
 20
143.71097135929654
 10
146.77107637268742
 20
141.13126654345604
 10
147.1505482793218
 20
140.559038941064
 10
147.469568781823
 20
140.11644599331555
 10
147.741475896509
 20
139.81660647367084
 10
147.97960763969795
 20
139.6726391555899
 10
148.1973020277078
 20
139.69766281253283
 10
148.40789707685667
 20
139.90479621795973
 10
148.62473080346254
 20
140.30715814533062
 10
148.86114122384353
 20
140.91786736810565
 10
149.1304663543177
 20
141.75004265974482
 10
149.44604421120306
 20
142.81680279370826
 10
149.82121281081768
 20
144.13126654345604
 10
150.04460029514672
 20
144.958851741255
 10
150.2582674369632
 20
145.82909706613006
 10
150.45980735022962
 20
146.72766900824732
 10
150.6468131489086
 20
147.64023405777283
 10
150.81687794696262
 20
148.5524587048726
 10
150.96759485835437
 20
149.45000943971274
 10
151.09655699704626
 20
150.31855275245925
 10
151.201357477001
 20
151.14375513327823
 10
151.27958941218108
 20
151.9112830723357
 10
151.3288459165491
 20
152.6068030597977
 10
151.3467201040676
 20
153.21598158583032
  0
LWPOLYLINE
  5
60
330
2F
100
AcDbEntity
  8
CUT
100
AcDbPolyline
 90
58
 70
1
 10
160.39232702039635
 20
145.97444852778642
 10
160.87061939652725
 20
145.9615572179943
 10
161.3527916054987
 20
145.92412796680472
 10
161.83199019003405
 20
145.8640277914979
 10
162.3013616928565
 20
145.7831237093542
 10
162.7540526566893
 20
145.68328273765368
 10
163.18320962425582
 20
145.56637189367672
 10
163.58197913827925
 20
145.43425819470355
 10
163.94350774148288
 20
145.28880865801432
 10
164.26094197659003
 20
145.13189030088935
 10
164.5274283863239
 20
144.96537014060885
 10
164.7361135134078
 20
144.79111519445308
 10
165.18369763478947
 20
144.39047772734267
 10
165.57898766883403
 20
144.13993813258838
 10
165.92402048100612
 20
144.04332525943994
 10
166.22083293677048
 20
144.10446795714722
 10
166.47146190159185
 20
144.32719507495995
 10
166.6779442409349
 20
144.71533546212794
 10
166.8423168202644
 20
145.27271796790095
 10
166.96661650504504
 20
146.0031714415287
 10
167.05288016074155
 20
146.91052473226108
 10
167.10314465281868
 20
147.99860668934775
 10
167.1194468467411
 20
149.2712461620386
 10
167.07620889896006
 20
150.64705514958274
 10
166.94749386232576
 20
151.9262654845797
 10
166.73479994690123
 20
153.10603492517322
 10
166.4396253627495
 20
154.18352122950722
 10
166.06346831993358
 20
155.1558821557256
 10
165.6078270285166
 20
156.02027546197218
 10
165.0741996985615
 20
156.77385890639079
 10
164.4640845401315
 20
157.41379024712532
 10
163.77897976328953
 20
157.9372272423196
 10
163.02038357809863
 20
158.3413276501175
 10
162.1897941946219
 20
158.6232492286629
 10
161.13414265544608
 20
158.74461239508415
 10
160.0690703920421
 20
158.58416589734856
 10
159.00417561218762
 20
158.15311754486697
 10
157.9490565236602
 20
157.46267514705042
 10
156.9133113342375
 20
156.5240465133097
 10
155.90653825169707
 20
155.34843945305573
 10
154.93833548381647
 20
153.94706177569947
 10
154.01830123837343
 20
152.3311212906517
 10
153.15603372314547
 20
150.51182580732342
 10
152.3611311459102
 20
148.5003831351255
 10
151.64319171444524
 20
146.30800108346884
 10
150.1102052097236
 20
141.14155363915125
 10
153.67103953522093
 20
143.55800108346884
 10
154.22982999248072
 20
143.9138415786501
 10
154.83088134273473
 20
144.25388711307585
 10
155.46358900016864
 20
144.574325110012
 10
156.11734837896807
 20
144.87134299272452
 10
156.78155489331877
 20
145.1411281844793
 10
157.44560395740638
 20
145.37986810854224
 10
158.0988909854165
 20
145.58375018817924
 10
158.73081139153493
 20
145.74896184665627
 10
159.33076058994723
 20
145.87169050723918
 10
159.88813399483917
 20
145.94812359319394
 10
160.39232702039635
 20
145.97444852778642
  0
LWPOLYLINE
  5
61
330
2F
100
AcDbEntity
  8
CUT
100
AcDbPolyline
 90
47
 70
1
 10
134.59315474251824
 20
153.0440522732009
 10
135.36982597792337
 20
153.4350464233422
 10
135.9974756384787
 20
153.7670838294003
 10
136.48194317011675
 20
154.05796410402542
 10
136.8290680187698
 20
154.32548685986774
 10
137.04468963037039
 20
154.58745170957746
 10
137.13464745085093
 20
154.86165826580472
 10
137.10478092614386
 20
155.16590614119977
 10
136.96092950218159
 20
155.51799494841276
 10
136.70893262489662
 20
155.93572430009388
 10
136.35462974022133
 20
156.43689380889333
 10
135.90386029408813
 20
157.03930308746126
 10
134.0741912832142
 20
159.46495015630717
 10
130.97674665281542
 20
156.49740986591002
 10
130.03496569227713
 20
155.54275492179056
 10
129.23037207700662
 20
154.61334402921813
 10
128.5620140066691
 20
153.70609521757774
 10
128.02893968092985
 20
152.81792651625432
 10
127.6301972994541
 20
151.9457559546329
 10
127.36483506190706
 20
151.08650156209842
 10
127.23190116795399
 20
150.23708136803583
 10
127.23044381726018
 20
149.39441340183015
 10
127.35951120949079
 20
148.5554156928663
 10
127.61815154431108
 20
147.71700627052928
 10
128.00541302138632
 20
146.87610316420407
 10
128.30741204669897
 20
146.31740168670706
 10
128.56098594164203
 20
145.87637319333948
 10
128.77629485213657
 20
145.55805138929418
 10
128.96349892410325
 20
145.3674699797639
 10
129.1327583034631
 20
145.30966266994153
 10
129.29423313613694
 20
145.3896631650198
 10
129.45808356804565
 20
145.6125051701916
 10
129.63446974511012
 20
145.9832223906497
 10
129.83355181325123
 20
146.50684853158688
 10
130.0654899183899
 20
147.188417298196
 10
130.3404442064469
 20
148.0329623956698
 10
130.5567714825001
 20
148.6322057462262
 10
130.8097215939615
 20
149.20573507351776
 10
131.09843911387372
 20
149.752542403611
 10
131.42206861527941
 20
150.27161976257244
 10
131.77975467122118
 20
150.76195917646862
 10
132.1706418547417
 20
151.22255267136606
 10
132.5938747388836
 20
151.65239227333132
 10
133.04859789668956
 20
152.0504700084309
 10
133.53395590120223
 20
152.41577790273132
 10
134.04909332546424
 20
152.74730798229916
 10
134.59315474251824
 20
153.0440522732009
  0
LWPOLYLINE
  5
62
330
2F
100
AcDbEntity
  8
CUT
100
AcDbPolyline
 90
80
 70
1
 10
61.75278018007441
 20
150.40813663172395
 10
61.75911711954612
 20
150.92402703123076
 10
61.77751609552948
 20
151.4369901237477
 10
61.80705934437688
 20
151.94012339704148
 10
61.846829102440665
 20
152.42652433887895
 10
61.89590760607325
 20
152.8892904370268
 10
61.953377091626976
 20
153.3215191792518
 10
62.01831979545423
 20
153.7163080533207
 10
62.089817953907385
 20
154.0667545470002
 10
62.16695380333883
 20
154.36595614805708
 10
62.2488095801009
 20
154.60701034425813
 10
62.33446752054601
 20
154.78301462337006
 10
62.129170549851835
 20
155.22802382511736
 10
61.1833584560508
 20
155.88289467839843
 10
59.606757973130925
 20
156.70566916878334
 10
57.509095835080466
 20
157.65438928184227
 10
55.0000987758875
 20
158.6870970031452
 10
52.18949352954022
 20
159.76183431826234
 10
49.18700683002678
 20
160.8366432127637
 10
46.10236541133533
 20
161.86956567221944
 10
43.04529600745401
 20
162.81864368219965
 10
40.12552535237099
 20
163.6419192282744
 10
37.45278018007442
 20
164.29743429601376
 10
36.35210544885381
 20
164.5339351131123
 10
35.164190288802025
 20
164.77499184227742
 10
33.910198250334076
 20
165.01703406519692
 10
32.61129288386499
 20
165.25649136355867
 10
31.288637739809772
 20
165.48979331905053
 10
29.963396368583453
 20
165.71336951336025
 10
28.65673232060105
 20
165.92364952817576
 10
27.389809146277592
 20
166.11706294518478
 10
26.183790396028094
 20
166.29003934607522
 10
25.05983962026758
 20
166.43900831253484
 10
24.039120369411073
 20
166.56039942625154
 10
22.702348031104457
 20
166.70191368506693
 10
21.56327498924444
 20
166.80697968614498
 10
20.609448685840107
 20
166.8741412398234
 10
19.82841656290055
 20
166.90194215643976
 10
19.20772606243485
 20
166.88892624633172
 10
18.7349246264521
 20
166.83363731983695
 10
18.397559696961387
 20
166.734619187293
 10
18.1831787159718
 20
166.59041565903755
 10
18.079329125492436
 20
166.3995705454082
 10
18.07355836753237
 20
166.16062765674263
 10
18.153413884100708
 20
165.8721308033784
 10
18.248872736930338
 20
165.60508134280963
 10
18.374597690601178
 20
165.23061964324182
 10
18.527190334295057
 20
164.7598187038663
 10
18.70325225719376
 20
164.20375152387447
 10
18.899385048479097
 20
163.57349110245775
 10
19.112190297332866
 20
162.88011043880744
 10
19.33826959293686
 20
162.134682532115
 10
19.57422452447291
 20
161.3482803815717
 10
19.8166566811228
 20
160.531976986369
 10
20.06216765206834
 20
159.6968453456982
 10
20.30735902649132
 20
158.85395845875072
 10
21.93335084352894
 20
153.23346838971503
 10
31.693065511801684
 20
152.51115661185216
 10
33.222858205251306
 20
152.380124409541
 10
34.86511557367166
 20
152.2068626599919
 10
36.59102814989265
 20
151.9960833492433
 10
38.371786466744204
 20
151.75249846333347
 10
40.17858105705625
 20
151.48081998830088
 10
41.9826024536587
 20
151.18575991018386
 10
43.75504118938148
 20
150.8720302150208
 10
45.46708779705453
 20
150.54434288885003
 10
47.08993280950775
 20
150.20740991770995
 10
48.59476675957108
 20
149.8659432876389
 10
49.95278018007442
 20
149.52465498467532
 10
52.90548516495149
 20
148.74053096611237
 10
55.319335809294294
 20
148.11710159976738
 10
57.2486183791376
 20
147.65843137036308
 10
58.74761914051616
 20
147.36858476262216
 10
59.870624359464756
 20
147.25162626126752
 10
60.67192030201815
 20
147.31162035102176
 10
61.20579323421114
 20
147.55263151660776
 10
61.52652942207848
 20
147.97872424274823
 10
61.68841513165498
 20
148.5939630141659
 10
61.74573662897535
 20
149.40241231558355
 10
61.75278018007441
 20
150.40813663172395
  0
LWPOLYLINE
  5
63
330
2F
100
AcDbEntity
  8
CUT
100
AcDbPolyline
 90
67
 70
1
 10
170.7784304654806
 20
164.22444852778642
 10
171.10035947367032
 20
167.2605844233604
 10
171.36503359106487
 20
170.29522836850364
 10
171.57219843291736
 20
173.30677165062448
 10
171.72159961448068
 20
176.2736055571313
 10
171.81298275100778
 20
179.17412137543243
 10
171.84609345775164
 20
181.98671039293617
 10
171.8206773499652
 20
184.6897638970509
 10
171.73648004290143
 20
187.26167317518497
 10
171.5932471518133
 20
189.68082951474668
 10
171.39072429195383
 20
191.92562420314437
 10
171.12865707857588
 20
193.97444852778642
 10
170.97608215119803
 20
194.9190343866133
 10
170.81867864735565
 20
195.73123730555318
 10
170.64991974349888
 20
196.42149734598482
 10
170.46327861607773
 20
197.00025456928705
 10
170.25222844154226
 20
197.47794903683862
 10
170.01024239634256
 20
197.8650208100184
 10
169.73079365692877
 20
198.17190995020513
 10
169.40735539975097
 20
198.40905651877767
 10
169.0334008012592
 20
198.58690057711476
 10
168.60240303790357
 20
198.71588218659525
 10
168.10783528613413
 20
198.80644140859792
 10
167.22546250087095
 20
198.86346932769965
 10
166.2753564191794
 20
198.80628618829843
 10
165.28949508248607
 20
198.6483539560167
 10
164.29985653221766
 20
198.4031345964769
 10
163.3384188098008
 20
198.0840900753014
 10
162.4371599566621
 20
197.70468235811265
 10
161.6280580142283
 20
197.27837341053305
 10
160.94309102392597
 20
196.81862519818506
 10
160.41423702718177
 20
196.33889968669104
 10
160.07347406542237
 20
195.85265884167347
 10
159.95278018007443
 20
195.3733646287547
 10
159.96856676298654
 20
195.13225020502782
 10
160.01440228992453
 20
194.8218344515298
 10
160.08800042819084
 20
194.45020919942417
 10
160.18707484508778
 20
194.02546627987425
 10
160.3093392079177
 20
193.55569752404355
 10
160.452507183983
 20
193.04899476309546
 10
160.61429244058607
 20
192.51344982819342
 10
160.7924086450293
 20
191.95715455050086
 10
160.98456946461508
 20
191.38820076118122
 10
161.18848856664573
 20
190.81468029139788
 10
161.40187961842366
 20
190.24468497231433
 10
162.01988674118982
 20
188.57736846492003
 10
162.57805743943453
 20
186.93777979890086
 10
163.08265464263752
 20
185.2958899673549
 10
163.53994128027836
 20
183.62166996338019
 10
163.9561802818368
 20
181.88509078007473
 10
164.3376345767924
 20
180.05612341053657
 10
164.6905670946248
 20
178.10473884786376
 10
165.02124076481377
 20
176.0009080851543
 10
165.33591851683892
 20
173.71460211550624
 10
165.64086328017984
 20
171.2157919320176
 10
165.94233798431623
 20
168.47444852778642
 10
166.44590221993298
 20
163.94654447903102
 10
166.91990204331196
 20
160.26169537861247
 10
167.36993096089236
 20
157.4149856045779
 10
167.80158247911325
 20
155.4014995349745
 10
168.22045010441374
 20
154.21632154784947
 10
168.63212734323304
 20
153.85453602125
 10
169.0422077020102
 20
154.3112273332232
 10
169.45628468718442
 20
155.58147986181626
 10
169.8799518051948
 20
157.66037798507637
 10
170.3188025624805
 20
160.5430060810507
 10
170.7784304654806
 20
164.22444852778642
  0
LWPOLYLINE
  5
64
330
2F
100
AcDbEntity
  8
CUT
100
AcDbPolyline
 90
34
 70
1
 10
14.780957849745228
 20
159.60262619745723
 10
14.616957844587098
 20
160.47479164108398
 10
14.355786447208036
 20
161.19267896185974
 10
14.018616294534738
 20
161.7530048697924
 10
13.626620023493906
 20
162.15248607488985
 10
13.200970271012245
 20
162.38783928715998
 10
12.762839674016462
 20
162.45578121661066
 10
12.333400869433255
 20
162.35302857324973
 10
11.933826494189333
 20
162.07629806708513
 10
11.585289185211394
 20
161.62230640812467
 10
11.30896157942615
 20
160.9877703063763
 10
11.126016313760296
 20
160.16940647184785
 10
11.079589555451385
 20
159.4219691457937
 10
11.141735684043397
 20
158.68269618993702
 10
11.29791982349861
 20
157.97227613947342
 10
11.533607097779278
 20
157.3113975295987
 10
11.834262630847686
 20
156.72074889550845
 10
12.185351546666102
 20
156.2210187723984
 10
12.572338969196792
 20
155.83289569546423
 10
12.980690022402037
 20
155.5770681999016
 10
13.395869830244102
 20
155.47422482090616
 10
13.803343516685274
 20
155.54505409367368
 10
14.188576205687802
 20
155.8102445533998
 10
14.320560465102155
 20
155.977089819576
 10
14.439722358091004
 20
156.19746884254232
 10
14.545127247950724
 20
156.46539815013307
 10
14.635840497977693
 20
156.77489427018259
 10
14.710927471468288
 20
157.11997373052515
 10
14.769453531718892
 20
157.49465305899514
 10
14.810484042025877
 20
157.89294878342685
 10
14.833084365685629
 20
158.3088774316546
 10
14.836319865994518
 20
158.73645553151266
 10
14.819255906248927
 20
159.16969961083544
 10
14.780957849745228
 20
159.60262619745723
  0
LWPOLYLINE
  5
65
330
2F
100
AcDbEntity
  8
CUT
100
AcDbPolyline
 90
89
 70
1
 10
82.45942225446717
 20
161.55831854734106
 10
79.68109717067932
 20
164.0608154756479
 10
76.76699713792141
 20
166.53971355202975
 10
73.7243491478473
 20
168.99002816994386
 10
70.56038019211081
 20
171.40677472284762
 10
67.28231726236581
 20
173.78496860419835
 10
63.89738735026617
 20
176.11962520745337
 10
60.4128174474657
 20
178.40575992607003
 10
56.83583454561832
 20
180.63838815350562
 10
53.17366563637784
 20
182.8125252832175
 10
49.43353771139814
 20
184.92318670866297
 10
45.62267776233307
 20
186.96538782329935
 10
43.081785546834595
 20
188.28097153806323
 10
40.868305832432306
 20
189.40135786197362
 10
38.95153169919788
 20
190.3380843340348
 10
37.300756227202974
 20
191.10268849325092
 10
35.88527249651928
 20
191.70670787862616
 10
34.67437358721846
 20
192.1616800291648
 10
33.6373525793722
 20
192.47914248387102
 10
32.74350255305216
 20
192.670632781749
 10
31.962116588330034
 20
192.74768846180297
 10
31.262487765277477
 20
192.7218470630371
 10
30.613909163966177
 20
192.60464612445563
 10
29.698917284763333
 20
192.25400855561284
 10
28.638760286836735
 20
191.65216765148458
 10
27.489006946419785
 20
190.85353519870685
 10
26.30522603974582
 20
189.91252298391566
 10
25.14298634304825
 20
188.8835427937471
 10
24.05785663256043
 20
187.82100641483711
 10
23.10540568451576
 20
186.77932563382177
 10
22.3412022751476
 20
185.8129122373371
 10
21.820815180689337
 20
184.97617801201906
 10
21.59981317737435
 20
184.32353474450375
 10
21.73376504143601
 20
183.90939422142714
 10
21.928827697537535
 20
183.7973927076035
 10
22.288944145486838
 20
183.6451871818959
 10
22.80006391713824
 20
183.4570881053129
 10
23.448136544346056
 20
183.23740593886308
 10
24.219111558964634
 20
182.99045114355508
 10
25.09893849284829
 20
182.72053418039752
 10
26.073566877851363
 20
182.43196551039892
 10
27.128946245828182
 20
182.129055594568
 10
28.251026128633065
 20
181.81611489391324
 10
29.425756058120356
 20
181.4974538694433
 10
30.639085566144374
 20
181.1773829821668
 10
33.78599011295531
 20
180.32037333193068
 10
36.895494249688674
 20
179.39626574318186
 10
39.96308141363705
 20
178.40687986979967
 10
42.984235042093026
 20
177.3540353656636
 10
45.95443857234917
 20
176.23955188465303
 10
48.869175441698076
 20
175.0652490806474
 10
51.72392908743232
 20
173.83294660752608
 10
54.51418294684449
 20
172.54446411916854
 10
57.235420457227185
 20
171.20162126945417
 10
59.883125055872966
 20
169.80623771226234
 10
62.45278018007443
 20
168.36013310147257
 10
63.66897101403384
 20
167.65578194946326
 10
64.90544734761761
 20
166.94524239654083
 10
66.14406492838395
 20
166.23863979109092
 10
67.3666795038911
 20
165.5460994814992
 10
68.55514682169726
 20
164.87774681615122
 10
69.69132262936068
 20
164.24370714343263
 10
70.75706267443957
 20
163.6541058117291
 10
71.73422270449214
 20
163.11906816942613
 10
72.60465846707669
 20
162.64871956490944
 10
73.35022570975136
 20
162.2531853465646
 10
73.95278018007443
 20
161.94259086277728
 10
75.46791425042136
 20
161.18880136795036
 10
77.12317237409735
 20
160.38310971794073
 10
78.86174668621209
 20
159.5514950675277
 10
80.62682932187505
 20
158.7199365714906
 10
82.3616124161959
 20
157.91441338460868
 10
84.00928810428425
 20
157.16090466166128
 10
85.51304852124966
 20
156.48538955742762
 10
86.8160858022018
 20
155.9138472266871
 10
87.86159208225024
 20
155.47225682421893
 10
88.59275949650456
 20
155.18659750480245
 10
88.95278018007443
 20
155.08284842321694
 10
88.95022293745885
 20
155.15158001055357
 10
88.79938118789607
 20
155.3549513351079
 10
88.5104998988119
 20
155.68274565213116
 10
88.09382403763215
 20
156.12474621687448
 10
87.55959857178263
 20
156.67073628458917
 10
86.9180684686892
 20
157.31049911052628
 10
86.17947869577768
 20
158.0338179499371
 10
85.3540742204739
 20
158.8304760580728
 10
84.45210001020365
 20
159.69025669018455
 10
83.48380103239282
 20
160.60294310152358
 10
82.45942225446717
 20
161.55831854734106
  0
LWPOLYLINE
  5
66
330
2F
100
AcDbEntity
  8
CUT
100
AcDbPolyline
 90
40
 70
1
 10
154.9243081385824
 20
170.41560739530215
 10
154.42334538179784
 20
171.9870189151935
 10
153.92127398504186
 20
173.50805384380462
 10
153.42506878443888
 20
174.9605416238678
 10
152.94170461611293
 20
176.32631169811532
 10
152.47815631618838
 20
177.58719350927944
 10
152.04139872078937
 20
178.72501650009244
 10
151.63840666604025
 20
179.72161011328654
 10
151.27615498806523
 20
180.55880379159402
 10
150.96161852298852
 20
181.21842697774716
 10
150.70177210693438
 20
181.68230911447822
 10
150.50359057602705
 20
181.93227964451944
 10
150.28750346913415
 20
182.04923489047817
 10
150.0435352466135
 20
182.06404575375336
 10
149.77128225926066
 20
181.97626512640528
 10
149.47034085787146
 20
181.7854459004942
 10
149.14030739324153
 20
181.4911409680804
 10
148.78077821616657
 20
181.09290322122413
 10
148.3913496774423
 20
180.59028555198563
 10
147.97161812786445
 20
179.98284085242517
 10
147.52117991822874
 20
179.27012201460303
 10
147.0396313993309
 20
178.45168193057944
 10
146.52656892196651
 20
177.5270734924147
 10
143.64970822096714
 20
172.2088148451516
 10
145.83485838141345
 20
169.14005442306205
 10
146.18417149856717
 20
168.62589898065147
 10
146.57160902028173
 20
168.01329963225174
 10
146.98973577413807
 20
167.31611465617075
 10
147.43111658771704
 20
166.54820233071635
 10
147.8883162885996
 20
165.72342093419638
 10
148.35389970436663
 20
164.85562874491876
 10
148.820431662599
 20
163.9586840411913
 10
149.28047699087767
 20
163.0464451013218
 10
149.72660051678352
 20
162.13277020361824
 10
150.1513670678975
 20
161.23151762638838
 10
150.54734147180048
 20
160.3565456479401
 10
153.07467440174116
 20
154.6417972949077
 10
155.6597695749089
 20
157.22689246807542
 10
158.2448647480766
 20
159.81198764124315
 10
154.9243081385824
 20
170.41560739530215
  0
LWPOLYLINE
  5
67
330
2F
100
AcDbEntity
  8
CUT
100
AcDbPolyline
 90
38
 70
1
 10
142.6712996661083
 20
163.45839322673794
 10
143.60380286257288
 20
164.04802490241065
 10
144.3565453832738
 20
164.54366851011477
 10
144.9363032305829
 20
164.96939031584537
 10
145.34985240687183
 20
165.34925658559763
 10
145.60396891451242
 20
165.7073335853667
 10
145.70542875587643
 20
166.0676875811477
 10
145.6610079333356
 20
166.45438483893582
 10
145.47748244926186
 20
166.89149162472614
 10
145.16162830602684
 20
167.40307420451387
 10
144.72022150600236
 20
168.0131988442941
 10
144.1600380515602
 20
168.74593181006196
 10
142.4117676142236
 20
171.0174150923375
 10
138.80475820184708
 20
166.18596908745266
 10
137.9296573512746
 20
165.00721937064242
 10
137.21814470785958
 20
164.02032127093713
 10
136.6617652123299
 20
163.1928076650754
 10
136.2520638054135
 20
162.49221142979582
 10
135.98058542783838
 20
161.88606544183693
 10
135.83887502033244
 20
161.34190257793728
 10
135.81847752362359
 20
160.82725571483545
 10
135.91093787843982
 20
160.30965772926993
 10
136.10780102550908
 20
159.75664149797933
 10
136.40061190555923
 20
159.13573989770222
 10
136.7809154593183
 20
158.41448580517712
 10
138.364082129166
 20
155.47444852778642
 10
138.9154707799224
 20
158.45839322673794
 10
139.03639436295302
 20
158.9778104062517
 10
139.20509465516693
 20
159.4891438094985
 10
139.42034711394447
 20
159.99076324690282
 10
139.68092719666618
 20
160.481038528889
 10
139.9856103607124
 20
160.95833946588152
 10
140.33317206346354
 20
161.42103586830484
 10
140.72238776230003
 20
161.86749754658337
 10
141.15203291460236
 20
162.29609431114147
 10
141.6208829777509
 20
162.70519597240366
 10
142.12771340912607
 20
163.09317234079435
 10
142.6712996661083
 20
163.45839322673794
  0
LWPOLYLINE
  5
68
330
2F
100
AcDbEntity
  8
CUT
100
AcDbPolyline
 90
80
 70
1
 10
66.39390981517931
 20
158.5062518996569
 10
66.69946205317444
 20
158.722455159697
 10
67.02983547392367
 20
158.9290616423782
 10
67.3791134733699
 20
159.12375488420003
 10
67.74137944745601
 20
159.30421842166209
 10
68.11071679212492
 20
159.46813579126393
 10
68.4812089033195
 20
159.61319052950512
 10
68.84693917698269
 20
159.73706617288525
 10
69.20199100905737
 20
159.83744625790388
 10
69.54044779548641
 20
159.91201432106055
 10
69.85639293221277
 20
159.95845389885488
 10
70.14390981517931
 20
159.97444852778642
 10
70.97457699886047
 20
160.01586390463152
 10
71.52324857764555
 20
160.1474721966118
 10
71.77693159787671
 20
160.3803166458947
 10
71.72263310589597
 20
160.72544049464773
 10
71.3473601480454
 20
161.19388698503838
 10
70.63811977066715
 20
161.79669935923408
 10
69.58191902010324
 20
162.5449208594024
 10
68.16576494269583
 20
163.44959472771072
 10
66.37666458478694
 20
164.52176420632657
 10
64.2016249927187
 20
165.7724725374174
 10
61.62765321283317
 20
167.21276296315068
 10
58.55975721435944
 20
168.8836536931533
 10
55.655747886173536
 20
170.401926512823
 10
52.8691643125596
 20
171.78633969421256
 10
50.15354557780183
 20
173.0556515093747
 10
47.46243076618445
 20
174.2286202303622
 10
44.74935896199159
 20
175.32400412922772
 10
41.967869249507466
 20
176.36056147802404
 10
39.07150071301629
 20
177.35705054880387
 10
36.01379243680223
 20
178.33222961361997
 10
32.74828350514947
 20
179.30485694452503
 10
29.22851300234222
 20
180.29369081357183
 10
20.00424582461001
 20
182.82037312252805
 10
18.9840899367449
 20
179.14741082515724
 10
18.833803370576298
 20
178.5716267748686
 10
18.69006934598164
 20
177.95339750474983
 10
18.554506224288325
 20
177.30357430210458
 10
18.428732366823724
 20
176.6330084542367
 10
18.314366134915254
 20
175.95255124844988
 10
18.213025889890304
 20
175.27305397204793
 10
18.126329993076254
 20
174.6053679123346
 10
18.055896805800522
 20
173.96034435661363
 10
18.003344689390488
 20
173.34883459218878
 10
17.970292005173548
 20
172.7816899063638
 10
17.958357114477103
 20
172.26976158644248
 10
17.93667136503463
 20
171.39445616707624
 10
17.930968894231675
 20
170.6899329276529
 10
18.02521264742758
 20
170.12534304410562
 10
18.30336556998168
 20
169.66983769236754
 10
18.84939060725332
 20
169.29256804837183
 10
19.747250704601825
 20
168.9626852880516
 10
21.08090880738655
 20
168.64934058734002
 10
22.93432786096683
 20
168.3216851221702
 10
25.39147081070201
 20
167.9488700684753
 10
28.536300601951424
 20
167.50004660218846
 10
32.45278018007442
 20
166.94436589924283
 10
34.8564350672204
 20
166.55512196624835
 10
37.3815911808779
 20
166.06198186278897
 10
39.98717025458037
 20
165.47734241475075
 10
42.63209402186127
 20
164.81360044801977
 10
45.275284216254086
 20
164.08315278848204
 10
47.875662571292274
 20
163.29839626202354
 10
50.39215082050932
 20
162.47172769453033
 10
52.7836706974387
 20
161.61554391188847
 10
55.00914393561387
 20
160.74224173998394
 10
57.0274922685683
 20
159.8642180047028
 10
58.79763742983547
 20
158.99386953193107
 10
59.912150380560774
 20
158.41496788078572
 10
60.86727111374489
 20
157.94776972113291
 10
61.68786751964316
 20
157.5906787408407
 10
62.398807488510926
 20
157.3420986277772
 10
63.024958910603516
 20
157.20043306981052
 10
63.59118967617624
 20
157.16408575480872
 10
64.1223676754845
 20
157.23146037063998
 10
64.64336079878359
 20
157.4009606051723
 10
65.17903693632886
 20
157.67099014627382
 10
65.75426397837566
 20
158.03995268181265
 10
66.39390981517931
 20
158.5062518996569
  0
LWPOLYLINE
  5
69
330
2F
100
AcDbEntity
  8
CUT
100
AcDbPolyline
 90
69
 70
1
 10
164.0268211146068
 20
174.9351935179424
 10
163.84974789166256
 20
176.00198651997306
 10
163.6353103367906
 20
177.16784594944693
 10
163.38851946148887
 20
178.41126057493835
 10
163.11438627725514
 20
179.7107191650216
 10
162.8179217955872
 20
181.04471048827097
 10
162.50413702798306
 20
182.39172331326077
 10
162.1780429859405
 20
183.73024640856536
 10
161.84465068095736
 20
185.038768542759
 10
161.50897112453154
 20
186.29577848441602
 10
161.17601532816096
 20
187.4797650021107
 10
160.85079430334335
 20
188.56921686441734
 10
158.71957229084262
 20
195.46931102533347
 10
154.8361762354585
 20
191.0932710292967
 10
153.7463872484535
 20
189.84257291965457
 10
152.85592967007463
 20
188.75401115790152
 10
152.15764786927517
 20
187.7937778509694
 10
151.64438621500807
 20
186.92806510579027
 10
151.30898907622654
 20
186.12306502929601
 10
151.14430082188363
 20
185.34496972841856
 10
151.14316582093258
 20
184.55997131008994
 10
151.2984284423264
 20
183.73426188124205
 10
151.60293305501833
 20
182.83403354880681
 10
152.04952402796138
 20
181.8254784197162
 10
152.63104573010875
 20
180.67478860090222
 10
152.90698072554258
 20
180.1118382527673
 10
153.2267603335133
 20
179.3953069181201
 10
153.5835659840404
 20
178.54352112869475
 10
153.97057910714315
 20
177.57480741622547
 10
154.3809811328409
 20
176.5074923124464
 10
154.80795349115294
 20
175.35990234909178
 10
155.2446776120987
 20
174.15036405789576
 10
155.68433492569753
 20
172.8972039705925
 10
156.12010686196876
 20
171.61874861891621
 10
156.54517485093174
 20
170.33332453460108
 10
156.9527203226058
 20
169.05925824938123
 10
157.45532370564766
 20
167.4972960613551
 10
157.92824371590228
 20
166.1084876596066
 10
158.3746155909076
 20
164.88667038374638
 10
158.79757456820127
 20
163.82568157338505
 10
159.20025588532104
 20
162.91935856813325
 10
159.58579477980473
 20
162.16153870760155
 10
159.95732648919008
 20
161.54605933140056
 10
160.31798625101487
 20
161.06675777914086
 10
160.6709093028169
 20
160.7174713904331
 10
161.01923088213388
 20
160.4920375048879
 10
161.3660862265036
 20
160.3842934621158
 10
161.6338983142265
 20
160.3387632273658
 10
161.9037933074168
 20
160.28108066979604
 10
162.17193988875223
 20
160.2127094804399
 10
162.43450674091073
 20
160.13511335033064
 10
162.68766254657015
 20
160.04975597050162
 10
162.92757598840834
 20
159.9581010319862
 10
163.1504157491032
 20
159.86161222581765
 10
163.35235051133256
 20
159.76175324302932
 10
163.52954895777432
 20
159.65998777465455
 10
163.67817977110636
 20
159.55777951172664
 10
163.79441163400654
 20
159.45659214527893
 10
164.0864945569959
 20
159.39437187608678
 10
164.32716131685257
 20
159.81082764499163
 10
164.51548698206162
 20
160.64435849586283
 10
164.65054662110782
 20
161.8333634725697
 10
164.7314153024761
 20
163.31624161898162
 10
164.75716809465152
 20
165.03139197896792
 10
164.72688006611887
 20
166.91721359639794
 10
164.63962628536316
 20
168.91210551514106
 10
164.4944818208693
 20
170.9544667790666
 10
164.2905217411222
 20
172.98269643204395
 10
164.0268211146068
 20
174.9351935179424
  0
LWPOLYLINE
  5
6A
330
2F
100
AcDbEntity
  8
CUT
100
AcDbPolyline
 90
34
 70
1
 10
12.45278018007442
 20
176.98814357081858
 10
12.385069089996588
 20
178.24178299078264
 10
12.198059963352158
 20
179.23068600611148
 10
11.915939015524735
 20
179.95740314712833
 10
11.5628924618979
 20
180.42448494415652
 10
11.163106517855248
 20
180.63448192751932
 10
10.740767398780381
 20
180.58994462753998
 10
10.320061320056883
 20
180.29342357454175
 10
9.925174497068362
 20
179.74746929884793
 10
9.580293145198407
 20
178.9546323307818
 10
9.30960347983061
 20
177.9174632006666
 10
9.137291716348567
 20
176.63851243882564
 10
9.077191398449095
 20
175.8171750635351
 10
9.045329283120907
 20
175.1224109110637
 10
9.045390233124447
 20
174.54565561120643
 10
9.08105911122016
 20
174.07834479375828
 10
9.156020780168493
 20
173.7119140885143
 10
9.273960102729895
 20
173.43779912526946
 10
9.438561941664808
 20
173.24743553381882
 10
9.65351115973369
 20
173.1322589439573
 10
9.922492619696975
 20
173.08370498547995
 10
10.24919118431512
 20
173.09320928818178
 10
10.637291716348567
 20
173.1522074818578
 10
10.981595549438808
 20
173.24171580732127
 10
11.284788066558733
 20
173.37195413697293
 10
11.54862241121198
 20
173.54662667856135
 10
11.774851726902185
 20
173.76943763983508
 10
11.965229157132995
 20
174.04409122854267
 10
12.12150784540805
 20
174.3742916524327
 10
12.245440935230981
 20
174.76374311925372
 10
12.33878157010545
 20
175.21614983675425
 10
12.403282893535085
 20
175.73521601268286
 10
12.440698049023528
 20
176.32464585478812
 10
12.45278018007442
 20
176.98814357081858
  0
LWPOLYLINE
  5
6B
330
2F
100
AcDbEntity
  8
CUT
100
AcDbPolyline
 90
34
 70
1
 10
18.675942827644064
 20
189.94716738582588
 10
19.482408202402
 20
190.51347996147754
 10
20.236878464198668
 20
191.18527221017277
 10
20.92642048025759
 20
191.93666055904373
 10
21.538101117802242
 20
192.7417614352227
 10
22.058987244056112
 20
193.57469126584186
 10
22.4761457262427
 20
194.40956647803347
 10
22.77664343158549
 20
195.2205034989297
 10
22.947547227307986
 20
195.98161875566282
 10
22.975923980633674
 20
196.66702867536503
 10
22.84884055878605
 20
197.25084968516853
 10
22.55336382898861
 20
197.70719821220558
 10
21.806037048482956
 20
198.09238771871333
 10
20.8307678820561
 20
198.0685013400722
 10
19.697183631524815
 20
197.69679618985404
 10
18.47491159870586
 20
197.03852938163075
 10
17.23357908541598
 20
196.1549580289742
 10
16.04281339347195
 20
195.10733924545627
 10
14.972241824690524
 20
193.95693014464885
 10
14.09149168088847
 20
192.76498784012378
 10
13.470190263882543
 20
191.59276944545297
 10
13.1779648754895
 20
190.50153207420828
 10
13.284442817526113
 20
189.5525328399616
 10
13.498223608141885
 20
189.04894256430282
 10
13.723024657913331
 20
188.6500065455696
 10
13.973596252051255
 20
188.35680444101772
 10
14.264688675766457
 20
188.17041590790296
 10
14.611052214269733
 20
188.0919206034811
 10
15.027437152771896
 20
188.12239818500797
 10
15.528593776483739
 20
188.26292830973938
 10
16.12927237061608
 20
188.51459063493104
 10
16.844223220379714
 20
188.87846481783885
 10
17.68819661098544
 20
189.3556305157185
 10
18.675942827644064
 20
189.94716738582588
  0
LWPOLYLINE
  5
6C
330
2F
100
AcDbEntity
  8
CUT
100
AcDbPolyline
 90
34
 70
1
 10
154.95278018007443
 20
194.65591023760354
 10
154.94538828153304
 20
194.97270872980317
 10
154.92124706591375
 20
195.23015882241916
 10
154.87740825322373
 20
195.42890933204643
 10
154.81092356347017
 20
195.56960907527997
 10
154.71884471666024
 20
195.65290686871475
 10
154.59822343280112
 20
195.67945152894578
 10
154.4461114319
 20
195.649891872568
 10
154.25956043396414
 20
195.56487671617637
 10
154.03562215900064
 20
195.42505487636592
 10
153.77134832701674
 20
195.23107516973158
 10
153.4637906580196
 20
194.9835864128684
 10
153.25060532902273
 20
194.79177508572343
 10
153.0587253589636
 20
194.5893161993261
 10
152.88961948831474
 20
194.37958420062165
 10
152.7447564575484
 20
194.1659535365554
 10
152.62560500713707
 20
193.9517986540726
 10
152.53363387755329
 20
193.74049400011856
 10
152.47031180926942
 20
193.53541402163847
 10
152.43710754275793
 20
193.3399331655777
 10
152.43548981849125
 20
193.15742587888147
 10
152.46692737694184
 20
192.99126660849504
 10
152.5328889585821
 20
192.84482980136374
 10
152.7670648759596
 20
192.55722187459298
 10
153.03184856873796
 20
192.38509492676388
 10
153.3160917246948
 20
192.32010540508213
 10
153.60864603160746
 20
192.3539097567533
 10
153.89836317725366
 20
192.47816442898295
 10
154.17409484941078
 20
192.68452586897675
 10
154.42469273585644
 20
192.96465052394026
 10
154.63900852436808
 20
193.3101948410791
 10
154.80589390272328
 20
193.71281526759884
 10
154.91420055869958
 20
194.16416825070513
 10
154.95278018007443
 20
194.65591023760354
  0
LWPOLYLINE
  5
6D
330
2F
100
AcDbEntity
  8
CUT
100
AcDbPolyline
 90
34
 70
1
 10
164.49389869601208
 20
201.0409796841405
 10
164.69648351021183
 20
201.42961422763474
 10
164.805657126412
 20
201.78065546274368
 10
164.8265577896466
 20
202.0902047363932
 10
164.76432374494962
 20
202.35436339550918
 10
164.62409323735503
 20
202.56923278701754
 10
164.41100451189678
 20
202.7309142578442
 10
164.13019581360888
 20
202.83550915491506
 10
163.7868053875254
 20
202.879118825156
 10
163.3859714786802
 20
202.85784461549295
 10
162.93283233210732
 20
202.76778787285178
 10
162.4325261928408
 20
202.60504994415845
 10
162.20273566055852
 20
202.5032981309414
 10
161.99635222963224
 20
202.38469312874025
 10
161.81492859221652
 20
202.25179649356866
 10
161.6600174404657
 20
202.10716978144032
 10
161.53317146653433
 20
201.95337454836897
 10
161.4359433625768
 20
201.7929723503683
 10
161.3698858207476
 20
201.628524743452
 10
161.33655153320117
 20
201.46259328363374
 10
161.33749319209198
 20
201.29773952692727
 10
161.3742634895745
 20
201.13652502934627
 10
161.4484151178031
 20
200.98151134690443
 10
161.68332961858468
 20
200.65699941580618
 10
161.94243072164133
 20
200.39877957862515
 10
162.2204527357275
 20
200.20674901362725
 10
162.51212996959762
 20
200.08080489907832
 10
162.81219673200613
 20
200.02084441324425
 10
163.11538733170744
 20
200.0267647343909
 10
163.41643607745604
 20
200.09846304078414
 10
163.71007727800637
 20
200.23583651068986
 10
163.99104524211288
 20
200.4387823223739
 10
164.25407427852997
 20
200.70719765410215
 10
164.49389869601208
 20
201.0409796841405
  0
LWPOLYLINE
  5
6E
330
2F
100
AcDbEntity
  8
CUT
100
AcDbPolyline
 90
34
 70
1
 10
172.21721251144635
 20
202.57221419249169
 10
172.45707981268762
 20
202.90374089023652
 10
172.573368952039
 20
203.27743092486364
 10
172.576909247408
 20
203.67774767292804
 10
172.47853001670202
 20
204.0891545109847
 10
172.28906057782865
 20
204.49611481558867
 10
172.01933024869527
 20
204.883091963295
 10
171.68016834720936
 20
205.23454933065858
 10
171.28240419127843
 20
205.53495029423453
 10
170.8368670988099
 20
205.76875823057782
 10
170.35438638771134
 20
205.92043651624343
 10
169.84579137589012
 20
205.97444852778642
 10
169.30178172020126
 20
205.94840823109743
 10
168.85268190995322
 20
205.87144726135895
 10
168.498922572525
 20
205.7453054990637
 10
168.24093433529538
 20
205.5717228247044
 10
168.07914782564325
 20
205.35243911877384
 10
168.01399367094743
 20
205.0891942617647
 10
168.04590249858686
 20
204.78372813416976
 10
168.17530493594043
 20
204.43778061648172
 10
168.40263161038692
 20
204.05309158919334
 10
168.7283131493053
 20
203.6314009327973
 10
169.15278018007442
 20
203.1744485277864
 10
169.50428840190037
 20
202.8399558661768
 10
169.8337447134066
 20
202.56287950874085
 10
170.14363818707113
 20
202.34273029313226
 10
170.4364578953719
 20
202.1790190570047
 10
170.71469291078697
 20
202.07125663801187
 10
170.98083230579434
 20
202.0189538738075
 10
171.237365152872
 20
202.02162160204526
 10
171.48678052449807
 20
202.07877066037886
 10
171.73156749315044
 20
202.189911886462
 10
171.9742151313072
 20
202.3545561179484
 10
172.21721251144635
 20
202.57221419249169
  0
ENDBLK
  5
31
330
2F
100
AcDbEntity
  8
0
100
AcDbBlockEnd
  0
ENDSEC
  0
SECTION
  2
ENTITIES
  0
INSERT
  5
6F
330
17
100
AcDbEntity
  8
0
100
AcDbBlockReference
  2
PART_0
 10
5.0
 20
5.0
 30
0.0
  0
LWPOLYLINE
  5
71
330
17
100
AcDbEntity
  8
SHEET_BORDER
 62
3
100
AcDbPolyline
 90
5
 70
0
 10
0.0
 20
0.0
 10
1200.0
 20
0.0
 10
1200.0
 20
600.0
 10
0.0
 20
600.0
 10
0.0
 20
0.0
  0
ENDSEC
  0
SECTION
  2
OBJECTS
  0
DICTIONARY
  5
A
330
0
100
AcDbDictionary
281
1
  3
ACAD_COLOR
350
B
  3
ACAD_GROUP
350
C
  3
ACAD_LAYOUT
350
D
  3
ACAD_MATERIAL
350
E
  3
ACAD_MLEADERSTYLE
350
F
  3
ACAD_MLINESTYLE
350
10
  3
ACAD_PLOTSETTINGS
350
11
  3
ACAD_PLOTSTYLENAME
350
12
  3
ACAD_SCALELIST
350
14
  3
ACAD_TABLESTYLE
350
15
  3
ACAD_VISUALSTYLE
350
16
  3
EZDXF_META
350
2D
  0
DICTIONARY
  5
B
330
A
100
AcDbDictionary
281
1
  0
DICTIONARY
  5
C
330
A
100
AcDbDictionary
281
1
  0
DICTIONARY
  5
D
330
A
100
AcDbDictionary
281
1
  3
Model
350
1A
  3
Layout1
350
1E
  0
DICTIONARY
  5
E
330
A
100
AcDbDictionary
281
1
  3
ByBlock
350
1F
  3
ByLayer
350
20
  3
Global
350
21
  0
DICTIONARY
  5
F
330
A
100
AcDbDictionary
281
1
  3
Standard
350
2C
  0
DICTIONARY
  5
10
330
A
100
AcDbDictionary
281
1
  3
Standard
350
22
  0
DICTIONARY
  5
11
330
A
100
AcDbDictionary
281
1
  0
ACDBDICTIONARYWDFLT
  5
12
330
A
100
AcDbDictionary
281
1
  3
Normal
350
13
100
AcDbDictionaryWithDefault
340
13
  0
ACDBPLACEHOLDER
  5
13
330
12
  0
DICTIONARY
  5
14
330
A
100
AcDbDictionary
281
1
  0
DICTIONARY
  5
15
330
A
100
AcDbDictionary
281
1
  0
DICTIONARY
  5
16
330
A
100
AcDbDictionary
281
1
  0
LAYOUT
  5
1A
330
D
100
AcDbPlotSettings
  1

  4
A3
  6

 40
7.5
 41
20.0
 42
7.5
 43
20.0
 44
420.0
 45
297.0
 46
0.0
 47
0.0
 48
0.0
 49
0.0
140
0.0
141
0.0
142
1.0
143
1.0
 70
1024
 72
1
 73
0
 74
5
  7

 75
16
 76
0
 77
2
 78
300
147
1.0
148
0.0
149
0.0
100
AcDbLayout
  1
Model
 70
1
 71
0
 10
0.0
 20
0.0
 11
420.0
 21
297.0
 12
0.0
 22
0.0
 32
0.0
 14
1e+20
 24
1e+20
 34
1e+20
 15
-1e+20
 25
-1e+20
 35
-1e+20
146
0.0
 13
0.0
 23
0.0
 33
0.0
 16
1.0
 26
0.0
 36
0.0
 17
0.0
 27
1.0
 37
0.0
 76
1
330
17
  0
LAYOUT
  5
1E
330
D
100
AcDbPlotSettings
  1

  4
A3
  6

 40
7.5
 41
20.0
 42
7.5
 43
20.0
 44
420.0
 45
297.0
 46
0.0
 47
0.0
 48
0.0
 49
0.0
140
0.0
141
0.0
142
1.0
143
1.0
 70
0
 72
1
 73
0
 74
5
  7

 75
16
 76
0
 77
2
 78
300
147
1.0
148
0.0
149
0.0
100
AcDbLayout
  1
Layout1
 70
1
 71
1
 10
0.0
 20
0.0
 11
420.0
 21
297.0
 12
0.0
 22
0.0
 32
0.0
 14
1e+20
 24
1e+20
 34
1e+20
 15
-1e+20
 25
-1e+20
 35
-1e+20
146
0.0
 13
0.0
 23
0.0
 33
0.0
 16
1.0
 26
0.0
 36
0.0
 17
0.0
 27
1.0
 37
0.0
 76
1
330
1B
  0
MATERIAL
  5
1F
102
{ACAD_REACTORS
330
E
102
}
330
E
100
AcDbMaterial
  1
ByBlock
  2

 70
0
 40
1.0
 71
1
 41
1.0
 91
-1023410177
 42
1.0
 72
1
  3

 73
1
 74
1
 75
1
 44
0.5
 73
0
 45
1.0
 46
1.0
 77
1
  4

 78
1
 79
1
170
1
 48
1.0
171
1
  6

172
1
173
1
174
1
140
1.0
141
1.0
175
1
  7

176
1
177
1
178
1
143
1.0
179
1
  8

270
1
271
1
272
1
145
1.0
146
1.0
273
1
  9

274
1
275
1
276
1
 42
1.0
 72
1
  3

 73
1
 74
1
 75
1
 94
63
  0
MATERIAL
  5
20
102
{ACAD_REACTORS
330
E
102
}
330
E
100
AcDbMaterial
  1
ByLayer
  2

 70
0
 40
1.0
 71
1
 41
1.0
 91
-1023410177
 42
1.0
 72
1
  3

 73
1
 74
1
 75
1
 44
0.5
 73
0
 45
1.0
 46
1.0
 77
1
  4

 78
1
 79
1
170
1
 48
1.0
171
1
  6

172
1
173
1
174
1
140
1.0
141
1.0
175
1
  7

176
1
177
1
178
1
143
1.0
179
1
  8

270
1
271
1
272
1
145
1.0
146
1.0
273
1
  9

274
1
275
1
276
1
 42
1.0
 72
1
  3

 73
1
 74
1
 75
1
 94
63
  0
MATERIAL
  5
21
102
{ACAD_REACTORS
330
E
102
}
330
E
100
AcDbMaterial
  1
Global
  2

 70
0
 40
1.0
 71
1
 41
1.0
 91
-1023410177
 42
1.0
 72
1
  3

 73
1
 74
1
 75
1
 44
0.5
 73
0
 45
1.0
 46
1.0
 77
1
  4

 78
1
 79
1
170
1
 48
1.0
171
1
  6

172
1
173
1
174
1
140
1.0
141
1.0
175
1
  7

176
1
177
1
178
1
143
1.0
179
1
  8

270
1
271
1
272
1
145
1.0
146
1.0
273
1
  9

274
1
275
1
276
1
 42
1.0
 72
1
  3

 73
1
 74
1
 75
1
 94
63
  0
MLINESTYLE
  5
22
102
{ACAD_REACTORS
330
10
102
}
330
10
100
AcDbMlineStyle
  2
Standard
 70
0
  3

 62
256
 51
90.0
 52
90.0
 71
2
 49
0.5
 62
256
  6
BYLAYER
 49
-0.5
 62
256
  6
BYLAYER
  0
MLEADERSTYLE
  5
2C
102
{ACAD_REACTORS
330
F
102
}
330
F
100
AcDbMLeaderStyle
179
2
170
2
171
1
172
0
 90
2
 40
0.0
 41
0.0
173
1
 91
-1056964608
 92
-2
290
1
 42
2.0
291
1
 43
8.0
  3
Standard
 44
4.0
300

342
29
174
1
175
1
176
0
178
1
 93
-1056964608
 45
4.0
292
0
297
0
 46
4.0
 94
-1056964608
 47
1.0
 49
1.0
140
1.0
294
1
141
0.0
177
0
142
1.0
295
0
296
0
143
3.75
271
0
272
9
273
9
  0
DICTIONARY
  5
2D
330
A
100
AcDbDictionary
280
1
281
1
  3
CREATED_BY_EZDXF
350
2E
  3
WRITTEN_BY_EZDXF
350
74
  0
DICTIONARYVAR
  5
2E
330
2D
100
DictionaryVariables
280
0
  1
1.4.4 @ 2026-09-16T03:05:52.847330+00:00
  0
DICTIONARYVAR
  5
74
330
2D
100
DictionaryVariables
280
0
  1
1.4.4 @ 2026-09-16T03:05:53.155956+00:00
  0
ENDSEC
  0
EOF
