  0
SECTION
  2
HEADER
  9
$ACADVER
  1
AC1024
  9
$ACADMAINTVER
 70
6
  9
$DWGCODEPAGE
  3
ANSI_1252
  9
$LASTSAVEDBY
  1
ezdxf
  9
$INSBASE
 10
0.0
 20
0.0
 30
0.0
  9
$EXTMIN
 10
1e+20
 20
1e+20
 30
1e+20
  9
$EXTMAX
 10
-1e+20
 20
-1e+20
 30
-1e+20
  9
$LIMMIN
 10
0.0
 20
0.0
  9
$LIMMAX
 10
420.0
 20
297.0
  9
$ORTHOMODE
 70
0
  9
$REGENMODE
 70
1
  9
$FILLMODE
 70
1
  9
$QTEXTMODE
 70
0
  9
$MIRRTEXT
 70
1
  9
$LTSCALE
 40
1.0
  9
$ATTMODE
 70
1
  9
$TEXTSIZE
 40
2.5
  9
$TRACEWID
 40
1.0
  9
$TEXTSTYLE
  7
Standard
  9
$CLAYER
  8
0
  9
$CELTYPE
  6
ByLayer
  9
$CECOLOR
 62
256
  9
$CELTSCALE
 40
1.0
  9
$DISPSILH
 70
0
  9
$DIMSCALE
 40
1.0
  9
$DIMASZ
 40
2.5
  9
$DIMEXO
 40
0.625
  9
$DIMDLI
 40
3.75
  9
$DIMRND
 40
0.0
  9
$DIMDLE
 40
0.0
  9
$DIMEXE
 40
1.25
  9
$DIMTP
 40
0.0
  9
$DIMTM
 40
0.0
  9
$DIMTXT
 40
2.5
  9
$DIMCEN
 40
2.5
  9
$DIMTSZ
 40
0.0
  9
$DIMTOL
 70
0
  9
$DIMLIM
 70
0
  9
$DIMTIH
 70
0
  9
$DIMTOH
 70
0
  9
$DIMSE1
 70
0
  9
$DIMSE2
 70
0
  9
$DIMTAD
 70
1
  9
$DIMZIN
 70
8
  9
$DIMBLK
  1

  9
$DIMASO
 70
1
  9
$DIMSHO
 70
1
  9
$DIMPOST
  1

  9
$DIMAPOST
  1

  9
$DIMALT
 70
0
  9
$DIMALTD
 70
3
  9
$DIMALTF
 40
0.03937007874
  9
$DIMLFAC
 40
1.0
  9
$DIMTOFL
 70
1
  9
$DIMTVP
 40
0.0
  9
$DIMTIX
 70
0
  9
$DIMSOXD
 70
0
  9
$DIMSAH
 70
0
  9
$DIMBLK1
  1

  9
$DIMBLK2
  1

  9
$DIMSTYLE
  2
ISO-25
  9
$DIMCLRD
 70
0
  9
$DIMCLRE
 70
0
  9
$DIMCLRT
 70
0
  9
$DIMTFAC
 40
1.0
  9
$DIMGAP
 40
0.625
  9
$DIMJUST
 70
0
  9
$DIMSD1
 70
0
  9
$DIMSD2
 70
0
  9
$DIMTOLJ
 70
0
  9
$DIMTZIN
 70
8
  9
$DIMALTZ
 70
0
  9
$DIMALTTZ
 70
0
  9
$DIMUPT
 70
0
  9
$DIMDEC
 70
2
  9
$DIMTDEC
 70
2
  9
$DIMALTU
 70
2
  9
$DIMALTTD
 70
3
  9
$DIMTXSTY
  7
Standard
  9
$DIMAUNIT
 70
0
  9
$DIMADEC
 70
0
  9
$DIMALTRND
 40
0.0
  9
$DIMAZIN
 70
0
  9
$DIMDSEP
 70
44
  9
$DIMATFIT
 70
3
  9
$DIMFRAC
 70
0
  9
$DIMLDRBLK
  1

  9
$DIMLUNIT
 70
2
  9
$DIMLWD
 70
-2
  9
$DIMLWE
 70
-2
  9
$DIMTMOVE
 70
0
  9
$DIMFXL
 40
1.0
  9
$DIMFXLON
 70
0
  9
$DIMJOGANG
 40
0.785398163397
  9
$DIMTFILL
 70
0
  9
$DIMTFILLCLR
 70
0
  9
$DIMARCSYM
 70
0
  9
$DIMLTYPE
  6

  9
$DIMLTEX1
  6

  9
$DIMLTEX2
  6

  9
$DIMTXTDIRECTION
 70
0
  9
$LUNITS
 70
2
  9
$LUPREC
 70
4
  9
$SKETCHINC
 40
1.0
  9
$FILLETRAD
 40
10.0
  9
$AUNITS
 70
0
  9
$AUPREC
 70
2
  9
$MENU
  1
.
  9
$ELEVATION
 40
0.0
  9
$PELEVATION
 40
0.0
  9
$THICKNESS
 40
0.0
  9
$LIMCHECK
 70
0
  9
$CHAMFERA
 40
0.0
  9
$CHAMFERB
 40
0.0
  9
$CHAMFERC
 40
0.0
  9
$CHAMFERD
 40
0.0
  9
$SKPOLY
 70
0
  9
$TDCREATE
 40
2461296.7399537037
  9
$TDUCREATE
 40
2458532.153996898
  9
$TDUPDATE
 40
2461296.7399652777
  9
$TDUUPDATE
 40
2458532.1544311
  9
$TDINDWG
 40
0.0
  9
$TDUSRTIMER
 40
0.0
  9
$USRTIMER
 70
1
  9
$ANGBASE
 50
0.0
  9
$ANGDIR
 70
0
  9
$PDMODE
 70
0
  9
$PDSIZE
 40
0.0
  9
$PLINEWID
 40
0.0
  9
$SPLFRAME
 70
0
  9
$SPLINETYPE
 70
6
  9
$SPLINESEGS
 70
8
  9
$HANDSEED
  5
BB
  9
$SURFTAB1
 70
6
  9
$SURFTAB2
 70
6
  9
$SURFTYPE
 70
6
  9
$SURFU
 70
6
  9
$SURFV
 70
6
  9
$UCSBASE
  2

  9
$UCSNAME
  2

  9
$UCSORG
 10
0.0
 20
0.0
 30
0.0
  9
$UCSXDIR
 10
1.0
 20
0.0
 30
0.0
  9
$UCSYDIR
 10
0.0
 20
1.0
 30
0.0
  9
$UCSORTHOREF
  2

  9
$UCSORTHOVIEW
 70
0
  9
$UCSORGTOP
 10
0.0
 20
0.0
 30
0.0
  9
$UCSORGBOTTOM
 10
0.0
 20
0.0
 30
0.0
  9
$UCSORGLEFT
 10
0.0
 20
0.0
 30
0.0
  9
$UCSORGRIGHT
 10
0.0
 20
0.0
 30
0.0
  9
$UCSORGFRONT
 10
0.0
 20
0.0
 30
0.0
  9
$UCSORGBACK
 10
0.0
 20
0.0
 30
0.0
  9
$PUCSBASE
  2

  9
$PUCSNAME
  2

  9
$PUCSORG
 10
0.0
 20
0.0
 30
0.0
  9
$PUCSXDIR
 10
1.0
 20
0.0
 30
0.0
  9
$PUCSYDIR
 10
0.0
 20
1.0
 30
0.0
  9
$PUCSORTHOREF
  2

  9
$PUCSORTHOVIEW
 70
0
  9
$PUCSORGTOP
 10
0.0
 20
0.0
 30
0.0
  9
$PUCSORGBOTTOM
 10
0.0
 20
0.0
 30
0.0
  9
$PUCSORGLEFT
 10
0.0
 20
0.0
 30
0.0
  9
$PUCSORGRIGHT
 10
0.0
 20
0.0
 30
0.0
  9
$PUCSORGFRONT
 10
0.0
 20
0.0
 30
0.0
  9
$PUCSORGBACK
 10
0.0
 20
0.0
 30
0.0
  9
$USERI1
 70
0
  9
$USERI2
 70
0
  9
$USERI3
 70
0
  9
$USERI4
 70
0
  9
$USERI5
 70
0
  9
$USERR1
 40
0.0
  9
$USERR2
 40
0.0
  9
$USERR3
 40
0.0
  9
$USERR4
 40
0.0
  9
$USERR5
 40
0.0
  9
$WORLDVIEW
 70
1
  9
$SHADEDGE
 70
3
  9
$SHADEDIF
 70
70
  9
$TILEMODE
 70
1
  9
$MAXACTVP
 70
64
  9
$PINSBASE
 10
0.0
 20
0.0
 30
0.0
  9
$PLIMCHECK
 70
0
  9
$PEXTMIN
 10
1e+20
 20
1e+20
 30
1e+20
  9
$PEXTMAX
 10
-1e+20
 20
-1e+20
 30
-1e+20
  9
$PLIMMIN
 10
0.0
 20
0.0
  9
$PLIMMAX
 10
420.0
 20
297.0
  9
$UNITMODE
 70
0
  9
$VISRETAIN
 70
1
  9
$PLINEGEN
 70
0
  9
$PSLTSCALE
 70
1
  9
$TREEDEPTH
 70
3020
  9
$CMLSTYLE
  2
Standard
  9
$CMLJUST
 70
0
  9
$CMLSCALE
 40
20.0
  9
$PROXYGRAPHICS
 70
1
  9
$MEASUREMENT
 70
1
  9
$CELWEIGHT
370
-1
  9
$ENDCAPS
280
0
  9
$JOINSTYLE
280
0
  9
$LWDISPLAY
290
0
  9
$INSUNITS
 70
6
  9
$HYPERLINKBASE
  1

  9
$STYLESHEET
  1

  9
$XEDIT
290
1
  9
$CEPSNTYPE
380
0
  9
$PSTYLEMODE
290
1
  9
$FINGERPRINTGUID
  2
{A6D2AB0B-A9B8-405C-9D68-6A737C334755}
  9
$VERSIONGUID
  2
{7A51119F-9BCF-4647-AF52-0AF44475E126}
  9
$EXTNAMES
290
1
  9
$PSVPSCALE
 40
0.0
  9
$OLESTARTUP
290
0
  9
$SORTENTS
280
127
  9
$INDEXCTL
280
0
  9
$HIDETEXT
280
1
  9
$XCLIPFRAME
280
1
  9
$HALOGAP
280
0
  9
$OBSCOLOR
 70
257
  9
$OBSLTYPE
280
0
  9
$INTERSECTIONDISPLAY
280
0
  9
$INTERSECTIONCOLOR
 70
257
  9
$DIMASSOC
280
2
  9
$PROJECTNAME
  1

  9
$CAMERADISPLAY
290
0
  9
$LENSLENGTH
 40
50.0
  9
$CAMERAHEIGHT
 40
0.0
  9
$STEPSPERSEC
 40
24.0
  9
$STEPSIZE
 40
100.0
  9
$3DDWFPREC
 40
2.0
  9
$PSOLWIDTH
 40
0.005
  9
$PSOLHEIGHT
 40
0.08
  9
$LOFTANG1
 40
1.570796326795
  9
$LOFTANG2
 40
1.570796326795
  9
$LOFTMAG1
 40
0.0
  9
$LOFTMAG2
 40
0.0
  9
$LOFTPARAM
 70
7
  9
$LOFTNORMALS
280
1
  9
$LATITUDE
 40
37.795
  9
$LONGITUDE
 40
-122.394
  9
$NORTHDIRECTION
 40
0.0
  9
$TIMEZONE
 70
-8000
  9
$LIGHTGLYPHDISPLAY
280
1
  9
$TILEMODELIGHTSYNCH
280
1
  9
$CMATERIAL
347
20
  9
$SOLIDHIST
280
0
  9
$SHOWHIST
280
1
  9
$DWFFRAME
280
2
  9
$DGNFRAME
280
2
  9
$REALWORLDSCALE
290
1
  9
$INTERFERECOLOR
 62
256
  9
$CSHADOW
280
0
  9
$SHADOWPLANELOCATION
 40
0.0
  0
ENDSEC
  0
SECTION
  2
CLASSES
  0
CLASS
  1
ACDBDICTIONARYWDFLT
  2
AcDbDictionaryWithDefault
  3
ObjectDBX Classes
 90
0
 91
0
280
0
281
0
  0
CLASS
  1
SUN
  2
AcDbSun
  3
SCENEOE
 90
1153
 91
0
280
0
281
0
  0
CLASS
  1
VISUALSTYLE
  2
AcDbVisualStyle
  3
ObjectDBX Classes
 90
4095
 91
0
280
0
281
0
  0
CLASS
  1
MATERIAL
  2
AcDbMaterial
  3
ObjectDBX Classes
 90
1153
 91
0
280
0
281
0
  0
CLASS
  1
SCALE
  2
AcDbScale
  3
ObjectDBX Classes
 90
1153
 91
0
280
0
281
0
  0
CLASS
  1
TABLESTYLE
  2
AcDbTableStyle
  3
ObjectDBX Classes
 90
4095
 91
0
280
0
281
0
  0
CLASS
  1
MLEADERSTYLE
  2
AcDbMLeaderStyle
  3
ACDB_MLEADERSTYLE_CLASS
 90
4095
 91
0
280
0
281
0
  0
CLASS
  1
DICTIONARYVAR
  2
AcDbDictionaryVar
  3
ObjectDBX Classes
 90
0
 91
0
280
0
281
0
  0
CLASS
  1
CELLSTYLEMAP
  2
AcDbCellStyleMap
  3
ObjectDBX Classes
 90
1152
 91
0
280
0
281
0
  0
CLASS
  1
MENTALRAYRENDERSETTINGS
  2
AcDbMentalRayRenderSettings
  3
SCENEOE
 90
1024
 91
0
280
0
281
0
  0
CLASS
  1
ACDBDETAILVIEWSTYLE
  2
AcDbDetailViewStyle
  3
ObjectDBX Classes
 90
1025
 91
0
280
0
281
0
  0
CLASS
  1
ACDBSECTIONVIEWSTYLE
  2
AcDbSectionViewStyle
  3
ObjectDBX Classes
 90
1025
 91
0
280
0
281
0
  0
CLASS
  1
RASTERVARIABLES
  2
AcDbRasterVariables
  3
ISM
 90
0
 91
0
280
0
281
0
  0
CLASS
  1
LAYOUT
  2
AcDbLayout
  3
ObjectDBX Classes
 90
0
 91
0
280
0
281
0
  0
CLASS
  1
ACDBPLACEHOLDER
  2
AcDbPlaceHolder
  3
ObjectDBX Classes
 90
0
 91
0
280
0
281
0
  0
ENDSEC
  0
SECTION
  2
TABLES
  0
TABLE
  2
VPORT
  5
8
330
0
100
AcDbSymbolTable
 70
1
  0
VPORT
  5
23
330
8
100
AcDbSymbolTableRecord
100
AcDbViewportTableRecord
  2
*Active
 70
0
 10
0.0
 20
0.0
 11
1.0
 21
1.0
 12
0.0
 22
0.0
 13
0.0
 23
0.0
 14
0.5
 24
0.5
 15
0.5
 25
0.5
 16
0.0
 26
0.0
 36
1.0
 17
0.0
 27
0.0
 37
0.0
 40
1000.0
 41
1.34
 42
50.0
 43
0.0
 44
0.0
 50
0.0
 51
0.0
 71
0
 72
1000
 73
1
 74
3
 75
0
 76
0
 77
0
 78
0
281
0
 65
0
146
0.0
  0
ENDTAB
  0
TABLE
  2
LTYPE
  5
2
330
0
100
AcDbSymbolTable
 70
3
  0
LTYPE
  5
24
330
2
100
AcDbSymbolTableRecord
100
AcDbLinetypeTableRecord
  2
ByBlock
 70
0
  3

 72
65
 73
0
 40
0.0
  0
LTYPE
  5
25
330
2
100
AcDbSymbolTableRecord
100
AcDbLinetypeTableRecord
  2
ByLayer
 70
0
  3

 72
65
 73
0
 40
0.0
  0
LTYPE
  5
26
330
2
100
AcDbSymbolTableRecord
100
AcDbLinetypeTableRecord
  2
Continuous
 70
0
  3

 72
65
 73
0
 40
0.0
  0
ENDTAB
  0
TABLE
  2
LAYER
  5
1
330
0
100
AcDbSymbolTable
 70
2
  0
LAYER
  5
27
330
1
100
AcDbSymbolTableRecord
100
AcDbLayerTableRecord
  2
0
 70
0
 62
7
  6
Continuous
370
-3
390
13
347
21
  0
LAYER
  5
28
330
1
100
AcDbSymbolTableRecord
100
AcDbLayerTableRecord
  2
Defpoints
 70
0
 62
7
  6
Continuous
290
0
370
-3
390
13
347
21
  0
ENDTAB
  0
TABLE
  2
STYLE
  5
5
330
0
100
AcDbSymbolTable
 70
1
  0
STYLE
  5
29
330
5
100
AcDbSymbolTableRecord
100
AcDbTextStyleTableRecord
  2
Standard
 70
0
 40
0.0
 41
1.0
 50
0.0
 71
0
 42
2.5
  3
txt
  4

  0
ENDTAB
  0
TABLE
  2
VIEW
  5
7
330
0
100
AcDbSymbolTable
 70
0
  0
ENDTAB
  0
TABLE
  2
UCS
  5
6
330
0
100
AcDbSymbolTable
 70
0
  0
ENDTAB
  0
TABLE
  2
APPID
  5
3
330
0
100
AcDbSymbolTable
 70
3
  0
APPID
  5
2A
330
3
100
AcDbSymbolTableRecord
100
AcDbRegAppTableRecord
  2
ACAD
 70
0
  0
APPID
  5
B8
330
3
100
AcDbSymbolTableRecord
100
AcDbRegAppTableRecord
  2
HATCHBACKGROUNDCOLOR
 70
0
  0
APPID
  5
B9
330
3
100
AcDbSymbolTableRecord
100
AcDbRegAppTableRecord
  2
EZDXF
 70
0
  0
ENDTAB
  0
TABLE
  2
DIMSTYLE
  5
4
330
0
100
AcDbSymbolTable
 70
1
100
AcDbDimStyleTable
  0
DIMSTYLE
105
2B
330
4
100
AcDbSymbolTableRecord
100
AcDbDimStyleTableRecord
  2
Standard
 70
0
 40
1.0
 41
2.5
 42
0.625
 43
3.75
 44
1.25
 45
0.0
 46
0.0
 47
0.0
 48
0.0
 49
2.5
140
2.5
141
2.5
142
0.0
143
0.03937007874
144
1.0
145
0.0
146
1.0
147
0.625
148
0.0
 69
0
 70
0
 71
0
 72
0
 73
0
 74
0
 75
0
 76
0
 77
1
 78
8
 79
3
170
0
171
3
172
1
173
0
174
0
175
0
176
0
177
0
178
0
179
2
271
2
272
2
273
2
274
3
275
0
276
0
277
2
278
44
279
0
280
0
281
0
282
0
283
0
284
8
285
0
286
0
288
0
289
3
290
0
371
-2
372
-2
  0
ENDTAB
  0
TABLE
  2
BLOCK_RECORD
  5
9
330
0
100
AcDbSymbolTable
 70
2
  0
BLOCK_RECORD
  5
17
330
9
100
AcDbSymbolTableRecord
100
AcDbBlockTableRecord
  2
*Model_Space
340
1A
 70
0
280
1
281
0
  0
BLOCK_RECORD
  5
1B
330
9
100
AcDbSymbolTableRecord
100
AcDbBlockTableRecord
  2
*Paper_Space
340
1E
 70
0
280
1
281
0
  0
ENDTAB
  0
ENDSEC
  0
SECTION
  2
BLOCKS
  0
BLOCK
  5
18
330
17
100
AcDbEntity
  8
0
100
AcDbBlockBegin
  2
*Model_Space
 70
0
 10
0.0
 20
0.0
 30
0.0
  3
*Model_Space
  1

  0
ENDBLK
  5
19
330
17
100
AcDbEntity
  8
0
100
AcDbBlockEnd
  0
BLOCK
  5
1C
330
1B
100
AcDbEntity
  8
0
100
AcDbBlockBegin
  2
*Paper_Space
 70
0
 10
0.0
 20
0.0
 30
0.0
  3
*Paper_Space
  1

  0
ENDBLK
  5
1D
330
1B
100
AcDbEntity
  8
0
100
AcDbBlockEnd
  0
ENDSEC
  0
SECTION
  2
ENTITIES
  0
LWPOLYLINE
  5
2F
330
17
100
AcDbEntity
  8
CUT
100
AcDbPolyline
 90
1428
 70
1
 10
55.45278018007442
 20
3.5910704447454975
 10
55.04616636374352
 20
3.774266467845422
 10
54.582668819274296
 20
4.022244349256226
 10
54.071803403452016
 20
4.328020999399087
 10
53.523085973061875
 20
4.684613328695207
 10
52.9460323848891
 20
5.085038247565706
 10
52.35015849571892
 20
5.522312666431674
 10
51.74498016233657
 20
5.989453495714372
 10
51.140013241527264
 20
6.479477645834891
 10
50.54477359007625
 20
6.985402027214434
 10
49.96877706476874
 20
7.500243550274064
 10
49.421539522389956
 20
8.017019125435013
 10
48.73849696752703
 20
8.653325412642857
 10
48.05281450564786
 20
9.234032273204065
 10
47.35957830747214
 20
9.761668525811956
 10
46.65387454371956
 20
10.238762989160108
 10
45.930789385109826
 20
10.667844481941927
 10
45.185409002362604
 20
11.051441822850848
 10
44.41281956619759
 20
11.39208383058022
 10
43.6081072473345
 20
11.692299323823534
 10
42.766358216493
 20
11.954617121274197
 10
41.8826586443928
 20
12.181566041625643
 10
40.95209470175356
 20
12.375674903571337
 10
39.53795913736057
 20
12.694262136900846
 10
38.24114632016717
 20
13.097989946957739
 10
37.06531337496526
 20
13.583569040643312
 10
36.014117426546754
 20
14.147710124858946
 10
35.0912155997036
 20
14.787123906505997
 10
34.300265019227695
 20
15.49852109248576
 10
33.64492280991098
 20
16.27861238969959
 10
33.12884609654537
 20
17.124108505048724
 10
32.75569200392279
 20
18.031720145434576
 10
32.52911765683517
 20
18.99815801775847
 10
32.45278018007442
 20
20.020132828921703
 10
32.41341809444322
 20
21.03922184205362
 10
32.2913152885265
 20
22.02447467781238
 10
32.080446938789535
 20
22.987193331974055
 10
31.774788221697598
 20
23.938679800315015
 10
31.368314313715985
 20
24.89023607861131
 10
30.85500039130995
 20
25.853164162639246
 10
30.228821630944786
 20
26.83876604817499
 10
29.48375320908577
 20
27.858343730994676
 10
28.613770302198184
 20
28.92319920687453
 10
27.6128480867473
 20
30.04463447159077
 10
26.4749617391984
 20
31.23395152091959
 10
25.471435124167023
 20
32.261381019264405
 10
24.647235390869163
 20
33.136893437031034
 10
23.98892983032954
 20
33.894147652704305
 10
23.48308573357285
 20
34.56680254476919
 10
23.1162703916238
 20
35.18851699171057
 10
22.875051095507104
 20
35.792949872013395
 10
22.745995136247473
 20
36.41376006416249
 10
22.715669804869627
 20
37.084606446642766
 10
22.77064239239826
 20
37.839147897939085
 10
22.897480189858094
 20
38.71104329653642
 10
23.08275048827383
 20
39.73395152091959
 10
23.305505612188306
 20
40.99787406526397
 10
23.48162376536486
 20
42.208301277103544
 10
23.610821665728885
 20
43.39229764063367
 10
23.692816031205723
 20
44.57692764005003
 10
23.72732357972076
 20
45.78925575954804
 10
23.714061029199364
 20
47.05634648332324
 10
23.65274509756688
 20
48.40526429557113
 10
23.5430925027487
 20
49.86307368048716
 10
23.384819962670186
 20
51.4568391222669
 10
23.17764419525669
 20
53.21362510510579
 10
22.9212819184336
 20
55.16049611319943
 10
22.779359043734964
 20
56.28006613519486
 10
22.682070427810977
 20
57.27228899433155
 10
22.63287873787001
 20
58.15774225008758
 10
22.63524664112036
 20
58.957003461941156
 10
22.692636804770366
 20
59.69065018937033
 10
22.80851189602837
 20
60.37925999185333
 10
22.986334582102707
 20
61.04341042886824
 10
23.229567530201713
 20
61.70367905989315
 10
23.54167340753372
 20
62.38064344440622
 10
23.926114881307058
 20
63.094881141885566
 10
24.38635461873006
 20
63.86696971180933
 10
25.40264020879672
 20
65.35736871376386
 10
26.633907579437448
 20
66.9000753326778
 10
28.056259017119856
 20
68.4750688144953
 10
29.645796808311566
 20
70.06232840516057
 10
31.378623239480184
 20
71.64183335061782
 10
33.23084059709333
 20
73.19356289681127
 10
35.178551167618615
 20
74.69749628968512
 10
37.19785723752367
 20
76.13361277518348
 10
39.2648610932761
 20
77.48189159925062
 10
41.35566502134353
 20
78.72231200783074
 10
43.446371308193555
 20
79.83485324686797
 10
50.2992111015585
 20
83.26318909277336
 10
44.62599564081646
 20
83.92398882254031
 10
42.138349970635616
 20
84.25424952617601
 10
39.84164402715369
 20
84.64676630369289
 10
37.71858293019317
 20
85.10877709333784
 10
35.75187179957646
 20
85.64751983335773
 10
33.924215755126035
 20
86.27023246199943
 10
32.2183199166643
 20
86.98415291750973
 10
30.616889404013726
 20
87.79651913813558
 10
29.102629336996763
 20
88.71456906212376
 10
27.658244835435845
 20
89.7455406277212
 10
26.26644101915341
 20
90.89667177317466
 10
24.90992300797192
 20
92.17520043673107
 10
22.729024128899837
 20
94.45348990044542
 10
20.85873075589494
 20
96.65256097882485
 10
19.271557421076352
 20
98.85480806692155
 10
17.940018656563208
 20
101.14262555978783
 10
16.83662899447465
 20
103.59840785247587
 10
15.933902966929807
 20
106.30454934003795
 10
15.204355106047828
 20
109.34344441752626
 10
14.62049994394783
 20
112.79748747999301
 10
14.154852012748968
 20
116.74907292249048
 10
13.779925844570364
 20
121.28059514007086
 10
13.468235971531165
 20
126.47444852778642
 10
13.267101378695624
 20
130.2037396055253
 10
13.070750500763957
 20
133.3757476917021
 10
12.857394092272063
 20
136.10640225710944
 10
12.605242907755827
 20
138.51163277254003
 10
12.292507701751127
 20
140.70736870878648
 10
11.897399228793855
 20
142.8095395366414
 10
11.398128243419904
 20
144.93407472689753
 10
10.772905500165166
 20
147.19690375034742
 10
9.999941753565516
 20
149.7139560777838
 10
9.057447758156854
 20
152.60116117999922
 10
7.9236342684750625
 20
155.97444852778642
 10
6.858049310781567
 20
159.15440434411636
 10
5.9584298416730626
 20
161.9253658405086
 10
5.208716475537592
 20
164.36464613767703
 10
4.592849826763214
 20
166.5495583563357
 10
4.094770509737982
 20
168.55741561719842
 10
3.6984191388499497
 20
170.46553104097916
 10
3.3877363284871684
 20
172.3512177483919
 10
3.146662693037694
 20
174.29178886015046
 10
2.95913884688958
 20
176.36455749696884
 10
2.8091054044308805
 20
178.64683677956094
 10
2.6805029800496456
 20
181.21593982864073
 10
2.585972430710445
 20
183.53182483839035
 10
2.525096502422798
 20
185.58130476502296
 10
2.5
 20
187.39272836286696
 10
2.512807728255339
 20
188.99444438625082
 10
2.5656444920021073
 20
190.41480158950293
 10
2.660635096053598
 20
191.68214872695174
 10
2.7999043452231067
 20
192.82483455292564
 10
2.9855770443239233
 20
193.87120782175305
 10
3.219777998169345
 20
194.84961728776244
 10
3.50463201157266
 20
195.7884117052822
 10
3.842263889347162
 20
196.71593982864073
 10
4.813057918436691
 20
198.99551016852428
 10
5.838466649070572
 20
200.99014823449085
 10
6.939099048698559
 20
202.71401855018945
 10
8.13556408477039
 20
204.1812856392691
 10
9.448470724735824
 20
205.4061140253788
 10
10.898427936044595
 20
206.4026682321675
 10
12.50604468614646
 20
207.1851127832843
 10
14.29192994249117
 20
207.7676122023781
 10
16.276692672528466
 20
208.16433101309792
 10
18.480941843708102
 20
208.3894337390928
 10
20.925286423479818
 20
208.45708490401168
 10
23.923349080362684
 20
208.39212262478375
 10
26.80729373885628
 20
208.2048471628205
 10
29.61777135940949
 20
207.8839292367629
 10
32.39543290247121
 20
207.418039565252
 10
35.18092932849033
 20
206.7958488669288
 10
38.01491159791573
 20
206.0060278604343
 10
40.93803067119632
 20
205.03724726440947
 10
43.990937508781016
 20
203.8781777974954
 10
47.21428307111868
 20
202.51749017833305
 10
50.64871831865821
 20
200.94385512556343
 10
54.3348942118485
 20
199.14594335782755
 10
60.31223049415137
 20
196.0692472602461
 10
65.83596645173654
 20
193.03421768219448
 10
70.97430172358978
 20
189.98811703777818
 10
75.79543594869693
 20
186.8782077411027
 10
80.36756876604375
 20
183.6517522062735
 10
84.75889981461606
 20
180.2560128473961
 10
89.03762873339969
 20
176.63825207857602
 10
93.27195516138042
 20
172.74573231391867
 10
97.53007873754407
 20
168.52571596752955
 10
101.88019910087644
 20
163.92546545351416
 10
106.3905158903633
 20
158.89224318597803
 10
107.94166552919344
 20
157.12148733794785
 10
109.45145229406194
 20
155.39861631844616
 10
110.90136402716587
 20
153.7447173181701
 10
112.27288857070232
 20
152.18087752781682
 10
113.54751376686832
 20
150.72818413808346
 10
114.70672745786098
 20
149.4077243396672
 10
115.73201748587735
 20
148.24058532326515
 10
116.60487169311452
 20
147.24785427957445
 10
117.3067779217696
 20
146.45061839929224
 10
117.81922401403963
 20
145.8699648731157
 10
118.12369781212166
 20
145.5269808917419
 10
118.40705565801912
 20
145.22873964401973
 10
118.6595987170794
 20
145.00912208318684
 10
118.88736771178316
 20
144.87256129567407
 10
119.09640336461072
 20
144.82349036791226
 10
119.29274639804268
 20
144.86634238633218
 10
119.48243753455944
 20
145.0055504373646
 10
119.67151749664151
 20
145.24554760744041
 10
119.8660270067694
 20
145.59076698299037
 10
120.07200678742359
 20
146.0456416504453
 10
120.29549756108455
 20
146.61460469623597
 10
120.54254005023276
 20
147.3020892067932
 10
120.79900559846132
 20
147.89347599555845
 10
121.22141203837222
 20
148.68619306210735
 10
121.79480227479209
 20
149.65823463481274
 10
122.5042192125475
 20
150.78759494204763
 10
123.33470575646501
 20
152.0522682121848
 10
124.27130481137127
 20
153.43024867359716
 10
125.29905928209283
 20
154.89953055465762
 10
126.4030120734563
 20
156.438108083739
 10
127.56820609028827
 20
158.02397548921422
 10
128.77968423741532
 20
159.63512699945616
 10
130.02248941966405
 20
161.2495568428377
 10
131.33243987155322
 20
162.9740898938876
 10
132.73887083605015
 20
164.9049203726011
 10
134.2171007306542
 20
167.00409652555084
 10
135.74244797286465
 20
169.23366659930946
 10
137.29023098018092
 20
171.55567884044956
 10
138.8357681701023
 20
173.93218149554383
 10
140.35437796012823
 20
176.3252228111649
 10
141.82137876775803
 20
178.69685103388542
 10
143.21208901049104
 20
181.00911441027802
 10
144.50182710582658
 20
183.22406118691532
 10
145.66591147126405
 20
185.30373961036995
 10
147.8149281190433
 20
189.16242834271986
 10
149.875008455121
 20
192.71014345403486
 10
151.8575104691463
 20
195.96223801132723
 10
153.7737921507683
 20
198.93406508160922
 10
155.63521148963613
 20
201.6409777318931
 10
157.45312647539893
 20
204.09832902919106
 10
159.23889509770586
 20
206.32147204051546
 10
161.00387534620606
 20
208.32575983287853
 10
162.75942521054864
 20
210.12654547329248
 10
164.51690268038277
 20
211.7391820287696
 10
166.28766574535754
 20
213.17902256632215
 10
169.3158820815406
 20
215.15833364979235
 10
172.05068232009123
 20
216.251673360702
 10
174.49296860102052
 20
216.45762559205485
 10
176.64364306433953
 20
215.77477423685468
 10
178.5036078500593
 20
214.20170318810517
 10
180.07376509819093
 20
211.73699633881012
 10
181.35501694874543
 20
208.3792375819732
 10
182.34826554173398
 20
204.12701081059825
 10
183.0544130171675
 20
198.97889991768892
 10
183.4743615150572
 20
192.93348879624904
 10
183.60901317541405
 20
185.9893613392823
 10
183.5739855823894
 20
181.25918342493844
 10
183.46054261503488
 20
177.00148381161037
 10
183.24047322974084
 20
173.05986580674426
 10
182.88556638289774
 20
169.2779327177863
 10
182.36761103089592
 20
165.49928785218276
 10
181.6583961301258
 20
161.56753451737976
 10
180.72971063697779
 20
157.3262760208235
 10
179.55334350784224
 20
152.6191156699602
 10
178.1010836991096
 20
147.28965677223607
 10
176.34472016717027
 20
141.18150263509727
 10
174.25604186841466
 20
134.13825656599002
 10
173.3877584601113
 20
131.21276071331607
 10
172.662039780448
 20
128.70443184865485
 10
172.07274065002986
 20
126.58007895994325
 10
171.6137158894619
 20
124.80651103511819
 10
171.27882031934928
 20
123.35053706211654
 10
171.0619087602971
 20
122.17896602887518
 10
170.95683603291042
 20
121.25860692333104
 10
170.95745695779445
 20
120.55626873342095
 10
171.0576263555542
 20
120.03876044708184
 10
171.2511990467948
 20
119.67289105225058
 10
171.53202985212138
 20
119.42546953686409
 10
171.81144158936286
 20
119.2783019120437
 10
172.07292340802056
 20
119.19615763039948
 10
172.31927652889678
 20
119.1816635314278
 10
172.55330217279376
 20
119.23744645462513
 10
172.77780156051386
 20
119.36613323948785
 10
172.99557591285932
 20
119.57035072551237
 10
173.2094264506325
 20
119.85272575219507
 10
173.42215439463564
 20
120.21588515903238
 10
173.63656096567112
 20
120.66245578552073
 10
173.85544738454118
 20
121.19506447115648
 10
174.08161487204814
 20
121.81633805543608
 10
175.17931304367625
 20
124.62400722068553
 10
176.50357147390037
 20
127.39642189379657
 10
178.022563925262
 20
130.09603557108431
 10
179.70446416030245
 20
132.685301748864
 10
181.51744594156312
 20
135.1266739234507
 10
183.42968303158554
 20
137.3826055911596
 10
185.409349192911
 20
139.41555024830586
 10
187.4246181880811
 20
141.18796139120457
 10
189.4436637796371
 20
142.6622925161709
 10
191.43465973012044
 20
143.80099711952005
 10
193.36577980207258
 20
144.5665286975671
 10
196.1814572612236
 20
145.03542249015987
 10
198.79656844079256
 20
144.78772584022556
 10
201.14203262256234
 20
143.9421037556907
 10
203.14876908831562
 20
142.61722124448204
 10
204.74769711983527
 20
140.9317433145261
 10
205.86973599890402
 20
139.00433497374956
 10
206.4458050073047
 20
136.95366123007906
 10
206.4068234268201
 20
134.89838709144118
 10
205.68371053923303
 20
132.9571775657626
 10
204.20738562632627
 20
131.2486976609699
 10
201.90876796988258
 20
129.8916123849897
 10
200.83607901993477
 20
129.49467009267477
 10
199.7860874310726
 20
129.2084309281386
 10
198.76212841848752
 20
129.0323504745374
 10
197.76753719737093
 20
128.96588431502732
 10
196.8056489829143
 20
129.00848803276463
 10
195.87979899030898
 20
129.15961721090554
 10
194.99332243474652
 20
129.4187274326062
 10
194.14955453141826
 20
129.78527428102282
 10
193.35183049551566
 20
130.25871333931164
 10
192.6034855422302
 20
130.83850019062882
 10
191.90785488675323
 20
131.5240904181306
 10
191.12232987869535
 20
132.6764313595226
 10
190.7347517914024
 20
133.88502481880465
 10
190.69760624192477
 20
135.0933052384511
 10
190.9633788473129
 20
136.24470706093643
 10
191.4845552246173
 20
137.28266472873497
 10
192.21362099088853
 20
138.1506126843211
 10
193.10306176317698
 20
138.79198537016924
 10
194.10536315853318
 20
139.15021722875372
 10
195.17301079400758
 20
139.16874270254897
 10
196.2584902866507
 20
138.79099623402936
 10
197.31428725351302
 20
137.96041226566928
 10
197.692477875398
 20
137.56097485164423
 10
197.99236333060492
 20
137.23598096887486
 10
198.2126416812739
 20
136.98277310921952
 10
198.35201098954497
 20
136.79869376453664
 10
198.40916931755834
 20
136.68108542668455
 10
198.38281472745416
 20
136.6272905875216
 10
198.27164528137254
 20
136.63465173890614
 10
198.0743590414536
 20
136.70051137269655
 10
197.78965406983752
 20
136.8222119807512
 10
197.41622842866443
 20
136.99709605492848
 10
196.95278018007443
 20
137.22250608708666
 10
196.22942285769068
 20
137.5361333821082
 10
195.55854462359787
 20
137.74336899790933
 10
194.94360354258527
 20
137.84585082066724
 10
194.38805767944197
 20
137.84521673655928
 10
193.89536509895726
 20
137.74310463176278
 10
193.4689838659203
 20
137.54115239245505
 10
193.1123720451203
 20
137.24099790481336
 10
192.82898770134656
 20
136.84427905501502
 10
192.62228889938817
 20
136.3526337292373
 10
192.4957337040344
 20
135.76769981365757
 10
192.45278018007443
 20
135.09111519445307
 10
192.49876258550438
 20
134.28556687576662
 10
192.63691988045193
 20
133.55796438374577
 10
192.86756718290357
 20
132.90804919943457
 10
193.19101961084576
 20
132.33556280387722
 10
193.60759228226502
 20
131.84024667811775
 10
194.11760031514774
 20
131.42184230320026
 10
194.7213588274805
 20
131.0800911601689
 10
195.41918293724976
 20
130.81473473006773
 10
196.211387762442
 20
130.62551449394084
 10
197.09828842104375
 20
130.51217193283236
 10
198.08020003104141
 20
130.47444852778642
 10
199.2959242594379
 20
130.56935273733768
 10
200.42023318897117
 20
130.84277717195044
 10
201.4401186425781
 20
131.27778954056316
 10
202.3425724431956
 20
131.85745755211437
 10
203.1145864137605
 20
132.56484891554254
 10
203.7431523772097
 20
133.3830313397861
 10
204.21526215648007
 20
134.2950725337836
 10
204.5179075745086
 20
135.28404020647352
 10
204.6380804542321
 20
136.33300206679428
 10
204.56277261858745
 20
137.42502582368445
 10
204.2789758905116
 20
138.5431791860824
 10
203.91450048548774
 20
139.45948341304648
 10
203.4932094241818
 20
140.27130270040382
 10
203.0091291729045
 20
140.98226489375116
 10
202.45628619796642
 20
141.59599783868532
 10
201.82870696567815
 20
142.1161293808031
 10
201.12041794235037
 20
142.54628736570132
 10
200.3254455942937
 20
142.89009963897672
 10
199.43781638781886
 20
143.15119404622615
 10
198.45155678923638
 20
143.33319843304636
 10
197.36069326485693
 20
143.4397406450342
 10
196.15925228099118
 20
143.4744485277864
 10
194.4826067974142
 20
143.2733077351871
 10
192.69618480444197
 20
142.69009333353173
 10
190.8319350795595
 20
141.75511728703412
 10
188.9218064002517
 20
140.49869155990814
 10
186.99774754400354
 20
138.95112811636756
 10
185.09170728830014
 20
137.14273892062627
 10
183.23563441062637
 20
135.10383593689807
 10
181.4614776884673
 20
132.86473112939677
 10
179.8011858993079
 20
130.45573646233623
 10
178.28670782063315
 20
127.90716389993028
 10
176.94999222992803
 20
125.24932540639274
 10
176.0095229694364
 20
123.13648627028985
 10
175.23245836036298
 20
121.25796325582517
 10
174.61729875318125
 20
119.60232174489067
 10
174.16254449836433
 20
118.15812711937832
 10
173.86669594638562
 20
116.91394476118009
 10
173.72825344771852
 20
115.85834005218796
 10
173.7457173528363
 20
114.97987837429386
 10
173.91758801221238
 20
114.26712510938982
 10
174.24236577632004
 20
113.70864563936776
 10
174.71855099563265
 20
113.29300534611968
 10
175.34464402062352
 20
113.00876961153755
 10
176.0726577673467
 20
112.64908833141867
 10
176.85381002923052
 20
112.03054149569422
 10
177.6711339452073
 20
111.18137018652091
 10
178.5076626542094
 20
110.12981548605555
 10
179.34642929516932
 20
108.90411847645485
 10
180.17046700701934
 20
107.53252023987555
 10
180.96280892869189
 20
106.04326185847444
 10
181.70648819911943
 20
104.46458441440822
 10
182.38453795723424
 20
102.82472898983363
 10
182.97999134196883
 20
101.15193666690746
 10
183.47588149225552
 20
99.47444852778642
 10
183.66585144782107
 20
98.78228931488226
 10
183.877076939921
 20
98.0633931926507
 10
184.10547849288136
 20
97.3291324358133
 10
184.3469766310279
 20
96.59087931909173
 10
184.59749187868658
 20
95.8600061172074
 10
184.8529447601833
 20
95.14788510488188
 10
185.109255799844
 20
94.4658885568368
 10
185.36234552199457
 20
93.82538874779362
 10
185.60813445096088
 20
93.23775795247394
 10
185.84254311106892
 20
92.71436844559923
 10
186.06149202664452
 20
92.26659250189115
 10
186.64493130535828
 20
91.00170048032868
 10
187.12888583745166
 20
89.66888617382935
 10
187.51238299215916
 20
88.28629269133987
 10
187.79445013871535
 20
86.87206314180682
 10
187.97411464635465
 20
85.44434063417683
 10
188.05040388431166
 20
84.02126827739653
 10
188.02234522182087
 20
82.6209891804125
 10
187.8889660281168
 20
81.2616464521713
 10
187.64929367243403
 20
79.96138320161964
 10
187.30235552400697
 20
78.73834253770406
 10
186.8471789520702
 20
77.61066756937123
 10
185.61719924421388
 20
75.36672900216757
 10
184.11489238470372
 20
73.2212168073128
 10
182.3651878969058
 20
71.1909821368267
 10
180.39301530418604
 20
69.29287614272911
 10
178.2233041299103
 20
67.54374997703962
 10
175.88098389744457
 20
65.96045479177803
 10
173.3909841301548
 20
64.55984173896408
 10
170.77823435140698
 20
63.35876197061748
 10
168.06766408456699
 20
62.37406663875794
 10
165.28420285300083
 20
61.6226068954052
 10
162.45278018007443
 20
61.12123389257903
 10
161.54857427200164
 20
61.01131069930207
 10
160.86725527830419
 20
60.94841838208191
 10
160.4165158031298
 20
60.93713935100084
 10
160.20404845062632
 20
60.98205601614126
 10
160.2375458249415
 20
61.087750787585435
 10
160.52470053022316
 20
61.25880607541572
 10
161.07320517061902
 20
61.499804289714376
 10
161.890752350277
 20
61.8153278405637
 10
162.98503467334487
 20
62.20995913804606
 10
164.36374474397036
 20
62.68828059224373
 10
166.03457516630132
 20
63.254874613239025
 10
168.40916304691254
 20
64.10323258092396
 10
170.6313419466099
 20
64.99729320050426
 10
172.69386886506928
 20
65.93221952886395
 10
174.58950080196658
 20
66.90317462288692
 10
176.31099475697778
 20
67.90532153945716
 10
177.85110772977882
 20
68.93382333545861
 10
179.20259672004565
 20
69.98384306777518
 10
180.35821872745424
 20
71.05054379329087
 10
181.3107307516805
 20
72.12908856888961
 10
182.05288979240035
 20
73.21464045145532
 10
182.57745284928973
 20
74.302362497872
 10
182.73549189891568
 20
74.69647606211595
 10
182.90738728929398
 20
75.0859950071177
 10
183.09000870185346
 20
75.46580854610434
 10
183.28022581802279
 20
75.83080589230298
 10
183.47490831923076
 20
76.17587625894072
 10
183.67092588690613
 20
76.49590885924462
 10
183.86514820247763
 20
76.7857929064418
 10
184.0544449473741
 20
77.04041761375927
 10
184.2356858030242
 20
77.25467219442419
 10
184.4057404508568
 20
77.42344586166362
 10
184.56147857230053
 20
77.54162782870463
 10
184.70950525643212
 20
77.69458753549776
 10
184.8571701448965
 20
77.96433657125891
 10
185.00245974797443
 20
78.34072737311294
 10
185.1433605759467
 20
78.81361237818507
 10
185.27785913909423
 20
79.37284402360032
 10
185.40394194769786
 20
80.00827474648372
 10
185.51959551203848
 20
80.70975698396038
 10
185.6228063423969
 20
81.46714317315528
 10
185.71156094905402
 20
82.27028575119351
 10
185.78384584229062
 20
83.10903715520013
 10
185.8376475323876
 20
83.9732498223002
 10
185.88620408184048
 20
85.15272640839663
 10
185.90451476077206
 20
86.19807446765415
 10
185.8900538938863
 20
87.12181094032002
 10
185.8402958058872
 20
87.93645276664134
 10
185.75271482147872
 20
88.65451688686534
 10
185.62478526536492
 20
89.2885202412391
 10
185.45398146224974
 20
89.85097977000976
 10
185.2377777368373
 20
90.35441241342454
 10
184.9736484138315
 20
90.81133511173056
 10
184.65906781793635
 20
91.23426480517497
 10
184.2915102738559
 20
91.63571843400496
 10
184.02074310752892
 20
91.92231409859914
 10
183.76199468787055
 20
92.22701974426096
 10
183.51816609166286
 20
92.544641891011
 10
183.29215839568795
 20
92.86998705886992
 10
183.0868726767278
 20
93.19786176785823
 10
182.90521001156458
 20
93.52307253799663
 10
182.7500714769803
 20
93.84042588930572
 10
182.62435814975711
 20
94.144728341806
 10
182.53097110667701
 20
94.43078641551818
 10
182.47281142452206
 20
94.69340663046282
 10
182.45278018007443
 20
94.92739550666053
 10
182.40207767986
 20
95.52832618036803
 10
182.26005656679072
 20
96.22446829778846
 10
182.0418464222275
 20
96.98370177532257
 10
181.76257682753138
 20
97.7739065293712
 10
181.43737736406308
 20
98.5629624763352
 10
181.08137761318375
 20
99.31874953261533
 10
180.7097071562542
 20
100.00914761461243
 10
180.33749557463548
 20
100.60203663872727
 10
179.9798724496885
 20
101.06529652136066
 10
179.65196736277412
 20
101.36680717891346
 10
179.36890989525332
 20
101.47444852778642
 10
179.27081684086465
 20
101.4444898501005
 10
179.2048171398301
 20
101.35750637902609
 10
179.17005187545465
 20
101.21783695753851
 10
179.16566213104304
 20
101.02982042861285
 10
179.19078898990034
 20
100.79779563522442
 10
179.2445735353313
 20
100.5261014203484
 10
179.3261568506409
 20
100.21907662695997
 10
179.4346800191341
 20
99.88106009803437
 10
179.56928412411574
 20
99.51639067654673
 10
179.72911024889072
 20
99.12940720547238
 10
179.91329947676397
 20
98.72444852778642
 10
180.50261968283593
 20
97.4245447033681
 10
180.99101390193246
 20
96.21544804925063
 10
181.37870854689882
 20
95.09489720327755
 10
181.66593003057983
 20
94.06063080329247
 10
181.85290476582068
 20
93.11038748713878
 10
181.93985916546643
 20
92.2419058926601
 10
181.92701964236213
 20
91.45292465769998
 10
181.81461260935285
 20
90.74118242010186
 10
181.60286447928368
 20
90.1044178177093
 10
181.29200166499973
 20
89.54036948836591
 10
180.882250579346
 20
89.0467760699151
 10
180.3408695485082
 20
88.5319520478483
 10
179.84704630527955
 20
88.12703404942826
 10
179.38835053310768
 20
87.83344308584671
 10
178.95235191544023
 20
87.65260016829575
 10
178.5266201357248
 20
87.58592630796727
 10
178.09872487740913
 20
87.63484251605328
 10
177.65623582394076
 20
87.80076980374574
 10
177.18672265876742
 20
88.08512918223653
 10
176.67775506533675
 20
88.4893416627176
 10
176.1169027270964
 20
89.01482825638098
 10
175.49173532749396
 20
89.66300997441857
 10
174.78111969343362
 20
90.59529509233371
 10
174.2147656548681
 20
91.68451086529069
 10
173.79242006976813
 20
92.89000864853222
 10
173.5138297961043
 20
94.17113979730118
 10
173.3787416918473
 20
95.48725566684027
 10
173.38690261496788
 20
96.79770761239234
 10
173.53805942343664
 20
98.0618469892002
 10
173.83195897522435
 20
99.23902515250654
 10
174.26834812830165
 20
100.28859345755421
 10
174.8469737406392
 20
101.169903259586
 10
175.56758267020774
 20
101.84230591384465
 10
175.89409405409893
 20
102.05464289812261
 10
176.2355060162081
 20
102.24627530486586
 10
176.58629639274872
 20
102.41570471044912
 10
176.94094301993408
 20
102.56143269124695
 10
177.29392373397755
 20
102.681960823634
 10
177.6397163710925
 20
102.7757906839849
 10
177.9727987674923
 20
102.84142384867428
 10
178.28764875939035
 20
102.87736189407678
 10
178.57874418300005
 20
102.88210639656697
 10
178.84056287453473
 20
102.85415893251951
 10
179.06758267020777
 20
102.792021078309
 10
179.2715636709094
 20
102.7268484800345
 10
179.46649041290638
 20
102.6900897935667
 10
179.650177385477
 20
102.68068610993768
 10
179.82043907789938
 20
102.69757852017975
 10
179.97508997945172
 20
102.73970811532499
 10
180.1119445794123
 20
102.80601598640564
 10
180.22881736705918
 20
102.8954432244538
 10
180.32352283167063
 20
103.0069309205017
 10
180.39387546252487
 20
103.1394201655815
 10
180.4376897489001
 20
103.29185205072531
 10
180.45278018007443
 20
103.4631676669654
 10
180.3627271151068
 20
104.26636068356552
 10
180.10072334014467
 20
105.12682238226822
 10
179.67900198509898
 20
106.03051996898056
 10
179.10979617988062
 20
106.96342064960962
 10
178.40533905440057
 20
107.91149163006244
 10
177.57786373856973
 20
108.8607001162461
 10
176.639603362299
 20
109.79701331406764
 10
175.6027910554994
 20
110.70639842943409
 10
174.47965994808183
 20
111.57482266825254
 10
173.28244316995725
 20
112.38825323643003
 10
172.02337385103655
 20
113.13265733987363
 10
171.13352139062727
 20
113.63091087948011
 10
170.36403326145245
 20
114.08389336284951
 10
169.7139867070009
 20
114.49247586309161
 10
169.1824589707614
 20
114.8575294533162
 10
168.76852729622252
 20
115.17992520663309
 10
168.47126892687317
 20
115.46053419615198
 10
168.28976110620204
 20
115.70022749498271
 10
168.22308107769783
 20
115.89987617623501
 10
168.27030608484935
 20
116.06035131301869
 10
168.43051337114528
 20
116.18252397844347
 10
168.70278018007443
 20
116.2672652456192
 10
168.96048115678363
 20
116.32946494127407
 10
169.20674336564917
 20
116.40856765578745
 10
169.43880572477767
 20
116.5025530543469
 10
169.65390715227582
 20
116.60940080214016
 10
169.84928656625027
 20
116.72709056435473
 10
170.02218288480773
 20
116.85360200617826
 10
170.1698350260549
 20
116.98691479279837
 10
170.28948190809848
 20
117.12500858940263
 10
170.37836244904514
 20
117.26586306117869
 10
170.43371556700157
 20
117.40745787331412
 10
170.45278018007443
 20
117.54777269099657
 10
170.32898267734166
 20
117.85382437007588
 10
169.97876672841687
 20
118.09569788276455
 10
169.43389717221018
 20
118.27376855126478
 10
168.72613884763157
 20
118.38841169777882
 10
167.88725659359125
 20
118.4400026445089
 10
166.9490152489993
 20
118.42891671365723
 10
165.94317965276585
 20
118.35552922742608
 10
164.90151464380097
 20
118.22021550801759
 10
163.8557850610148
 20
118.02335087763407
 10
162.8377557433175
 20
117.76531065847769
 10
161.87919152961908
 20
117.44647017275071
 10
161.04109939193353
 20
117.15206393251756
 10
160.32363865767027
 20
116.95080375310165
 10
159.72841765582433
 20
116.84151677682729
 10
159.25704471539075
 20
116.82303014601887
 10
158.91112816536454
 20
116.89417100300075
 10
158.69227633474085
 20
117.05376649009723
 10
158.60209755251464
 20
117.30064374963271
 10
158.642200147681
 20
117.63362992393152
 10
158.814192449235
 20
118.051552155318
 10
159.1196827861717
 20
118.55323758611652
 10
159.5602794874861
 20
119.13751335865143
 10
159.86729872024506
 20
119.52001916134546
 10
160.1074906178901
 20
119.83415424581676
 10
160.27898119595773
 20
120.08272793348422
 10
160.37989646998415
 20
120.26854954576672
 10
160.40836245550585
 20
120.39442840408313
 10
160.3625051680592
 20
120.4631738298524
 10
160.24045062318055
 20
120.47759514449334
 10
160.04032483640637
 20
120.44050166942482
 10
159.76025382327305
 20
120.35470272606577
 10
159.39836359931695
 20
120.22300763583502
 10
158.95278018007443
 20
120.0482257201515
 10
158.63920016504815
 20
119.92483712268348
 10
158.30240452267392
 20
119.79624811086113
 10
157.94830985700906
 20
119.6645158676706
 10
157.5828327721105
 20
119.53169757609825
 10
157.21188987203536
 20
119.39985041913032
 10
156.84139776084078
 20
119.27103157975301
 10
156.4772730425838
 20
119.14729824095264
 10
156.1254323213216
 20
119.03070758571539
 10
155.79179220111124
 20
118.92331679702757
 10
155.48226928600982
 20
118.82718305787542
 10
155.20278018007443
 20
118.74436355124519
 10
154.94507920336517
 20
118.65301743216686
 10
154.69881699449965
 20
118.53212711480326
 10
154.46675463537122
 20
118.38498467084005
 10
154.25165320787303
 20
118.21488217196287
 10
154.0562737938986
 20
118.02511168985738
 10
153.88337747534115
 20
117.8189652962092
 10
153.73572533409396
 20
117.59973506270396
 10
153.6160784520504
 20
117.37071306102732
 10
153.52719791110374
 20
117.13519136286486
 10
153.4718447931473
 20
116.89646203990226
 10
153.45278018007443
 20
116.65781716382517
 10
153.44521827027947
 20
116.36818621294404
 10
153.4219080493258
 20
116.1289844268611
 10
153.3819127798601
 20
115.93980494220983
 10
153.32429572452898
 20
115.80024089562372
 10
153.24812014597921
 20
115.70988542373627
 10
153.15244930685745
 20
115.66833166318094
 10
153.03634646981038
 20
115.6751727505912
 10
152.89887489748472
 20
115.73000182260057
 10
152.73909785252712
 20
115.8324120158425
 10
152.5560785975843
 20
115.98199646695046
 10
152.3488803953029
 20
116.17834831255797
 10
152.10985558048793
 20
116.37481753434842
 10
151.82872812398193
 20
116.52476380738136
 10
151.50061874248777
 20
116.62779480835462
 10
151.12064815270824
 20
116.6835182139661
 10
150.68393707134624
 20
116.6915417009135
 10
150.18560621510463
 20
116.65147294589471
 10
149.6207763006863
 20
116.56291962560756
 10
148.98456804479406
 20
116.42548941674981
 10
148.27210216413087
 20
116.23878999601932
 10
147.47849937539954
 20
116.0024290401139
 10
146.5988803953029
 20
115.71601422573136
 10
144.87355057060972
 20
115.11023516135333
 10
143.35577043101142
 20
114.51768425176503
 10
142.0173226906542
 20
113.91621556934838
 10
140.8299900636843
 20
113.28368318648525
 10
139.765555264248
 20
112.59794117555747
 10
138.79580100649147
 20
111.83684360894698
 10
137.892510004561
 20
110.9782445590356
 10
137.02746497260284
 20
109.9999980982052
 10
136.17244862476323
 20
108.87995829883768
 10
135.29924367518836
 20
107.59597923331488
 10
134.37963283802452
 20
106.1259149740187
 10
133.89624147204822
 20
105.34849949415359
 10
133.38864787056494
 20
104.56892884330458
 10
132.86517495384592
 20
103.79805680378675
 10
132.3341456421625
 20
103.04673715791523
 10
131.8038828557859
 20
102.32582368800502
 10
131.28270951498752
 20
101.64617017637119
 10
130.77894854003858
 20
101.01863040532885
 10
130.3009228512105
 20
100.454058157193
 10
129.8569553687745
 20
99.96330721427873
 10
129.4553690130019
 20
99.5572313589011
 10
129.104486704164
 20
99.24668437337522
 10
128.74563739840895
 20
98.94888092521325
 10
128.44480674599492
 20
98.67841103051498
 10
128.20205291339215
 20
98.43541100739711
 10
128.0174340670706
 20
98.22001717397666
 10
127.89100837350048
 20
98.0323658483704
 10
127.82283399915192
 20
97.87259334869523
 10
127.812969110495
 20
97.74083599306798
 10
127.86147187399988
 20
97.63723009960549
 10
127.96840045613666
 20
97.5619119864246
 10
128.13381302337552
 20
97.51501797164224
 10
128.3577677421865
 20
97.49668437337522
 10
128.62066383131454
 20
97.47999015525704
 10
128.82490659941277
 20
97.4373918943609
 10
128.96994785143275
 20
97.36625038536096
 10
129.0552393923261
 20
97.26392642293135
 10
129.08023302704433
 20
97.12778080174627
 10
129.0443805605391
 20
96.95517431647983
 10
128.94713379776195
 20
96.74346776180619
 10
128.78794454366457
 20
96.49002193239946
 10
128.56626460319848
 20
96.1921976229338
 10
128.28154578131532
 20
95.84735562808339
 10
127.9332398829666
 20
95.45285674252233
 10
127.66141639078472
 20
95.1308853608353
 10
127.39695790361563
 20
94.77591907441882
 10
127.14310046592448
 20
94.39466336787092
 10
126.90308012217648
 20
93.99382372578964
 10
126.68013291683695
 20
93.58010563277304
 10
126.47749489437106
 20
93.16021457341915
 10
126.29840209924407
 20
92.74085603232609
 10
126.14609057592125
 20
92.3287354940918
 10
126.02379636886772
 20
91.9305584433144
 10
125.93475552254884
 20
91.55303036459188
 10
125.88220408142979
 20
91.20285674252233
 10
125.84173342040353
 20
90.85019482660331
 10
125.78776849421618
 20
90.4654421153937
 10
125.72179571711271
 20
90.05566446708343
 10
125.64530150333789
 20
89.62792773986274
 10
125.55977226713665
 20
89.18929779192149
 10
125.46669442275396
 20
88.74684048144985
 10
125.36755438443458
 20
88.30762166663783
 10
125.26383856642354
 20
87.87870720567537
 10
125.15703338296566
 20
87.46716295675265
 10
125.04862524830585
 20
87.08005477805966
 10
124.94010057668902
 20
86.72444852778642
 10
124.830920374067
 20
86.35193468164235
 10
124.75134682889035
 20
86.00977774992555
 10
124.70119002787882
 20
85.69905665393355
 10
124.68026005775229
 20
85.42085031496381
 10
124.68836700523062
 20
85.17623765431381
 10
124.72532095703363
 20
84.96629759328101
 10
124.7909319998812
 20
84.79210905316287
 10
124.88501022049311
 20
84.65475095525687
 10
125.00736570558928
 20
84.55530222086048
 10
125.15780854188955
 20
84.49484177127118
 10
125.33614881611376
 20
84.47444852778642
 10
125.50058138360907
 20
84.43631930164068
 10
125.65771515856764
 20
84.32561306572782
 10
125.80578836348053
 20
84.14785198383453
 10
125.94303922083893
 20
83.90855821974733
 10
126.06770595313381
 20
83.613253937253
 10
126.17802678285645
 20
83.26746130013805
 10
126.27223993249791
 20
82.87670247218915
 10
126.34858362454932
 20
82.4464996171929
 10
126.4052960815018
 20
81.98237489893592
 10
126.44061552584645
 20
81.48985048120488
 10
126.45278018007443
 20
80.97444852778642
 10
126.46336276230761
 20
80.45904657436799
 10
126.49408874244673
 20
79.96652215663693
 10
126.54342547065119
 20
79.50239743837997
 10
126.60984029708027
 20
79.07219458338372
 10
126.69180057189322
 20
78.68143575543482
 10
126.7877736452495
 20
78.33564311831984
 10
126.89622686730834
 20
78.04033883582551
 10
127.01562758822914
 20
77.80104507173834
 10
127.14444315817119
 20
77.62328398984502
 10
127.28114092729382
 20
77.51257775393216
 10
127.42418824575637
 20
77.47444852778642
 10
127.57641010522477
 20
77.43904281779396
 10
127.7397456796127
 20
77.33624417016063
 10
127.91133359245106
 20
77.17118030840251
 10
128.0883124672707
 20
76.94897895603583
 10
128.26782092760257
 20
76.67476783657679
 10
128.4469975969775
 20
76.35367467354149
 10
128.62298109892643
 20
75.99082719044608
 10
128.79291005698022
 20
75.59135311080672
 10
128.95392309466982
 20
75.16038015813953
 10
129.1031588355261
 20
74.70303605596072
 10
129.23775590307991
 20
74.22444852778642
 10
129.37370878175776
 20
73.74586099961215
 10
129.52688105008448
 20
73.28851689743334
 10
129.69421497273862
 20
72.85754394476615
 10
129.8726528143985
 20
72.45806986512679
 10
130.0591368397426
 20
72.09522238203135
 10
130.2506093134494
 20
71.77412921899602
 10
130.44401250019726
 20
71.49991809953701
 10
130.63628866466473
 20
71.27771674717036
 10
130.82438007153021
 20
71.11265288541227
 10
131.00522898547217
 20
71.00985423777891
 10
131.17577767116902
 20
70.97444852778642
 10
131.360327397572
 20
70.9449855499904
 10
131.58182760901252
 20
70.85944131790674
 10
131.83519283323912
 20
70.72208288349205
 10
132.11533759800042
 20
70.53717729870314
 10
132.41717643104496
 20
70.30899161549658
 10
132.73562386012136
 20
70.04179288582904
 10
133.0655944129782
 20
69.73984816165725
 10
133.4020026173641
 20
69.40742449493777
 10
133.73976300102763
 20
69.04878893762736
 10
134.07379009171737
 20
68.66820854168265
 10
134.3989984171819
 20
68.26995035906035
 10
134.74668207552008
 20
67.85206569827625
 10
135.10108043444146
 20
67.47224773995143
 10
135.45853738117287
 20
67.13267861401027
 10
135.81539680294117
 20
66.83554045037752
 10
136.16800258697324
 20
66.58301537897768
 10
136.51269862049602
 20
66.37728552973527
 10
136.8458287907363
 20
66.2205330325749
 10
137.1637369849211
 20
66.11494001742108
 10
137.4627670902772
 20
66.06268861419835
 10
137.73926299403146
 20
66.06596095283135
 10
137.98956858341086
 20
66.12693916324457
 10
138.20503775917797
 20
66.19988114023528
 10
138.41094274193912
 20
66.25061092414595
 10
138.6049749333825
 20
66.2796534321939
 10
138.78482573519628
 20
66.28753358159673
 10
138.94818654906874
 20
66.2747762895718
 10
139.092748776688
 20
66.2419064733366
 10
139.21620381974233
 20
66.18944905010855
 10
139.31624307991996
 20
66.11792893710506
 10
139.39055795890903
 20
66.02787105154366
 10
139.43683985839778
 20
65.9198003106417
 10
139.45278018007443
 20
65.7942416316167
 10
139.3627989232735
 20
65.39100324731464
 10
139.1106058272293
 20
65.0912813449037
 10
138.72282690347998
 20
64.89169702466535
 10
138.2260881635634
 20
64.7888713868812
 10
137.6470156190176
 20
64.77942553183271
 10
137.0122352813806
 20
64.85998055980144
 10
136.34837316219037
 20
65.02715757106887
 10
135.68205527298497
 20
65.27757766591654
 10
135.03990762530233
 20
65.60786194462597
 10
134.4485562306805
 20
66.01463150747867
 10
133.93462710065748
 20
66.49450745475616
 10
133.51692016784494
 20
66.93581935598147
 10
133.14065044659952
 20
67.25626770228263
 10
132.7782187585828
 20
67.43448250756904
 10
132.40202592545631
 20
67.44909378575008
 10
131.9844727688817
 20
67.27873155073513
 10
131.4979601105204
 20
66.90202581643354
 10
130.91488877203415
 20
66.29760659675469
 10
130.20765957508445
 20
65.4441039056079
 10
129.34867334133284
 20
64.32014775690254
 10
128.310330892441
 20
62.90436816454806
 10
127.06503305007038
 20
61.175395142453766
 10
126.21320381587137
 20
59.99172104780814
 10
125.22190527848437
 20
58.6204598214172
 10
124.11247034987855
 20
57.090827072999446
 10
122.90623194202297
 20
55.43203841227344
 10
121.62452296688681
 20
53.67330944895784
 10
120.28867633643915
 20
51.843855792771194
 10
118.92002496264917
 20
49.97289305343202
 10
117.53990175748595
 20
48.089636840658954
 10
116.16963963291863
 20
46.22330276417051
 10
114.83057150091634
 20
44.40310643368528
 10
113.54403027344821
 20
42.65826345892185
 10
105.189584909817
 20
31.34207839005731
 10
105.69213723727924
 20
25.081335380848202
 10
106.04560526963095
 20
22.050104598669662
 10
106.59606244555866
 20
19.30110590899494
 10
107.342419130645
 20
16.83565824954303
 10
108.28358569047268
 20
14.65508055803295
 10
109.4184724906244
 20
12.760691772183549
 10
110.74598989668286
 20
11.153810829713848
 10
112.26504827423076
 20
9.83575666834281
 10
113.97455798885082
 20
8.807848225789343
 10
115.87342940612572
 20
8.07140443977238
 10
117.96057289163821
 20
7.627744248010941
 10
120.23489881097089
 20
7.478186588223963
 10
121.55744224769867
 20
7.522623384336924
 10
122.88343324904375
 20
7.65438974658008
 10
124.19682776789455
 20
7.867724626752448
 10
125.48158175713945
 20
8.15686697665322
 10
126.7216511696669
 20
8.516055748081527
 10
127.9009919583653
 20
8.939529892836362
 10
129.00356007612308
 20
9.421528362716913
 10
130.0133114758287
 20
9.956290109522172
 10
130.91420211037052
 20
10.538054085051328
 10
131.69018793263703
 20
11.161059241103487
 10
132.32522489551658
 20
11.819544529477696
 10
132.62439642593085
 20
12.194456477887854
 10
132.84134536167576
 20
12.508689703339257
 10
132.96783581315916
 20
12.76750603812593
 10
132.99563189078896
 20
12.976167314542096
 10
132.91649770497298
 20
13.139935364881865
 10
132.72219736611925
 20
13.26407202143929
 10
132.40449498463556
 20
13.353839116508595
 10
131.95515467092991
 20
13.414498482383834
 10
131.36594053541015
 20
13.451311951359116
 10
130.62861668848416
 20
13.469541355728609
 10
129.73494724055988
 20
13.474448527786421
 10
128.32503893954075
 20
13.588065202700477
 10
126.70262569484987
 20
13.912050349854326
 10
124.92137384600431
 20
14.421106652865575
 10
123.03494973252117
 20
15.08993679535206
 10
121.09701969391764
 20
15.893243460931302
 10
119.16125006971075
 20
16.805729333221052
 10
117.28130719941768
 20
17.802097095838974
 10
115.51085742255552
 20
18.85704943240262
 10
113.90356707864143
 20
19.945289026529764
 10
112.51310250719246
 20
21.041518561838046
 10
111.3931300477258
 20
22.1204407219451
 10
110.84038952441244
 20
22.73260922199313
 10
110.4173216636936
 20
23.217393340174908
 10
110.13249450646663
 20
23.57257510916449
 10
109.99447609362886
 20
23.795936561635898
 10
110.01183446607766
 20
23.8852597302631
 10
110.19313766471043
 20
23.838326647720066
 10
110.54695373042452
 20
23.652919346680847
 10
111.08185070411727
 20
23.326819859819352
 10
111.80639662668611
 20
22.857810219809664
 10
112.72915953902839
 20
22.243672459325666
 10
113.85870748204141
 20
21.482188611041465
 10
116.53623757629185
 20
19.77077471465884
 10
119.14488914793841
 20
18.302097789352587
 10
121.67428803735532
 20
17.07837095825124
 10
124.1140600849167
 20
16.101807344483376
 10
126.45383113099669
 20
15.374620071177503
 10
128.6832270159695
 20
14.899022261462193
 10
130.79187358020926
 20
14.677227038465958
 10
132.76939666409015
 20
14.711447525317254
 10
134.60542210798636
 20
15.003896845144709
 10
136.28957575227201
 20
15.556788121076806
 10
137.8114834373213
 20
16.372334476242145
 10
138.53080547911225
 20
16.90175579710092
 10
139.30447324225713
 20
17.567638003055038
 10
140.10657781338705
 20
18.338303099206655
 10
140.91121027913312
 20
19.182073090657866
 10
141.69246172612654
 20
20.067269982510908
 10
142.4244232409984
 20
20.962215779867876
 10
143.08118591037987
 20
21.835232487830893
 10
143.63684082090214
 20
22.65464211150214
 10
144.0654790591963
 20
23.388766655983716
 10
144.34119171189352
 20
24.00592812637774
 10
144.4380698656249
 20
24.47444852778642
 10
144.37926428058782
 20
24.549738672967635
 10
144.20896470775784
 20
24.62492278728365
 10
143.9356575641867
 20
24.69897138889317
 10
143.56782926692628
 20
24.77085499595495
 10
143.1139662330284
 20
24.839544126627715
 10
142.58255487954486
 20
24.904009299070168
 10
141.98208162352753
 20
24.963221031441066
 10
141.32103288202822
 20
25.016149841898994
 10
140.60789507209873
 20
25.061766248602765
 10
139.85115461079093
 20
25.09904076971111
 10
139.05929791515663
 20
25.12694392338267
 10
137.31348634948313
 20
25.235452834155012
 10
135.58265795507165
 20
25.46164620938464
 10
133.8663807407174
 20
25.805704232766544
 10
132.16422271521537
 20
26.267807087995976
 10
130.4757518873608
 20
26.8481349587681
 10
128.80053626594867
 20
27.546868028777908
 10
127.13814385977415
 20
28.364186481720623
 10
125.48814267763245
 20
29.30027050129138
 10
123.85010072831861
 20
30.35530027118523
 10
122.22358602062772
 20
31.52945597509739
 10
120.60816656335496
 20
32.822917796722976
 10
119.26423777121695
 20
33.972048760921865
 10
118.23261453765235
 20
34.89530228080696
 10
117.50913604808713
 20
35.59230082683169
 10
117.08964148794715
 20
36.06266686944949
 10
116.96997004265836
 20
36.3060228791137
 10
117.14596089764666
 20
36.32199132627787
 10
117.61345323833797
 20
36.11019468139537
 10
118.36828625015823
 20
35.67025541491958
 10
119.40629911853335
 20
35.00179599730393
 10
120.72333102888925
 20
34.10443889900188
 10
122.31522116665181
 20
32.97780659046683
 10
123.96713689946486
 20
31.843870621060063
 10
125.61406016412576
 20
30.819424690153255
 10
127.2568654574871
 20
29.904153558251124
 10
128.8964272764014
 20
29.097741985858733
 10
130.5336201177212
 20
28.399874733480743
 10
132.16931847829915
 20
27.810236561622048
 10
133.80439685498774
 20
27.328512230787425
 10
135.4397297446396
 20
26.954386501481736
 10
137.0761916441073
 20
26.68754413420976
 10
138.71465705024337
 20
26.527669889476414
 10
140.3560004599004
 20
26.47444852778642
 10
142.02524156799578
 20
26.528842267176856
 10
143.52134877300946
 20
26.691249051651454
 10
144.84275179097918
 20
26.960507230664916
 10
145.98788033794253
 20
27.335455153672285
 10
146.9551641299372
 20
27.814931170128318
 10
147.7430328830009
 20
28.39777362948803
 10
148.34991631317135
 20
29.082820881206146
 10
148.7742441364862
 20
29.868911274737513
 10
149.01444606898312
 20
30.754883159537087
 10
149.06895182669984
 20
31.73957488505971
 10
148.936191125674
 20
32.821824800760254
 10
148.62067126585703
 20
34.3568866326963
 10
148.33452586607305
 20
35.63770672131332
 10
148.06293265080694
 20
36.68747486893727
 10
147.79106934454367
 20
37.52938087789411
 10
147.50411367176824
 20
38.18661455050972
 10
147.18724335696552
 20
38.68236568911004
 10
146.8256361246206
 20
39.03982409602099
 10
146.40446969921834
 20
39.282179573568555
 10
145.90892180524375
 20
39.432621924078546
 10
145.32417016718176
 20
39.51434094987701
 10
144.63539250951735
 20
39.55052645328979
 10
144.20222795912602
 20
39.57662437089522
 10
143.7140211301969
 20
39.630576600056855
 10
143.1805267078478
 20
39.71010592176941
 10
142.61149937719654
 20
39.812935117027564
 10
142.01669382336092
 20
39.93678696682599
 10
141.40586473145876
 20
40.07938425215937
 10
140.78876678660794
 20
40.23844975402241
 10
140.17515467392627
 20
40.411706253409704
 10
139.5747830785316
 20
40.596876531315985
 10
138.99740668554168
 20
40.7916833687359
 10
138.45278018007443
 20
40.993849546664194
 10
137.59953743706743
 20
41.32893712697489
 10
136.92869974903297
 20
41.6011153882761
 10
136.4499846441504
 20
41.81378002647986
 10
136.17310965059897
 20
41.97032673749834
 10
136.10779229655802
 20
42.07415121724358
 10
136.26375011020687
 20
42.12864916162775
 10
136.6507006197248
 20
42.13721626656297
 10
137.27836135329125
 20
42.103248227961274
 10
138.15644983908544
 20
42.03014074173484
 10
139.29468360528674
 20
41.92128950379572
 10
140.70278018007443
 20
41.78009021005602
 10
146.45278018007443
 20
41.19908570557686
 10
146.45278018007443
 20
44.271667455507156
 10
146.4911018015359
 20
45.31976982145579
 10
146.60060242974123
 20
46.37498693142018
 10
146.77308571042153
 20
47.41478753767899
 10
147.0003552893079
 20
48.41664039251094
 10
147.2742148121315
 20
49.35801424819462
 10
147.58646792462355
 20
50.21637785700864
 10
147.92891827251518
 20
50.96919997123172
 10
148.29336950153748
 20
51.593949343142356
 10
148.67162525742165
 20
52.06809472501925
 10
149.0554891858989
 20
52.36910486914107
 10
149.43676493270027
 20
52.47444852778642
 10
149.60489817700574
 20
52.42604402106679
 10
149.74681609159802
 20
52.28201048541379
 10
149.86239411213057
 20
52.044117897586545
 10
149.95150767425687
 20
51.71413623434415
 10
150.01403221363037
 20
51.29383547244572
 10
150.0498431659047
 20
50.78498558865033
 10
150.05881596673314
 20
50.18935655971703
 10
150.04082605176933
 20
49.50871836240489
 10
149.99574885666678
 20
48.744840973473
 10
149.9234598170789
 20
47.8994943696805
 10
149.8238343686592
 20
46.97444852778642
 10
149.68674023679083
 20
45.755843511222366
 10
149.5877804021438
 20
44.72849021913447
 10
149.53019049814196
 20
43.87654507780155
 10
149.5172061582092
 20
43.18416451350265
 10
149.55206301576933
 20
42.635504952516555
 10
149.63799670424635
 20
42.21472282112211
 10
149.77824285706404
 20
41.90597454559827
 10
149.97603710764636
 20
41.69341655222394
 10
150.2346150894172
 20
41.5612052672779
 10
150.55721243580035
 20
41.493497117039084
 10
150.94706478021976
 20
41.47444852778642
 10
151.24632543027025
 20
41.49834570137119
 10
151.60761845513315
 20
41.56772990881373
 10
152.02255180693555
 20
41.67914018014662
 10
152.48273343780437
 20
41.82911554540243
 10
152.97977129986654
 20
42.01419503461375
 10
153.50527334524907
 20
42.23091767781315
 10
154.05084752607888
 20
42.47582250503311
 10
154.60810179448302
 20
42.74544854630625
 10
155.16864410258844
 20
43.0363348316651
 10
155.72408240252207
 20
43.345020391142214
 10
156.26602464641093
 20
43.668044254770194
 10
157.10626947379538
 20
44.18443895808565
 10
157.79779152749092
 20
44.59924049647432
 10
158.35151885285248
 20
44.913402096206
 10
158.77837949523482
 20
45.12787698355041
 10
159.08930149999276
 20
45.243618384777164
 10
159.29521291248116
 20
45.261579526156
 10
159.4070417780549
 20
45.18271363395658
 10
159.43571614206874
 20
45.007973934448614
 10
159.39216404987764
 20
44.73831365390174
 10
159.28731354683637
 20
44.37468601858569
 10
159.13209267829973
 20
43.918044254770194
 10
158.99846751915743
 20
43.5222942327662
 10
158.9070561031171
 20
43.21059419435008
 10
158.8606877782083
 20
42.98383922667358
 10
158.86219189246046
 20
42.84292441688848
 10
158.91439779390316
 20
42.788744852146465
 10
159.02013483056584
 20
42.822195619599285
 10
159.18223235047813
 20
42.94417180639866
 10
159.40351970166952
 20
43.15556849969627
 10
159.68682623216947
 20
43.457280786643935
 10
160.0349812900076
 20
43.850203754393306
 10
160.45081422321334
 20
44.33523249009616
 10
160.74561912745435
 20
44.698010318164705
 10
161.027338303803
 20
45.07416421097267
 10
161.29281312828533
 20
45.45777756446293
 10
161.53888497692733
 20
45.84293377457837
 10
161.76239522575494
 20
46.223716237261954
 10
161.96018525079418
 20
46.59420834845653
 10
162.12909642807102
 20
46.948493504105045
 10
162.26597013361152
 20
47.28065510015034
 10
162.36764774344155
 20
47.584776532535386
 10
162.4309706335872
 20
47.854941197203004
 10
162.45278018007443
 20
48.08523249009616
 10
162.49187050694638
 20
48.516263559931815
 10
162.60123335449367
 20
48.86573887232811
 10
162.7690065231134
 20
49.13295200867094
 10
162.98332781320252
 20
49.317196550346125
 10
163.23233502515805
 20
49.41776607873945
 10
163.50416595937702
 20
49.43395417523675
 10
163.7869584162565
 20
49.365054421223874
 10
164.06885019619355
 20
49.21036039808655
 10
164.3379790995851
 20
48.96916568721065
 10
164.58248292682825
 20
48.64076386998201
 10
164.79049947832004
 20
48.22444852778642
 10
164.86563425365054
 20
48.08122914386462
 10
164.9391092164143
 20
48.023941390295874
 10
165.0100040059803
 20
48.04864086437547
 10
165.0773982617173
 20
48.15138316339872
 10
165.14037162299428
 20
48.32822388466096
 10
165.1980037291801
 20
48.57521862545735
 10
165.24937421964367
 20
48.88842298308319
 10
165.2935627337539
 20
49.263892554833774
 10
165.32964891087968
 20
49.697682938004306
 10
165.35671239038987
 20
50.185849729890094
 10
165.3738328116534
 20
50.72444852778642
 10
165.39533258610223
 20
51.2766649064491
 10
165.43511129106773
 20
51.804369639732386
 10
165.49161431476787
 20
52.301646123579076
 10
165.56328704542054
 20
52.76257775393219
 10
165.64857487124357
 20
53.181247926734585
 10
165.74592318045495
 20
53.551740037929164
 10
165.85377736127262
 20
53.86813748345884
 10
165.97058280191447
 20
54.124523659266515
 10
166.0947848905984
 20
54.314981961295075
 10
166.22482901554235
 20
54.43359578548737
 10
166.3591605649642
 20
54.47444852778642
 10
166.48648885094602
 20
54.497940182499576
 10
166.59619936272944
 20
54.56614698687349
 10
166.6877517542722
 20
54.6756667012601
 10
166.76060567953158
 20
54.82309708601139
 10
166.81422079246522
 20
55.00503590147912
 10
166.84805674703057
 20
55.21808090801531
 10
166.86157319718515
 20
55.45882986597172
 10
166.8542297968865
 20
55.723880535700346
 10
166.82548620009212
 20
56.009830677553055
 10
166.77480206075953
 20
56.313278051881724
 10
166.70163703284618
 20
56.63082041903829
 10
166.60465654818486
 20
57.02956510655417
 10
166.5380656152422
 20
57.37012832226597
 10
166.50244674034386
 20
57.653652853899445
 10
166.49838242981505
 20
57.88128148918062
 10
166.52645518998145
 20
58.05415701583519
 10
166.58724752716853
 20
58.17342222158905
 10
166.6813419477017
 20
58.240219894168035
 10
166.80932095790652
 20
58.25569282129794
 10
166.97176706410843
 20
58.22098379070465
 10
167.169262772633
 20
58.13723559011399
 10
167.4023905898056
 20
58.00559100725178
 10
167.6373071209052
 20
57.871829441130444
 10
167.8342951114303
 20
57.78543618267085
 10
167.99391288714494
 20
57.747682434386235
 10
168.1167187738131
 20
57.75983939878989
 10
168.20327109719878
 20
57.82317827839509
 10
168.254128183066
 20
57.93897027571501
 10
168.26984835717886
 20
58.10848659326297
 10
168.2509899453013
 20
58.33299843355218
 10
168.19811127319744
 20
58.613776999095876
 10
168.1117706666312
 20
58.952093492407386
 10
167.9925264513666
 20
59.349219115999915
 10
167.79029987907293
 20
60.07114110776169
 10
167.6849959605965
 20
60.63722166983598
 10
167.6664428328959
 20
61.049524273252416
 10
167.72446863292967
 20
61.31011238904085
 10
167.8489014976564
 20
61.42104948823095
 10
168.0295695640347
 20
61.38439904185242
 10
168.2563009690231
 20
61.20222452093503
 10
168.51892384958023
 20
60.876589396508535
 10
168.80726634266463
 20
60.40955713960261
 10
169.11115658523497
 20
59.80319122124703
 10
169.42042271424972
 20
59.059555112471486
 10
169.5611940871897
 20
58.63168363298519
 10
169.67231998517286
 20
58.16908683287855
 10
169.75384597530734
 20
57.675440747750486
 10
169.80581762470135
 20
57.15442141320017
 10
169.82828050046302
 20
56.60970486482648
 10
169.82128016970057
 20
56.044967138228515
 10
169.78486219952222
 20
55.463884269005234
 10
169.71907215703618
 20
54.8701322927557
 10
169.6239556093506
 20
54.26738724507885
 10
169.49955812357365
 20
53.659325161573776
 10
169.34592526681357
 20
53.049622077839445
 10
169.15531101946215
 20
52.31584002260183
 10
169.01022729656913
 20
51.65159257559236
 10
168.9115812871559
 20
51.047422684247096
 10
168.86028018024402
 20
50.49387329600248
 10
168.8572311648549
 20
49.98148735829463
 10
168.90334143001002
 20
49.50080781855979
 10
168.99951816473092
 20
49.042377624234234
 10
169.1466685580391
 20
48.59673972275411
 10
169.34569979895602
 20
48.15443706155571
 10
169.59751907650315
 20
47.706012588075254
 10
169.903033579702
 20
47.242009249749
 10
170.41711542027033
 20
46.32509746729758
 10
170.8300769326787
 20
45.224463293439385
 10
171.14165426482364
 20
43.997217033703976
 10
171.35158356460153
 20
42.70046899362083
 10
171.4596009799089
 20
41.391329478719626
 10
171.46544265864216
 20
40.12690879452981
 10
171.3688447486979
 20
38.964317246581004
 10
171.16954339797255
 20
37.96066514040268
 10
170.8672747543625
 20
37.173062781524436
 10
170.4617749657643
 20
36.65862047547586
 10
169.95278018007443
 20
36.47444852778642
 10
169.6779250516823
 20
36.50183708550762
 10
169.43311057947304
 20
36.58544402979757
 10
169.21746317282685
 20
36.72743126734588
 10
169.03010924112397
 20
36.92996070484216
 10
168.87017519374464
 20
37.195194248976065
 10
168.73678744006915
 20
37.52529380643713
 10
168.62907238947767
 20
37.922421283915014
 10
168.54615645135053
 20
38.38873858809927
 10
168.48716603506793
 20
38.9264076256795
 10
168.45122755001015
 20
39.53759030334538
 10
168.43746740555738
 20
40.22444852778642
 10
168.4242859154519
 20
40.7930060033687
 10
168.3904063628896
 20
41.368156266328896
 10
168.337435375969
 20
41.94161607098704
 10
168.2669795827885
 20
42.5051021716632
 10
168.18064561144664
 20
43.05033132267749
 10
168.08004009004185
 20
43.56902027834991
 10
167.96676964667262
 20
44.05288579300057
 10
167.84244090943744
 20
44.49364462094945
 10
167.70866050643482
 20
44.88301351651671
 10
167.56703506576324
 20
45.21270923402233
 10
167.41917121552112
 20
45.47444852778642
 10
167.19653631104214
 20
45.792416909652616
 10
166.99534659270418
 20
46.041627179941514
 10
166.80975243314998
 20
46.22077051402414
 10
166.63390420502193
 20
46.32853808727154
 10
166.46195228096272
 20
46.36362107505482
 10
166.28804703361496
 20
46.32471065274498
 10
166.1063388356212
 20
46.210497995713155
 10
165.91097805962406
 20
46.0196742793303
 10
165.6961150782661
 20
45.750930678967535
 10
165.45590026418995
 20
45.40295836999587
 10
165.18448399003816
 20
44.97444852778642
 10
164.72944170255343
 20
44.19946519950588
 10
164.3223369880959
 20
43.428109965034054
 10
163.96157514885488
 20
42.65477840892612
 10
163.64556148701942
 20
41.87386611573726
 10
163.37270130477884
 20
41.07976867002267
 10
163.14139990432236
 20
40.2668816563376
 10
162.95006258783926
 20
39.42960065923728
 10
162.79709465751873
 20
38.56232126327677
 10
162.68090141555004
 20
37.65943905301131
 10
162.5998881641224
 20
36.715349612996135
 10
162.55246020542504
 20
35.72444852778642
 10
162.52225992429538
 20
35.13109049912663
 10
162.46945778369798
 20
34.60258868664681
 10
162.39311786185067
 20
34.13718458383397
 10
162.29230423697138
 20
33.73311968417519
 10
162.16608098727812
 20
33.38863548115745
 10
162.01351219098873
 20
33.10197346826777
 10
161.8336619263213
 20
32.871375138993216
 10
161.6255942714936
 20
32.69508198682075
 10
161.38837330472376
 20
32.57133550523747
 10
161.1210631042296
 20
32.49837718773037
 10
160.82272774822903
 20
32.47444852778642
 10
160.4847901296557
 20
32.4958852765038
 10
160.2011785006636
 20
32.566571614322186
 10
159.96952374679375
 20
32.69607167874108
 10
159.7874567535872
 20
32.89394960726017
 10
159.65260840658487
 20
33.16976953737881
 10
159.56260959132783
 20
33.533095606596675
 10
159.51509119335705
 20
33.993491952413166
 10
159.50768409821356
 20
34.560522712327895
 10
159.53801919143837
 20
35.24375202384036
 10
159.60372735857246
 20
36.05274402445011
 10
159.70243948515687
 20
36.997062851656636
 10
159.79471068374104
 20
37.87456519355379
 10
159.8586383008506
 20
38.6267990564933
 10
159.89331429178378
 20
39.25837676887588
 10
159.8978306118387
 20
39.77391065910234
 10
159.8712792163137
 20
40.1780130555733
 10
159.81275206050688
 20
40.47529628668957
 10
159.72134109971662
 20
40.670372680851756
 10
159.59613828924108
 20
40.767854566460585
 10
159.43623558437847
 20
40.77235427191681
 10
159.24072494042704
 20
40.68848412562113
 10
159.00869831268503
 20
40.52085645597424
 10
158.7908057666585
 20
40.355684597970566
 10
158.57584630034503
 20
40.224301903673165
 10
158.36376840568926
 20
40.12670932959472
 10
158.15452057463574
 20
40.06290783224824
 10
157.94805129912908
 20
40.032898368146334
 10
157.7443090711139
 20
40.036681893801926
 10
157.5432423825348
 20
40.07425936572781
 10
157.34479972533634
 20
40.14563174043667
 10
157.14892959146323
 20
40.25079997444146
 10
156.95558047285996
 20
40.38976502425484
 10
156.7647008614712
 20
40.56252784638974
 10
156.30339178926155
 20
40.895786164723546
 10
155.81887426959327
 20
41.011484354382674
 10
155.32111811678024
 20
40.92265199848012
 10
154.82009314513624
 20
40.64231868012891
 10
154.32576916897509
 20
40.18351398244204
 10
153.84811600261057
 20
39.55926748853247
 10
153.39710346035653
 20
38.78260878151332
 10
152.98270135652686
 20
37.866567444497434
 10
152.6148795054353
 20
36.82417306059787
 10
152.30360772139574
 20
35.66845521292768
 10
152.05885581872192
 20
34.412443484599805
 10
151.92346978291732
 20
33.69724427593326
 10
151.748161168321
 20
32.99022061899271
 10
151.5347266325015
 20
32.294989017083566
 10
151.28496283302724
 20
31.615165973511296
 10
151.00066642746677
 20
30.95436799158145
 10
150.68363407338862
 20
30.316211574599436
 10
150.33566242836122
 20
29.704313225870692
 10
149.95854814995315
 20
29.122289448700656
 10
149.55408789573286
 20
28.57375674639485
 10
149.12407832326892
 20
28.062331622258682
 10
148.67031609012975
 20
27.59163057959762
 10
148.24858580531253
 20
27.162894050961114
 10
147.8035950403356
 20
26.67089970855386
 10
147.34275276988626
 20
26.125906921259258
 10
146.8734679686515
 20
25.538175057960842
 10
146.40314961131858
 20
24.917963487542067
 10
145.9392066725746
 20
24.275531578886472
 10
145.4890481271068
 20
23.62113870087748
 10
145.06008294960228
 20
22.965044222398518
 10
144.65972011474824
 20
22.317507512333123
 10
144.29536859723189
 20
21.688787939564776
 10
143.9744373717403
 20
21.089144872976902
 10
143.64458607250796
 20
20.493774391946943
 10
143.25433558226854
 20
19.87746005035018
 10
142.8123867484578
 20
19.24984242881675
 10
142.3274404185116
 20
18.62056210797701
 10
141.8081974398657
 20
17.999259668461264
 10
141.26335865995594
 20
17.395575690899705
 10
140.70162492621816
 20
16.81915075592258
 10
140.13169708608817
 20
16.27962544416016
 10
139.5622759870018
 20
15.786640336242783
 10
139.00206247639485
 20
15.349836012800608
 10
138.45975740170317
 20
14.978853054463968
 10
137.92361679403237
 20
14.631575113826898
 10
137.38130149456885
 20
14.26359708315374
 10
136.84061956586956
 20
13.881126402580435
 10
136.3093790704914
 20
13.490370512242777
 10
135.7953880709913
 20
13.097536852276676
 10
135.3064546299262
 20
12.708832862817872
 10
134.85038680985306
 20
12.33046598400233
 10
134.4349926733288
 20
11.968643655965764
 10
134.0680802829103
 20
11.629573318844109
 10
133.75745770115458
 20
11.319462412773191
 10
133.51093299061853
 20
11.044518377888835
 10
132.1317026559861
 20
9.687504765843784
 10
130.4495078147176
 20
8.531813947563165
 10
128.52433163178392
 20
7.584708430183241
 10
126.41615727215594
 20
6.8534507208403
 10
124.1849679008046
 20
6.345303326670603
 10
121.89074668270078
 20
6.0675287548103825
 10
119.59347678281537
 20
6.027389512395871
 10
117.35314136611933
 20
6.232148106563329
 10
115.2297235975835
 20
6.68906704444899
 10
113.28320664217884
 20
7.405408833189142
 10
111.57357366487619
 20
8.388435979920018
 10
110.42351272805834
 20
9.309208379733263
 10
109.36087389547336
 20
10.366820023330348
 10
108.3901639737145
 20
11.551125347998749
 10
107.51588976937487
 20
12.851978791026426
 10
106.74255808904772
 20
14.25923478970094
 10
106.07467573932621
 20
15.762747781310054
 10
105.51674952680352
 20
17.352372203141442
 10
105.07328625807293
 20
19.01796249248281
 10
104.74879273972755
 20
20.74937308662186
 10
104.54777577836063
 20
22.536458422846238
 10
104.47474218056533
 20
24.369072938443736
 10
104.45278018007443
 20
29.76369734910105
 10
98.41768626904093
 20
23.17745629225152
 10
96.43618603736158
 20
21.08583940807435
 10
94.36206581090406
 20
19.03053608507986
 10
92.2160873846521
 20
17.027768218071657
 10
90.01901255358928
 20
15.093757701853349
 10
87.7916031126993
 20
13.244726431228656
 10
85.55462085696587
 20
11.496896301001044
 10
83.3288275813726
 20
9.866489205974261
 10
81.13498508090314
 20
8.369727040951773
 10
78.99385515054121
 20
7.022831700737299
 10
76.92619958527038
 20
5.84202508013442
 10
74.95278018007443
 20
4.8435290739467405
 10
73.39315533461675
 20
4.202355379366111
 10
71.67408754584065
 20
3.6591411001412837
 10
69.83451763303432
 20
3.2163873524335145
 10
67.91338641548592
 20
2.8765952524041722
 10
65.9496347124836
 20
2.642265916214626
 10
63.98220334331549
 20
2.515900460026103
 10
62.05003312726981
 20
2.5
 10
60.19206488363469
 20
2.5970656522975446
 10
58.447239431698314
 20
2.8095985330801057
 10
56.85449759074884
 20
3.1400997585089954
 10
55.45278018007442
 20
3.5910704447454975
  0
LWPOLYLINE
  5
30
330
17
100
AcDbEntity
  8
CUT
100
AcDbPolyline
 90
58
 70
1
 10
78.42476958470701
 20
9.460158588317597
 10
79.76613078338985
 20
10.169735637614622
 10
80.86798640332464
 20
10.808065588658309
 10
81.73065107636893
 20
11.3759213675161
 10
82.35443943438034
 20
11.874075900255576
 10
82.73966610921642
 20
12.303302112944152
 10
82.88664573273473
 20
12.664372931649353
 10
82.79569293679285
 20
12.958061282438678
 10
82.46712235324841
 20
13.185140091379537
 10
81.90124861395893
 20
13.346382284539459
 10
81.098386350782
 20
13.44256078798594
 10
80.05885019557522
 20
13.474448527786421
 10
78.37563247148947
 20
13.558581430490051
 10
76.81076324863864
 20
13.806408144531474
 10
75.37253558162666
 20
14.21107067880638
 10
74.06924252505749
 20
14.765711042210711
 10
72.90917713353508
 20
15.46347124364027
 10
71.90063246166335
 20
16.297493291990833
 10
71.05190156404632
 20
17.260919196158227
 10
70.3712774952879
 20
18.346890965038256
 10
69.86705330999209
 20
19.54855060752675
 10
69.54752206276277
 20
20.859040132519453
 10
69.42097680820396
 20
22.271501548912255
 10
69.40830711016741
 20
22.637603706151168
 10
69.38250052302178
 20
22.927531218726017
 10
69.33923072703783
 20
23.140468503035493
 10
69.27417140248622
 20
23.275599975478144
 10
69.18299622963772
 20
23.33211005245252
 10
69.06137888876302
 20
23.309183150357285
 10
68.90499306013285
 20
23.206003685590986
 10
68.70951242401793
 20
23.021756074552115
 10
68.47061066068903
 20
22.755624733639365
 10
68.18396145041683
 20
22.406794079251284
 10
67.84523847347202
 20
21.97444852778642
 10
67.58951102974842
 20
21.632053433072258
 10
67.28987244267958
 20
21.211594697259358
 10
66.95286759513067
 20
20.723162142842398
 10
66.58504136996694
 20
20.176845592316198
 10
66.1929386500536
 20
19.582734868175294
 10
65.78310431825582
 20
18.950919792914306
 10
65.36208325743885
 20
18.291490189028053
 10
64.93642035046787
 20
17.614535879011044
 10
64.51266048020813
 20
16.930146685357983
 10
64.09734852952482
 20
16.248412430563576
 10
63.69702938128316
 20
15.579422937122445
 10
61.09275525195576
 20
11.18439734645844
 10
63.38355167832489
 20
9.329422937122445
 10
64.30984374762917
 20
8.717798817682024
 10
65.40507507982716
 20
8.231578146760427
 10
66.64233867906964
 20
7.870527053427281
 10
67.99472754950745
 20
7.634411666752413
 10
69.43533469529132
 20
7.522998115805535
 10
70.93725312057205
 20
7.536052529656416
 10
72.4735758295005
 20
7.673341037374769
 10
74.01739582622741
 20
7.934629768030334
 10
75.54180611490361
 20
8.319684850692823
 10
77.01989969967988
 20
8.828272414431979
 10
78.42476958470701
 20
9.460158588317597
  0
LWPOLYLINE
  5
31
330
17
100
AcDbEntity
  8
CUT
100
AcDbPolyline
 90
34
 70
1
 10
57.45278018007442
 20
11.352003812344265
 10
57.38619098832374
 20
11.74899992907072
 10
57.20012513546687
 20
12.157439973624975
 10
56.915135205096554
 20
12.563264165926086
 10
56.55177378080551
 20
12.952412725893282
 10
56.13059344618649
 20
13.31082587344548
 10
55.672146784832215
 20
13.624443828501853
 10
55.196986380335424
 20
13.879206810981401
 10
54.72566481628885
 20
14.06105504080324
 10
54.27873467628522
 20
14.15592873788637
 10
53.876748543917294
 20
14.149768122149908
 10
53.54025900277778
 20
14.02851341351294
 10
53.188109742653815
 20
13.7283935447702
 10
52.9755010896151
 20
13.366672052458398
 10
52.89163557974138
 20
12.962351015163875
 10
52.92571574911238
 20
12.534432511472914
 10
53.06694413380783
 20
12.101918619971855
 10
53.30452326990743
 20
11.683811419247064
 10
53.62765569349096
 20
11.299112987884712
 10
54.02554394063812
 20
10.966825404471138
 10
54.48739054742865
 20
10.705950747592738
 10
55.00239804994229
 20
10.53549109583571
 10
55.55976898425876
 20
10.474448527786421
 10
55.838529460877744
 20
10.484008671757977
 10
56.10491638572842
 20
10.511766055289087
 10
56.3559430394185
 20
10.556336105804519
 10
56.58862270255556
 20
10.616334250729182
 10
56.7999686557473
 20
10.690375917487927
 10
56.986994179601375
 20
10.777076533505493
 10
57.146712554725404
 20
10.875051526206676
 10
57.27613706172708
 20
10.982916323016354
 10
57.37228098121404
 20
11.099286351359297
 10
57.43215759379394
 20
11.222777038660297
 10
57.45278018007442
 20
11.352003812344265
  0
LWPOLYLINE
  5
32
330
17
100
AcDbEntity
  8
CUT
100
AcDbPolyline
 90
69
 70
1
 10
62.354004309387875
 20
16.03160870954821
 10
62.971788986999485
 20
17.08607497770967
 10
63.47160952376896
 20
17.961328853882236
 10
63.8557041795537
 20
18.67004915159586
 10
64.12631121421097
 20
19.224914684380593
 10
64.28566888759812
 20
19.638604265766503
 10
64.33601545957248
 20
19.923796709283522
 10
64.27958918999136
 20
20.09317082846181
 10
64.11862833871211
 20
20.15940543683118
 10
63.85537116559209
 20
20.13517934792179
 10
63.49205593048862
 20
20.033171375263606
 10
63.03092089325898
 20
19.866060332386667
 10
62.405447897231
 20
19.712759628171682
 10
61.73399967603865
 20
19.70482080829973
 10
61.03141267359157
 20
19.83229608688822
 10
60.31252333379937
 20
20.085237678054852
 10
59.59216810057172
 20
20.453697795917236
 10
58.88518341781825
 20
20.927728654592954
 10
58.20640572944861
 20
21.497382468199504
 10
57.57067147937246
 20
22.152711450854554
 10
56.9928171114994
 20
22.88376781667563
 10
56.48767906973911
 20
23.680603779780313
 10
56.0700937980012
 20
24.533271554286216
 10
54.8501683006204
 20
27.434620081805463
 10
51.68103540198143
 20
23.311211837712648
 10
51.21993852128022
 20
22.694975797102245
 10
50.79018218686018
 20
22.088499413156
 10
50.39595805585917
 20
21.499596582859425
 10
50.041457785415005
 20
20.936081203198228
 10
49.73087303266551
 20
20.40576717115806
 10
49.46839545474854
 20
19.91646838372455
 10
49.25821670880193
 20
19.475998737883288
 10
49.104528451963525
 20
19.09217213061993
 10
49.011522341371155
 20
18.77280245892007
 10
48.98339003416266
 20
18.525703619769388
 10
49.024323187475865
 20
18.35868951015351
 10
49.14302935325443
 20
18.223638578344662
 10
49.34070696499704
 20
18.06934317268889
 10
49.61028400217418
 20
17.898988040282433
 10
49.94468844425626
 20
17.71575792822179
 10
50.33684827071373
 20
17.522837583603234
 10
50.779691461017016
 20
17.32341175352309
 10
51.26614599463658
 20
17.120665185077712
 10
51.78913985104287
 20
16.917782625363373
 10
52.3416010097063
 20
16.717948821476455
 10
52.91645745009733
 20
16.524348520513342
 10
53.50663715168641
 20
16.340166469570306
 10
54.10333312609985
 20
16.150438899522413
 10
54.69710922758782
 20
15.940737470675543
 10
55.27994969955659
 20
15.71505007427217
 10
55.84383878541234
 20
15.477364601554882
 10
56.380760728561306
 20
15.231668943766294
 10
56.882699772409715
 20
14.981950992148938
 10
57.34164016036379
 20
14.732198637945316
 10
57.74956613582973
 20
14.486399772398102
 10
58.09846194221381
 20
14.248542286749739
 10
58.3803118229222
 20
14.022614072242789
 10
58.58710002136116
 20
13.812603020119923
 10
58.95382077189122
 20
13.371459161651586
 10
59.26037999358177
 20
13.026309685403561
 10
59.525213202301764
 20
12.788014573863478
 10
59.76675591392004
 20
12.667433809519025
 10
60.00344364430554
 20
12.675427374857861
 10
60.253711909327116
 20
12.822855252367617
 10
60.53599622485368
 20
13.120577424536009
 10
60.868732106754145
 20
13.579453873850554
 10
61.2703550708974
 20
14.210344582799053
 10
61.75930063315235
 20
15.024109533869023
 10
62.354004309387875
 20
16.03160870954821
  0
LWPOLYLINE
  5
33
330
17
100
AcDbEntity
  8
CUT
100
AcDbPolyline
 90
80
 70
1
 10
95.0969248596025
 20
28.72444852778642
 10
98.26494585059831
 20
32.932235438992365
 10
101.4704077796066
 20
37.087601384239775
 10
104.67331062605953
 20
41.14350709421751
 10
107.83365436938908
 20
45.052913299614374
 10
110.91143898902729
 20
48.76878073111925
 10
113.86666446440628
 20
52.244070119420854
 10
116.65933077495802
 20
55.4317421952081
 10
119.24943790011466
 20
58.28475768916974
 10
121.5969858193082
 20
60.75607733199462
 10
123.66197451197073
 20
62.79866185437152
 10
125.40440395753424
 20
64.36547198698929
 10
126.41916276393832
 20
65.24691512587651
 10
127.28478302796788
 20
66.06699903632551
 10
128.00201886971456
 20
66.82733429973112
 10
128.57162440927013
 20
67.52953149748828
 10
128.99435376672625
 20
68.17520121099184
 10
129.27096106217462
 20
68.76595402163676
 10
129.40220041570697
 20
69.30340051081785
 10
129.38882594741503
 20
69.78915125993007
 10
129.23159177739046
 20
70.22481685036823
 10
128.931252025725
 20
70.61200786352728
 10
128.48856081251031
 20
70.95233488080208
 10
128.26720032023917
 20
70.97344481628974
 10
127.90106233964539
 20
70.86380629270707
 10
127.40316339965463
 20
70.63213096877999
 10
126.78652002919247
 20
70.28713050323458
 10
126.06414875718451
 20
69.83751655479682
 10
125.24906611255642
 20
69.2920007821927
 10
124.35428862423376
 20
68.65929484414823
 10
123.39283282114224
 20
67.9481103993894
 10
122.37771523220741
 20
67.16715910664215
 10
121.32195238635487
 20
66.32515262463258
 10
120.23856081251031
 20
65.43080261208664
 10
119.04923677232983
 20
64.46693277676488
 10
117.72108658287601
 20
63.45283187101592
 10
116.27833346222758
 20
62.404126402201285
 10
114.7452006284633
 20
61.3364428776824
 10
113.14591129966198
 20
60.26540780482074
 10
111.50468869390235
 20
59.20664769097786
 10
109.84575602926324
 20
58.17578904351521
 10
108.19333652382338
 20
57.188458369794205
 10
106.57165339566157
 20
56.26028217717635
 10
105.00492986285656
 20
55.40688697302315
 10
103.51738914348715
 20
54.643899264696046
 10
101.61890674072944
 20
53.68138183893359
 10
99.84607809964021
 20
52.731699941874325
 10
98.17501409424113
 20
51.777958342414024
 10
96.5818255985539
 20
50.80326180944843
 10
95.04262348660026
 20
49.79071511187334
 10
93.53351863240195
 20
48.723423018584555
 10
92.03062190998062
 20
47.58449029847782
 10
90.51004419335806
 20
46.35702172044887
 10
88.94789635655593
 20
45.024122053393455
 10
87.32028927359596
 20
43.56889606620737
 10
85.60333381849989
 20
41.97444852778642
 10
82.79097915626014
 20
39.285090119248025
 10
80.34797785445016
 20
36.8664072310892
 10
78.25294150593399
 20
34.688807008429364
 10
76.4844817035758
 20
32.72269659638789
 10
75.0212100402396
 20
30.938483140084088
 10
73.84173810878954
 20
29.306573784637436
 10
72.92467750208968
 20
27.797375675167245
 10
72.24863981300416
 20
26.381295956792826
 10
71.79223663439703
 20
25.028741774633573
 10
71.53407955913244
 20
23.710120273808883
 10
71.45278018007443
 20
22.39583859943812
 10
71.5046526569908
 20
21.046555563156403
 10
71.66751569601394
 20
19.867934687038
 10
71.95223770955462
 20
18.85109296816441
 10
72.3696871100237
 20
17.98714740361737
 10
72.93073230983205
 20
17.267214990478465
 10
73.64624172139045
 20
16.682412725829295
 10
74.5270837571098
 20
16.223857606751523
 10
75.58412682940096
 20
15.882666630326753
 10
76.82823935067472
 20
15.649956793636505
 10
78.27028973334197
 20
15.516845093762527
 10
79.92114638981352
 20
15.474448527786421
 10
85.24665545669546
 20
15.474448527786421
 10
95.0969248596025
 20
28.72444852778642
  0
LWPOLYLINE
  5
34
330
17
100
AcDbEntity
  8
CUT
100
AcDbPolyline
 90
34
 70
1
 10
99.82131274187569
 20
28.47444852778642
 10
101.95457202958383
 20
31.060781109307015
 10
104.3029754603264
 20
33.978663054148484
 10
106.79235634831704
 20
37.13000422061762
 10
109.3485480077693
 20
40.416714467021336
 10
111.89738375289687
 20
43.740703651666365
 10
114.36469689791343
 20
47.00388163285962
 10
116.67632075703253
 20
50.1081582689078
 10
118.75808864446785
 20
52.95544341811777
 10
120.53583387443302
 20
55.44764693879631
 10
121.93538976114169
 20
57.486678689250255
 10
122.88258961880746
 20
58.97444852778642
 10
123.52953303884706
 20
60.36057686085675
 10
122.95338870960288
 20
60.18949398330878
 10
121.34335541494391
 20
58.68262433993186
 10
118.88863193873902
 20
56.061392375515425
 10
115.77841706485702
 20
52.54722253484883
 10
112.20190957716687
 20
48.361539262721465
 10
108.34830825953745
 20
43.725767003922726
 10
104.40681189583762
 20
38.86133020324195
 10
100.5666192699363
 20
33.98965330546852
 10
97.01692916570232
 20
29.33216075539184
 10
93.94694036700466
 20
25.110276997801293
 10
92.46652064910023
 20
22.935668541401412
 10
91.45419778298637
 20
21.29449118148443
 10
90.88823638941057
 20
20.174297368012873
 10
90.74690108912034
 20
19.562639550949342
 10
91.00845650286317
 20
19.447070180256446
 10
91.65116725138662
 20
19.815141705896707
 10
92.65329795543818
 20
20.654406577832816
 10
93.99311323576535
 20
21.952417246027238
 10
95.64887771311564
 20
23.69672616044261
 10
97.5988560082366
 20
25.87488577104145
 10
99.82131274187569
 20
28.47444852778642
  0
LWPOLYLINE
  5
35
330
17
100
AcDbEntity
  8
CUT
100
AcDbPolyline
 90
69
 70
1
 10
53.79555584492264
 20
28.72444852778642
 10
53.70148492052267
 20
28.834891803518985
 10
53.56053066699595
 20
28.94043275017563
 10
53.37721651973313
 20
29.039888046944952
 10
53.15606591412482
 20
29.13207437301557
 10
52.90160228556163
 20
29.21580840757605
 10
52.618349069434224
 20
29.289906829814953
 10
52.310829701133194
 20
29.353186318920905
 10
51.9835676160492
 20
29.40446355408244
 10
51.64108624957286
 20
29.442555214488152
 10
51.28790903709479
 20
29.466277979326605
 10
50.928559414005626
 20
29.47444852778642
 10
50.537035023575285
 20
29.507106045195457
 10
50.090440038334215
 20
29.60192545781041
 10
49.59795768756386
 20
29.754177056213564
 10
49.06877120054561
 20
29.95913113098709
 10
48.51206380656088
 20
30.212057972713126
 10
47.93701873489112
 20
30.50822787197376
 10
47.35281921481771
 20
30.842911119351186
 10
46.76864847562209
 20
31.21137800542749
 10
46.19368974658568
 20
31.60889882078493
 10
45.63712625698989
 20
32.030743856005586
 10
45.10814123611614
 20
32.47218340167166
 10
44.39635731219959
 20
33.085658689337436
 10
43.77171023771578
 20
33.596568361731556
 10
43.225144445999995
 20
34.00821346412255
 10
42.74760437038744
 20
34.32389504177911
 10
42.330034444213425
 20
34.546914139969886
 10
41.963379100813164
 20
34.68057180396346
 10
41.63858277352194
 20
34.728169079028504
 10
41.34658989567499
 20
34.693007010433575
 10
41.07834490060758
 20
34.578386643447374
 10
40.82479222165499
 20
34.387609023338484
 10
40.57687629215244
 20
34.12397519537552
 10
40.37136457664979
 20
33.84918592944683
 10
40.22151883552471
 20
33.58319199496728
 10
40.128694313025626
 20
33.32169765752246
 10
40.094246253400904
 20
33.060407182698015
 10
40.119529900898954
 20
32.79502483607959
 10
40.20590049976817
 20
32.52125488325282
 10
40.354713294256946
 20
32.23480158980328
 10
40.56732352861369
 20
31.93136922131663
 10
40.84508644708679
 20
31.60666204337852
 10
41.18935729392465
 20
31.25638432157453
 10
41.601491313375654
 20
30.876240321490314
 10
41.9383462450995
 20
30.54815906068191
 10
42.30208980027268
 20
30.141090362760792
 10
42.68623197297495
 20
29.664990547316336
 10
43.084282757286026
 20
29.12981593393792
 10
43.48975214728568
 20
28.545522842214922
 10
43.89615013705366
 20
27.922067591736777
 10
44.29698672066971
 20
27.269406502092806
 10
44.68577189221359
 20
26.597495892872473
 10
45.05601564576505
 20
25.91629208366504
 10
45.40122797540384
 20
25.235751394060003
 10
45.71491887520971
 20
24.565830143646735
 10
47.68669787242744
 20
20.15721175950702
 10
50.9715316854741
 20
24.065830143646735
 10
51.450228670733274
 20
24.649574849350273
 10
51.89789905898808
 20
25.22332332669768
 10
52.31008721482544
 20
25.779725388906968
 10
52.682337502832205
 20
26.311430849196427
 10
53.01019428759529
 20
26.811089520784066
 10
53.289201933701584
 20
27.271351216888036
 10
53.51490480573799
 20
27.68486575072643
 10
53.682847268291404
 20
28.044282935517344
 10
53.78857368594873
 20
28.3422525844789
 10
53.82762842329684
 20
28.571424510829218
 10
53.79555584492264
 20
28.72444852778642
  0
LWPOLYLINE
  5
36
330
17
100
AcDbEntity
  8
CUT
100
AcDbPolyline
 90
34
 70
1
 10
43.45278018007442
 20
23.274448527786433
 10
43.40841634521872
 20
23.846892108897407
 10
43.28083896963524
 20
24.40937737712008
 10
43.078319246799374
 20
24.952515410131014
 10
42.80912837018653
 20
25.466917285606854
 10
42.481537533272075
 20
25.943194081224135
 10
42.10381792953145
 20
26.371956874659446
 10
41.68424075244002
 20
26.74381674358935
 10
41.23107719547321
 20
27.049384765690434
 10
40.752598452106405
 20
27.27927201863926
 10
40.25707571581501
 20
27.424089580112366
 10
39.75278018007442
 20
27.47444852778642
 10
39.313180077376416
 20
27.41423410602951
 10
38.969040290151945
 20
27.243036703912452
 10
38.719492408401386
 20
26.975025116165966
 10
38.56366802212512
 20
26.62436813752069
 10
38.5006987213235
 20
26.205234562707346
 10
38.529716095996946
 20
25.73179318645657
 10
38.64985173614579
 20
25.218212803499085
 10
38.86023723177045
 20
24.67866220856547
 10
39.16000417287128
 20
24.127310196386475
 10
39.54828414944867
 20
23.578325561692765
 10
40.02420875150299
 20
23.045877099214977
 10
40.57269923306173
 20
22.532576361803535
 10
41.082208431982345
 20
22.126650226119352
 10
41.54994329781951
 20
21.827912488799257
 10
41.97311078012791
 20
21.63617694648036
 10
42.34891782846222
 20
21.551257395799553
 10
42.674571392377125
 20
21.572967633393887
 10
42.9472784214273
 20
21.701121455900307
 10
43.16424586516744
 20
21.93553265995581
 10
43.32268067315221
 20
22.276015042197315
 10
43.419789794936314
 20
22.722382399261875
 10
43.45278018007442
 20
23.274448527786433
  0
LWPOLYLINE
  5
37
330
17
100
AcDbEntity
  8
CUT
100
AcDbPolyline
 90
89
 70
1
 10
71.55718737279403
 20
28.721005969077765
 10
72.56707556980899
 20
29.855352649724836
 10
73.66476116921066
 20
31.070311551722
 10
74.8302924468102
 20
32.344711813734705
 10
76.04371767841886
 20
33.657382574428254
 10
77.28508513984775
 20
34.98715297246807
 10
78.53444310690813
 20
36.31285214651936
 10
79.7718398554112
 20
37.613309235247584
 10
80.97732366116816
 20
38.86735337731801
 10
82.13094279999024
 20
40.053813711396
 10
83.21274554768857
 20
41.151519376146894
 10
84.20278018007443
 20
42.139299510236015
 10
85.12314081117884
 20
43.053711859711285
 10
86.00264869998423
 20
43.938397956721246
 10
86.8314428397288
 20
44.78281261908208
 10
87.59966222365068
 20
45.576410664610194
 10
88.29744584498803
 20
46.30864691112197
 10
88.91493269697901
 20
46.968976176433614
 10
89.4422617728618
 20
47.54685327836154
 10
89.86957206587456
 20
48.03173303472195
 10
90.1870025692555
 20
48.413070263331235
 10
90.38469227624273
 20
48.68031978200571
 10
90.45278018007443
 20
48.822936408561645
 10
90.41744639146322
 20
48.88818414603233
 10
90.31485656384041
 20
48.93079709708678
 10
90.15012800452209
 20
48.951435228994995
 10
89.92837802082434
 20
48.95075850902708
 10
89.65472392006325
 20
48.92942690445307
 10
89.33428300955498
 20
48.88810038254297
 10
88.97217259661556
 20
48.82743891056691
 10
88.57350998856111
 20
48.74810245579482
 10
88.1434124927078
 20
48.65075098549687
 10
87.68699741637164
 20
48.53604446694305
 10
87.20938206686876
 20
48.404642867403396
 10
86.69539900656474
 20
48.26766458748986
 10
86.13339216300591
 20
48.136766465919465
 10
85.53374589127961
 20
48.01341612711974
 10
84.90684454647311
 20
47.89908119551842
 10
84.26307248367371
 20
47.79522929554312
 10
83.61281405796873
 20
47.703328051621526
 10
82.96645362444548
 20
47.62484508818133
 10
82.33437553819124
 20
47.56124802965002
 10
81.72696415429331
 20
47.514004500455314
 10
81.15460382783903
 20
47.4845821250249
 10
80.62767891391567
 20
47.47444852778642
 10
79.42290383630396
 20
47.340609674254466
 10
78.10453878950952
 20
46.95680367189047
 10
76.70661917611895
 20
46.34959635804253
 10
75.2631803987187
 20
45.54555357005876
 10
73.80825785989535
 20
44.571241145287104
 10
72.37588696223537
 20
43.45322492107567
 10
71.00010310832533
 20
42.21807073477245
 10
69.71494170075175
 20
40.89234442372552
 10
68.55443814210113
 20
39.50261182528291
 10
67.55262783496002
 20
38.07543877679265
 10
66.74354618191492
 20
36.63739111560281
 10
66.4088667912221
 20
36.01068819495646
 10
66.02234363545426
 20
35.39158636728047
 10
65.58695922597445
 20
34.78304202611804
 10
65.10569607414575
 20
34.18801156501246
 10
64.58153669133122
 20
33.60945137750687
 10
64.017463588894
 20
33.05031785714465
 10
63.416459278197095
 20
32.51356739746896
 10
62.781506270603614
 20
32.00215639202298
 10
62.11558707747662
 20
31.51904123435
 10
61.4216842101792
 20
31.06717831799324
 10
60.70278018007442
 20
30.649524036495933
 10
59.5419799420626
 20
29.991622976446422
 10
58.584178563626885
 20
29.390024410231376
 10
57.82277343452542
 20
28.82768412714978
 10
57.25116194451636
 20
28.287557916500788
 10
56.8627414833578
 20
27.75260156758344
 10
56.650909440807915
 20
27.205770869696835
 10
56.609063206624846
 20
26.630021612140013
 10
56.730600170566724
 20
26.008309584211986
 10
57.00891772239171
 20
25.323590575211938
 10
57.43741325185791
 20
24.558820374438852
 10
58.00948414872348
 20
23.696954771191827
 10
58.8416319044912
 20
22.667837121658835
 10
59.71120448596688
 20
21.920140674148996
 10
60.63235772646379
 20
21.45911499976205
 10
61.61924745929517
 20
21.290009669597993
 10
62.6860295177743
 20
21.418074254756675
 10
63.846859735214366
 20
21.848558326337923
 10
65.11589394492876
 20
22.586711455441616
 10
66.50728798023064
 20
23.637783213167523
 10
68.0351976744333
 20
25.00702317061564
 10
69.71377886085003
 20
26.69968089888576
 10
71.55718737279403
 20
28.721005969077765
  0
LWPOLYLINE
  5
38
330
17
100
AcDbEntity
  8
CUT
100
AcDbPolyline
 90
78
 70
1
 10
134.13663630251037
 20
34.737823565422104
 10
133.59904959396493
 20
36.3499874605138
 10
133.1310758850943
 20
37.88014905294952
 10
132.73509147023952
 20
39.31323530492577
 10
132.4134726437416
 20
40.634173178639145
 10
132.16859569994162
 20
41.82788963628633
 10
132.00283693318065
 20
42.879311640063804
 10
131.91857263779968
 20
43.773366152168165
 10
131.91817910813984
 20
44.49498013479604
 10
132.00403263854216
 20
45.02908055014396
 10
132.17850952334769
 20
45.360594360408584
 10
132.44398605689744
 20
45.47444852778642
 10
132.56744651615674
 20
45.50168368931912
 10
132.6987414520888
 20
45.58075957211403
 10
132.83563133046738
 20
45.70773177346638
 10
132.97587661706612
 20
45.87865589067147
 10
133.11723777765877
 20
46.08958752102458
 10
133.25747527801906
 20
46.33658226182098
 10
133.39434958392064
 20
46.615695710355965
 10
133.5256211611373
 20
46.92298346392465
 10
133.64905047544275
 20
47.25450111982249
 10
133.76239799261063
 20
47.606304275344655
 10
133.86342417841473
 20
47.97444852778642
 10
133.97195604691692
 20
48.342592780228244
 10
134.10709592557382
 20
48.69439593575041
 10
134.2655172502511
 20
49.02591359164819
 10
134.44389345681452
 20
49.333201345216935
 10
134.63889798112973
 20
49.612314793751835
 10
134.8472042590625
 20
49.85930953454826
 10
135.0654857264785
 20
50.070241164901404
 10
135.2904158192435
 20
50.24116528210649
 10
135.51866797322313
 20
50.36813748345884
 10
135.7469156242832
 20
50.44721336625372
 10
135.97183220828933
 20
50.47444852778642
 10
136.42107354364975
 20
50.47501448543713
 10
136.78037204371572
 20
50.45985004042234
 10
137.0495745467522
 20
50.40366171579171
 10
137.22852789102424
 20
50.28115603459517
 10
137.31707891479675
 20
50.06703951988243
 10
137.31507445633477
 20
49.73601869470315
 10
137.22236135390332
 20
49.26280008210716
 10
137.03878644576739
 20
48.62209020514416
 10
136.76419657019196
 20
47.78859558686395
 10
136.39843856544204
 20
46.73702275031627
 10
135.94135926978265
 20
45.44207821855085
 10
135.61409038523095
 20
44.491777210087605
 10
135.35156057735284
 20
43.6678724858543
 10
135.1535672304384
 20
42.95231548623951
 10
135.01990772877784
 20
42.32705765163186
 10
134.95037945666124
 20
41.774050422419805
 10
134.94477979837882
 20
41.275245238992
 10
135.0029061382207
 20
40.81259354173696
 10
135.12455586047707
 20
40.368046771043225
 10
135.30952634943807
 20
39.92355636729934
 10
135.55761498939384
 20
39.46107377089393
 10
135.86861916463457
 20
38.962550422215514
 10
136.0879278703987
 20
38.59949410974008
 10
136.31201699142716
 20
38.17518125614609
 10
136.53753739563882
 20
37.69882898889546
 10
136.76113995095247
 20
37.17965443545009
 10
136.97947552528694
 20
36.62687472327198
 10
137.18919498656098
 20
36.049706979823014
 10
137.3869492026935
 20
35.457368332565125
 10
137.56938904160324
 20
34.859075908960165
 10
137.73316537120908
 20
34.26404683647013
 10
137.87492905942983
 20
33.681498242556955
 10
137.99133097418425
 20
33.120647254682524
 10
138.19282730613938
 20
31.724141608046097
 10
138.2230984970267
 20
30.661864975050634
 10
138.10242471918295
 20
29.925309129474755
 10
137.85108614494467
 20
29.505965845097307
 10
137.48936294664858
 20
29.395326895696883
 10
137.03753529663132
 20
29.584884055052328
 10
136.51588336722952
 20
30.066129096942348
 10
135.94468733077989
 20
30.83055379514559
 10
135.34422735961905
 20
31.869649923440818
 10
134.73478362608367
 20
33.174909255606735
 10
134.13663630251037
 20
34.737823565422104
  0
LWPOLYLINE
  5
39
330
17
100
AcDbEntity
  8
CUT
100
AcDbPolyline
 90
34
 70
1
 10
62.71852632119732
 20
34.27865620737086
 10
64.17980359111556
 20
36.0392176058871
 10
65.2463260177955
 20
37.96251093365234
 10
65.92832492242826
 20
39.99714528479444
 10
66.2360316262048
 20
42.091729753441456
 10
66.17967745031618
 20
44.19487343372114
 10
65.76949371595336
 20
46.25518541976152
 10
65.01571174430742
 20
48.221274805690484
 10
63.928562856569414
 20
50.04175068563592
 10
62.518278373930315
 20
51.66522215372575
 10
60.79508961758116
 20
53.04029830408794
 10
58.769227908712985
 20
54.115588230850335
 10
55.93256875859796
 20
54.94447834523447
 10
53.17223111436807
 20
55.09593159869331
 10
50.557195805444564
 20
54.641829679440264
 10
48.15644366124865
 20
53.654054275688935
 10
46.03895551120157
 20
52.20448707565282
 10
44.27371218472455
 20
50.36500976754539
 10
42.929694511238786
 20
48.20750403958013
 10
42.075883320165545
 20
45.80385157997051
 10
41.78125944092603
 20
43.225934076930116
 10
42.11480370294149
 20
40.54563321867232
 10
43.14549693563311
 20
37.83483069341074
 10
44.36920852495081
 20
35.88296234376463
 10
45.83178727909623
 20
34.233601873337705
 10
47.490654457690894
 20
32.89448530639061
 10
49.30323132035625
 20
31.87334866718402
 10
51.226939126713766
 20
31.177927979978705
 10
53.21919913638494
 20
30.81595926903529
 10
55.237432608991234
 20
30.79517855861451
 10
57.23906080415416
 20
31.12332187297693
 10
59.18150498149516
 20
31.808125236383376
 10
61.02218640063571
 20
32.85732467309444
 10
62.71852632119732
 20
34.27865620737086
  0
LWPOLYLINE
  5
3A
330
17
100
AcDbEntity
  8
CUT
100
AcDbPolyline
 90
34
 70
1
 10
33.82109754046655
 20
39.72909467332903
 10
33.58934696353393
 20
40.147533977690046
 10
33.34260325387253
 20
40.53840223322396
 10
33.085090044959145
 20
40.897835659429376
 10
32.821030970270535
 20
41.22197047580477
 10
32.55464966328352
 20
41.50694290184876
 10
32.29016975747488
 20
41.74888915705981
 10
32.031814886321406
 20
41.943945460936504
 10
31.783808683299902
 20
42.088248032977276
 10
31.55037478188715
 20
42.177933092680746
 10
31.33573681555994
 20
42.209136859545396
 10
31.144118417795077
 20
42.17799555306979
 10
30.74513514611573
 20
41.92712621967797
 10
30.458605129234428
 20
41.51956182227045
 10
30.2798170987072
 20
40.98514671241537
 10
30.204059786090106
 20
40.35372524168102
 10
30.226621922939167
 20
39.65514176163549
 10
30.342792240810432
 20
38.919240623846974
 10
30.547859471259947
 20
38.1758661798836
 10
30.837112345843757
 20
37.45486278131355
 10
31.205839596117904
 20
36.78607477970499
 10
31.64932995363843
 20
36.19934652662607
 10
32.16287214996136
 20
35.724522373645016
 10
32.80616991464685
 20
35.31712250299981
 10
33.368132266930466
 20
35.105489206712264
 10
33.843034344152
 20
35.07579708652244
 10
34.22515128365126
 20
35.21422074417046
 10
34.50875822276806
 20
35.50693478139627
 10
34.688130298842204
 20
35.94011379993998
 10
34.757542649213505
 20
36.499932401541685
 10
34.71127041122178
 20
37.17256518794136
 10
34.54358872220684
 20
37.94418676087912
 10
34.2487727195085
 20
38.80097172209497
 10
33.82109754046655
 20
39.72909467332903
  0
LWPOLYLINE
  5
3B
330
17
100
AcDbEntity
  8
CUT
100
AcDbPolyline
 90
56
 70
1
 10
40.51609738021747
 20
40.25367435326075
 10
40.279487111942665
 20
41.28979657232816
 10
40.146637802100706
 20
42.36897517279988
 10
40.114260015552844
 20
43.476623008729774
 10
40.179064317160275
 20
44.59815293417191
 10
40.33776127178422
 20
45.71897780318011
 10
40.58706144428594
 20
46.82451046980833
 10
40.923675399526665
 20
47.90016378811055
 10
41.34431370236762
 20
48.93135061214065
 10
41.845686917670044
 20
49.90348379595258
 10
42.42450561029516
 20
50.80197619360027
 10
43.0774803451042
 20
51.612240659137655
 10
43.61543007933308
 20
52.22503926325112
 10
43.99678774956162
 20
52.706414725212426
 10
44.21365256346579
 20
53.05493796286612
 10
44.25812372872156
 20
53.26917989405678
 10
44.122300453004826
 20
53.34771143662894
 10
43.79828194399159
 20
53.28910350842719
 10
43.27816740935777
 20
53.091927027296094
 10
42.554056056779366
 20
52.754752911080175
 10
41.6180470939323
 20
52.276152077623976
 10
40.46223972849253
 20
51.654695444772074
 10
39.07873316813601
 20
50.88895393036904
 10
37.73730488342425
 20
50.10193580958969
 10
36.640592472139794
 20
49.358507360552665
 10
35.78205281370849
 20
48.62707311216741
 10
35.15514278755618
 20
47.876037593343455
 10
34.753319273108744
 20
47.07380533299013
 10
34.57003914979203
 20
46.18878086001695
 10
34.5987592970319
 20
45.18936870333329
 10
34.832936594254214
 20
44.043973391848624
 10
35.26602792088484
 20
42.72099945447229
 10
35.89149015634962
 20
41.18885142011382
 10
36.70278018007442
 20
39.41593381768263
 10
37.159756345619336
 20
38.4728272568679
 10
37.57222899829395
 20
37.67047767736878
 10
37.94574036189608
 20
37.003227900644106
 10
38.28583266022344
 20
36.465420748153065
 10
38.59804811707383
 20
36.0513990413545
 10
38.88792895624499
 20
35.755505601707426
 10
39.161017401534714
 20
35.57208325067077
 10
39.422855676740745
 20
35.49547480970358
 10
39.678986005660875
 20
35.52002310026472
 10
39.93495061209285
 20
35.640070943813214
 10
40.19629171983444
 20
35.84996116180804
 10
40.41921017909368
 20
36.09137890461926
 10
40.6027245854943
 20
36.3558365536629
 10
40.74704660882877
 20
36.64624879486462
 10
40.8523879188895
 20
36.96553031415027
 10
40.91896018546899
 20
37.316595797445586
 10
40.94697507835969
 20
37.70235993067621
 10
40.93664426735406
 20
38.125737399767985
 10
40.88817942224457
 20
38.58964289064659
 10
40.80179221282366
 20
39.09699108923775
 10
40.67769430888381
 20
39.650696681467196
 10
40.51609738021747
 20
40.25367435326075
  0
LWPOLYLINE
  5
3C
330
17
100
AcDbEntity
  8
CUT
100
AcDbPolyline
 90
34
 70
1
 10
151.13589421516215
 20
38.66194852778642
 10
151.0509523975459
 20
38.853938709590295
 10
150.9705710864096
 20
38.99510299798999
 10
150.89523128460596
 20
39.08592239583837
 10
150.82541399498788
 20
39.126877905988266
 10
150.76160022040818
 20
39.11845053129255
 10
150.70427096371972
 20
39.06112127460409
 10
150.6539072277753
 20
38.95537113877572
 10
150.61099001542786
 20
38.80168112666024
 10
150.57600032953016
 20
38.6005322411105
 10
150.5494191729351
 20
38.352405484979386
 10
150.53172754849547
 20
38.057781861119736
 10
150.5266837712273
 20
37.78211976495146
 10
150.53468420290383
 20
37.53151401739328
 10
150.5549001729567
 20
37.30803542986504
 10
150.5865030108177
 20
37.1137548137869
 10
150.62866404591858
 20
36.95074298057881
 10
150.68055460769116
 20
36.82107074166069
 10
150.7413460255672
 20
36.7268089084526
 10
150.8102096289784
 20
36.67002829237444
 10
150.88631674735663
 20
36.652799704846245
 10
150.96883871013364
 20
36.67719395728804
 10
151.0569468467411
 20
36.745281861119736
 10
151.14019326811007
 20
36.8485485152645
 10
151.20859949216003
 20
36.975082449649705
 10
151.26204095880564
 20
37.12185962220164
 10
151.3003931079614
 20
37.285855990846784
 10
151.32353137954195
 20
37.464047513511446
 10
151.33133121346182
 20
37.65341014812199
 10
151.32366804963564
 20
37.850919852604875
 10
151.300417327978
 20
38.05355258488635
 10
151.26145448840347
 20
38.25828430289286
 10
151.2066549708267
 20
38.462090964550754
 10
151.13589421516215
 20
38.66194852778642
  0
LWPOLYLINE
  5
3D
330
17
100
AcDbEntity
  8
CUT
100
AcDbPolyline
 90
60
 70
1
 10
72.02323465080639
 20
48.37170177729496
 10
71.00607682940534
 20
49.05895550305186
 10
70.18100918704047
 20
49.78151512574257
 10
69.54737594739805
 20
50.54936969974389
 10
69.10452133416436
 20
51.37250827943237
 10
68.85178957102579
 20
52.26091991918469
 10
68.78852488166865
 20
53.22459367337743
 10
68.91407148977922
 20
54.273518596387305
 10
69.22777361904389
 20
55.417683742590896
 10
69.72897549314897
 20
56.66707816636483
 10
70.41702133578076
 20
58.0316909220858
 10
71.29125537062558
 20
59.52151106413038
 10
71.73886853565105
 20
60.25086924810981
 10
72.15535310668929
 20
60.94785285963707
 10
72.53668851056207
 20
61.60464734674093
 10
72.87885417409103
 20
62.21343815745027
 10
73.177829524098
 20
62.76641073979383
 10
73.42959398740459
 20
63.25575054180044
 10
73.63012699083254
 20
63.673643011498825
 10
73.77540796120365
 20
64.01227359691785
 10
73.86141632533955
 20
64.26382774608624
 10
73.88413151006202
 20
64.42049090703284
 10
73.83953294219273
 20
64.47444852778642
 10
73.6586826052158
 20
64.44039056659199
 10
73.28579782583952
 20
64.34150503788263
 10
72.7365910457219
 20
64.18272447396913
 10
72.02677470652091
 20
63.96898140716266
 10
71.17206124989454
 20
63.70520836977391
 10
70.18816311750084
 20
63.39633789411394
 10
69.09079275099774
 20
63.047302512493616
 10
67.89566259204327
 20
62.66303475722384
 10
66.61848508229545
 20
62.248467160615576
 10
65.27497266341226
 20
61.808532254979724
 10
63.88083777705168
 20
61.34816257262722
 10
61.49737310983438
 20
60.53443989901348
 10
59.45896435593898
 20
59.78906564312379
 10
57.76829974237808
 20
59.113967516413226
 10
56.428067496164225
 20
58.511073230336876
 10
55.44095584431003
 20
57.98231049634981
 10
54.80965301382809
 20
57.529607025907126
 10
54.53684723173098
 20
57.15489053046386
 10
54.62522672503132
 20
56.86008872147508
 10
55.07747972074167
 20
56.64712931039588
 10
55.89629444587465
 20
56.51794000868128
 10
57.08435912744283
 20
56.47444852778642
 10
58.17388339857147
 20
56.29105192400644
 10
59.41123272679301
 20
55.77641409215116
 10
60.74339666319903
 20
54.98386300144742
 10
62.11736475888105
 20
53.966726621122405
 10
63.48012656493066
 20
52.77833292040302
 10
64.7786716324394
 20
51.47200986851627
 10
65.95998951249882
 20
50.10108543468914
 10
66.97106975620048
 20
48.71888758814862
 10
67.75890191463594
 20
47.37874429812169
 10
68.27047553889673
 20
46.13398353383539
 10
68.45278018007443
 20
45.03793326451665
 10
68.45278018007443
 20
42.33826010651006
 10
71.56394879902479
 20
44.55360756665678
 10
74.67511741797517
 20
46.768955026803496
 10
72.02323465080639
 20
48.37170177729496
  0
LWPOLYLINE
  5
3E
330
17
100
AcDbEntity
  8
CUT
100
AcDbPolyline
 90
67
 70
1
 10
94.45278018007443
 20
52.52759124777873
 10
96.8022418245042
 20
53.578679616838116
 10
99.22383678953454
 20
54.734311906700384
 10
101.69547099384656
 20
55.981657786782336
 10
104.19505035612116
 20
57.30788692650077
 10
106.7004807950394
 20
58.70016899527238
 10
109.18966822928229
 20
60.145673662513985
 10
111.64051857753086
 20
61.63157059764225
 10
114.03093775846614
 20
63.14502947007395
 10
116.33883169076915
 20
64.67321994922591
 10
118.5421062931209
 20
66.20331170451482
 10
120.6186674842024
 20
67.72247440535745
 10
122.21443804498739
 20
68.92850393580446
 10
123.52188699101006
 20
69.93634971781336
 10
124.56061645893328
 20
70.77336361338286
 10
125.35022858541996
 20
71.46689748451175
 10
125.91032550713305
 20
72.04430319319874
 10
126.26050936073545
 20
72.53293260144258
 10
126.42038228289007
 20
72.96013757124194
 10
126.40954641025982
 20
73.3532699645956
 10
126.24760387950766
 20
73.73968164350225
 10
125.95415682729646
 20
74.14672446996067
 10
125.54880739028917
 20
74.60175030596955
 10
125.10355954803106
 20
75.0458905687803
 10
124.62530956373237
 20
75.40389157425443
 10
124.03700106134346
 20
75.67745087185833
 10
123.26157766481447
 20
75.8682660110585
 10
122.2219829980956
 20
75.97803454132125
 10
120.84116068513708
 20
76.00845401211308
 10
119.04205434988916
 20
75.96122197290038
 10
116.74760761630202
 20
75.83803597314952
 10
113.8807641083259
 20
75.64059356232696
 10
110.36446744991105
 20
75.37059228989904
 10
106.12166126500762
 20
75.02972970533222
 10
101.16302468991796
 20
74.62455542405567
 10
97.08373113978456
 20
74.25634403817972
 10
93.74628604539532
 20
73.87117648776541
 10
91.01319483753807
 20
73.41513371287363
 10
88.7469629470007
 20
72.83429665356542
 10
86.81009580457103
 20
72.07474624990161
 10
85.06509884103707
 20
71.08256344194325
 10
83.3744774871866
 20
69.80382916975122
 10
81.60073717380757
 20
68.18462437338653
 10
79.6063833316878
 20
66.17102999291006
 10
77.2539213916152
 20
63.709126968382805
 10
75.59251291770747
 20
61.90923750324234
 10
74.17551828598388
 20
60.249998946895346
 10
73.00072011307009
 20
58.725876487758086
 10
72.06590101559172
 20
57.3313353142471
 10
71.36884361017451
 20
56.0608406147787
 10
70.90733051344407
 20
54.908857577769226
 10
70.67914434202606
 20
53.86985139163508
 10
70.6820677125462
 20
52.938287244792605
 10
70.91388324163012
 20
52.108630325658226
 10
71.37237354590349
 20
51.375345822648285
 10
72.05532124199198
 20
50.73289892417918
 10
73.07378553559121
 20
50.21680189410952
 10
74.50576294490926
 20
49.853380542190195
 10
76.28126032051563
 20
49.63702636754897
 10
78.33028451297963
 20
49.56213086931385
 10
80.58284237287077
 20
49.62308554661263
 10
82.9689407507584
 20
49.81428189857317
 10
85.418586497212
 20
50.130111424323445
 10
87.86178646280098
 20
50.564965622991224
 10
90.22854749809477
 20
51.11323599370448
 10
92.44887645366279
 20
51.76931403559101
 10
94.45278018007443
 20
52.52759124777873
  0
LWPOLYLINE
  5
3F
330
17
100
AcDbEntity
  8
CUT
100
AcDbPolyline
 90
38
 70
1
 10
40.31732070965875
 20
56.33073393507948
 10
40.1522765613146
 20
56.82344491321348
 10
40.035511513725055
 20
57.312926353967754
 10
39.968129643111105
 20
57.80606958487249
 10
39.95123502569367
 20
58.30976593345798
 10
39.98593173769374
 20
58.83090672725436
 10
40.073323855332255
 20
59.376383293791974
 10
40.2145154548302
 20
59.9530869606009
 10
40.41061061240853
 20
60.56790905521143
 10
40.662713404288205
 20
61.22774090515372
 10
40.97192790669019
 20
61.939473837958076
 10
41.33935819583544
 20
62.70999918115464
 10
43.28876461048018
 20
66.65009930000559
 10
40.6207723952773
 20
65.9992232794057
 10
39.346850649371476
 20
65.63811171172887
 10
38.24883706759978
 20
65.21176444658735
 10
37.319233894215195
 20
64.70711509909785
 10
36.550543373470674
 20
64.11109728437717
 10
35.93526774961922
 20
63.41064461754206
 10
35.465909266913826
 20
62.592690713709146
 10
35.13497016960748
 20
61.64416918799532
 10
34.93495270195316
 20
60.55201365551713
 10
34.858359108203864
 20
59.30315773139142
 10
34.89769163261256
 20
57.884535030734924
 10
35.04545251943225
 20
56.283079168664386
 10
35.700500718604545
 20
50.70964122491236
 10
38.47259517836567
 20
52.30060501638383
 10
39.06948780639159
 20
52.65492721233875
 10
39.5662338552408
 20
52.98040055470028
 10
39.96760283083891
 20
53.28744487201891
 10
40.27836423911153
 20
53.58647999284506
 10
40.50328758598431
 20
53.88792574572929
 10
40.647142377382835
 20
54.20220195922204
 10
40.71469811923276
 20
54.53972846187372
 10
40.710724317459686
 20
54.91092508223488
 10
40.63999047798925
 20
55.32621164885586
 10
40.50726610674706
 20
55.79600799028728
 10
40.31732070965875
 20
56.33073393507948
  0
LWPOLYLINE
  5
40
330
17
100
AcDbEntity
  8
CUT
100
AcDbPolyline
 90
34
 70
1
 10
32.266138664162554
 20
54.72444852778642
 10
32.11842933561487
 20
55.62533101823584
 10
31.874365857882566
 20
56.395975973368934
 10
31.553887890648035
 20
57.028473961553345
 10
31.17693509359362
 20
57.514915551156605
 10
30.763447126401715
 20
57.84739131054647
 10
30.333363648754684
 20
58.01799180809036
 10
29.906624320334913
 20
58.01880761215605
 10
29.503168800824767
 20
57.84192929111106
 10
29.142936749906625
 20
57.47944741332299
 10
28.845867827262857
 20
56.92345254715951
 10
28.631901692575845
 20
56.166035260988224
 10
28.531133806706023
 20
55.46297501696287
 10
28.503335126379866
 20
54.795212470092395
 10
28.545160152293832
 20
54.16941854527107
 10
28.653263385144363
 20
53.59226416739318
 10
28.824299325627912
 20
53.07042026135309
 10
29.054922474440936
 20
52.61055775204508
 10
29.341787332279864
 20
52.21934756436343
 10
29.681548399841184
 20
51.90346062320245
 10
30.07086017782131
 20
51.669567853456385
 10
30.506377166916714
 20
51.524340180019635
 10
30.984753867823848
 20
51.47444852778642
 10
31.289653034732268
 20
51.49516905283454
 10
31.55251350132876
 20
51.55978621961248
 10
31.77478752505275
 20
51.671983415570736
 10
31.957927363343607
 20
51.83544402815983
 10
32.10338527364077
 20
52.0538514448302
 10
32.21261351338361
 20
52.330889053032365
 10
32.28706434001156
 20
52.67024024021677
 10
32.328190010964036
 20
53.07558839383387
 10
32.337442783680416
 20
53.550616901334195
 10
32.316274915600125
 20
54.09900915016823
 10
32.266138664162554
 20
54.72444852778642
  0
LWPOLYLINE
  5
41
330
17
100
AcDbEntity
  8
CUT
100
AcDbPolyline
 90
34
 70
1
 10
123.53172754849547
 20
53.057781861119736
 10
123.54941917293507
 20
53.352405484979414
 10
123.57600032953013
 20
53.60053224111056
 10
123.61099001542786
 20
53.80168112666024
 10
123.65390722777533
 20
53.95537113877569
 10
123.7042709637197
 20
54.06112127460409
 10
123.76160022040818
 20
54.11845053129258
 10
123.82541399498788
 20
54.126877905988266
 10
123.89523128460596
 20
54.08592239583834
 10
123.97057108640959
 20
53.99510299798993
 10
124.05095239754596
 20
53.85393870959027
 10
124.13589421516215
 20
53.66194852778642
 10
124.20665497082666
 20
53.46209096455081
 10
124.26145448840344
 20
53.25828430289289
 10
124.30041732797798
 20
53.05355258488635
 10
124.32366804963564
 20
52.850919852604875
 10
124.33133121346182
 20
52.65341014812199
 10
124.32353137954192
 20
52.464047513511446
 10
124.30039310796141
 20
52.28585599084681
 10
124.26204095880564
 20
52.12185962220164
 10
124.20859949216006
 20
51.975082449649676
 10
124.1401932681101
 20
51.8485485152645
 10
124.05694684674111
 20
51.745281861119736
 10
123.96883871013358
 20
51.67719395728804
 10
123.88631674735663
 20
51.65279970484633
 10
123.81020962897841
 20
51.67002829237444
 10
123.7413460255672
 20
51.72680890845257
 10
123.68055460769116
 20
51.82107074166069
 10
123.62866404591861
 20
51.95074298057878
 10
123.5865030108177
 20
52.1137548137869
 10
123.55490017295668
 20
52.30803542986507
 10
123.53468420290383
 20
52.53151401739322
 10
123.52668377122737
 20
52.78211976495143
 10
123.53172754849547
 20
53.057781861119736
  0
LWPOLYLINE
  5
42
330
17
100
AcDbEntity
  8
CUT
100
AcDbPolyline
 90
58
 70
1
 10
62.45278018007443
 20
62.091515937060564
 10
63.87232951788715
 20
62.57786172142093
 10
65.26899596516668
 20
63.04350383396127
 10
66.62480717267493
 20
63.48317055275993
 10
67.92179079117378
 20
63.89159015589533
 10
69.14197447142516
 20
64.26349092144588
 10
70.26738586419094
 20
64.59360112748996
 10
71.2800526202331
 20
64.87664905210588
 10
72.16200239031355
 20
65.10736297337209
 10
72.89526282519418
 20
65.28047116936696
 10
73.4618615756369
 20
65.39070191816887
 10
73.84382629240363
 20
65.43278349785624
 10
74.49317143662364
 20
65.59998861448923
 10
75.46949719668692
 20
66.04427437639825
 10
76.69087765398663
 20
66.70995556363533
 10
78.07538688991593
 20
67.54134695625231
 10
79.54109898586793
 20
68.48276333430124
 10
81.00608802323586
 20
69.47851947783403
 10
82.38842808341283
 20
70.47293016690259
 10
83.60619324779202
 20
71.41031018155886
 10
84.57745759776657
 20
72.23497430185478
 10
85.22029521472965
 20
72.89123730784232
 10
85.45278018007443
 20
73.32341397957342
 10
85.0468032996082
 20
73.44544518606347
 10
83.90696588973483
 20
73.47896553146916
 10
82.15040779774239
 20
73.43318813273316
 10
79.89426887091884
 20
73.31732610679825
 10
77.25568895655215
 20
73.14059257060717
 10
74.35180790193033
 20
72.91220064110263
 10
71.2997655543414
 20
72.6413634352273
 10
68.21670176107335
 20
72.33729406992393
 10
65.21975636941417
 20
72.00920566213523
 10
62.42606922665186
 20
71.66631132880391
 10
59.95278018007442
 20
71.31782418687271
 10
56.61045366365207
 20
70.69785508846249
 10
53.56683790178652
 20
69.9128716653108
 10
50.83529209586422
 20
68.97331575786819
 10
48.42917544727166
 20
67.88962920658537
 10
46.36184715739536
 20
66.67225385191287
 10
44.646666427621795
 20
65.33163153430121
 10
43.29699245933747
 20
63.87820409420107
 10
42.32618445392887
 20
62.322413372062925
 10
41.74760161278248
 20
60.67470120833741
 10
41.57460313728483
 20
58.94550944347509
 10
41.82054822882238
 20
57.14527991792656
 10
42.48078865366442
 20
54.514672533719846
 10
47.71678441686942
 20
56.65329296995745
 10
48.591318729106966
 20
57.004167381828324
 10
49.62862301644602
 20
57.40948434220158
 10
50.805447398268484
 20
57.86066363452497
 10
52.0985419939562
 20
58.349125042246385
 10
53.48465692289103
 20
58.86628834881367
 10
54.94054230445486
 20
59.403573337674715
 10
56.44294825802955
 20
59.95239979227739
 10
57.968624902996986
 20
60.50418749606942
 10
59.49432235873903
 20
61.05035623249873
 10
60.99679074463756
 20
61.582325785013154
 10
62.45278018007443
 20
62.091515937060564
  0
LWPOLYLINE
  5
43
330
17
100
AcDbEntity
  8
CUT
100
AcDbPolyline
 90
34
 70
1
 10
39.45278018007442
 20
70.08295644948495
 10
39.371926679802925
 20
70.66287146789011
 10
39.149047232077464
 20
71.06704878950592
 10
38.81366341653156
 20
71.30663942769988
 10
38.39529681279875
 20
71.39279439583973
 10
37.923469000512526
 20
71.33666470729304
 10
37.427701559306435
 20
71.14940137542735
 10
36.93751606881397
 20
70.84215541361036
 10
36.48243410866869
 20
70.42607783520958
 10
36.0919772585041
 20
69.91231965359265
 10
35.795667097953725
 20
69.31203188212717
 10
35.623025206651086
 20
68.63636553418075
 10
35.55579280591572
 20
68.12050742379438
 10
35.517897141871686
 20
67.69688298569349
 10
35.51464752294361
 20
67.36183759360975
 10
35.55135325755615
 20
67.11171662127475
 10
35.63332365413394
 20
66.94286544242016
 10
35.76586802110162
 20
66.85162943077756
 10
35.95429566688384
 20
66.8343539600786
 10
36.20391589990525
 20
66.8873844040549
 10
36.5200380285905
 20
67.00706613643808
 10
36.907971361364226
 20
67.18974453095979
 10
37.373025206651086
 20
67.43176496135163
 10
37.679285142632274
 20
67.6124269059174
 10
37.97195088757757
 20
67.81770878342428
 10
38.24774108503003
 20
68.04342764712166
 10
38.503374378532705
 20
68.28540055025897
 10
38.73556941162865
 20
68.53944454608552
 10
38.94104482786094
 20
68.80137668785076
 10
39.11651927077261
 20
69.06701402880407
 10
39.25871138390674
 20
69.33217362219472
 10
39.36433981080638
 20
69.59267252127219
 10
39.430123195014595
 20
69.8443277792858
 10
39.45278018007442
 20
70.08295644948495
  0
LWPOLYLINE
  5
44
330
17
100
AcDbEntity
  8
CUT
100
AcDbPolyline
 90
67
 70
1
 10
48.59861351340775
 20
70.1026886056436
 10
49.09337960980789
 20
70.23048496704504
 10
49.540786023436546
 20
70.38783985563231
 10
49.94313314399996
 20
70.57721079665183
 10
50.30272136120433
 20
70.80105531534997
 10
50.62185106475589
 20
71.06183093697328
 10
50.90282264436086
 20
71.36199518676807
 10
51.14793648972549
 20
71.70400558998088
 10
51.359492990556
 20
72.090319671858
 10
51.539792536558615
 20
72.5233949576459
 10
51.69113551743956
 20
73.005688972591
 10
51.81582232290507
 20
73.53965924193972
 10
51.958114626320025
 20
74.10308084383792
 10
52.157585507213874
 20
74.64100315499539
 10
52.420003162763614
 20
75.15929863962424
 10
52.75113579014626
 20
75.66383976193669
 10
53.156751586538824
 20
76.16049898614486
 10
53.64261874911832
 20
76.65514877646098
 10
54.21450547506176
 20
77.15366159709708
 10
54.87817996154616
 20
77.6619099122654
 10
55.63941040574853
 20
78.18576618617811
 10
56.503965004845874
 20
78.73110288304736
 10
57.47761195601522
 20
79.30379246708526
 10
59.2027369263353
 20
80.35797717863773
 10
60.39466345575014
 20
81.23008437752438
 10
61.08531066868219
 20
81.91523571438955
 10
61.30659768955386
 20
82.40855283987767
 10
61.09044364278757
 20
82.7051574046331
 10
60.46876765280579
 20
82.80017105930014
 10
59.47348884403093
 20
82.68871545452319
 10
58.13652634088543
 20
82.36591224094656
 10
56.489799267791746
 20
81.8268830692146
 10
54.56522674917229
 20
81.06674958997175
 10
52.3947279094495
 20
80.08063345386228
 10
50.80706411329307
 20
79.25293525776888
 10
49.281945225612766
 20
78.33744919716517
 10
47.838052361936825
 20
77.3527347459617
 10
46.494066637793445
 20
76.31735137806933
 10
45.26866916871089
 20
75.24985856739875
 10
44.18054107021742
 20
74.16881578786067
 10
43.24836345784124
 20
73.09278251336588
 10
42.49081744711062
 20
72.04031821782505
 10
41.92658415355378
 20
71.0299823751489
 10
41.57434469269897
 20
70.0803344592482
 10
41.45278018007442
 20
69.20993394403368
 10
41.47729182545383
 20
69.07425819871631
 10
41.54846011996923
 20
68.95820045538872
 10
41.662735101186364
 20
68.86227828811172
 10
41.81656680667096
 20
68.78700927094621
 10
42.00640527398877
 20
68.73291097795294
 10
42.228700540705525
 20
68.70050098319277
 10
42.47990264438696
 20
68.69029686072642
 10
42.756461622598835
 20
68.70281618461476
 10
43.054827512906876
 20
68.7385765289186
 10
43.37145035287683
 20
68.79809546769872
 10
43.70278018007442
 20
68.88189057501597
 10
44.062933886560764
 20
68.98255886061636
 10
44.463245369155295
 20
69.09106819979101
 10
44.89599017256127
 20
69.20549246491828
 10
45.353443841481884
 20
69.32390552837666
 10
45.82788192062037
 20
69.44438126254454
 10
46.31157995467997
 20
69.56499353980044
 10
46.79681348836392
 20
69.68381623252264
 10
47.27585806637544
 20
69.79892321308964
 10
47.740989233417764
 20
69.90838835387984
 10
48.18448253419413
 20
70.01028552727169
 10
48.59861351340775
 20
70.1026886056436
  0
LWPOLYLINE
  5
45
330
17
100
AcDbEntity
  8
CUT
100
AcDbPolyline
 90
60
 70
1
 10
67.22541506594098
 20
73.4154562080858
 10
68.72302104818749
 20
73.57189080258931
 10
70.56793876860615
 20
73.74443298285402
 10
72.7156321890754
 20
73.9298195206901
 10
75.12156527147374
 20
74.12478718790774
 10
77.7412019776798
 20
74.32607275631707
 10
80.53000626957203
 20
74.53041299772832
 10
83.44344210902895
 20
74.73454468395164
 10
86.43697345792913
 20
74.93520458679711
 10
89.4660642781511
 20
75.12912947807496
 10
92.48617853157336
 20
75.31305612959534
 10
95.45278018007443
 20
75.48372131316842
 10
101.21722870899379
 20
75.81309854464126
 10
106.22440993741967
 20
76.11823849953205
 10
110.51820730601284
 20
76.40375978923728
 10
114.14250425543409
 20
76.67428102515353
 10
117.14118422634417
 20
76.93442081867738
 10
119.5581306594039
 20
77.1887977812053
 10
121.43722699527405
 20
77.44203052413388
 10
122.8223566746154
 20
77.69873765885961
 10
123.7574031380887
 20
77.96353779677912
 10
124.2862498263548
 20
78.2410495492889
 10
124.45278018007443
 20
78.53589152778551
 10
124.34641569925898
 20
78.92988585195567
 10
123.96972017081589
 20
79.27268039591755
 10
123.23629046574999
 20
79.57245285177669
 10
122.05972345506609
 20
79.83738091163869
 10
120.35361600976898
 20
80.07564226760897
 10
118.03156500086354
 20
80.29541461179309
 10
115.00716729935453
 20
80.50487563629653
 10
111.19401977624685
 20
80.7122030332248
 10
106.50571930254523
 20
80.92557449468336
 10
100.85586274925458
 20
81.15316771277782
 10
94.15804698737966
 20
81.40316037961361
 10
67.3633137946849
 20
82.37847602648918
 10
61.354015418550055
 20
79.7723168176044
 10
60.24847048448806
 20
79.27565480845851
 10
59.23822766185558
 20
78.78513292149049
 10
58.31942860125326
 20
78.29789305872168
 10
57.48821495328172
 20
77.81107712217371
 10
56.74072836854162
 20
77.32182701386805
 10
56.07311049763364
 20
76.82728463582606
 10
55.48150299115837
 20
76.32459189006929
 10
54.962047499716526
 20
75.81089067861916
 10
54.510885673908724
 20
75.28332290349721
 10
54.124159164335616
 20
74.73903046672487
 10
53.798009621597835
 20
74.17515527032361
 10
52.25130220078048
 20
71.18415293192763
 10
55.374676076294
 20
71.80882770703033
 10
55.92969341194807
 20
71.91151334560769
 10
56.64526816640991
 20
72.03047791152758
 10
57.50270270490996
 20
72.16318652886793
 10
58.48329939267868
 20
72.30710432170676
 10
59.56836059494652
 20
72.45969641412208
 10
60.73918867694393
 20
72.61842793019179
 10
61.977086003901434
 20
72.78076399399393
 10
63.263354941049414
 20
72.94416972960639
 10
64.57929785361836
 20
73.1061102611072
 10
65.90621710683874
 20
73.26405071257435
 10
67.22541506594098
 20
73.4154562080858
  0
LWPOLYLINE
  5
46
330
17
100
AcDbEntity
  8
CUT
100
AcDbPolyline
 90
67
 70
1
 10
164.35278018007443
 20
80.57444852778642
 10
163.95210615160016
 20
80.98945204596316
 10
163.6180069006438
 20
81.36845186683658
 10
163.34931927750011
 20
81.71547929132632
 10
163.14488013246395
 20
82.03456562035197
 10
163.0035263158301
 20
82.32974215483321
 10
162.92409467789335
 20
82.60504019568964
 10
162.90542206894852
 20
82.8644910438409
 10
162.94634533929045
 20
83.11212600020656
 10
163.0457013392139
 20
83.35197636570629
 10
163.20232691901373
 20
83.58807344125967
 10
163.4150589289847
 20
83.82444852778642
 10
163.6461049889703
 20
84.03594427743437
 10
163.86232567107118
 20
84.19638133532456
 10
164.0662881221806
 20
84.30504318509668
 10
164.26055948919182
 20
84.36121331039044
 10
164.44770691899808
 20
84.3641751948455
 10
164.6302975584927
 20
84.3132123221016
 10
164.81089855456898
 20
84.20760817579838
 10
164.99207705412013
 20
84.04664623957555
 10
165.1764002040395
 20
83.82960999707285
 10
165.36643515122034
 20
83.55578293192988
 10
165.56474904255592
 20
83.22444852778642
 10
165.9369211528114
 20
82.68940486976533
 10
166.38373559879952
 20
82.25504029111403
 10
166.89118516512272
 20
81.92194952439547
 10
167.44526263638355
 20
81.69072730217272
 10
168.03196079718452
 20
81.56196835700877
 10
168.6372724321281
 20
81.5362674214665
 10
169.2471903258169
 20
81.61421922810908
 10
169.84770726285342
 20
81.79641850949932
 10
170.4248160278402
 20
82.08345999820031
 10
170.9645094053797
 20
82.47593842677503
 10
171.45278018007443
 20
82.97444852778642
 10
171.87820939387584
 20
83.44635904702656
 10
172.29023996924258
 20
83.82524244541418
 10
172.6831579895814
 20
84.11099072236684
 10
173.0512495382987
 20
84.30349587730208
 10
173.38880069880125
 20
84.40264990963755
 10
173.69009755449554
 20
84.40834481879065
 10
173.94942618878818
 20
84.320472604179
 10
174.16107268508583
 20
84.13892526522011
 10
174.31932312679498
 20
83.86359480133154
 10
174.41846359732233
 20
83.49437321193079
 10
174.45278018007443
 20
83.03115249643548
 10
174.36237451392665
 20
82.52576773760245
 10
174.1067495133692
 20
81.9872300984274
 10
173.70929317523093
 20
81.43266646859112
 10
173.19339349634058
 20
80.87920373777439
 10
172.58243847352693
 20
80.34396879565796
 10
171.89981610361883
 20
79.84408853192252
 10
171.168914383445
 20
79.39668983624884
 10
170.41312130983434
 20
79.01889959831766
 10
169.6558248796156
 20
78.72784470780965
 10
168.92041308961754
 20
78.54065205440571
 10
168.230273936669
 20
78.47444852778642
 10
167.94564675688494
 20
78.49732606347388
 10
167.62909185034087
 20
78.56374980502162
 10
167.28672697578122
 20
78.67040645415759
 10
166.92466989195034
 20
78.81398271260983
 10
166.54903835759276
 20
78.99116528210646
 10
166.1659501314529
 20
79.19864086437545
 10
165.78152297227516
 20
79.43309616114479
 10
165.401874638804
 20
79.69121787414255
 10
165.03312288978387
 20
79.96969270509669
 10
164.6813854839592
 20
80.2652073557353
 10
164.35278018007443
 20
80.57444852778642
  0
LWPOLYLINE
  5
47
330
17
100
AcDbEntity
  8
CUT
100
AcDbPolyline
 90
78
 70
1
 10
122.65223054569148
 20
84.72444852778642
 10
122.69788445811272
 20
85.08029000036348
 10
122.73332997791755
 20
85.46808113484883
 10
122.75864130121346
 20
85.88072200637396
 10
122.77389262410782
 20
86.31111269007042
 10
122.7791581427081
 20
86.75215326106968
 10
122.77451205312184
 20
87.19674379450319
 10
122.7600285514564
 20
87.63778436550243
 10
122.73578183381935
 20
88.06817504919889
 10
122.70184609631804
 20
88.48081592072407
 10
122.65829553506
 20
88.8686070552094
 10
122.6052043461527
 20
89.22444852778642
 10
122.49368706436974
 20
89.78083878422368
 10
122.31352615182456
 20
90.23705223290955
 10
121.98280093259513
 20
90.60308832960303
 10
121.41959073075913
 20
90.88894653006315
 10
120.5419748703944
 20
91.10462629004891
 10
119.26803267557875
 20
91.26012706531932
 10
117.51584347038997
 20
91.36544831163332
 10
115.20348657890588
 20
91.43058948474993
 10
112.24904132520427
 20
91.46555004042816
 10
108.57058703336298
 20
91.48032943442698
 10
104.08620302745979
 20
91.48492712250541
 10
100.73187913454214
 20
91.50714254515051
 10
97.28662560890189
 20
91.57002029947716
 10
93.74901984311148
 20
91.67364461726643
 10
90.1176392297433
 20
91.81809973029956
 10
86.39106116136983
 20
92.00346987035755
 10
82.5678630305635
 20
92.22983926922166
 10
78.64662222989674
 20
92.49729215867296
 10
74.62591615194202
 20
92.80591277049263
 10
70.50432218927176
 20
93.15578533646175
 10
66.28041773445841
 20
93.54699408836149
 10
61.95278018007443
 20
93.979623257973
 10
54.4829954901842
 20
94.75664726825542
 10
48.48166298064558
 20
95.37801508488238
 10
43.7989323625322
 20
95.84224968524134
 10
40.284953346917646
 20
96.14787404671983
 10
37.78987564487556
 20
96.29341114670538
 10
36.16384896747956
 20
96.27738396258542
 10
35.25702302580327
 20
96.09831547174744
 10
34.91954753092032
 20
95.754728651579
 10
35.00157219390433
 20
95.24514647946751
 10
35.35324672582892
 20
94.56809193280051
 10
35.82472083776771
 20
93.72208798896551
 10
36.608365274622884
 20
92.28713000462352
 10
37.39385985339066
 20
91.07372369395475
 10
38.24455543763508
 20
90.05572640956933
 10
39.223802890920226
 20
89.20699550407753
 10
40.39495307681013
 20
88.5013883300895
 10
41.821356858868874
 20
87.91276224021544
 10
43.5663651006605
 20
87.41497458706553
 10
45.693328665749085
 20
86.9818827232499
 10
48.265598417698676
 20
86.58734400137882
 10
51.34652522007334
 20
86.20521577406245
 10
54.99945993643713
 20
85.80935539391098
 10
59.72586953003597
 20
85.34184010478086
 10
64.61818799969012
 20
84.90299001862965
 10
69.63713216708402
 20
84.49509730438604
 10
74.74341885390211
 20
84.12045413097866
 10
79.8977648818288
 20
83.78135266733611
 10
85.06088707254855
 20
83.480085082387
 10
90.19350224774581
 20
83.21894354506
 10
95.25632722910501
 20
83.00022022428368
 10
100.21007883831058
 20
82.82620728898672
 10
105.01547389704697
 20
82.69919690809769
 10
109.6332292269986
 20
82.62148125054523
 10
112.73163284832268
 20
82.58823336885101
 10
115.28124563034447
 20
82.57308595014311
 10
117.33734064970494
 20
82.58496728843139
 10
118.95519098304499
 20
82.63280567772577
 10
120.19006970700553
 20
82.72552941203608
 10
121.09724989822752
 20
82.87206678537223
 10
121.73200463335186
 20
83.08134609174414
 10
122.1496069890195
 20
83.36229562516161
 10
122.40533004187137
 20
83.72384367963454
 10
122.55444686854838
 20
84.17491854917287
 10
122.65223054569148
 20
84.72444852778642
  0
LWPOLYLINE
  5
48
330
17
100
AcDbEntity
  8
CUT
100
AcDbPolyline
 90
78
 70
1
 10
147.33435912744287
 20
86.22444852778642
 10
147.31808011649574
 20
86.34267029521402
 10
147.30478201736275
 20
86.47079569017146
 10
147.29448375692223
 20
86.6065148516708
 10
147.2872042620524
 20
86.7475179187241
 10
147.2829624596316
 20
86.89149503034344
 10
147.28177727653812
 20
87.03613632554087
 10
147.2836676396503
 20
87.17913194332846
 10
147.2886524758464
 20
87.31817202271822
 10
147.2967507120047
 20
87.45094670272223
 10
147.3079812750035
 20
87.57514612235255
 10
147.32236309172114
 20
87.68846042062125
 10
147.32376503037753
 20
87.78812827119671
 10
147.29730918879852
 20
87.87270593580035
 10
147.24489433827137
 20
87.94185993552401
 10
147.16841925008313
 20
87.99525679145944
 10
147.06978269552098
 20
88.03256302469842
 10
146.9508834458722
 20
88.05344515633274
 10
146.81362027242378
 20
88.05756970745415
 10
146.65989194646303
 20
88.04460319915444
 10
146.49159723927713
 20
88.01421215252535
 10
146.31063492215313
 20
87.96606308865864
 10
146.11890376637825
 20
87.89982252864615
 10
145.68467708324226
 20
87.8517384548679
 10
145.2342712583253
 20
88.01556449253113
 10
144.77980885360392
 20
88.36749743423877
 10
144.33341243105482
 20
88.88373407259357
 10
143.9072045526547
 20
89.5404712001984
 10
143.51330778038013
 20
90.31390560965605
 10
143.16384467620782
 20
91.18023409356937
 10
142.87093780211447
 20
92.1156534445411
 10
142.64670972007667
 20
93.09636045517414
 10
142.5032829920711
 20
94.09855191807128
 10
142.45278018007443
 20
95.09842462583532
 10
142.57335430494334
 20
96.05177799323863
 10
142.9148421749531
 20
97.056812642464
 10
143.4468920332081
 20
98.08350836963436
 10
144.13915212281273
 20
99.10184497087286
 10
144.96127068687142
 20
100.08180224230253
 10
145.88289596848855
 20
100.99335998004645
 10
146.8736762107686
 20
101.80649798022768
 10
147.90325965681595
 20
102.4911960389692
 10
148.94129454973498
 20
103.01743395239413
 10
149.95742913263018
 20
103.35519151662552
 10
150.9213116486059
 20
103.47444852778642
 10
151.3359762860804
 20
103.44789023258804
 10
151.78336978881276
 20
103.3707244652224
 10
152.2557074566546
 20
103.24671490303402
 10
152.7452045894575
 20
103.07962522336734
 10
153.24407648707322
 20
102.87321910356678
 10
153.74453844935334
 20
102.6312602209768
 10
154.2388057761496
 20
102.35751225294183
 10
154.71909376731364
 20
102.05573887680632
 10
155.17761772269708
 20
101.72970376991472
 10
155.60659294215165
 20
101.38317060961145
 10
155.998234725529
 20
101.01990307324098
 10
157.23727835767718
 20
99.45370980241117
 10
158.056436863562
 20
97.71439048539077
 10
158.47973570979468
 20
95.86985181293218
 10
158.53120036298648
 20
93.98800047578794
 10
158.23485628974862
 20
92.13674316471051
 10
157.61472895669237
 20
90.3839865704523
 10
156.69484383042894
 20
88.79763738376585
 10
155.49922637756967
 20
87.44560229540355
 10
154.05190206472574
 20
86.39578799611789
 10
152.37689635850842
 20
85.71610117666137
 10
150.498234725529
 20
85.47444852778642
 10
150.04847800413734
 20
85.48261907624624
 10
149.61617209678988
 20
85.50634184108472
 10
149.20630884327332
 20
85.54443350149043
 10
148.8238800833741
 20
85.59571073665194
 10
148.47387765687895
 20
85.65899022575786
 10
148.1612934035744
 20
85.7330886479968
 10
147.8911191632471
 20
85.81682268255727
 10
147.66834677568372
 20
85.90900900862789
 10
147.4979680806708
 20
86.00846430539724
 10
147.38497491799498
 20
86.11400525205389
 10
147.33435912744287
 20
86.22444852778642
  0
LWPOLYLINE
  5
49
330
17
100
AcDbEntity
  8
CUT
100
AcDbPolyline
 90
45
 70
1
 10
145.93827342350696
 20
91.54049735780623
 10
145.76278254433876
 20
92.66860001189323
 10
145.72394480586277
 20
93.79919712371785
 10
145.81436439605628
 20
94.91567605816891
 10
146.02664550289657
 20
96.00142418013539
 10
146.35339231436097
 20
97.0398288545062
 10
146.78720901842672
 20
98.01427744617024
 10
147.32069980307114
 20
98.90815732001647
 10
147.94646885627154
 20
99.7048558409337
 10
148.65712036600516
 20
100.38776037381095
 10
149.44525852024935
 20
100.94025828353708
 10
150.30348750698138
 20
101.34573693500101
 10
150.91510811239016
 20
101.57197134063347
 10
151.40740302626259
 20
101.76084191503779
 10
151.781792727678
 20
101.91608318233489
 10
152.03969769571583
 20
102.04142966664574
 10
152.18253840945542
 20
102.14061589209129
 10
152.21173534797614
 20
102.21737638279245
 10
152.12870899035732
 20
102.2754456628702
 10
151.93487981567839
 20
102.31855825644539
 10
151.6316683030187
 20
102.35044868763904
 10
151.22049493145758
 20
102.37485148057203
 10
150.70278018007443
 20
102.39550115936538
 10
149.45583524967685
 20
102.270340789263
 10
148.27113010434718
 20
101.83399456778574
 10
147.17226990307753
 20
101.12886971624164
 10
146.18285980485985
 20
100.19737345593879
 10
145.32650496868612
 20
99.0819130081853
 10
144.62681055354844
 20
97.82489559428919
 10
144.10738171843886
 20
96.4687284355586
 10
143.79182362234934
 20
95.05581875330154
 10
143.70374142427195
 20
93.62857376882607
 10
143.86674028319877
 20
92.22940070344035
 10
144.3044253581217
 20
90.90070677845239
 10
144.70792828110098
 20
90.07069627171012
 10
145.0748147207507
 20
89.42395054409337
 10
145.40029208613598
 20
88.95859288833918
 10
145.67956778632185
 20
88.6727465971847
 10
145.90784923037342
 20
88.5645349633669
 10
146.08034382735573
 20
88.6320812796229
 10
146.1922589863339
 20
88.8735088386897
 10
146.23880211637302
 20
89.28694093330438
 10
146.2151806265382
 20
89.87050085620399
 10
146.11660192589446
 20
90.62231190012557
 10
145.93827342350696
 20
91.54049735780623
  0
LWPOLYLINE
  5
4A
330
17
100
AcDbEntity
  8
CUT
100
AcDbPolyline
 90
34
 70
1
 10
33.69848378778119
 20
90.72444852778642
 10
33.84712687844562
 20
91.233684680848
 10
33.92035538778138
 20
91.73474167425857
 10
33.922312897817115
 20
92.21912409042494
 10
33.857142990581494
 20
92.67833651175403
 10
33.72898924810316
 20
93.10388352065263
 10
33.541995252410786
 20
93.48726969952753
 10
33.300304585533006
 20
93.81999963078562
 10
33.00806082949849
 20
94.09357789683372
 10
32.6694075663359
 20
94.29950908007868
 10
32.288488378073886
 20
94.42929776292729
 10
31.86944684674109
 20
94.47444852778642
 10
31.66083177035742
 20
94.45447607599581
 10
31.461476648894852
 20
94.39648709527955
 10
31.273616643886093
 20
94.30337414762116
 10
31.099486916863803
 20
94.17802979500405
 10
30.94132262936067
 20
94.02334659941178
 10
30.80135894290938
 20
93.84221712282775
 10
30.681831019042612
 20
93.6375339272355
 10
30.58497401929305
 20
93.4121895746184
 10
30.513023105193376
 20
93.16907662695999
 10
30.468213438276273
 20
92.91108764624374
 10
30.45278018007442
 20
92.6411151944531
 10
30.507969948894832
 20
91.86561835821325
 10
30.66219294653107
 20
91.18022118742766
 10
30.898429709745656
 20
90.59497408774484
 10
31.199660775301034
 20
90.11992746481312
 10
31.548866679959744
 20
89.76513172428088
 10
31.929027960484248
 20
89.5406372717965
 10
32.32312515363705
 20
89.45649451300841
 10
32.71413879618066
 20
89.52275385356498
 10
33.08504942487756
 20
89.74946569911458
 10
33.41883757649024
 20
90.14668045530559
 10
33.69848378778119
 20
90.72444852778642
  0
LWPOLYLINE
  5
4B
330
17
100
AcDbEntity
  8
CUT
100
AcDbPolyline
 90
108
 70
1
 10
124.09642292635252
 20
93.70686737350172
 10
124.49316545413626
 20
94.43178252156997
 10
124.77239828783317
 20
95.13169143197067
 10
124.93437848384139
 20
95.80578593275743
 10
124.97936309855916
 20
96.45325785198403
 10
124.90760918838473
 20
97.0732990177041
 10
124.7193738097163
 20
97.66510125797137
 10
124.41491401895203
 20
98.22785640083953
 10
123.99448687249028
 20
98.76075627436217
 10
123.4583494267292
 20
99.26299270659308
 10
122.806758738067
 20
99.73375752558593
 10
122.03997186290192
 20
100.17224255939436
 10
121.451715565395
 20
100.48585882174996
 10
120.62925492661074
 20
100.94300865689866
 10
119.59681606988141
 20
101.52949077523209
 10
118.37862511853936
 20
102.2311038871419
 10
116.99890819591681
 20
103.03364670301977
 10
115.48189142534616
 20
103.92291793325728
 10
113.8518009301597
 20
104.88471628824615
 10
112.1328628336897
 20
105.90484047837796
 10
110.34930325926848
 20
106.96908921404437
 10
108.52534833022838
 20
108.06326120563706
 10
106.68522416990166
 20
109.17315516354765
 10
94.41766815972889
 20
116.59329634932594
 10
77.18522416990166
 20
116.10320699828853
 10
59.95278018007442
 20
115.61311764725112
 10
74.95278018007443
 20
116.60387194447485
 10
77.16978432474218
 20
116.75779686587441
 10
79.30423334916625
 20
116.92052803830161
 10
81.33128213897785
 20
117.08933950785006
 10
83.22608557980817
 20
117.26150532061332
 10
84.96379855728836
 20
117.43429952268501
 10
86.51957595704963
 20
117.60499616015868
 10
87.86857266472313
 20
117.7708692791279
 10
88.98594356594012
 20
117.92919292568621
 10
89.84684354633177
 20
118.07724114592727
 10
90.42642749152921
 20
118.2122879859446
 10
90.69985028716371
 20
118.3316074918318
 10
90.72312616411668
 20
118.51176019068804
 10
90.5764214695561
 20
118.82343305994642
 10
90.27111926354289
 20
119.25508982120161
 10
89.818602606138
 20
119.7951941960482
 10
89.2302545574023
 20
120.43220990608086
 10
88.51745817739675
 20
121.15460067289416
 10
87.69159652618228
 20
121.95083021808273
 10
86.76405266381983
 20
122.80936226324118
 10
85.74620965037028
 20
123.71866052996413
 10
84.64945054589458
 20
124.6671887398462
 10
83.48515841045364
 20
125.64341061448201
 10
75.52339642665427
 20
132.218232486999
 10
62.46437269898669
 20
133.47333437158017
 10
57.8333734954745
 20
133.8687392110138
 10
53.762604157735076
 20
134.1038454586111
 10
50.21860329672119
 20
134.17122721963025
 10
47.167909523385546
 20
134.06345859932964
 10
44.57706144868092
 20
133.77311370296735
 10
42.41259768356003
 20
133.29276663580177
 10
40.641056838975615
 20
132.61499150309106
 10
39.22897752588043
 20
131.73236241009346
 10
38.14289835522722
 20
130.63745346206724
 10
37.349357937968705
 20
129.3228387642706
 10
36.81489488505765
 20
127.78109242196186
 10
36.5967363517415
 20
126.15061836738704
 10
36.75822219404409
 20
124.5842156959277
 10
37.27606264531366
 20
123.10004581950227
 10
38.12696793889849
 20
121.71627015002935
 10
39.287648308146856
 20
120.4510500994274
 10
40.73481398640702
 20
119.32254707961495
 10
42.445175207027255
 20
118.34892250251048
 10
44.39544220335585
 20
117.54833778003248
 10
46.56232520874106
 20
116.93895432409947
 10
48.92253445653116
 20
116.53893354662995
 10
51.45278018007442
 20
116.36643685954243
 10
56.95278018007442
 20
116.25531719314
 10
52.454288320483464
 20
115.37460782224048
 10
50.223605311853575
 20
114.80651047565448
 10
48.208856356309504
 20
114.03256563441023
 10
46.42845312696876
 20
113.07832436797806
 10
44.900807296948834
 20
111.96933774582831
 10
43.64433053936722
 20
110.73115683743139
 10
42.677434527341426
 20
109.3893327122576
 10
42.01853093398894
 20
107.96941643977733
 10
41.686031432427285
 20
106.49695908946089
 10
41.69834769577394
 20
104.99751173077863
 10
42.07389139714641
 20
103.49662543320093
 10
42.831074209662205
 20
102.01985126619812
 10
43.74428312072413
 20
100.7026496469988
 10
44.686879133401135
 20
99.59885836593742
 10
45.781163308615554
 20
98.67961946640528
 10
47.149436707289695
 20
97.91607499179378
 10
48.91400039034591
 20
97.27936698549425
 10
51.19715541870654
 20
96.74063749089802
 10
54.12120285329389
 20
96.27102855139648
 10
57.80844375503033
 20
95.8416822103809
 10
62.381179184838174
 20
95.42374051124264
 10
67.96171020363974
 20
94.98834549737307
 10
74.67233787235739
 20
94.50663921216352
 10
82.92666210729257
 20
93.94866534171996
 10
90.44020915970339
 20
93.48755936708389
 10
97.20915638418708
 20
93.12338314562987
 10
103.22968113534091
 20
92.85619853473253
 10
108.49796076776215
 20
92.68606739176639
 10
113.01017263604805
 20
92.61305157410607
 10
116.76249409479593
 20
92.63721293912616
 10
119.75110249860305
 20
92.75861334420114
 10
121.97217520206667
 20
92.97731464670571
 10
123.42188955978409
 20
93.29337870401437
 10
124.09642292635252
 20
93.70686737350172
  0
LWPOLYLINE
  5
4C
330
17
100
AcDbEntity
  8
CUT
100
AcDbPolyline
 90
34
 70
1
 10
152.29656040321828
 20
97.035362451302
 10
152.1343716706593
 20
97.64143177031053
 10
151.90912414093938
 20
98.15149288801229
 10
151.6330268065467
 20
98.56232332396743
 10
151.31828865996934
 20
98.87070059773606
 10
150.9771186936955
 20
99.07340222887836
 10
150.6217259002133
 20
99.16720573695446
 10
150.26431927201085
 20
99.14888864152451
 10
149.91710780157638
 20
99.01522846214863
 10
149.59230048139798
 20
98.76300271838701
 10
149.30210630396377
 20
98.38898892979972
 10
149.05873426176197
 20
97.88996461594698
 10
148.91213139205902
 20
97.31254750293479
 10
148.8925539260303
 20
96.71897941432945
 10
148.9834665840519
 20
96.13153777068669
 10
149.16833408649987
 20
95.57249999256209
 10
149.43062115375017
 20
95.0641435005113
 10
149.7537925061789
 20
94.62874571508999
 10
150.12131286416215
 20
94.28858405685381
 10
150.5166469480759
 20
94.06593594635834
 10
150.92325947829625
 20
93.98307880415928
 10
151.3246151751992
 20
94.06229005081224
 10
151.70417875916084
 20
94.32584710687286
 10
151.83829063950333
 20
94.48302317854174
 10
151.9591546292347
 20
94.6708528548138
 10
152.0658360916513
 20
94.88506116782776
 10
152.15740039004953
 20
95.12137314972247
 10
152.23291288772577
 20
95.3755138326367
 10
152.2914389479764
 20
95.64320824870913
 10
152.33204393409773
 20
95.92018143007863
 10
152.35379320938623
 20
96.20215840888386
 10
152.35575213713824
 20
96.48486421726366
 10
152.33698608065012
 20
96.76402388735679
 10
152.29656040321828
 20
97.035362451302
  0
LWPOLYLINE
  5
4D
330
17
100
AcDbEntity
  8
CUT
100
AcDbPolyline
 90
34
 70
1
 10
177.45278018007443
 20
96.91543153341149
 10
177.44263887681234
 20
97.13389504807256
 10
177.41319412734097
 20
97.35486985140915
 10
177.36591467213293
 20
97.57517468498267
 10
177.3022692516605
 20
97.79162829035462
 10
177.22372660639616
 20
98.00104940908639
 10
177.13175547681237
 20
98.20025678273944
 10
177.0278246033815
 20
98.38606915287522
 10
176.91340272657615
 20
98.55530526105508
 10
176.7899585868686
 20
98.70478384884058
 10
176.6589609247314
 20
98.83132365779304
 10
176.52187848063693
 20
98.93174342947395
 10
176.19898280894284
 20
99.06986634606517
 10
175.8848458717688
 20
99.092946839528
 10
175.58856478238422
 20
99.01523149342523
 10
175.31923665405876
 20
98.85096689131981
 10
175.08595860006184
 20
98.61439961677456
 10
174.89782773366304
 20
98.31977625335233
 10
174.76394116813188
 20
97.981343384616
 10
174.69339601673792
 20
97.61334759412836
 10
174.69528939275065
 20
97.23003546545232
 10
174.77871840943965
 20
96.84565358215073
 10
174.95278018007443
 20
96.47444852778642
 10
175.21826968761567
 20
96.11216964188716
 10
175.5064269012995
 20
95.8357110713217
 10
175.80714813372722
 20
95.6432905943152
 10
176.11032969749994
 20
95.53312598909295
 10
176.40586790521897
 20
95.5034350338801
 10
176.68365906948551
 20
95.55243550690182
 10
176.9335995029008
 20
95.67834518638338
 10
177.14558551806613
 20
95.87938185054992
 10
177.3095134275827
 20
96.15376327762664
 10
177.41527954405169
 20
96.49970724583878
 10
177.45278018007443
 20
96.91543153341149
  0
LWPOLYLINE
  5
4E
330
17
100
AcDbEntity
  8
CUT
100
AcDbPolyline
 90
38
 70
1
 10
42.00948414872347
 20
99.69695477119186
 10
41.45446854481854
 20
100.65825478442997
 10
41.02309289548955
 20
101.75717319088577
 10
40.71406765722166
 20
102.96004708472512
 10
40.52610328649998
 20
104.23321356011397
 10
40.457910239809664
 20
105.54300971121812
 10
40.50819897363583
 20
106.85577263220353
 10
40.67567994446363
 20
108.13783941723601
 10
40.95906360877821
 20
109.35554716048145
 10
41.3570604230647
 20
110.47523295610571
 10
41.86838084380823
 20
111.4632338982747
 10
42.491735327493956
 20
112.28588708115429
 10
44.53069047491349
 20
114.47444852778642
 10
37.219021297816376
 20
114.47444852778642
 10
29.90735212071926
 20
114.47444852778642
 10
30.51768103078345
 20
108.22444852778642
 10
30.77178013156277
 20
105.79303257883528
 10
31.040832095032442
 20
103.7762396482349
 10
31.361953924594886
 20
102.13363029042779
 10
31.77226262365251
 20
100.82476505985633
 10
32.30887519560772
 20
99.80920451096301
 10
33.00890864386294
 20
99.04650919819022
 10
33.909479971820566
 20
98.49623967598043
 10
35.047706182883026
 20
98.11795649877604
 10
36.460704280452724
 20
97.87122022101948
 10
38.18559126793207
 20
97.71559139715322
 10
40.25948414872347
 20
97.61063058161969
 10
41.06112616122308
 20
97.58045433930533
 10
41.7123671320648
 20
97.56814859863286
 10
42.220504001574014
 20
97.58241266423698
 10
42.59283371007611
 20
97.63194584075248
 10
42.83665319789645
 20
97.72544743281395
 10
42.95925940536045
 20
97.87161674505614
 10
42.967949272793454
 20
98.07915308211375
 10
42.87001974052089
 20
98.3567557486214
 10
42.67276774886812
 20
98.71312404921383
 10
42.38349023816051
 20
99.15695728852577
 10
42.00948414872347
 20
99.69695477119186
  0
LWPOLYLINE
  5
4F
330
17
100
AcDbEntity
  8
CUT
100
AcDbPolyline
 90
34
 70
1
 10
26.68453309534481
 20
102.504204163505
 10
26.572345196551204
 20
103.18499867404188
 10
26.39952428827928
 20
103.85272814080946
 10
26.173432096452224
 20
104.49648397081192
 10
25.9014303469932
 20
105.10535757105345
 10
25.59088076582541
 20
105.66844034853814
 10
25.24914507887201
 20
106.17482371027022
 10
24.883585012056187
 20
106.61359906325382
 10
24.50156229130112
 20
106.97385781449306
 10
24.110438642529992
 20
107.24469137099214
 10
23.717575791665972
 20
107.41519113975521
 10
23.33033546463225
 20
107.47444852778642
 10
23.029884129763865
 20
107.41553245583285
 10
22.79620283964926
 20
107.24423879307702
 10
22.628851416698907
 20
106.96874936917624
 10
22.527389683323236
 20
106.59724601378802
 10
22.491377461932693
 20
106.13791055656972
 10
22.520374574937755
 20
105.5989248271787
 10
22.613940844748846
 20
104.98847065527238
 10
22.771636093776458
 20
104.31472987050813
 10
22.99302014443102
 20
103.58588430254332
 10
23.277652819122984
 20
102.81011578103539
 10
23.625093940262808
 20
101.99560613564171
 10
24.021229841612723
 20
101.23982232080212
 10
24.434890114649086
 20
100.65127914771455
 10
24.852366297538474
 20
100.22769773574106
 10
25.25994992844737
 20
99.9667992042437
 10
25.643932545542327
 20
99.8663046725845
 10
25.99060568698986
 20
99.92393526012555
 10
26.286260890956505
 20
100.1374120862288
 10
26.5171896956088
 20
100.50445627025636
 10
26.669683639113266
 20
101.0227889315702
 10
26.73003425963642
 20
101.6901311895324
 10
26.68453309534481
 20
102.504204163505
  0
LWPOLYLINE
  5
50
330
17
100
AcDbEntity
  8
CUT
100
AcDbPolyline
 90
69
 70
1
 10
129.32172545333836
 20
102.29039913575139
 10
131.32685914787865
 20
105.10634974371632
 10
127.76679260375724
 20
111.54039913575137
 10
123.49459313680015
 20
118.80925577493812
 10
118.93702447838584
 20
125.7303184869329
 10
114.16738835057515
 20
132.23246128308958
 10
109.258986475429
 20
138.24455817476195
 10
104.2851205750083
 20
143.69548317330396
 10
99.31909237137393
 20
148.51411029006925
 10
94.43420358658679
 20
152.62931353641187
 10
89.70375594270777
 20
155.9699669236855
 10
85.2010511617978
 20
158.464944463244
 10
80.9993909659178
 20
160.0431201664412
 10
77.17207707712859
 20
160.63336804463103
 10
76.5051697770106
 20
160.63871392828042
 10
75.82145519469799
 20
160.62909262180824
 10
75.131274194409
 20
160.60546103761197
 10
74.44496764036197
 20
160.56877608808907
 10
73.77287639677516
 20
160.51999468563702
 10
73.12534132786695
 20
160.46007374265326
 10
72.51270329785558
 20
160.38997017153523
 10
71.94530317095939
 20
160.3106408846804
 10
71.43348181139666
 20
160.22304279448625
 10
70.98758008338575
 20
160.1281328133502
 10
70.61793885114488
 20
160.02686785366976
 10
69.96961356170797
 20
159.73378639709415
 10
69.31185762108004
 20
159.2761286350925
 10
68.65986537670801
 20
158.6782753762816
 10
68.0288311760387
 20
157.96460742927817
 10
67.43394936651893
 20
157.15950560269897
 10
66.89041429559558
 20
156.28735070516075
 10
66.41342031071554
 20
155.37252354528027
 10
66.01816175932564
 20
154.43940493167426
 10
65.71983298887272
 20
153.51237567295948
 10
65.53362834680368
 20
152.61581657775267
 10
65.47474218056533
 20
151.77410845467062
 10
65.98645407955152
 20
148.94529268984792
 10
67.41530535787555
 20
145.70203041133007
 10
69.69709323521667
 20
142.1060512041076
 10
72.76761493125414
 20
138.21908465317094
 10
76.5626676656673
 20
134.1028603435107
 10
81.01804865813534
 20
129.81910786011736
 10
86.06955512833764
 20
125.42955678798138
 10
91.65298429595339
 20
120.99593671209331
 10
97.70413338066194
 20
116.57997721744363
 10
104.15879960214252
 20
112.24340788902288
 10
110.95278018007443
 20
108.04795831182153
 10
112.44714531906766
 20
107.16343204834695
 10
113.9176186473922
 20
106.29104347976201
 10
115.34526703206541
 20
105.44213725758772
 10
116.7111573401045
 20
104.62805803334511
 10
117.9963564385267
 20
103.86015045855521
 10
119.1819311943494
 20
103.14975918473903
 10
120.24894847458984
 20
102.50822886341763
 10
121.17847514626527
 20
101.94690414611193
 10
121.95157807639299
 20
101.47712968434303
 10
122.54932413199029
 20
101.11025012963194
 10
122.95278018007443
 20
100.85761013349963
 10
123.72878713637024
 20
100.38841697215287
 10
124.4264228910225
 20
100.03034653737981
 10
125.05867704914883
 20
99.78632103412289
 10
125.63853921586676
 20
99.6592626673247
 10
126.17899899629398
 20
99.65209364192768
 10
126.69304599554812
 20
99.76773616287437
 10
127.19366981874671
 20
100.00911243510731
 10
127.6938600710074
 20
100.37914466356895
 10
128.20660635744787
 20
100.88075505320182
 10
128.74489828318562
 20
101.51686580894847
 10
129.32172545333836
 20
102.29039913575139
  0
LWPOLYLINE
  5
51
330
17
100
AcDbEntity
  8
CUT
100
AcDbPolyline
 90
113
 70
1
 10
134.9619772047054
 20
110.50342578646453
 10
134.93058608229921
 20
112.67726683823201
 10
133.86526701450396
 20
115.83680518020823
 10
131.8663820766215
 20
119.84499022601881
 10
129.03429334395358
 20
124.56477138928928
 10
125.46936289180192
 20
129.85909808364522
 10
121.2719527954684
 20
135.59091972271227
 10
116.54242513025474
 20
141.62318572011588
 10
111.3811419714628
 20
147.8188454894817
 10
105.8884653943943
 20
154.04084844443528
 10
100.16475747435109
 20
160.15214399860218
 10
94.31038028663491
 20
166.01568156560796
 10
90.95137481177176
 20
169.22437611641294
 10
87.80434676564491
 20
172.1391375891768
 10
84.81446082595431
 20
174.80144285058248
 10
81.92688167040001
 20
177.25276876731283
 10
79.08677397668191
 20
179.53459220605077
 10
76.23930242250003
 20
181.6883900334792
 10
73.32963168555435
 20
183.755639116281
 10
70.30292644354483
 20
185.77781632113906
 10
67.10435137417147
 20
187.79639851473624
 10
63.67907115513424
 20
189.85286256375548
 10
59.97225046413309
 20
191.98868533487962
 10
57.68622365929556
 20
193.27509018142283
 10
55.73948643678738
 20
194.34366049455602
 10
54.07223461155285
 20
195.214402604047
 10
52.62466399853627
 20
195.9073228396636
 10
51.33697041268197
 20
196.44242753117373
 10
50.149349668934256
 20
196.83972300834517
 10
49.00199758223746
 20
197.11921560094578
 10
47.83510996753588
 20
197.30091163874346
 10
46.58888263977382
 20
197.40481745150595
 10
45.20351141389563
 20
197.45093936900116
 10
43.619192104845595
 20
197.45928372099695
 10
36.95278018007442
 20
197.44411891420748
 10
47.0906105022225
 20
192.04263791105993
 10
50.37301019274455
 20
190.28261929430622
 10
53.29309255338199
 20
188.68928368766325
 10
55.91380089253813
 20
187.22297717699973
 10
58.29807851861627
 20
185.84404584818438
 10
60.50886874001966
 20
184.51283578708592
 10
62.60911486515167
 20
183.18969307957303
 10
64.66176020241554
 20
181.83496381151446
 10
66.7297480602146
 20
180.4089940687789
 10
68.87602174695212
 20
178.87212993723506
 10
71.16352457103145
 20
177.18471750275165
 10
73.65519984085583
 20
175.30710285119739
 10
76.5296410600501
 20
173.0826737510701
 10
79.29223019413931
 20
170.86544600180815
 10
81.90461135585201
 20
168.69167546776018
 10
84.32842865791659
 20
166.5976180132749
 10
86.52532621306159
 20
164.61952950270106
 10
88.45694813401548
 20
162.79366580038737
 10
90.08493853350672
 20
161.1562827706825
 10
91.37094152426383
 20
159.7436362779352
 10
92.27660121901528
 20
158.59198218649414
 10
92.76356173048953
 20
157.73757636070803
 10
92.7934671714151
 20
157.21667466492562
 10
92.70919796146984
 20
157.0689195137225
 10
92.6508837684971
 20
156.94145219550677
 10
92.61789795421933
 20
156.83491050418775
 10
92.60961388035898
 20
156.74993223367463
 10
92.62540490863844
 20
156.68715517787666
 10
92.66464440078025
 20
156.6472171307031
 10
92.72670571850679
 20
156.63075588606313
 10
92.81096222354054
 20
156.63840923786603
 10
92.91678727760396
 20
156.67081498002105
 10
93.0435542424195
 20
156.72861090643738
 10
93.19063647970958
 20
156.81243481102427
 10
94.10513420641871
 20
156.58203910608984
 10
95.74439662015476
 20
155.3588362241352
 10
97.98040039990158
 20
153.28935796827267
 10
100.68512222464298
 20
150.5201361416145
 10
103.73053877336281
 20
147.19770254727302
 10
106.98862672504492
 20
143.46858898836047
 10
110.33136275867315
 20
139.47932726798913
 10
113.63072355323135
 20
135.37644918927126
 10
116.75868578770337
 20
131.30648655531917
 10
119.58722614107302
 20
127.4159711692451
 10
121.98832129232417
 20
123.85143483416137
 10
122.52557886801429
 20
122.99756993582704
 10
123.10425018027098
 20
122.05232408780745
 10
123.71408549045228
 20
121.03374723277929
 10
124.34483505991616
 20
119.95988931341934
 10
124.98624915002077
 20
118.84880027240422
 10
125.62807802212407
 20
117.71853005241069
 10
126.26007193758412
 20
116.5871285961154
 10
126.87198115775902
 20
115.47264584619512
 10
127.45355594400678
 20
114.3931317453265
 10
127.99454655768545
 20
113.36663623618625
 10
128.48470326015305
 20
112.4112092614511
 10
129.13015554374837
 20
111.15178474132516
 10
129.70051521086836
 20
110.08493221408453
 10
130.20495302008624
 20
109.2005782326083
 10
130.6526397299752
 20
108.48864934977554
 10
131.0527460991085
 20
107.93907211846532
 10
131.41444288605942
 20
107.54177309155672
 10
131.74690084940116
 20
107.28667882192879
 10
132.05929074770697
 20
107.16371586246056
 10
132.36078333955012
 20
107.16281076603116
 10
132.66054938350382
 20
107.2738900855196
 10
132.9677596381413
 20
107.48688037380496
 10
133.18142594533072
 20
107.67903983882677
 10
133.39805668888863
 20
107.90189185493594
 10
133.6145054699496
 20
108.15067703417861
 10
133.82762588964826
 20
108.42063598860099
 10
134.0342715491193
 20
108.70700933024919
 10
134.23129604949733
 20
109.00503767116935
 10
134.41555299191705
 20
109.30996162340762
 10
134.58389597751304
 20
109.61702179901013
 10
134.73317860742
 20
109.92145881002301
 10
134.86025448277258
 20
110.21851326849244
 10
134.9619772047054
 20
110.50342578646453
  0
LWPOLYLINE
  5
52
330
17
100
AcDbEntity
  8
CUT
100
AcDbPolyline
 90
89
 70
1
 10
142.14561999831264
 20
115.65511785345808
 10
142.70960299355977
 20
115.97852715998806
 10
143.25507601414506
 20
116.2920395625244
 10
143.775547194127
 20
116.59188298203904
 10
144.2645246675642
 20
116.87428533950394
 10
144.71551656851523
 20
117.13547455589102
 10
145.12203103103863
 20
117.37167855217223
 10
145.47757618919292
 20
117.5791252493195
 10
145.77566017703674
 20
117.75404256830475
 10
146.00979112862862
 20
117.89265843009994
 10
146.17347717802713
 20
117.99120075567697
 10
146.2602264592908
 20
118.0458974660078
 10
146.26823524776773
 20
118.13522151698162
 10
146.20330234914414
 20
118.33430253504618
 10
146.07033969298558
 20
118.63435344701129
 10
145.87425920885772
 20
119.02658717968689
 10
145.619972826326
 20
119.5022166598828
 10
145.3123924749562
 20
120.05245481440885
 10
144.95643008431378
 20
120.66851457007492
 10
144.55699758396443
 20
121.34160885369081
 10
144.11900690347372
 20
122.06295059206641
 10
143.6473699724073
 20
122.82375271201157
 10
143.14699872033069
 20
123.61522814033613
 10
142.61411005939266
 20
124.46212031822358
 10
142.04806051363212
 20
125.38382210414095
 10
141.4584714304497
 20
126.36352055082347
 10
140.85496415724612
 20
127.38440271100637
 10
140.24716004142203
 20
128.42965563742487
 10
139.6446804303782
 20
129.48246638281424
 10
139.0571466715153
 20
130.5260219999097
 10
138.49418011223403
 20
131.54350954144638
 10
137.96540209993506
 20
132.51811606015963
 10
137.48043398201918
 20
133.4330286087846
 10
137.048897105887
 20
134.27143424005658
 10
136.2922042825475
 20
135.72148544936442
 10
135.5929280518558
 20
136.94945090058644
 10
134.93369875099333
 20
137.96789235488387
 10
134.29714671714152
 20
138.78937157341798
 10
133.66590228748177
 20
139.42645031734997
 10
133.0225957991956
 20
139.89169034784118
 10
132.3498575894644
 20
140.19765342605274
 10
131.6303179954696
 20
140.35690131314593
 10
130.84660735439266
 20
140.381995770282
 10
129.981356003415
 20
140.28549855862224
 10
129.01719427971804
 20
140.07997143932778
 10
127.94986378582263
 20
139.73733740519097
 10
127.11363865952711
 20
139.28966437170925
 10
126.51053171328073
 20
138.7171467891745
 10
126.14255575953285
 20
137.99997910787874
 10
126.01172361073287
 20
137.11835577811382
 10
126.12004807933002
 20
136.05247125017172
 10
126.46954197777367
 20
134.78251997434438
 10
127.06221811851327
 20
133.28869640092364
 10
127.90008931399805
 20
131.55119498020147
 10
128.98516837667736
 20
129.55021016246985
 10
130.3194681190006
 20
127.26593639802064
 10
131.065598361724
 20
126.01499227888775
 10
131.80491383768143
 20
124.76122016912451
 10
132.52760917993075
 20
123.52204089857878
 10
133.2238790215298
 20
122.31487529709844
 10
133.8839179955364
 20
121.15714419453136
 10
134.49792073500848
 20
120.06626842072534
 10
135.05608187300385
 20
119.05966880552829
 10
135.54859604258044
 20
118.15476617878801
 10
135.96565787679603
 20
117.36898137035236
 10
136.2974620087085
 20
116.71973521006922
 10
136.53420307137574
 20
116.22444852778642
 10
136.71982043488865
 20
115.81948985010048
 10
136.90318955063586
 20
115.4325063790261
 10
137.0819091736217
 20
115.06783695753849
 10
137.25357805885054
 20
114.72982042861287
 10
137.4157949613267
 20
114.42279563522442
 10
137.5661586360545
 20
114.15110142034841
 10
137.70226783803832
 20
113.91907662695999
 10
137.8217213222825
 20
113.73106009803436
 10
137.92211784379143
 20
113.59139067654675
 10
138.0010561575694
 20
113.50440720547236
 10
138.05613501862075
 20
113.47444852778642
 10
138.13918496830507
 20
113.49820488032005
 10
138.29933589114842
 20
113.56718022112454
 10
138.5301355569048
 20
113.67793397500539
 10
138.8251317353283
 20
113.82702556676806
 10
139.177872196173
 20
114.01101442121804
 10
139.58190470919288
 20
114.22645996316079
 10
140.03077704414207
 20
114.46992161740184
 10
140.51803697077457
 20
114.73795880874658
 10
141.03723225884445
 20
115.02713096200057
 10
141.5819106781058
 20
115.33399750196924
 10
142.14561999831264
 20
115.65511785345808
  0
LWPOLYLINE
  5
53
330
17
100
AcDbEntity
  8
CUT
100
AcDbPolyline
 90
60
 70
1
 10
37.90732563461987
 20
118.92899398233187
 10
37.15355932625459
 20
119.84882485620848
 10
36.527070791344705
 20
120.94620123361959
 10
36.03070448089905
 20
122.17731988250742
 10
35.66730484592643
 20
123.49837757081418
 10
35.439716337435684
 20
124.86557106648205
 10
35.3507834064356
 20
126.23509713745318
 10
35.40335050393502
 20
127.56315255166979
 10
35.60026208094276
 20
128.80593407707403
 10
35.944362588467634
 20
129.91963848160813
 10
36.43849647751846
 20
130.86046253321425
 10
37.08550819910407
 20
131.58460299983457
 10
37.44982943461167
 20
131.89459456840234
 10
37.734912145812714
 20
132.15977937373015
 10
37.93833563723008
 20
132.38668607893345
 10
38.057679213386685
 20
132.58184334712763
 10
38.09052217880539
 20
132.75177984142812
 10
38.0344438380091
 20
132.90302422495031
 10
37.887023495520715
 20
133.04210516080963
 10
37.64584045586313
 20
133.17555131212146
 10
37.308474023559235
 20
133.3098913420012
 10
36.87250350313191
 20
133.4516539135643
 10
36.33550819910407
 20
133.60736768992615
 10
35.949227438976486
 20
133.70678063857434
 10
35.51112829700484
 20
133.80389606494714
 10
35.030097872242465
 20
133.89750319390825
 10
34.51502326374265
 20
133.98639125032156
 10
33.97479157055873
 20
134.06934945905087
 10
33.418289891744
 20
134.14516704495998
 10
32.85440532635179
 20
134.2126332329127
 10
32.29202497343541
 20
134.27053724777284
 10
31.74003593204818
 20
134.3176683144042
 10
31.207325301243415
 20
134.3528156576706
 10
30.70278018007442
 20
134.3747685024358
 10
27.45278018007442
 20
134.47444852778642
 10
27.45278018007442
 20
128.623671793013
 10
27.464739958112126
 20
127.72779202038987
 10
27.49946455503543
 20
126.80485228944391
 10
27.555221865059544
 20
125.86905244991209
 10
27.630279782399676
 20
124.9345923515315
 10
27.722906201271087
 20
124.0156718440392
 10
27.83136901588899
 20
123.12649077717217
 10
27.953936120468605
 20
122.28124900066751
 10
28.088875409225174
 20
121.4941463642622
 10
28.234454776373916
 20
120.77938271769332
 10
28.388942116130053
 20
120.15115791069792
 10
28.550605322708826
 20
119.62367179301299
 10
28.821789156237664
 20
118.87329895584293
 10
29.080900309419526
 20
118.25242849823506
 10
29.35300254410177
 20
117.74883161453918
 10
29.663159622131722
 20
117.35027949910521
 10
30.036435305356733
 20
117.04454334628295
 10
30.49789335562415
 20
116.81939435042223
 10
31.07259753478131
 20
116.66260370587293
 10
31.78561160467556
 20
116.56194260698484
 10
32.66199932715424
 20
116.50518224810784
 10
33.7268244640647
 20
116.48009382359174
 10
35.00515077725428
 20
116.47444852778642
 10
40.361871089165334
 20
116.47444852778642
 10
37.90732563461987
 20
118.92899398233187
  0
LWPOLYLINE
  5
54
330
17
100
AcDbEntity
  8
CUT
100
AcDbPolyline
 90
47
 70
1
 10
149.60588372479438
 20
129.97444852778642
 10
149.95278018007443
 20
139.97444852778642
 10
145.99234470147954
 20
147.22444852778642
 10
145.11826825643226
 20
148.80546455096905
 10
144.3509451417247
 20
150.14400027046622
 10
143.67249724642045
 20
151.25942077990032
 10
143.065046459583
 20
152.17109117289377
 10
142.5107146702758
 20
152.89837654306882
 10
141.99162376756257
 20
153.46064198404792
 10
141.4898956405067
 20
153.87725258945343
 10
140.98765217817183
 20
154.16757345290767
 10
140.4670152696215
 20
154.35096966803297
 10
139.91010680391926
 20
154.44680632845177
 10
139.2990486701286
 20
154.47444852778642
 10
138.01935597113066
 20
154.3267801046978
 10
136.87940755450245
 20
153.90090864982824
 10
135.88890741753113
 20
153.22253488477236
 10
135.05755955750382
 20
152.31735953112462
 10
134.39506797170768
 20
151.21108331047958
 10
133.9111366574299
 20
149.92940694443183
 10
133.61546961195756
 20
148.4980311545759
 10
133.5177708325779
 20
146.9426566625063
 10
133.62774431657797
 20
145.28898418981757
 10
133.95509406124503
 20
143.56271445810427
 10
134.50952406386617
 20
141.78954818896096
 10
135.26069542189822
 20
140.0650196470306
 10
136.38349006219195
 20
137.84137845475686
 10
137.7887316429684
 20
135.26285260897131
 10
139.38724382244843
 20
132.47367010650566
 10
141.08985025885295
 20
129.61805894419157
 10
142.80737461040297
 20
126.84024711886059
 10
144.45064053531942
 20
124.28446262734445
 10
145.93047169182327
 20
122.09493346647471
 10
147.1576917381354
 20
120.41588763308305
 10
148.04312433247682
 20
119.39155312400108
 10
148.49759313306842
 20
119.16615793606044
 10
148.61349339553644
 20
119.39412559644985
 10
148.7316101968314
 20
119.82417279992866
 10
148.8501949191903
 20
120.43924664623941
 10
148.96749894484998
 20
121.22229423512475
 10
149.08177365604743
 20
122.15626266632721
 10
149.19127043501962
 20
123.22409903958939
 10
149.29424066400344
 20
124.40875045465387
 10
149.3889357252359
 20
125.69316401126324
 10
149.47360700095393
 20
127.06028680916006
 10
149.5465058733944
 20
128.49306594808692
 10
149.60588372479438
 20
129.97444852778642
  0
LWPOLYLINE
  5
55
330
17
100
AcDbEntity
  8
CUT
100
AcDbPolyline
 90
144
 70
1
 10
158.4701273285015
 20
121.17420519685055
 10
159.52575756218525
 20
121.56184865757515
 10
160.4290709779892
 20
121.92725441296379
 10
161.1965464632024
 20
122.28591550649683
 10
161.84466290511386
 20
122.6533249816547
 10
162.3898991910127
 20
123.0449758819178
 10
162.848734208188
 20
123.47636125076642
 10
163.23764684392887
 20
123.96297413168104
 10
163.57311598552442
 20
124.52030756814196
 10
163.8716205202637
 20
125.16385460362959
 10
164.14963933543578
 20
125.90910828162433
 10
164.42365131832977
 20
126.77156164560651
 10
164.75538137013615
 20
127.87065212784137
 10
165.01524678454453
 20
128.76196962643024
 10
165.19011212730496
 20
129.47418391488327
 10
165.26684196416755
 20
130.0359647667105
 10
165.23230086088242
 20
130.47598195542207
 10
165.07335338319962
 20
130.822905254528
 10
164.77686409686928
 20
131.10540443753848
 10
164.3296975676415
 20
131.35214927796352
 10
163.71871836126635
 20
131.59180954931327
 10
162.93079104349397
 20
131.85305502509775
 10
161.95278018007443
 20
132.1645554788271
 10
160.9534712288944
 20
132.6033040101797
 10
160.11049657359442
 20
133.20612802845466
 10
159.42962757074437
 20
133.9396377646169
 10
158.9166355769143
 20
134.77044344963136
 10
158.57729194867417
 20
135.665155314463
 10
158.41736804259406
 20
136.59038359007664
 10
158.44263521524383
 20
137.51273850743732
 10
158.6588648231935
 20
138.3988302975099
 10
159.07182822301317
 20
139.21526919125932
 10
159.6872967712727
 20
139.92866541965049
 10
160.51104182454216
 20
140.50562921364838
 10
160.97309442568354
 20
140.74029195259274
 10
161.38776504920165
 20
140.9205876468339
 10
161.76312541233662
 20
141.04518360485116
 10
162.1072472323283
 20
141.11274713512404
 10
162.4282022264167
 20
141.12194554613188
 10
162.73406211184175
 20
141.07144614635416
 10
163.03289860584346
 20
140.9599162442703
 10
163.3327834256618
 20
140.78602314835962
 10
163.6417882885367
 20
140.5484341671016
 10
163.96798491170816
 20
140.24581660897564
 10
164.31944501241614
 20
139.87683778246114
 10
164.69810279820098
 20
139.45984543712518
 10
164.99981826100534
 20
139.12310570872086
 10
165.22398375796976
 20
138.86503979930896
 10
165.36999164623472
 20
138.68406891095037
 10
165.43723428294084
 20
138.57861424570584
 10
165.4251040252286
 20
138.54709700563626
 10
165.33299323023857
 20
138.58793839280239
 10
165.16029425511138
 20
138.69955960926504
 10
164.90639945698754
 20
138.88038185708504
 10
164.57070119300752
 20
139.12882633832322
 10
164.15259182031198
 20
139.4433142550404
 10
163.75659462922684
 20
139.73053114387733
 10
163.40323083247776
 20
139.95690812380795
 10
163.08357972136602
 20
140.1216165718351
 10
162.788720587193
 20
140.2238278649616
 10
162.5097327212601
 20
140.2627133801902
 10
162.23769541486863
 20
140.23744449452383
 10
161.96368795932003
 20
140.14719258496524
 10
161.6787896459156
 20
139.9911290285172
 10
161.3740797659568
 20
139.76842520218258
 10
161.04063761074497
 20
139.4782524829642
 10
160.66954247158142
 20
139.11978224786483
 10
160.16703703881672
 20
138.51098270166707
 10
159.84408549126786
 20
137.88348111812928
 10
159.6929456923024
 20
137.25103381708422
 10
159.7058755052877
 20
136.6273971183648
 10
159.87513279359132
 20
136.02632734180386
 10
160.19297542058075
 20
135.4615808072342
 10
160.6516612496234
 20
134.94691383448873
 10
161.2434481440869
 20
134.4960827434002
 10
161.9605939673386
 20
134.1228438538015
 10
162.79535658274605
 20
133.84095348552546
 10
163.73999385367674
 20
133.6641679584049
 10
164.30859154446082
 20
133.61082516206648
 10
164.80032344391103
 20
133.60355258506456
 10
165.22498715864504
 20
133.65176179525503
 10
165.59238029528044
 20
133.76486436049373
 10
165.91230046043486
 20
133.95227184863649
 10
166.19454526072596
 20
134.22339582753915
 10
166.4489123027713
 20
134.5876478650575
 10
166.68519919318865
 20
135.05443952904744
 10
166.91320353859552
 20
135.63318238736474
 10
167.14272294560962
 20
136.3332880078653
 10
167.38355502084858
 20
137.1641679584049
 10
167.76578218924115
 20
138.60299162951836
 10
168.0552506279906
 20
139.85430129384764
 10
168.24860570492248
 20
140.9387123019946
 10
168.34249278786228
 20
141.87684000456088
 10
168.3335572446355
 20
142.6892997521482
 10
168.21844444306768
 20
143.3967068953583
 10
167.99379975098432
 20
144.01967678479292
 10
167.65626853621103
 20
144.57882477105372
 10
167.20249616657324
 20
145.09476620474243
 10
166.6291280098965
 20
145.58811643646078
 10
165.93280943400637
 20
146.07949081681048
 10
165.35742814590998
 20
146.44391957968952
 10
164.8398346170639
 20
146.7376454827138
 10
164.3613425994067
 20
146.96138053747433
 10
163.90326584487698
 20
147.11583675556238
 10
163.44691810541343
 20
147.20172614856898
 10
162.97361313295468
 20
147.21976072808525
 10
162.4646646794393
 20
147.17065250570232
 10
161.90138649680603
 20
147.0551134930113
 10
161.26509233699343
 20
146.8738557016033
 10
160.53709595194016
 20
146.62759114306945
 10
159.69871109358485
 20
146.31703182900085
 10
158.11566204856712
 20
145.62663297049642
 10
156.72664546823634
 20
144.82422487262923
 10
155.522545128495
 20
143.89120811572758
 10
154.49424480524547
 20
142.80898328011966
 10
153.6326282743902
 20
141.55895094613373
 10
152.92857931183167
 20
140.12251169409805
 10
152.3729816934722
 20
138.48106610434084
 10
151.9567191952143
 20
136.61601475719033
 10
151.67067559296046
 20
134.50875823297474
 10
151.505734662613
 20
132.1406971120223
 10
151.45278018007443
 20
129.4932319746613
 10
151.46295356277832
 20
127.49826012479349
 10
151.49529676407215
 20
125.76623439595554
 10
151.55254436372897
 20
124.28178430478391
 10
151.6374309415219
 20
123.02953936791525
 10
151.75269107722406
 20
121.99412910198605
 10
151.90105935060848
 20
121.16018302363288
 10
152.08527034144825
 20
120.51233064949227
 10
152.30805862951658
 20
120.03520149620078
 10
152.5721587945865
 20
119.71342508039496
 10
152.88030541643113
 20
119.53163091871131
 10
153.23523307482353
 20
119.47444852778642
 10
153.35350592762236
 20
119.49296578676572
 10
153.5680823426467
 20
119.54672969042282
 10
153.8707029074753
 20
119.63305842883658
 10
154.2531082096868
 20
119.7492701920859
 10
154.7070388368599
 20
119.89268317024961
 10
155.22423537657338
 20
120.06061555340658
 10
155.79643841640595
 20
120.25038553163569
 10
156.41538854393636
 20
120.45931129501577
 10
157.07282634674326
 20
120.68471103362569
 10
157.76049241240537
 20
120.92390293754433
 10
158.4701273285015
 20
121.17420519685055
  0
LWPOLYLINE
  5
56
330
17
100
AcDbEntity
  8
CUT
100
AcDbPolyline
 90
100
 70
1
 10
165.85653570598484
 20
120.07588965829682
 10
166.4305635376184
 20
120.60160174593898
 10
167.13395095473095
 20
121.75326531257879
 10
167.94683853311338
 20
123.47141608282564
 10
168.84936684855666
 20
125.69658978128899
 10
169.82167647685168
 20
128.3693221325783
 10
170.84390799378951
 20
131.43014886130294
 10
171.89620197516098
 20
134.81960569207237
 10
172.9586989967572
 20
138.478228349496
 10
174.01153963436897
 20
142.34655255818328
 10
175.03486446378741
 20
146.3651140427436
 10
176.00881406080336
 20
150.47444852778642
 10
176.90103570232475
 20
154.67242733233996
 10
177.69906452394403
 20
158.99669427757445
 10
178.39674757713757
 20
163.3767101643802
 10
178.98793191338143
 20
167.7419357936476
 10
179.46646458415177
 20
172.02183196626706
 10
179.82619264092483
 20
176.14585948312893
 10
180.06096313517682
 20
180.0434791451236
 10
180.16462311838387
 20
183.6441517531414
 10
180.1310196420222
 20
186.87733810807276
 10
179.95399975756806
 20
189.672499010808
 10
179.62741051649752
 20
191.95909526223755
 10
179.3218835136075
 20
193.3758778084165
 10
178.99863585547754
 20
194.67515071421676
 10
178.65941516645992
 20
195.85323704789596
 10
178.30596907090685
 20
196.90645987771182
 10
177.9400451931706
 20
197.83114227192198
 10
177.56339115760338
 20
198.62360729878407
 10
177.1777545885575
 20
199.28017802655583
 10
176.78488311038518
 20
199.79717752349487
 10
176.38652434743872
 20
200.17092885785888
 10
175.98442592407034
 20
200.39775509790553
 10
175.58033546463227
 20
200.47397931189246
 10
175.48784730664144
 20
200.2696516164118
 10
175.39931682578234
 20
199.6765313082617
 10
175.315745133674
 20
198.72420140772763
 10
175.2381333419353
 20
197.4422449350951
 10
175.16748256218543
 20
195.8602449106496
 10
175.10479390604326
 20
194.00778435467663
 10
175.0510684851278
 20
191.91444628746171
 10
175.00730741105806
 20
189.60981372929035
 10
174.97451179545308
 20
187.12346970044803
 10
174.9536827499318
 20
184.48499722122023
 10
174.94582138611327
 20
181.72397931189246
 10
174.93398729929842
 20
177.89182819152919
 10
174.89930460195416
 20
174.46982543598816
 10
174.8384902344984
 20
171.4115829936007
 10
174.74826113734912
 20
168.67071281269813
 10
174.62533425092417
 20
166.20082684161173
 10
174.46642651564164
 20
163.9555370286728
 10
174.26825487191937
 20
161.8884553222127
 10
174.02753626017542
 20
159.9531936705627
 10
173.74098762082767
 20
158.1033640220541
 10
173.4053258942941
 20
156.29257832501824
 10
173.01726802099262
 20
154.47444852778642
 10
172.7366711787511
 20
153.17302400763333
 10
172.47315114106152
 20
151.8324930027249
 10
172.2293960844545
 20
150.47346934638733
 10
172.0080941854605
 20
149.11656687194696
 10
171.81193362061012
 20
147.78239941272994
 10
171.64360256643397
 20
146.49158080206257
 10
171.50578919946255
 20
145.26472487327112
 10
171.40118169622653
 20
144.12244545968176
 10
171.33246823325638
 20
143.0853563946208
 10
171.30233698708275
 20
142.17407151141444
 10
171.31347613423614
 20
141.409204643389
 10
171.3414803391213
 20
140.50793259866094
 10
171.33416391035118
 20
139.67846409975556
 10
171.28909176549436
 20
138.91191325724807
 10
171.2038288221194
 20
138.19939418171384
 10
171.07593999779482
 20
137.53202098372816
 10
170.90299021008929
 20
136.90090777386638
 10
170.6825443765713
 20
136.2971686627037
 10
170.4121674148095
 20
135.71191776081557
 10
170.08942424237242
 20
135.13626917877718
 10
169.71187977682862
 20
134.5613370271639
 10
169.2770989357467
 20
133.978235416551
 10
168.9260625728258
 20
133.50101294222407
 10
168.55342175761376
 20
132.937409221571
 10
168.1654979531347
 20
132.2999434039853
 10
167.76861262241283
 20
131.60113463886057
 10
167.3690872284724
 20
130.8535020755903
 10
166.9732432343376
 20
130.06956486356796
 10
166.5874021030326
 20
129.26184215218706
 10
166.2178852975816
 20
128.44285309084117
 10
165.8710142810089
 20
127.62511682892375
 10
165.55311051633865
 20
126.82115251582835
 10
165.270495466595
 20
126.04347930094843
 10
164.67328398661095
 20
124.30628434561694
 10
164.19878898371738
 20
122.88318771996128
 10
163.849470823243
 20
121.74913576782279
 10
163.62778987051655
 20
120.8790748330429
 10
163.5362064908667
 20
120.24795125946291
 10
163.57718104962217
 20
119.83071139092417
 10
163.7531739121117
 20
119.60230157126806
 10
164.06664544366404
 20
119.53766814433592
 10
164.52005600960783
 20
119.61175745396909
 10
165.11586597527187
 20
119.79951584400894
 10
165.85653570598484
 20
120.07588965829682
  0
LWPOLYLINE
  5
57
330
17
100
AcDbEntity
  8
CUT
100
AcDbPolyline
 90
34
 70
1
 10
23.845791375890094
 20
122.05623599602221
 10
24.114718067652518
 20
122.86962806301763
 10
24.306603584999742
 20
123.69112875562874
 10
24.423903151058127
 20
124.5027073186189
 10
24.46907198895402
 20
125.28633299675145
 10
24.444565321813783
 20
126.02397503478971
 10
24.352838372763756
 20
126.69760267749706
 10
24.1963463649303
 20
127.28918516963682
 10
23.977544521439782
 20
127.78069175597227
 10
23.698888065418544
 20
128.15409168126678
 10
23.362832219992946
 20
128.39135419028372
 10
22.971832208289335
 20
128.47444852778642
 10
22.52816774601211
 20
128.37526675771306
 10
22.106802138719672
 20
128.09591394390895
 10
21.716799558554186
 20
127.66367883099781
 10
21.367224177657775
 20
127.10585016360358
 10
21.067140168172592
 20
126.44971668635009
 10
20.8256117022408
 20
125.72256714386117
 10
20.651702952004527
 20
124.95169028076072
 10
20.55447808960593
 20
124.16437484167255
 10
20.543001287187153
 20
123.38790957122052
 10
20.626336716890343
 20
122.64958321402845
 10
20.813548550857647
 20
121.97668451472023
 10
21.036292894024783
 20
121.4920270876904
 10
21.290027652157953
 20
121.10628293388949
 10
21.56795029329996
 20
120.8192735875662
 10
21.8632582854936
 20
120.63082058296925
 10
22.169149096781666
 20
120.5407454543474
 10
22.47882019520698
 20
120.54886973594938
 10
22.785469048812317
 20
120.65501496202394
 10
23.082293125640497
 20
120.85900266681975
 10
23.362489893734327
 20
121.16065438458557
 10
23.619256821136588
 20
121.55979164957014
 10
23.845791375890094
 20
122.05623599602221
  0
LWPOLYLINE
  5
58
330
17
100
AcDbEntity
  8
CUT
100
AcDbPolyline
 90
67
 70
1
 10
69.50781605462285
 20
139.13724019793187
 10
68.91068079435874
 20
139.98523620350693
 10
68.34005102779005
 20
140.82306837449536
 10
67.80232463270534
 20
141.63975919385746
 10
67.30389948689307
 20
142.4243311445536
 10
66.85117346814184
 20
143.16580670954417
 10
66.45054445424017
 20
143.85320837178944
 10
66.1084103229766
 20
144.4755586142498
 10
65.8311689521397
 20
145.02187991988555
 10
65.62521821951805
 20
145.48119477165704
 10
65.49695600290008
 20
145.84252565252464
 10
65.45278018007443
 20
146.0948950454487
 10
65.2092149979915
 20
146.50979120235831
 10
64.51730519585166
 20
147.00880655243168
 10
63.43522938981823
 20
147.57238289155208
 10
62.02116619605442
 20
148.18096201560263
 10
60.33329423072363
 20
148.81498572046655
 10
58.42979210998913
 20
149.45489580202698
 10
56.368838450014216
 20
150.08113405616712
 10
54.20861186696222
 20
150.67414227877012
 10
52.00729097699642
 20
151.21436226571916
 10
49.82305439628014
 20
151.68223581289743
 10
47.71408074097669
 20
152.0582047161881
 10
45.65134944429365
 20
152.24955392021064
 10
43.72098186838213
 20
152.16718304491587
 10
41.94528732854911
 20
151.82983963123547
 10
40.346575140101514
 20
151.25627122010104
 10
38.947154618346325
 20
150.4652253524443
 10
37.76933507859049
 20
149.4754495691968
 10
36.83542583614095
 20
148.30569141129024
 10
36.167736206304696
 20
146.97469841965622
 10
35.78857550438867
 20
145.50121813522642
 10
35.72025304569983
 20
143.90399809893245
 10
35.985078145545124
 20
142.20178585170598
 10
36.364088548490635
 20
140.9200909905523
 10
36.837714524479495
 20
139.82446642600328
 10
37.450571194556595
 20
138.8965159097719
 10
38.24727367976675
 20
138.11784319357105
 10
39.272437101154836
 20
137.47005202911376
 10
40.570676579765696
 20
136.93474616811292
 10
42.1866072366442
 20
136.49352936228155
 10
44.1648441928352
 20
136.12800536333253
 10
46.550002569383544
 20
135.81977792297886
 10
49.38669748733409
 20
135.5504507929335
 10
52.71954406773168
 20
135.30162772490937
 10
54.5482174546732
 20
135.1752494290831
 10
56.34876976409604
 20
135.04710676107345
 10
58.0979554694518
 20
134.91906149353068
 10
59.772529044192034
 20
134.792975399105
 10
61.3492449617684
 20
134.67071025044663
 10
62.80485769563245
 20
134.55412782020585
 10
64.11612171923582
 20
134.44508988103289
 10
65.25979150603013
 20
134.34545820557793
 10
66.21262152946693
 20
134.25709456649125
 10
66.95136626299782
 20
134.18186073642306
 10
67.45278018007443
 20
134.1216184880236
 10
69.0233805134699
 20
133.9061510836888
 10
70.28864269896053
 20
133.75521074345153
 10
71.25809419316437
 20
133.69205064690095
 10
71.94126245269925
 20
133.73992397362647
 10
72.3476749341832
 20
133.9220839032173
 10
72.48685909423418
 20
134.2617836152627
 10
72.36834238947011
 20
134.78227628935184
 10
72.00165227650899
 20
135.50681510507408
 10
71.39631621196878
 20
136.45865324201867
 10
70.5618616524674
 20
137.66104387977484
 10
69.50781605462285
 20
139.13724019793187
  0
LWPOLYLINE
  5
59
330
17
100
AcDbEntity
  8
CUT
100
AcDbPolyline
 90
40
 70
1
 10
36.642479298428846
 20
137.7725230695617
 10
35.77304052916794
 20
138.78815432373483
 10
35.063248014534864
 20
139.81481333456418
 10
34.51303184562462
 20
140.85355134475412
 10
34.122322113532235
 20
141.90541959700914
 10
33.89104890935274
 20
142.97146933403357
 10
33.819142324181165
 20
144.0527517985319
 10
33.906532449112525
 20
145.1503182332085
 10
34.15314937524186
 20
146.26521988076786
 10
34.55892319366418
 20
147.39850798391433
 10
35.12378399547452
 20
148.5512337853524
 10
35.84766187176789
 20
149.72444852778642
 10
38.39250657947196
 20
153.47444852778642
 10
31.999758127362774
 20
153.47444852778642
 10
25.607009675253593
 20
153.47444852778642
 10
26.1117196233947
 20
145.72444852778642
 10
26.190255770803148
 20
144.5695837644506
 10
26.273513512103456
 20
143.43945604093443
 10
26.360086272571543
 20
142.34826520697501
 10
26.44856747748331
 20
141.31021111230933
 10
26.537550552114702
 20
140.33949360667447
 10
26.625628921741622
 20
139.45031253980744
 10
26.711396011639984
 20
138.65686776144534
 10
26.793445247085735
 20
137.97335912132513
 10
26.87037005335477
 20
137.41398646918387
 10
26.940763855723027
 20
136.9929496547586
 10
27.00322007946641
 20
136.72444852778642
 10
27.11831807240013
 20
136.51304648710664
 10
27.32602943914734
 20
136.320200362381
 10
27.624734033338143
 20
136.1462425600944
 10
28.012811708602626
 20
135.99150548673168
 10
28.48864231857089
 20
135.85632154877763
 10
29.05060571687303
 20
135.7410231527171
 10
29.697081757139138
 20
135.64594270503494
 10
30.426450292999313
 20
135.57141261221597
 10
31.237091178083652
 20
135.51776528074498
 10
32.12738426602224
 20
135.48533311710688
 10
33.09570941044519
 20
135.47444852778642
 10
38.80140823349338
 20
135.47444852778642
 10
36.642479298428846
 20
137.7725230695617
  0
LWPOLYLINE
  5
5A
330
17
100
AcDbEntity
  8
CUT
100
AcDbPolyline
 90
67
 70
1
 10
128.2234469066697
 20
141.35734996704468
 10
128.56848898847062
 20
141.52887722302728
 10
128.9189967335507
 20
141.67994721530295
 10
129.2698424183939
 20
141.8096064621102
 10
129.6158983194839
 20
141.91690148168743
 10
129.95203671330464
 20
142.00087879227306
 10
130.27312987633994
 20
142.06058491210547
 10
130.57405008507365
 20
142.09506635942313
 10
130.84966961598965
 20
142.10336965246444
 10
131.09486074557176
 20
142.0845413094678
 10
131.30449575030383
 20
142.0376278486716
 10
131.4734469066697
 20
141.96167578831435
 10
131.61766127300126
 20
141.87725154143584
 10
131.75547428735788
 20
141.80573952529164
 10
131.88534079581464
 20
141.74741326444405
 10
132.00571564444652
 20
141.7025462834552
 10
132.11505367932853
 20
141.67141210688732
 10
132.2118097465357
 20
141.65428425930259
 10
132.29443869214302
 20
141.65143626526316
 10
132.36139536222555
 20
141.66314164933127
 10
132.41113460285825
 20
141.68967393606906
 10
132.4421112601162
 20
141.7313066500388
 10
132.45278018007443
 20
141.78831331580258
 10
132.35465396483826
 20
142.28966920985766
 10
132.08366863367706
 20
143.07912725070298
 10
131.67491415841155
 20
144.08588683342674
 10
131.16348051086246
 20
145.23914735311732
 10
130.58445766285064
 20
146.4681082048629
 10
129.9729355861968
 20
147.70196878375174
 10
129.3640042527217
 20
148.86992848487213
 10
128.79275363424622
 20
149.90118670331236
 10
128.29427370259103
 20
150.72494283416063
 10
127.90365442957696
 20
151.27039627250528
 10
127.65598578702475
 20
151.46674641343452
 10
127.25273441459191
 20
151.27975843537115
 10
126.7455684022822
 20
150.76574393004358
 10
126.16447480878074
 20
149.98391245847085
 10
125.53944069277253
 20
148.99347358167188
 10
124.90045311294276
 20
147.8536368606658
 10
124.27749912797637
 20
146.62361185647148
 10
123.70056579655855
 20
145.36260813010801
 10
123.19964017737436
 20
144.12983524259437
 10
122.8047093291089
 20
142.98450275494952
 10
122.54576031044724
 20
141.98582022819247
 10
122.45278018007443
 20
141.19299722334225
 10
122.48082211208302
 20
140.404429380867
 10
122.56190485990558
 20
139.71575077524182
 10
122.69146385123716
 20
139.1314617804328
 10
122.86493451377277
 20
138.65606277040598
 10
123.07775227520747
 20
138.29405411912728
 10
123.32535256323635
 20
138.04993620056277
 10
123.60317080555444
 20
137.92820938867843
 10
123.90664242985682
 20
137.93337405744023
 10
124.23120286383855
 20
138.0699305808142
 10
124.57228753519462
 20
138.34237933276637
 10
124.92533187162016
 20
138.75522068726272
 10
125.10136833742982
 20
138.9734605712093
 10
125.31777415062524
 20
139.20768053474023
 10
125.56934567366062
 20
139.4537750395478
 10
125.8508792689899
 20
139.70763854732436
 10
126.15717129906724
 20
139.96516551976217
 10
126.48301812634674
 20
140.22225041855356
 10
126.82321611328248
 20
140.4747877053908
 10
127.17256162232857
 20
140.71867184196623
 10
127.52585101593905
 20
140.94979728997217
 10
127.87788065656807
 20
141.16405851110088
 10
128.2234469066697
 20
141.35734996704468
  0
LWPOLYLINE
  5
5B
330
17
100
AcDbEntity
  8
CUT
100
AcDbPolyline
 90
34
 70
1
 10
22.266138664162554
 20
143.64743681484094
 10
22.108507207103223
 20
144.69490359681183
 10
21.871735342281433
 20
145.5752425196822
 10
21.575661311942625
 20
146.28085909473566
 10
21.240123358332248
 20
146.80415883325583
 10
20.88495972369578
 20
147.13754724652625
 10
20.53000865027866
 20
147.2734298458306
 10
20.195108380326353
 20
147.2042121424524
 10
19.900097156084318
 20
146.9222996476753
 10
19.664813219798013
 20
146.4200978727829
 10
19.509094813712895
 20
145.6900123290587
 10
19.45278018007442
 20
144.72444852778642
 10
19.460042889816467
 20
144.28768419019565
 10
19.4811297918951
 20
143.85616027334117
 10
19.51498904558907
 20
143.4355304210997
 10
19.5605688101771
 20
143.03144827734815
 10
19.61681724493793
 20
142.64956748596322
 10
19.682682509150304
 20
142.29554169082172
 10
19.75711276209295
 20
141.97502453580046
 10
19.83905616304462
 20
141.69366966477617
 10
19.927460871284037
 20
141.45713072162565
 10
20.02127504608995
 20
141.2710613502257
 10
20.119446846741088
 20
141.14111519445308
 10
20.520710925645666
 20
140.78785727661761
 10
20.888684893946333
 20
140.56008118970092
 10
21.22072477002304
 20
140.45470001258812
 10
21.514186572255653
 20
140.46862682416435
 10
21.766426319024106
 20
140.59877470331472
 10
21.97480002870831
 20
140.84205672892438
 10
22.13666371968818
 20
141.19538597987844
 10
22.24937341034363
 20
141.655675535062
 10
22.310285119054562
 20
142.21983847336017
 10
22.316754864200902
 20
142.88478787365813
 10
22.266138664162554
 20
143.64743681484094
  0
LWPOLYLINE
  5
5C
330
17
100
AcDbEntity
  8
CUT
100
AcDbPolyline
 90
45
 70
1
 10
153.8467201040676
 20
155.71598158583032
 10
153.70697180078736
 20
157.5369308236729
 10
153.30380484185574
 20
159.2394550786184
 10
152.67513415448983
 20
160.79157367042473
 10
151.85887466590646
 20
162.1613059188498
 10
150.89294130332266
 20
163.3166711436515
 10
149.8152489939553
 20
164.22568866458778
 10
148.6637126650214
 20
164.8563778014165
 10
147.47624724373793
 20
165.1767578738956
 10
146.29076765732182
 20
165.154848201783
 10
145.14518883299002
 20
164.7586681048366
 10
144.07742569795946
 20
163.9562369028143
 10
143.3645238611265
 20
163.00893858036483
 10
142.89724102435244
 20
161.84786580318917
 10
142.6727076474958
 20
160.48424830581774
 10
142.68805419041504
 20
158.92931582278106
 10
142.9404111129686
 20
157.1942980886096
 10
143.42690887501504
 20
155.29042483783377
 10
144.14467793641288
 20
153.2289258049841
 10
145.09084875702052
 20
151.02103072459104
 10
146.2625517966965
 20
148.677969331185
 10
147.65691751529928
 20
146.21097135929654
 10
149.27107637268742
 20
143.63126654345604
 10
149.6505482793218
 20
143.059038941064
 10
149.969568781823
 20
142.61644599331555
 10
150.241475896509
 20
142.31660647367084
 10
150.47960763969795
 20
142.1726391555899
 10
150.6973020277078
 20
142.19766281253283
 10
150.90789707685667
 20
142.40479621795973
 10
151.12473080346254
 20
142.80715814533062
 10
151.36114122384353
 20
143.41786736810565
 10
151.6304663543177
 20
144.25004265974482
 10
151.94604421120306
 20
145.31680279370826
 10
152.32121281081768
 20
146.63126654345604
 10
152.54460029514672
 20
147.458851741255
 10
152.7582674369632
 20
148.32909706613006
 10
152.95980735022962
 20
149.22766900824732
 10
153.1468131489086
 20
150.14023405777283
 10
153.31687794696262
 20
151.0524587048726
 10
153.46759485835437
 20
151.95000943971274
 10
153.59655699704626
 20
152.81855275245925
 10
153.701357477001
 20
153.64375513327823
 10
153.77958941218108
 20
154.4112830723357
 10
153.8288459165491
 20
155.1068030597977
 10
153.8467201040676
 20
155.71598158583032
  0
LWPOLYLINE
  5
5D
330
17
100
AcDbEntity
  8
CUT
100
AcDbPolyline
 90
58
 70
1
 10
162.89232702039635
 20
148.47444852778642
 10
163.37061939652725
 20
148.4615572179943
 10
163.8527916054987
 20
148.42412796680472
 10
164.33199019003405
 20
148.3640277914979
 10
164.8013616928565
 20
148.2831237093542
 10
165.2540526566893
 20
148.18328273765368
 10
165.68320962425582
 20
148.06637189367672
 10
166.08197913827925
 20
147.93425819470355
 10
166.44350774148288
 20
147.78880865801432
 10
166.76094197659003
 20
147.63189030088935
 10
167.0274283863239
 20
147.46537014060885
 10
167.2361135134078
 20
147.29111519445308
 10
167.68369763478947
 20
146.89047772734267
 10
168.07898766883403
 20
146.63993813258838
 10
168.42402048100612
 20
146.54332525943994
 10
168.72083293677048
 20
146.60446795714722
 10
168.97146190159185
 20
146.82719507495995
 10
169.1779442409349
 20
147.21533546212794
 10
169.3423168202644
 20
147.77271796790095
 10
169.46661650504504
 20
148.5031714415287
 10
169.55288016074155
 20
149.41052473226108
 10
169.60314465281868
 20
150.49860668934775
 10
169.6194468467411
 20
151.7712461620386
 10
169.57620889896006
 20
153.14705514958274
 10
169.44749386232576
 20
154.4262654845797
 10
169.23479994690123
 20
155.60603492517322
 10
168.9396253627495
 20
156.68352122950722
 10
168.56346831993358
 20
157.6558821557256
 10
168.1078270285166
 20
158.52027546197218
 10
167.5741996985615
 20
159.27385890639079
 10
166.9640845401315
 20
159.91379024712532
 10
166.27897976328953
 20
160.4372272423196
 10
165.52038357809863
 20
160.8413276501175
 10
164.6897941946219
 20
161.1232492286629
 10
163.63414265544608
 20
161.24461239508415
 10
162.5690703920421
 20
161.08416589734856
 10
161.50417561218762
 20
160.65311754486697
 10
160.4490565236602
 20
159.96267514705042
 10
159.4133113342375
 20
159.0240465133097
 10
158.40653825169707
 20
157.84843945305573
 10
157.43833548381647
 20
156.44706177569947
 10
156.51830123837343
 20
154.8311212906517
 10
155.65603372314547
 20
153.01182580732342
 10
154.8611311459102
 20
151.0003831351255
 10
154.14319171444524
 20
148.80800108346884
 10
152.6102052097236
 20
143.64155363915125
 10
156.17103953522093
 20
146.05800108346884
 10
156.72982999248072
 20
146.4138415786501
 10
157.33088134273473
 20
146.75388711307585
 10
157.96358900016864
 20
147.074325110012
 10
158.61734837896807
 20
147.37134299272452
 10
159.28155489331877
 20
147.6411281844793
 10
159.94560395740638
 20
147.87986810854224
 10
160.5988909854165
 20
148.08375018817924
 10
161.23081139153493
 20
148.24896184665627
 10
161.83076058994723
 20
148.37169050723918
 10
162.38813399483917
 20
148.44812359319394
 10
162.89232702039635
 20
148.47444852778642
  0
LWPOLYLINE
  5
5E
330
17
100
AcDbEntity
  8
CUT
100
AcDbPolyline
 90
47
 70
1
 10
137.09315474251824
 20
155.5440522732009
 10
137.86982597792337
 20
155.9350464233422
 10
138.4974756384787
 20
156.2670838294003
 10
138.98194317011675
 20
156.55796410402542
 10
139.3290680187698
 20
156.82548685986774
 10
139.54468963037039
 20
157.08745170957746
 10
139.63464745085093
 20
157.36165826580472
 10
139.60478092614386
 20
157.66590614119977
 10
139.46092950218159
 20
158.01799494841276
 10
139.20893262489662
 20
158.43572430009388
 10
138.85462974022133
 20
158.93689380889333
 10
138.40386029408813
 20
159.53930308746126
 10
136.5741912832142
 20
161.96495015630717
 10
133.47674665281542
 20
158.99740986591002
 10
132.53496569227713
 20
158.04275492179056
 10
131.73037207700662
 20
157.11334402921813
 10
131.0620140066691
 20
156.20609521757774
 10
130.52893968092985
 20
155.31792651625432
 10
130.1301972994541
 20
154.4457559546329
 10
129.86483506190706
 20
153.58650156209842
 10
129.731901167954
 20
152.73708136803583
 10
129.73044381726018
 20
151.89441340183015
 10
129.8595112094908
 20
151.0554156928663
 10
130.11815154431108
 20
150.21700627052928
 10
130.50541302138632
 20
149.37610316420407
 10
130.80741204669897
 20
148.81740168670706
 10
131.06098594164203
 20
148.37637319333948
 10
131.27629485213657
 20
148.05805138929418
 10
131.46349892410325
 20
147.8674699797639
 10
131.6327583034631
 20
147.80966266994153
 10
131.79423313613694
 20
147.8896631650198
 10
131.95808356804565
 20
148.1125051701916
 10
132.13446974511012
 20
148.4832223906497
 10
132.33355181325123
 20
149.00684853158688
 10
132.5654899183899
 20
149.688417298196
 10
132.8404442064469
 20
150.5329623956698
 10
133.0567714825001
 20
151.1322057462262
 10
133.3097215939615
 20
151.70573507351776
 10
133.59843911387372
 20
152.252542403611
 10
133.92206861527941
 20
152.77161976257244
 10
134.27975467122118
 20
153.26195917646862
 10
134.6706418547417
 20
153.72255267136606
 10
135.0938747388836
 20
154.15239227333132
 10
135.54859789668956
 20
154.5504700084309
 10
136.03395590120223
 20
154.91577790273132
 10
136.54909332546424
 20
155.24730798229916
 10
137.09315474251824
 20
155.5440522732009
  0
LWPOLYLINE
  5
5F
330
17
100
AcDbEntity
  8
CUT
100
AcDbPolyline
 90
80
 70
1
 10
64.25278018007441
 20
152.90813663172395
 10
64.25911711954612
 20
153.42402703123076
 10
64.27751609552948
 20
153.9369901237477
 10
64.30705934437688
 20
154.44012339704148
 10
64.34682910244067
 20
154.92652433887895
 10
64.39590760607325
 20
155.3892904370268
 10
64.45337709162698
 20
155.8215191792518
 10
64.51831979545423
 20
156.2163080533207
 10
64.58981795390739
 20
156.5667545470002
 10
64.66695380333883
 20
156.86595614805708
 10
64.7488095801009
 20
157.10701034425813
 10
64.83446752054601
 20
157.28301462337006
 10
64.62917054985184
 20
157.72802382511736
 10
63.6833584560508
 20
158.38289467839843
 10
62.106757973130925
 20
159.20566916878334
 10
60.009095835080466
 20
160.15438928184227
 10
57.5000987758875
 20
161.1870970031452
 10
54.68949352954022
 20
162.26183431826234
 10
51.68700683002678
 20
163.3366432127637
 10
48.60236541133533
 20
164.36956567221944
 10
45.54529600745401
 20
165.31864368219965
 10
42.62552535237099
 20
166.1419192282744
 10
39.95278018007442
 20
166.79743429601376
 10
38.85210544885381
 20
167.0339351131123
 10
37.664190288802025
 20
167.27499184227742
 10
36.410198250334076
 20
167.51703406519692
 10
35.11129288386499
 20
167.75649136355867
 10
33.78863773980977
 20
167.98979331905053
 10
32.46339636858345
 20
168.21336951336025
 10
31.15673232060105
 20
168.42364952817576
 10
29.889809146277592
 20
168.61706294518478
 10
28.683790396028094
 20
168.79003934607522
 10
27.55983962026758
 20
168.93900831253484
 10
26.539120369411073
 20
169.06039942625154
 10
25.202348031104457
 20
169.20191368506693
 10
24.06327498924444
 20
169.30697968614498
 10
23.109448685840107
 20
169.3741412398234
 10
22.32841656290055
 20
169.40194215643976
 10
21.70772606243485
 20
169.38892624633172
 10
21.2349246264521
 20
169.33363731983695
 10
20.897559696961387
 20
169.234619187293
 10
20.6831787159718
 20
169.09041565903755
 10
20.579329125492436
 20
168.8995705454082
 10
20.57355836753237
 20
168.66062765674263
 10
20.653413884100708
 20
168.3721308033784
 10
20.748872736930338
 20
168.10508134280963
 10
20.874597690601178
 20
167.73061964324182
 10
21.027190334295057
 20
167.2598187038663
 10
21.20325225719376
 20
166.70375152387447
 10
21.399385048479097
 20
166.07349110245775
 10
21.612190297332866
 20
165.38011043880744
 10
21.83826959293686
 20
164.634682532115
 10
22.07422452447291
 20
163.8482803815717
 10
22.3166566811228
 20
163.031976986369
 10
22.56216765206834
 20
162.1968453456982
 10
22.80735902649132
 20
161.35395845875072
 10
24.43335084352894
 20
155.73346838971503
 10
34.193065511801684
 20
155.01115661185216
 10
35.722858205251306
 20
154.880124409541
 10
37.36511557367166
 20
154.7068626599919
 10
39.09102814989265
 20
154.4960833492433
 10
40.871786466744204
 20
154.25249846333347
 10
42.67858105705625
 20
153.98081998830088
 10
44.4826024536587
 20
153.68575991018386
 10
46.25504118938148
 20
153.3720302150208
 10
47.96708779705453
 20
153.04434288885003
 10
49.58993280950775
 20
152.70740991770995
 10
51.09476675957108
 20
152.3659432876389
 10
52.45278018007442
 20
152.02465498467532
 10
55.40548516495149
 20
151.24053096611237
 10
57.819335809294294
 20
150.61710159976738
 10
59.7486183791376
 20
150.15843137036308
 10
61.24761914051616
 20
149.86858476262216
 10
62.370624359464756
 20
149.75162626126752
 10
63.17192030201815
 20
149.81162035102176
 10
63.70579323421114
 20
150.05263151660776
 10
64.02652942207848
 20
150.47872424274823
 10
64.18841513165498
 20
151.0939630141659
 10
64.24573662897535
 20
151.90241231558355
 10
64.25278018007441
 20
152.90813663172395
  0
LWPOLYLINE
  5
60
330
17
100
AcDbEntity
  8
CUT
100
AcDbPolyline
 90
67
 70
1
 10
173.2784304654806
 20
166.72444852778642
 10
173.60035947367032
 20
169.7605844233604
 10
173.86503359106487
 20
172.79522836850364
 10
174.07219843291736
 20
175.80677165062448
 10
174.22159961448068
 20
178.7736055571313
 10
174.31298275100778
 20
181.67412137543243
 10
174.34609345775164
 20
184.48671039293617
 10
174.3206773499652
 20
187.1897638970509
 10
174.23648004290143
 20
189.76167317518497
 10
174.0932471518133
 20
192.18082951474668
 10
173.89072429195383
 20
194.42562420314437
 10
173.62865707857588
 20
196.47444852778642
 10
173.47608215119803
 20
197.4190343866133
 10
173.31867864735565
 20
198.23123730555318
 10
173.14991974349888
 20
198.92149734598482
 10
172.96327861607773
 20
199.50025456928705
 10
172.75222844154226
 20
199.97794903683862
 10
172.51024239634256
 20
200.3650208100184
 10
172.23079365692877
 20
200.67190995020513
 10
171.90735539975097
 20
200.90905651877767
 10
171.5334008012592
 20
201.08690057711476
 10
171.10240303790357
 20
201.21588218659525
 10
170.60783528613413
 20
201.30644140859792
 10
169.72546250087095
 20
201.36346932769965
 10
168.7753564191794
 20
201.30628618829843
 10
167.78949508248607
 20
201.1483539560167
 10
166.79985653221766
 20
200.9031345964769
 10
165.8384188098008
 20
200.5840900753014
 10
164.9371599566621
 20
200.20468235811265
 10
164.1280580142283
 20
199.77837341053305
 10
163.44309102392597
 20
199.31862519818506
 10
162.91423702718177
 20
198.83889968669104
 10
162.57347406542237
 20
198.35265884167347
 10
162.45278018007443
 20
197.8733646287547
 10
162.46856676298654
 20
197.63225020502782
 10
162.51440228992453
 20
197.3218344515298
 10
162.58800042819084
 20
196.95020919942417
 10
162.68707484508778
 20
196.52546627987425
 10
162.8093392079177
 20
196.05569752404355
 10
162.952507183983
 20
195.54899476309546
 10
163.11429244058607
 20
195.01344982819342
 10
163.2924086450293
 20
194.45715455050086
 10
163.48456946461508
 20
193.88820076118122
 10
163.68848856664573
 20
193.31468029139788
 10
163.90187961842366
 20
192.74468497231433
 10
164.51988674118982
 20
191.07736846492003
 10
165.07805743943453
 20
189.43777979890086
 10
165.58265464263752
 20
187.7958899673549
 10
166.03994128027836
 20
186.12166996338019
 10
166.4561802818368
 20
184.38509078007473
 10
166.8376345767924
 20
182.55612341053657
 10
167.1905670946248
 20
180.60473884786376
 10
167.52124076481377
 20
178.5009080851543
 10
167.83591851683892
 20
176.21460211550624
 10
168.14086328017984
 20
173.7157919320176
 10
168.44233798431623
 20
170.97444852778642
 10
168.94590221993298
 20
166.44654447903102
 10
169.41990204331196
 20
162.76169537861247
 10
169.86993096089236
 20
159.9149856045779
 10
170.30158247911325
 20
157.9014995349745
 10
170.72045010441374
 20
156.71632154784947
 10
171.13212734323304
 20
156.35453602125
 10
171.5422077020102
 20
156.8112273332232
 10
171.95628468718442
 20
158.08147986181626
 10
172.3799518051948
 20
160.16037798507637
 10
172.8188025624805
 20
163.0430060810507
 10
173.2784304654806
 20
166.72444852778642
  0
LWPOLYLINE
  5
61
330
17
100
AcDbEntity
  8
CUT
100
AcDbPolyline
 90
34
 70
1
 10
17.280957849745228
 20
162.10262619745723
 10
17.1169578445871
 20
162.97479164108398
 10
16.855786447208036
 20
163.69267896185974
 10
16.518616294534738
 20
164.2530048697924
 10
16.126620023493906
 20
164.65248607488985
 10
15.700970271012245
 20
164.88783928715998
 10
15.262839674016462
 20
164.95578121661066
 10
14.833400869433255
 20
164.85302857324973
 10
14.433826494189333
 20
164.57629806708513
 10
14.085289185211394
 20
164.12230640812467
 10
13.80896157942615
 20
163.4877703063763
 10
13.626016313760296
 20
162.66940647184785
 10
13.579589555451385
 20
161.9219691457937
 10
13.641735684043397
 20
161.18269618993702
 10
13.79791982349861
 20
160.47227613947342
 10
14.033607097779278
 20
159.8113975295987
 10
14.334262630847686
 20
159.22074889550845
 10
14.685351546666102
 20
158.7210187723984
 10
15.072338969196792
 20
158.33289569546423
 10
15.480690022402037
 20
158.0770681999016
 10
15.895869830244102
 20
157.97422482090616
 10
16.303343516685274
 20
158.04505409367368
 10
16.688576205687802
 20
158.3102445533998
 10
16.820560465102155
 20
158.477089819576
 10
16.939722358091004
 20
158.69746884254232
 10
17.045127247950724
 20
158.96539815013307
 10
17.135840497977693
 20
159.27489427018259
 10
17.21092747146829
 20
159.61997373052515
 10
17.26945353171889
 20
159.99465305899514
 10
17.310484042025877
 20
160.39294878342685
 10
17.33308436568563
 20
160.8088774316546
 10
17.33631986599452
 20
161.23645553151266
 10
17.319255906248927
 20
161.66969961083544
 10
17.280957849745228
 20
162.10262619745723
  0
LWPOLYLINE
  5
62
330
17
100
AcDbEntity
  8
CUT
100
AcDbPolyline
 90
89
 70
1
 10
84.95942225446717
 20
164.05831854734106
 10
82.18109717067932
 20
166.5608154756479
 10
79.26699713792141
 20
169.03971355202975
 10
76.2243491478473
 20
171.49002816994386
 10
73.06038019211081
 20
173.90677472284762
 10
69.78231726236581
 20
176.28496860419835
 10
66.39738735026617
 20
178.61962520745337
 10
62.9128174474657
 20
180.90575992607003
 10
59.33583454561832
 20
183.13838815350562
 10
55.67366563637784
 20
185.3125252832175
 10
51.93353771139814
 20
187.42318670866297
 10
48.12267776233307
 20
189.46538782329935
 10
45.581785546834595
 20
190.78097153806323
 10
43.368305832432306
 20
191.90135786197362
 10
41.45153169919788
 20
192.8380843340348
 10
39.800756227202974
 20
193.60268849325092
 10
38.38527249651928
 20
194.20670787862616
 10
37.17437358721846
 20
194.6616800291648
 10
36.1373525793722
 20
194.97914248387102
 10
35.24350255305216
 20
195.170632781749
 10
34.46211658833003
 20
195.24768846180297
 10
33.76248776527748
 20
195.2218470630371
 10
33.11390916396618
 20
195.10464612445563
 10
32.19891728476333
 20
194.75400855561284
 10
31.138760286836735
 20
194.15216765148458
 10
29.989006946419785
 20
193.35353519870685
 10
28.80522603974582
 20
192.41252298391566
 10
27.64298634304825
 20
191.3835427937471
 10
26.55785663256043
 20
190.32100641483711
 10
25.60540568451576
 20
189.27932563382177
 10
24.8412022751476
 20
188.3129122373371
 10
24.320815180689337
 20
187.47617801201906
 10
24.09981317737435
 20
186.82353474450375
 10
24.23376504143601
 20
186.40939422142714
 10
24.428827697537535
 20
186.2973927076035
 10
24.788944145486838
 20
186.1451871818959
 10
25.30006391713824
 20
185.9570881053129
 10
25.948136544346056
 20
185.73740593886308
 10
26.719111558964634
 20
185.49045114355508
 10
27.59893849284829
 20
185.22053418039752
 10
28.573566877851363
 20
184.93196551039892
 10
29.628946245828182
 20
184.629055594568
 10
30.751026128633065
 20
184.31611489391324
 10
31.925756058120356
 20
183.9974538694433
 10
33.139085566144374
 20
183.6773829821668
 10
36.28599011295531
 20
182.82037333193068
 10
39.395494249688674
 20
181.89626574318186
 10
42.46308141363705
 20
180.90687986979967
 10
45.484235042093026
 20
179.8540353656636
 10
48.45443857234917
 20
178.73955188465303
 10
51.369175441698076
 20
177.5652490806474
 10
54.22392908743232
 20
176.33294660752608
 10
57.01418294684449
 20
175.04446411916854
 10
59.735420457227185
 20
173.70162126945417
 10
62.383125055872966
 20
172.30623771226234
 10
64.95278018007443
 20
170.86013310147257
 10
66.16897101403384
 20
170.15578194946326
 10
67.40544734761761
 20
169.44524239654083
 10
68.64406492838395
 20
168.73863979109092
 10
69.8666795038911
 20
168.0460994814992
 10
71.05514682169726
 20
167.37774681615122
 10
72.19132262936068
 20
166.74370714343263
 10
73.25706267443957
 20
166.1541058117291
 10
74.23422270449214
 20
165.61906816942613
 10
75.10465846707669
 20
165.14871956490944
 10
75.85022570975136
 20
164.7531853465646
 10
76.45278018007443
 20
164.44259086277728
 10
77.96791425042136
 20
163.68880136795036
 10
79.62317237409735
 20
162.88310971794073
 10
81.36174668621209
 20
162.0514950675277
 10
83.12682932187505
 20
161.2199365714906
 10
84.8616124161959
 20
160.41441338460868
 10
86.50928810428425
 20
159.66090466166128
 10
88.01304852124966
 20
158.98538955742762
 10
89.3160858022018
 20
158.4138472266871
 10
90.36159208225024
 20
157.97225682421893
 10
91.09275949650456
 20
157.68659750480245
 10
91.45278018007443
 20
157.58284842321694
 10
91.45022293745885
 20
157.65158001055357
 10
91.29938118789607
 20
157.8549513351079
 10
91.0104998988119
 20
158.18274565213116
 10
90.59382403763215
 20
158.62474621687448
 10
90.05959857178263
 20
159.17073628458917
 10
89.4180684686892
 20
159.81049911052628
 10
88.67947869577768
 20
160.5338179499371
 10
87.8540742204739
 20
161.3304760580728
 10
86.95210001020365
 20
162.19025669018455
 10
85.98380103239282
 20
163.10294310152358
 10
84.95942225446717
 20
164.05831854734106
  0
LWPOLYLINE
  5
63
330
17
100
AcDbEntity
  8
CUT
100
AcDbPolyline
 90
40
 70
1
 10
157.4243081385824
 20
172.91560739530215
 10
156.92334538179784
 20
174.4870189151935
 10
156.42127398504186
 20
176.00805384380462
 10
155.92506878443888
 20
177.4605416238678
 10
155.44170461611293
 20
178.82631169811532
 10
154.97815631618838
 20
180.08719350927944
 10
154.54139872078937
 20
181.22501650009244
 10
154.13840666604025
 20
182.22161011328654
 10
153.77615498806523
 20
183.05880379159402
 10
153.46161852298852
 20
183.71842697774716
 10
153.20177210693438
 20
184.18230911447822
 10
153.00359057602705
 20
184.43227964451944
 10
152.78750346913415
 20
184.54923489047817
 10
152.5435352466135
 20
184.56404575375336
 10
152.27128225926066
 20
184.47626512640528
 10
151.97034085787146
 20
184.2854459004942
 10
151.64030739324153
 20
183.9911409680804
 10
151.28077821616657
 20
183.59290322122413
 10
150.8913496774423
 20
183.09028555198563
 10
150.47161812786445
 20
182.48284085242517
 10
150.02117991822874
 20
181.77012201460303
 10
149.5396313993309
 20
180.95168193057944
 10
149.02656892196651
 20
180.0270734924147
 10
146.14970822096714
 20
174.7088148451516
 10
148.33485838141345
 20
171.64005442306205
 10
148.68417149856717
 20
171.12589898065147
 10
149.07160902028173
 20
170.51329963225174
 10
149.48973577413807
 20
169.81611465617075
 10
149.93111658771704
 20
169.04820233071635
 10
150.3883162885996
 20
168.22342093419638
 10
150.85389970436663
 20
167.35562874491876
 10
151.320431662599
 20
166.4586840411913
 10
151.78047699087767
 20
165.5464451013218
 10
152.22660051678352
 20
164.63277020361824
 10
152.6513670678975
 20
163.73151762638838
 10
153.04734147180048
 20
162.8565456479401
 10
155.57467440174116
 20
157.1417972949077
 10
158.1597695749089
 20
159.72689246807542
 10
160.7448647480766
 20
162.31198764124315
 10
157.4243081385824
 20
172.91560739530215
  0
LWPOLYLINE
  5
64
330
17
100
AcDbEntity
  8
CUT
100
AcDbPolyline
 90
38
 70
1
 10
145.1712996661083
 20
165.95839322673794
 10
146.10380286257288
 20
166.54802490241065
 10
146.8565453832738
 20
167.04366851011477
 10
147.4363032305829
 20
167.46939031584537
 10
147.84985240687183
 20
167.84925658559763
 10
148.10396891451242
 20
168.2073335853667
 10
148.20542875587643
 20
168.5676875811477
 10
148.1610079333356
 20
168.95438483893582
 10
147.97748244926186
 20
169.39149162472614
 10
147.66162830602684
 20
169.90307420451387
 10
147.22022150600236
 20
170.5131988442941
 10
146.6600380515602
 20
171.24593181006196
 10
144.9117676142236
 20
173.5174150923375
 10
141.30475820184708
 20
168.68596908745266
 10
140.4296573512746
 20
167.50721937064242
 10
139.71814470785958
 20
166.52032127093713
 10
139.1617652123299
 20
165.6928076650754
 10
138.7520638054135
 20
164.99221142979582
 10
138.48058542783838
 20
164.38606544183693
 10
138.33887502033244
 20
163.84190257793728
 10
138.31847752362359
 20
163.32725571483545
 10
138.41093787843982
 20
162.80965772926993
 10
138.60780102550908
 20
162.25664149797933
 10
138.90061190555923
 20
161.63573989770222
 10
139.2809154593183
 20
160.91448580517712
 10
140.864082129166
 20
157.97444852778642
 10
141.4154707799224
 20
160.95839322673794
 10
141.53639436295302
 20
161.4778104062517
 10
141.70509465516693
 20
161.9891438094985
 10
141.92034711394447
 20
162.49076324690282
 10
142.18092719666618
 20
162.981038528889
 10
142.4856103607124
 20
163.45833946588152
 10
142.83317206346354
 20
163.92103586830484
 10
143.22238776230003
 20
164.36749754658337
 10
143.65203291460236
 20
164.79609431114147
 10
144.1208829777509
 20
165.20519597240366
 10
144.62771340912607
 20
165.59317234079435
 10
145.1712996661083
 20
165.95839322673794
  0
LWPOLYLINE
  5
65
330
17
100
AcDbEntity
  8
CUT
100
AcDbPolyline
 90
80
 70
1
 10
68.89390981517931
 20
161.0062518996569
 10
69.19946205317444
 20
161.222455159697
 10
69.52983547392367
 20
161.4290616423782
 10
69.8791134733699
 20
161.62375488420003
 10
70.24137944745601
 20
161.80421842166209
 10
70.61071679212492
 20
161.96813579126393
 10
70.9812089033195
 20
162.11319052950512
 10
71.34693917698269
 20
162.23706617288525
 10
71.70199100905737
 20
162.33744625790388
 10
72.04044779548641
 20
162.41201432106055
 10
72.35639293221277
 20
162.45845389885488
 10
72.64390981517931
 20
162.47444852778642
 10
73.47457699886047
 20
162.51586390463152
 10
74.02324857764555
 20
162.6474721966118
 10
74.27693159787671
 20
162.8803166458947
 10
74.22263310589597
 20
163.22544049464773
 10
73.8473601480454
 20
163.69388698503838
 10
73.13811977066715
 20
164.29669935923408
 10
72.08191902010324
 20
165.0449208594024
 10
70.66576494269583
 20
165.94959472771072
 10
68.87666458478694
 20
167.02176420632657
 10
66.7016249927187
 20
168.2724725374174
 10
64.12765321283317
 20
169.71276296315068
 10
61.05975721435944
 20
171.3836536931533
 10
58.155747886173536
 20
172.901926512823
 10
55.3691643125596
 20
174.28633969421256
 10
52.65354557780183
 20
175.5556515093747
 10
49.96243076618445
 20
176.7286202303622
 10
47.24935896199159
 20
177.82400412922772
 10
44.467869249507466
 20
178.86056147802404
 10
41.57150071301629
 20
179.85705054880387
 10
38.51379243680223
 20
180.83222961361997
 10
35.24828350514947
 20
181.80485694452503
 10
31.72851300234222
 20
182.79369081357183
 10
22.50424582461001
 20
185.32037312252805
 10
21.4840899367449
 20
181.64741082515724
 10
21.333803370576298
 20
181.0716267748686
 10
21.19006934598164
 20
180.45339750474983
 10
21.054506224288325
 20
179.80357430210458
 10
20.928732366823724
 20
179.1330084542367
 10
20.814366134915254
 20
178.45255124844988
 10
20.713025889890304
 20
177.77305397204793
 10
20.626329993076254
 20
177.1053679123346
 10
20.555896805800522
 20
176.46034435661363
 10
20.503344689390488
 20
175.84883459218878
 10
20.470292005173548
 20
175.2816899063638
 10
20.458357114477103
 20
174.76976158644248
 10
20.43667136503463
 20
173.89445616707624
 10
20.430968894231675
 20
173.1899329276529
 10
20.52521264742758
 20
172.62534304410562
 10
20.80336556998168
 20
172.16983769236754
 10
21.34939060725332
 20
171.79256804837183
 10
22.247250704601825
 20
171.4626852880516
 10
23.58090880738655
 20
171.14934058734002
 10
25.43432786096683
 20
170.8216851221702
 10
27.89147081070201
 20
170.4488700684753
 10
31.036300601951424
 20
170.00004660218846
 10
34.95278018007442
 20
169.44436589924283
 10
37.3564350672204
 20
169.05512196624835
 10
39.8815911808779
 20
168.56198186278897
 10
42.48717025458037
 20
167.97734241475075
 10
45.13209402186127
 20
167.31360044801977
 10
47.775284216254086
 20
166.58315278848204
 10
50.375662571292274
 20
165.79839626202354
 10
52.89215082050932
 20
164.97172769453033
 10
55.2836706974387
 20
164.11554391188847
 10
57.50914393561387
 20
163.24224173998394
 10
59.5274922685683
 20
162.3642180047028
 10
61.29763742983547
 20
161.49386953193107
 10
62.412150380560774
 20
160.91496788078572
 10
63.36727111374489
 20
160.44776972113291
 10
64.18786751964316
 20
160.0906787408407
 10
64.89880748851093
 20
159.8420986277772
 10
65.52495891060352
 20
159.70043306981052
 10
66.09118967617624
 20
159.66408575480872
 10
66.6223676754845
 20
159.73146037063998
 10
67.14336079878359
 20
159.9009606051723
 10
67.67903693632886
 20
160.17099014627382
 10
68.25426397837566
 20
160.53995268181265
 10
68.89390981517931
 20
161.0062518996569
  0
LWPOLYLINE
  5
66
330
17
100
AcDbEntity
  8
CUT
100
AcDbPolyline
 90
69
 70
1
 10
166.5268211146068
 20
177.4351935179424
 10
166.34974789166256
 20
178.50198651997306
 10
166.1353103367906
 20
179.66784594944693
 10
165.88851946148887
 20
180.91126057493835
 10
165.61438627725514
 20
182.2107191650216
 10
165.3179217955872
 20
183.54471048827097
 10
165.00413702798306
 20
184.89172331326077
 10
164.6780429859405
 20
186.23024640856536
 10
164.34465068095736
 20
187.538768542759
 10
164.00897112453154
 20
188.79577848441602
 10
163.67601532816096
 20
189.9797650021107
 10
163.35079430334335
 20
191.06921686441734
 10
161.21957229084262
 20
197.96931102533347
 10
157.3361762354585
 20
193.5932710292967
 10
156.2463872484535
 20
192.34257291965457
 10
155.35592967007463
 20
191.25401115790152
 10
154.65764786927517
 20
190.2937778509694
 10
154.14438621500807
 20
189.42806510579027
 10
153.80898907622654
 20
188.62306502929601
 10
153.64430082188363
 20
187.84496972841856
 10
153.64316582093258
 20
187.05997131008994
 10
153.7984284423264
 20
186.23426188124205
 10
154.10293305501833
 20
185.33403354880681
 10
154.54952402796138
 20
184.3254784197162
 10
155.13104573010875
 20
183.17478860090222
 10
155.40698072554258
 20
182.6118382527673
 10
155.7267603335133
 20
181.8953069181201
 10
156.0835659840404
 20
181.04352112869475
 10
156.47057910714315
 20
180.07480741622547
 10
156.8809811328409
 20
179.0074923124464
 10
157.30795349115294
 20
177.85990234909178
 10
157.7446776120987
 20
176.65036405789576
 10
158.18433492569753
 20
175.3972039705925
 10
158.62010686196876
 20
174.11874861891621
 10
159.04517485093174
 20
172.83332453460108
 10
159.4527203226058
 20
171.55925824938123
 10
159.95532370564766
 20
169.9972960613551
 10
160.42824371590228
 20
168.6084876596066
 10
160.8746155909076
 20
167.38667038374638
 10
161.29757456820127
 20
166.32568157338505
 10
161.70025588532104
 20
165.41935856813325
 10
162.08579477980473
 20
164.66153870760155
 10
162.45732648919008
 20
164.04605933140056
 10
162.81798625101487
 20
163.56675777914086
 10
163.1709093028169
 20
163.2174713904331
 10
163.51923088213388
 20
162.9920375048879
 10
163.8660862265036
 20
162.8842934621158
 10
164.1338983142265
 20
162.8387632273658
 10
164.4037933074168
 20
162.78108066979604
 10
164.67193988875223
 20
162.7127094804399
 10
164.93450674091073
 20
162.63511335033064
 10
165.18766254657015
 20
162.54975597050162
 10
165.42757598840834
 20
162.4581010319862
 10
165.6504157491032
 20
162.36161222581765
 10
165.85235051133256
 20
162.26175324302932
 10
166.02954895777432
 20
162.15998777465455
 10
166.17817977110636
 20
162.05777951172664
 10
166.29441163400654
 20
161.95659214527893
 10
166.5864945569959
 20
161.89437187608678
 10
166.82716131685257
 20
162.31082764499163
 10
167.01548698206162
 20
163.14435849586283
 10
167.15054662110782
 20
164.3333634725697
 10
167.2314153024761
 20
165.81624161898162
 10
167.25716809465152
 20
167.53139197896792
 10
167.22688006611887
 20
169.41721359639794
 10
167.13962628536316
 20
171.41210551514106
 10
166.9944818208693
 20
173.4544667790666
 10
166.7905217411222
 20
175.48269643204395
 10
166.5268211146068
 20
177.4351935179424
  0
LWPOLYLINE
  5
67
330
17
100
AcDbEntity
  8
CUT
100
AcDbPolyline
 90
34
 70
1
 10
14.95278018007442
 20
179.48814357081858
 10
14.885069089996588
 20
180.74178299078264
 10
14.698059963352158
 20
181.73068600611148
 10
14.415939015524735
 20
182.45740314712833
 10
14.0628924618979
 20
182.92448494415652
 10
13.663106517855248
 20
183.13448192751932
 10
13.240767398780381
 20
183.08994462753998
 10
12.820061320056883
 20
182.79342357454175
 10
12.425174497068362
 20
182.24746929884793
 10
12.080293145198407
 20
181.4546323307818
 10
11.80960347983061
 20
180.4174632006666
 10
11.637291716348567
 20
179.13851243882564
 10
11.577191398449095
 20
178.3171750635351
 10
11.545329283120907
 20
177.6224109110637
 10
11.545390233124447
 20
177.04565561120643
 10
11.58105911122016
 20
176.57834479375828
 10
11.656020780168493
 20
176.2119140885143
 10
11.773960102729895
 20
175.93779912526946
 10
11.938561941664808
 20
175.74743553381882
 10
12.15351115973369
 20
175.6322589439573
 10
12.422492619696975
 20
175.58370498547995
 10
12.74919118431512
 20
175.59320928818178
 10
13.137291716348567
 20
175.6522074818578
 10
13.481595549438808
 20
175.74171580732127
 10
13.784788066558733
 20
175.87195413697293
 10
14.04862241121198
 20
176.04662667856135
 10
14.274851726902185
 20
176.26943763983508
 10
14.465229157132995
 20
176.54409122854267
 10
14.62150784540805
 20
176.8742916524327
 10
14.745440935230981
 20
177.26374311925372
 10
14.83878157010545
 20
177.71614983675425
 10
14.903282893535085
 20
178.23521601268286
 10
14.940698049023528
 20
178.82464585478812
 10
14.95278018007442
 20
179.48814357081858
  0
LWPOLYLINE
  5
68
330
17
100
AcDbEntity
  8
CUT
100
AcDbPolyline
 90
34
 70
1
 10
21.175942827644064
 20
192.44716738582588
 10
21.982408202402
 20
193.01347996147754
 10
22.736878464198668
 20
193.68527221017277
 10
23.42642048025759
 20
194.43666055904373
 10
24.038101117802242
 20
195.2417614352227
 10
24.558987244056112
 20
196.07469126584186
 10
24.9761457262427
 20
196.90956647803347
 10
25.27664343158549
 20
197.7205034989297
 10
25.447547227307986
 20
198.48161875566282
 10
25.475923980633674
 20
199.16702867536503
 10
25.34884055878605
 20
199.75084968516853
 10
25.05336382898861
 20
200.20719821220558
 10
24.306037048482956
 20
200.59238771871333
 10
23.3307678820561
 20
200.5685013400722
 10
22.197183631524815
 20
200.19679618985404
 10
20.97491159870586
 20
199.53852938163075
 10
19.73357908541598
 20
198.6549580289742
 10
18.54281339347195
 20
197.60733924545627
 10
17.472241824690524
 20
196.45693014464885
 10
16.59149168088847
 20
195.26498784012378
 10
15.970190263882543
 20
194.09276944545297
 10
15.6779648754895
 20
193.00153207420828
 10
15.784442817526113
 20
192.0525328399616
 10
15.998223608141885
 20
191.54894256430282
 10
16.22302465791333
 20
191.1500065455696
 10
16.473596252051255
 20
190.85680444101772
 10
16.764688675766457
 20
190.67041590790296
 10
17.111052214269733
 20
190.5919206034811
 10
17.527437152771896
 20
190.62239818500797
 10
18.02859377648374
 20
190.76292830973938
 10
18.62927237061608
 20
191.01459063493104
 10
19.344223220379714
 20
191.37846481783885
 10
20.18819661098544
 20
191.8556305157185
 10
21.175942827644064
 20
192.44716738582588
  0
LWPOLYLINE
  5
69
330
17
100
AcDbEntity
  8
CUT
100
AcDbPolyline
 90
34
 70
1
 10
157.45278018007443
 20
197.15591023760354
 10
157.44538828153304
 20
197.47270872980317
 10
157.42124706591375
 20
197.73015882241916
 10
157.37740825322373
 20
197.92890933204643
 10
157.31092356347017
 20
198.06960907527997
 10
157.21884471666024
 20
198.15290686871475
 10
157.09822343280112
 20
198.17945152894578
 10
156.9461114319
 20
198.149891872568
 10
156.75956043396414
 20
198.06487671617637
 10
156.53562215900064
 20
197.92505487636592
 10
156.27134832701674
 20
197.73107516973158
 10
155.9637906580196
 20
197.4835864128684
 10
155.75060532902273
 20
197.29177508572343
 10
155.5587253589636
 20
197.0893161993261
 10
155.38961948831474
 20
196.87958420062165
 10
155.2447564575484
 20
196.6659535365554
 10
155.12560500713707
 20
196.4517986540726
 10
155.03363387755329
 20
196.24049400011856
 10
154.97031180926942
 20
196.03541402163847
 10
154.93710754275793
 20
195.8399331655777
 10
154.93548981849125
 20
195.65742587888147
 10
154.96692737694184
 20
195.49126660849504
 10
155.0328889585821
 20
195.34482980136374
 10
155.2670648759596
 20
195.05722187459298
 10
155.53184856873796
 20
194.88509492676388
 10
155.8160917246948
 20
194.82010540508213
 10
156.10864603160746
 20
194.8539097567533
 10
156.39836317725366
 20
194.97816442898295
 10
156.67409484941078
 20
195.18452586897675
 10
156.92469273585644
 20
195.46465052394026
 10
157.13900852436808
 20
195.8101948410791
 10
157.30589390272328
 20
196.21281526759884
 10
157.41420055869958
 20
196.66416825070513
 10
157.45278018007443
 20
197.15591023760354
  0
LWPOLYLINE
  5
6A
330
17
100
AcDbEntity
  8
CUT
100
AcDbPolyline
 90
34
 70
1
 10
166.99389869601208
 20
203.5409796841405
 10
167.19648351021183
 20
203.92961422763474
 10
167.305657126412
 20
204.28065546274368
 10
167.3265577896466
 20
204.5902047363932
 10
167.26432374494962
 20
204.85436339550918
 10
167.12409323735503
 20
205.06923278701754
 10
166.91100451189678
 20
205.2309142578442
 10
166.63019581360888
 20
205.33550915491506
 10
166.2868053875254
 20
205.379118825156
 10
165.8859714786802
 20
205.35784461549295
 10
165.43283233210732
 20
205.26778787285178
 10
164.9325261928408
 20
205.10504994415845
 10
164.70273566055852
 20
205.0032981309414
 10
164.49635222963224
 20
204.88469312874025
 10
164.31492859221652
 20
204.75179649356866
 10
164.1600174404657
 20
204.60716978144032
 10
164.03317146653433
 20
204.45337454836897
 10
163.9359433625768
 20
204.2929723503683
 10
163.8698858207476
 20
204.128524743452
 10
163.83655153320117
 20
203.96259328363374
 10
163.83749319209198
 20
203.79773952692727
 10
163.8742634895745
 20
203.63652502934627
 10
163.9484151178031
 20
203.48151134690443
 10
164.18332961858468
 20
203.15699941580618
 10
164.44243072164133
 20
202.89877957862515
 10
164.7204527357275
 20
202.70674901362725
 10
165.01212996959762
 20
202.58080489907832
 10
165.31219673200613
 20
202.52084441324425
 10
165.61538733170744
 20
202.5267647343909
 10
165.91643607745604
 20
202.59846304078414
 10
166.21007727800637
 20
202.73583651068986
 10
166.49104524211288
 20
202.9387823223739
 10
166.75407427852997
 20
203.20719765410215
 10
166.99389869601208
 20
203.5409796841405
  0
LWPOLYLINE
  5
6B
330
17
100
AcDbEntity
  8
CUT
100
AcDbPolyline
 90
34
 70
1
 10
174.71721251144635
 20
205.07221419249169
 10
174.95707981268762
 20
205.40374089023652
 10
175.073368952039
 20
205.77743092486364
 10
175.076909247408
 20
206.17774767292804
 10
174.97853001670202
 20
206.5891545109847
 10
174.78906057782865
 20
206.99611481558867
 10
174.51933024869527
 20
207.383091963295
 10
174.18016834720936
 20
207.73454933065858
 10
173.78240419127843
 20
208.03495029423453
 10
173.3368670988099
 20
208.26875823057782
 10
172.85438638771134
 20
208.42043651624343
 10
172.34579137589012
 20
208.47444852778642
 10
171.80178172020126
 20
208.44840823109743
 10
171.35268190995322
 20
208.37144726135895
 10
170.998922572525
 20
208.2453054990637
 10
170.74093433529538
 20
208.0717228247044
 10
170.57914782564325
 20
207.85243911877384
 10
170.51399367094743
 20
207.5891942617647
 10
170.54590249858686
 20
207.28372813416976
 10
170.67530493594043
 20
206.93778061648172
 10
170.90263161038692
 20
206.55309158919334
 10
171.2283131493053
 20
206.1314009327973
 10
171.65278018007442
 20
205.6744485277864
 10
172.00428840190037
 20
205.3399558661768
 10
172.3337447134066
 20
205.06287950874085
 10
172.64363818707113
 20
204.84273029313226
 10
172.9364578953719
 20
204.6790190570047
 10
173.21469291078697
 20
204.57125663801187
 10
173.48083230579434
 20
204.5189538738075
 10
173.737365152872
 20
204.52162160204526
 10
173.98678052449807
 20
204.57877066037886
 10
174.23156749315044
 20
204.689911886462
 10
174.4742151313072
 20
204.8545561179484
 10
174.71721251144635
 20
205.07221419249169
  0
LWPOLYLINE
  5
6C
330
17
100
AcDbEntity
  8
CUT
100
AcDbPolyline
 90
1428
 70
1
 10
259.4027801800744
 20
3.5910704447454975
 10
258.9961663637435
 20
3.774266467845422
 10
258.5326688192743
 20
4.022244349256226
 10
258.021803403452
 20
4.328020999399087
 10
257.47308597306187
 20
4.684613328695207
 10
256.8960323848891
 20
5.085038247565706
 10
256.3001584957189
 20
5.522312666431674
 10
255.69498016233655
 20
5.989453495714372
 10
255.09001324152726
 20
6.479477645834891
 10
254.49477359007625
 20
6.985402027214434
 10
253.91877706476873
 20
7.500243550274064
 10
253.37153952238995
 20
8.017019125435013
 10
252.68849696752702
 20
8.653325412642857
 10
252.00281450564785
 20
9.234032273204065
 10
251.30957830747212
 20
9.761668525811956
 10
250.60387454371954
 20
10.238762989160108
 10
249.8807893851098
 20
10.667844481941927
 10
249.1354090023626
 20
11.051441822850848
 10
248.36281956619757
 20
11.39208383058022
 10
247.55810724733448
 20
11.692299323823534
 10
246.716358216493
 20
11.954617121274197
 10
245.83265864439278
 20
12.181566041625643
 10
244.90209470175355
 20
12.375674903571337
 10
243.48795913736058
 20
12.694262136900846
 10
242.19114632016715
 20
13.097989946957739
 10
241.01531337496525
 20
13.583569040643312
 10
239.96411742654675
 20
14.147710124858946
 10
239.0412155997036
 20
14.787123906505997
 10
238.2502650192277
 20
15.49852109248576
 10
237.59492280991097
 20
16.27861238969959
 10
237.07884609654536
 20
17.124108505048724
 10
236.70569200392276
 20
18.031720145434576
 10
236.47911765683517
 20
18.99815801775847
 10
236.40278018007442
 20
20.020132828921703
 10
236.3634180944432
 20
21.03922184205362
 10
236.2413152885265
 20
22.02447467781238
 10
236.0304469387895
 20
22.987193331974055
 10
235.7247882216976
 20
23.938679800315015
 10
235.31831431371597
 20
24.89023607861131
 10
234.80500039130993
 20
25.853164162639246
 10
234.17882163094478
 20
26.83876604817499
 10
233.43375320908575
 20
27.858343730994676
 10
232.56377030219818
 20
28.92319920687453
 10
231.5628480867473
 20
30.04463447159077
 10
230.42496173919838
 20
31.23395152091959
 10
229.421435124167
 20
32.261381019264405
 10
228.59723539086914
 20
33.136893437031034
 10
227.93892983032953
 20
33.894147652704305
 10
227.43308573357285
 20
34.56680254476919
 10
227.0662703916238
 20
35.18851699171057
 10
226.8250510955071
 20
35.792949872013395
 10
226.69599513624746
 20
36.41376006416249
 10
226.66566980486962
 20
37.084606446642766
 10
226.72064239239825
 20
37.839147897939085
 10
226.8474801898581
 20
38.71104329653642
 10
227.03275048827382
 20
39.73395152091959
 10
227.2555056121883
 20
40.99787406526397
 10
227.43162376536486
 20
42.208301277103544
 10
227.56082166572887
 20
43.39229764063367
 10
227.6428160312057
 20
44.57692764005003
 10
227.67732357972073
 20
45.78925575954804
 10
227.66406102919936
 20
47.05634648332324
 10
227.60274509756687
 20
48.40526429557113
 10
227.49309250274868
 20
49.86307368048716
 10
227.33481996267017
 20
51.4568391222669
 10
227.12764419525666
 20
53.21362510510579
 10
226.8712819184336
 20
55.16049611319943
 10
226.72935904373495
 20
56.28006613519486
 10
226.63207042781096
 20
57.27228899433155
 10
226.58287873787
 20
58.15774225008758
 10
226.58524664112036
 20
58.957003461941156
 10
226.64263680477035
 20
59.69065018937033
 10
226.75851189602835
 20
60.37925999185333
 10
226.9363345821027
 20
61.04341042886824
 10
227.1795675302017
 20
61.70367905989315
 10
227.4916734075337
 20
62.38064344440622
 10
227.87611488130705
 20
63.094881141885566
 10
228.33635461873004
 20
63.86696971180933
 10
229.3526402087967
 20
65.35736871376386
 10
230.58390757943744
 20
66.9000753326778
 10
232.00625901711985
 20
68.4750688144953
 10
233.59579680831155
 20
70.06232840516057
 10
235.32862323948018
 20
71.64183335061782
 10
237.18084059709332
 20
73.19356289681127
 10
239.1285511676186
 20
74.69749628968512
 10
241.14785723752365
 20
76.13361277518348
 10
243.21486109327608
 20
77.48189159925062
 10
245.30566502134351
 20
78.72231200783074
 10
247.39637130819355
 20
79.83485324686797
 10
254.2492111015585
 20
83.26318909277336
 10
248.57599564081644
 20
83.92398882254031
 10
246.0883499706356
 20
84.25424952617601
 10
243.79164402715367
 20
84.64676630369289
 10
241.66858293019317
 20
85.10877709333784
 10
239.70187179957645
 20
85.64751983335773
 10
237.87421575512602
 20
86.27023246199943
 10
236.1683199166643
 20
86.98415291750973
 10
234.56688940401372
 20
87.79651913813558
 10
233.05262933699674
 20
88.71456906212376
 10
231.60824483543584
 20
89.7455406277212
 10
230.2164410191534
 20
90.89667177317466
 10
228.8599230079719
 20
92.17520043673107
 10
226.6790241288998
 20
94.45348990044542
 10
224.80873075589494
 20
96.65256097882485
 10
223.22155742107634
 20
98.85480806692155
 10
221.8900186565632
 20
101.14262555978783
 10
220.78662899447465
 20
103.59840785247587
 10
219.88390296692978
 20
106.30454934003795
 10
219.15435510604783
 20
109.34344441752626
 10
218.57049994394782
 20
112.79748747999301
 10
218.10485201274895
 20
116.74907292249048
 10
217.72992584457035
 20
121.28059514007086
 10
217.41823597153115
 20
126.47444852778642
 10
217.21710137869562
 20
130.2037396055253
 10
217.02075050076394
 20
133.3757476917021
 10
216.80739409227206
 20
136.10640225710944
 10
216.55524290775583
 20
138.51163277254003
 10
216.24250770175112
 20
140.70736870878648
 10
215.84739922879385
 20
142.8095395366414
 10
215.3481282434199
 20
144.93407472689753
 10
214.72290550016515
 20
147.19690375034742
 10
213.9499417535655
 20
149.7139560777838
 10
213.00744775815684
 20
152.60116117999922
 10
211.87363426847506
 20
155.97444852778642
 10
210.80804931078154
 20
159.15440434411636
 10
209.90842984167304
 20
161.9253658405086
 10
209.15871647553757
 20
164.36464613767703
 10
208.5428498267632
 20
166.5495583563357
 10
208.04477050973796
 20
168.55741561719842
 10
207.64841913884993
 20
170.46553104097916
 10
207.33773632848715
 20
172.3512177483919
 10
207.09666269303767
 20
174.29178886015046
 10
206.90913884688956
 20
176.36455749696884
 10
206.75910540443087
 20
178.64683677956094
 10
206.63050298004964
 20
181.21593982864073
 10
206.53597243071044
 20
183.53182483839035
 10
206.4750965024228
 20
185.58130476502296
 10
206.45
 20
187.39272836286696
 10
206.4628077282553
 20
188.99444438625082
 10
206.51564449200208
 20
190.41480158950293
 10
206.61063509605358
 20
191.68214872695174
 10
206.7499043452231
 20
192.82483455292564
 10
206.9355770443239
 20
193.87120782175305
 10
207.16977799816934
 20
194.84961728776244
 10
207.45463201157264
 20
195.7884117052822
 10
207.79226388934714
 20
196.71593982864073
 10
208.7630579184367
 20
198.99551016852428
 10
209.78846664907056
 20
200.99014823449085
 10
210.88909904869854
 20
202.71401855018945
 10
212.08556408477037
 20
204.1812856392691
 10
213.3984707247358
 20
205.4061140253788
 10
214.84842793604457
 20
206.4026682321675
 10
216.45604468614644
 20
207.1851127832843
 10
218.24192994249117
 20
207.7676122023781
 10
220.22669267252846
 20
208.16433101309792
 10
222.4309418437081
 20
208.3894337390928
 10
224.8752864234798
 20
208.45708490401168
 10
227.8733490803627
 20
208.39212262478375
 10
230.75729373885628
 20
208.2048471628205
 10
233.56777135940948
 20
207.8839292367629
 10
236.3454329024712
 20
207.418039565252
 10
239.1309293284903
 20
206.7958488669288
 10
241.96491159791572
 20
206.0060278604343
 10
244.8880306711963
 20
205.03724726440947
 10
247.94093750878102
 20
203.8781777974954
 10
251.16428307111866
 20
202.51749017833305
 10
254.5987183186582
 20
200.94385512556343
 10
258.2848942118485
 20
199.14594335782755
 10
264.26223049415137
 20
196.0692472602461
 10
269.7859664517365
 20
193.03421768219448
 10
274.9243017235898
 20
189.98811703777818
 10
279.7454359486969
 20
186.8782077411027
 10
284.31756876604373
 20
183.6517522062735
 10
288.7088998146161
 20
180.2560128473961
 10
292.9876287333997
 20
176.63825207857602
 10
297.2219551613804
 20
172.74573231391867
 10
301.4800787375441
 20
168.52571596752955
 10
305.8301991008764
 20
163.92546545351416
 10
310.3405158903633
 20
158.89224318597803
 10
311.89166552919346
 20
157.12148733794785
 10
313.4014522940619
 20
155.39861631844616
 10
314.85136402716586
 20
153.7447173181701
 10
316.2228885707023
 20
152.18087752781682
 10
317.49751376686834
 20
150.72818413808346
 10
318.65672745786094
 20
149.4077243396672
 10
319.68201748587734
 20
148.24058532326515
 10
320.5548716931145
 20
147.24785427957445
 10
321.2567779217696
 20
146.45061839929224
 10
321.76922401403965
 20
145.8699648731157
 10
322.0736978121216
 20
145.5269808917419
 10
322.35705565801914
 20
145.22873964401973
 10
322.6095987170794
 20
145.00912208318684
 10
322.83736771178314
 20
144.87256129567407
 10
323.0464033646107
 20
144.82349036791226
 10
323.24274639804264
 20
144.86634238633218
 10
323.4324375345594
 20
145.0055504373646
 10
323.6215174966415
 20
145.24554760744041
 10
323.8160270067694
 20
145.59076698299037
 10
324.0220067874236
 20
146.0456416504453
 10
324.24549756108456
 20
146.61460469623597
 10
324.4925400502327
 20
147.3020892067932
 10
324.7490055984613
 20
147.89347599555845
 10
325.1714120383722
 20
148.68619306210735
 10
325.74480227479205
 20
149.65823463481274
 10
326.4542192125475
 20
150.78759494204763
 10
327.284705756465
 20
152.0522682121848
 10
328.2213048113713
 20
153.43024867359716
 10
329.24905928209284
 20
154.89953055465762
 10
330.3530120734563
 20
156.438108083739
 10
331.51820609028823
 20
158.02397548921422
 10
332.7296842374153
 20
159.63512699945616
 10
333.97248941966404
 20
161.2495568428377
 10
335.2824398715532
 20
162.9740898938876
 10
336.6888708360501
 20
164.9049203726011
 10
338.16710073065417
 20
167.00409652555084
 10
339.69244797286467
 20
169.23366659930946
 10
341.2402309801809
 20
171.55567884044956
 10
342.7857681701023
 20
173.93218149554383
 10
344.30437796012825
 20
176.3252228111649
 10
345.77137876775805
 20
178.69685103388542
 10
347.16208901049106
 20
181.00911441027802
 10
348.45182710582657
 20
183.22406118691532
 10
349.61591147126404
 20
185.30373961036995
 10
351.76492811904325
 20
189.16242834271986
 10
353.82500845512095
 20
192.71014345403486
 10
355.8075104691463
 20
195.96223801132723
 10
357.7237921507683
 20
198.93406508160922
 10
359.5852114896361
 20
201.6409777318931
 10
361.40312647539895
 20
204.09832902919106
 10
363.1888950977059
 20
206.32147204051546
 10
364.953875346206
 20
208.32575983287853
 10
366.7094252105486
 20
210.12654547329248
 10
368.46690268038276
 20
211.7391820287696
 10
370.2376657453575
 20
213.17902256632215
 10
373.26588208154055
 20
215.15833364979235
 10
376.0006823200912
 20
216.251673360702
 10
378.44296860102054
 20
216.45762559205485
 10
380.5936430643395
 20
215.77477423685468
 10
382.45360785005926
 20
214.20170318810517
 10
384.0237650981909
 20
211.73699633881012
 10
385.30501694874545
 20
208.3792375819732
 10
386.29826554173394
 20
204.12701081059825
 10
387.0044130171675
 20
198.97889991768892
 10
387.42436151505717
 20
192.93348879624904
 10
387.55901317541407
 20
185.9893613392823
 10
387.5239855823894
 20
181.25918342493844
 10
387.41054261503484
 20
177.00148381161037
 10
387.19047322974086
 20
173.05986580674426
 10
386.8355663828977
 20
169.2779327177863
 10
386.31761103089593
 20
165.49928785218276
 10
385.6083961301258
 20
161.56753451737976
 10
384.6797106369778
 20
157.3262760208235
 10
383.50334350784226
 20
152.6191156699602
 10
382.0510836991096
 20
147.28965677223607
 10
380.2947201671702
 20
141.18150263509727
 10
378.2060418684147
 20
134.13825656599002
 10
377.33775846011133
 20
131.21276071331607
 10
376.61203978044796
 20
128.70443184865485
 10
376.02274065002985
 20
126.58007895994325
 10
375.5637158894619
 20
124.80651103511819
 10
375.22882031934927
 20
123.35053706211654
 10
375.01190876029705
 20
122.17896602887518
 10
374.9068360329104
 20
121.25860692333104
 10
374.90745695779447
 20
120.55626873342095
 10
375.0076263555542
 20
120.03876044708184
 10
375.2011990467948
 20
119.67289105225058
 10
375.4820298521214
 20
119.42546953686409
 10
375.76144158936285
 20
119.2783019120437
 10
376.0229234080206
 20
119.19615763039948
 10
376.26927652889674
 20
119.1816635314278
 10
376.5033021727937
 20
119.23744645462513
 10
376.72780156051385
 20
119.36613323948785
 10
376.94557591285934
 20
119.57035072551237
 10
377.1594264506325
 20
119.85272575219507
 10
377.37215439463563
 20
120.21588515903238
 10
377.5865609656711
 20
120.66245578552073
 10
377.80544738454114
 20
121.19506447115648
 10
378.0316148720481
 20
121.81633805543608
 10
379.12931304367623
 20
124.62400722068553
 10
380.45357147390035
 20
127.39642189379657
 10
381.97256392526197
 20
130.09603557108431
 10
383.65446416030244
 20
132.685301748864
 10
385.46744594156314
 20
135.1266739234507
 10
387.3796830315855
 20
137.3826055911596
 10
389.359349192911
 20
139.41555024830586
 10
391.37461818808106
 20
141.18796139120457
 10
393.3936637796371
 20
142.6622925161709
 10
395.38465973012046
 20
143.80099711952005
 10
397.3157798020726
 20
144.5665286975671
 10
400.1314572612236
 20
145.03542249015987
 10
402.74656844079254
 20
144.78772584022556
 10
405.09203262256233
 20
143.9421037556907
 10
407.09876908831563
 20
142.61722124448204
 10
408.69769711983525
 20
140.9317433145261
 10
409.819735998904
 20
139.00433497374956
 10
410.3958050073047
 20
136.95366123007906
 10
410.3568234268201
 20
134.89838709144118
 10
409.633710539233
 20
132.9571775657626
 10
408.15738562632623
 20
131.2486976609699
 10
405.8587679698826
 20
129.8916123849897
 10
404.78607901993473
 20
129.49467009267477
 10
403.7360874310726
 20
129.2084309281386
 10
402.7121284184875
 20
129.0323504745374
 10
401.7175371973709
 20
128.96588431502732
 10
400.7556489829143
 20
129.00848803276463
 10
399.829798990309
 20
129.15961721090554
 10
398.9433224347465
 20
129.4187274326062
 10
398.0995545314182
 20
129.78527428102282
 10
397.3018304955157
 20
130.25871333931164
 10
396.5534855422302
 20
130.83850019062882
 10
395.8578548867532
 20
131.5240904181306
 10
395.0723298786953
 20
132.6764313595226
 10
394.6847517914024
 20
133.88502481880465
 10
394.6476062419248
 20
135.0933052384511
 10
394.91337884731286
 20
136.24470706093643
 10
395.43455522461727
 20
137.28266472873497
 10
396.1636209908885
 20
138.1506126843211
 10
397.05306176317697
 20
138.79198537016924
 10
398.05536315853317
 20
139.15021722875372
 10
399.12301079400754
 20
139.16874270254897
 10
400.20849028665066
 20
138.79099623402936
 10
401.264287253513
 20
137.96041226566928
 10
401.64247787539796
 20
137.56097485164423
 10
401.9423633306049
 20
137.23598096887486
 10
402.1626416812739
 20
136.98277310921952
 10
402.30201098954495
 20
136.79869376453664
 10
402.3591693175583
 20
136.68108542668455
 10
402.33281472745415
 20
136.6272905875216
 10
402.2216452813725
 20
136.63465173890614
 10
402.0243590414536
 20
136.70051137269655
 10
401.7396540698375
 20
136.8222119807512
 10
401.3662284286644
 20
136.99709605492848
 10
400.9027801800744
 20
137.22250608708666
 10
400.17942285769067
 20
137.5361333821082
 10
399.50854462359786
 20
137.74336899790933
 10
398.89360354258525
 20
137.84585082066724
 10
398.33805767944193
 20
137.84521673655928
 10
397.84536509895725
 20
137.74310463176278
 10
397.41898386592027
 20
137.54115239245505
 10
397.0623720451203
 20
137.24099790481336
 10
396.7789877013465
 20
136.84427905501502
 10
396.5722888993881
 20
136.3526337292373
 10
396.4457337040344
 20
135.76769981365757
 10
396.4027801800744
 20
135.09111519445307
 10
396.44876258550437
 20
134.28556687576662
 10
396.5869198804519
 20
133.55796438374577
 10
396.81756718290353
 20
132.90804919943457
 10
397.1410196108458
 20
132.33556280387722
 10
397.557592282265
 20
131.84024667811775
 10
398.06760031514773
 20
131.42184230320026
 10
398.6713588274805
 20
131.0800911601689
 10
399.3691829372498
 20
130.81473473006773
 10
400.161387762442
 20
130.62551449394084
 10
401.0482884210437
 20
130.51217193283236
 10
402.03020003104143
 20
130.47444852778642
 10
403.24592425943786
 20
130.56935273733768
 10
404.37023318897116
 20
130.84277717195044
 10
405.3901186425781
 20
131.27778954056316
 10
406.2925724431956
 20
131.85745755211437
 10
407.0645864137605
 20
132.56484891554254
 10
407.6931523772097
 20
133.3830313397861
 10
408.16526215648
 20
134.2950725337836
 10
408.46790757450856
 20
135.28404020647352
 10
408.5880804542321
 20
136.33300206679428
 10
408.5127726185874
 20
137.42502582368445
 10
408.2289758905116
 20
138.5431791860824
 10
407.8645004854877
 20
139.45948341304648
 10
407.44320942418176
 20
140.27130270040382
 10
406.95912917290445
 20
140.98226489375116
 10
406.40628619796644
 20
141.59599783868532
 10
405.7787069656781
 20
142.1161293808031
 10
405.07041794235033
 20
142.54628736570132
 10
404.2754455942937
 20
142.89009963897672
 10
403.3878163878188
 20
143.15119404622615
 10
402.40155678923634
 20
143.33319843304636
 10
401.3106932648569
 20
143.4397406450342
 10
400.1092522809912
 20
143.4744485277864
 10
398.4326067974142
 20
143.2733077351871
 10
396.646184804442
 20
142.69009333353173
 10
394.7819350795595
 20
141.75511728703412
 10
392.87180640025167
 20
140.49869155990814
 10
390.9477475440035
 20
138.95112811636756
 10
389.04170728830013
 20
137.14273892062627
 10
387.18563441062634
 20
135.10383593689807
 10
385.4114776884673
 20
132.86473112939677
 10
383.75118589930787
 20
130.45573646233623
 10
382.2367078206331
 20
127.90716389993028
 10
380.899992229928
 20
125.24932540639274
 10
379.9595229694364
 20
123.13648627028985
 10
379.18245836036294
 20
121.25796325582517
 10
378.56729875318126
 20
119.60232174489067
 10
378.1125444983643
 20
118.15812711937832
 10
377.8166959463856
 20
116.91394476118009
 10
377.6782534477185
 20
115.85834005218796
 10
377.69571735283625
 20
114.97987837429386
 10
377.86758801221237
 20
114.26712510938982
 10
378.19236577632
 20
113.70864563936776
 10
378.66855099563264
 20
113.29300534611968
 10
379.29464402062354
 20
113.00876961153755
 10
380.0226577673467
 20
112.64908833141867
 10
380.8038100292305
 20
112.03054149569422
 10
381.62113394520725
 20
111.18137018652091
 10
382.4576626542094
 20
110.12981548605555
 10
383.29642929516933
 20
108.90411847645485
 10
384.12046700701933
 20
107.53252023987555
 10
384.9128089286919
 20
106.04326185847444
 10
385.6564881991194
 20
104.46458441440822
 10
386.33453795723426
 20
102.82472898983363
 10
386.92999134196884
 20
101.15193666690746
 10
387.4258814922555
 20
99.47444852778642
 10
387.61585144782106
 20
98.78228931488226
 10
387.82707693992097
 20
98.0633931926507
 10
388.0554784928813
 20
97.3291324358133
 10
388.29697663102786
 20
96.59087931909173
 10
388.54749187868657
 20
95.8600061172074
 10
388.8029447601833
 20
95.14788510488188
 10
389.059255799844
 20
94.4658885568368
 10
389.31234552199453
 20
93.82538874779362
 10
389.5581344509609
 20
93.23775795247394
 10
389.7925431110689
 20
92.71436844559923
 10
390.01149202664453
 20
92.26659250189115
 10
390.5949313053583
 20
91.00170048032868
 10
391.07888583745165
 20
89.66888617382935
 10
391.4623829921592
 20
88.28629269133987
 10
391.74445013871537
 20
86.87206314180682
 10
391.9241146463546
 20
85.44434063417683
 10
392.00040388431165
 20
84.02126827739653
 10
391.9723452218209
 20
82.6209891804125
 10
391.83896602811683
 20
81.2616464521713
 10
391.599293672434
 20
79.96138320161964
 10
391.25235552400693
 20
78.73834253770406
 10
390.7971789520702
 20
77.61066756937123
 10
389.56719924421384
 20
75.36672900216757
 10
388.06489238470374
 20
73.2212168073128
 10
386.3151878969058
 20
71.1909821368267
 10
384.343015304186
 20
69.29287614272911
 10
382.1733041299103
 20
67.54374997703962
 10
379.8309838974445
 20
65.96045479177803
 10
377.34098413015477
 20
64.55984173896408
 10
374.72823435140697
 20
63.35876197061748
 10
372.01766408456695
 20
62.37406663875794
 10
369.23420285300085
 20
61.6226068954052
 10
366.4027801800744
 20
61.12123389257903
 10
365.49857427200163
 20
61.01131069930207
 10
364.8172552783042
 20
60.94841838208191
 10
364.3665158031298
 20
60.93713935100084
 10
364.1540484506263
 20
60.98205601614126
 10
364.1875458249415
 20
61.087750787585435
 10
364.4747005302231
 20
61.25880607541572
 10
365.023205170619
 20
61.499804289714376
 10
365.840752350277
 20
61.8153278405637
 10
366.93503467334483
 20
62.20995913804606
 10
368.31374474397035
 20
62.68828059224373
 10
369.9845751663013
 20
63.254874613239025
 10
372.3591630469125
 20
64.10323258092396
 10
374.5813419466099
 20
64.99729320050426
 10
376.6438688650693
 20
65.93221952886395
 10
378.5395008019666
 20
66.90317462288692
 10
380.26099475697777
 20
67.90532153945716
 10
381.8011077297788
 20
68.93382333545861
 10
383.1525967200456
 20
69.98384306777518
 10
384.30821872745423
 20
71.05054379329087
 10
385.2607307516805
 20
72.12908856888961
 10
386.0028897924003
 20
73.21464045145532
 10
386.5274528492897
 20
74.302362497872
 10
386.68549189891564
 20
74.69647606211595
 10
386.85738728929397
 20
75.0859950071177
 10
387.0400087018535
 20
75.46580854610434
 10
387.23022581802275
 20
75.83080589230298
 10
387.4249083192308
 20
76.17587625894072
 10
387.6209258869061
 20
76.49590885924462
 10
387.81514820247764
 20
76.7857929064418
 10
388.00444494737405
 20
77.04041761375927
 10
388.18568580302417
 20
77.25467219442419
 10
388.3557404508568
 20
77.42344586166362
 10
388.5114785723005
 20
77.54162782870463
 10
388.6595052564321
 20
77.69458753549776
 10
388.8071701448965
 20
77.96433657125891
 10
388.95245974797444
 20
78.34072737311294
 10
389.0933605759467
 20
78.81361237818507
 10
389.2278591390942
 20
79.37284402360032
 10
389.3539419476979
 20
80.00827474648372
 10
389.4695955120385
 20
80.70975698396038
 10
389.5728063423969
 20
81.46714317315528
 10
389.661560949054
 20
82.27028575119351
 10
389.73384584229063
 20
83.10903715520013
 10
389.7876475323876
 20
83.9732498223002
 10
389.8362040818405
 20
85.15272640839663
 10
389.8545147607721
 20
86.19807446765415
 10
389.8400538938863
 20
87.12181094032002
 10
389.7902958058872
 20
87.93645276664134
 10
389.7027148214787
 20
88.65451688686534
 10
389.5747852653649
 20
89.2885202412391
 10
389.4039814622497
 20
89.85097977000976
 10
389.1877777368373
 20
90.35441241342454
 10
388.92364841383153
 20
90.81133511173056
 10
388.6090678179363
 20
91.23426480517497
 10
388.24151027385585
 20
91.63571843400496
 10
387.9707431075289
 20
91.92231409859914
 10
387.7119946878705
 20
92.22701974426096
 10
387.46816609166285
 20
92.544641891011
 10
387.24215839568797
 20
92.86998705886992
 10
387.0368726767278
 20
93.19786176785823
 10
386.85521001156457
 20
93.52307253799663
 10
386.70007147698027
 20
93.84042588930572
 10
386.57435814975713
 20
94.144728341806
 10
386.480971106677
 20
94.43078641551818
 10
386.422811424522
 20
94.69340663046282
 10
386.4027801800744
 20
94.92739550666053
 10
386.35207767986003
 20
95.52832618036803
 10
386.21005656679074
 20
96.22446829778846
 10
385.99184642222747
 20
96.98370177532257
 10
385.7125768275314
 20
97.7739065293712
 10
385.38737736406307
 20
98.5629624763352
 10
385.03137761318374
 20
99.31874953261533
 10
384.65970715625417
 20
100.00914761461243
 10
384.2874955746355
 20
100.60203663872727
 10
383.92987244968845
 20
101.06529652136066
 10
383.6019673627741
 20
101.36680717891346
 10
383.31890989525334
 20
101.47444852778642
 10
383.22081684086464
 20
101.4444898501005
 10
383.15481713983013
 20
101.35750637902609
 10
383.12005187545464
 20
101.21783695753851
 10
383.115662131043
 20
101.02982042861285
 10
383.14078898990033
 20
100.79779563522442
 10
383.1945735353313
 20
100.5261014203484
 10
383.27615685064086
 20
100.21907662695997
 10
383.38468001913407
 20
99.88106009803437
 10
383.51928412411576
 20
99.51639067654673
 10
383.6791102488907
 20
99.12940720547238
 10
383.8632994767639
 20
98.72444852778642
 10
384.4526196828359
 20
97.4245447033681
 10
384.9410139019325
 20
96.21544804925063
 10
385.32870854689884
 20
95.09489720327755
 10
385.6159300305798
 20
94.06063080329247
 10
385.8029047658207
 20
93.11038748713878
 10
385.8898591654664
 20
92.2419058926601
 10
385.87701964236214
 20
91.45292465769998
 10
385.76461260935287
 20
90.74118242010186
 10
385.5528644792837
 20
90.1044178177093
 10
385.24200166499975
 20
89.54036948836591
 10
384.832250579346
 20
89.0467760699151
 10
384.2908695485082
 20
88.5319520478483
 10
383.79704630527954
 20
88.12703404942826
 10
383.3383505331077
 20
87.83344308584671
 10
382.90235191544025
 20
87.65260016829575
 10
382.47662013572483
 20
87.58592630796727
 10
382.0487248774091
 20
87.63484251605328
 10
381.6062358239408
 20
87.80076980374574
 10
381.13672265876744
 20
88.08512918223653
 10
380.6277550653367
 20
88.4893416627176
 10
380.06690272709636
 20
89.01482825638098
 10
379.4417353274939
 20
89.66300997441857
 10
378.7311196934336
 20
90.59529509233371
 10
378.1647656548681
 20
91.68451086529069
 10
377.7424200697681
 20
92.89000864853222
 10
377.4638297961043
 20
94.17113979730118
 10
377.3287416918473
 20
95.48725566684027
 10
377.33690261496787
 20
96.79770761239234
 10
377.48805942343665
 20
98.0618469892002
 10
377.78195897522437
 20
99.23902515250654
 10
378.2183481283016
 20
100.28859345755421
 10
378.7969737406392
 20
101.169903259586
 10
379.51758267020773
 20
101.84230591384465
 10
379.84409405409895
 20
102.05464289812261
 10
380.1855060162081
 20
102.24627530486586
 10
380.5362963927487
 20
102.41570471044912
 10
380.89094301993407
 20
102.56143269124695
 10
381.24392373397757
 20
102.681960823634
 10
381.5897163710925
 20
102.7757906839849
 10
381.9227987674923
 20
102.84142384867428
 10
382.23764875939037
 20
102.87736189407678
 10
382.5287441830001
 20
102.88210639656697
 10
382.7905628745347
 20
102.85415893251951
 10
383.01758267020773
 20
102.792021078309
 10
383.2215636709094
 20
102.7268484800345
 10
383.41649041290634
 20
102.6900897935667
 10
383.60017738547697
 20
102.68068610993768
 10
383.77043907789937
 20
102.69757852017975
 10
383.92508997945174
 20
102.73970811532499
 10
384.0619445794123
 20
102.80601598640564
 10
384.1788173670592
 20
102.8954432244538
 10
384.2735228316706
 20
103.0069309205017
 10
384.34387546252486
 20
103.1394201655815
 10
384.38768974890013
 20
103.29185205072531
 10
384.4027801800744
 20
103.4631676669654
 10
384.3127271151068
 20
104.26636068356552
 10
384.05072334014466
 20
105.12682238226822
 10
383.62900198509897
 20
106.03051996898056
 10
383.0597961798806
 20
106.96342064960962
 10
382.3553390544006
 20
107.91149163006244
 10
381.52786373856975
 20
108.8607001162461
 10
380.589603362299
 20
109.79701331406764
 10
379.55279105549937
 20
110.70639842943409
 10
378.42965994808185
 20
111.57482266825254
 10
377.23244316995726
 20
112.38825323643003
 10
375.9733738510365
 20
113.13265733987363
 10
375.08352139062725
 20
113.63091087948011
 10
374.31403326145244
 20
114.08389336284951
 10
373.6639867070009
 20
114.49247586309161
 10
373.1324589707614
 20
114.8575294533162
 10
372.71852729622253
 20
115.17992520663309
 10
372.42126892687315
 20
115.46053419615198
 10
372.239761106202
 20
115.70022749498271
 10
372.1730810776978
 20
115.89987617623501
 10
372.2203060848493
 20
116.06035131301869
 10
372.3805133711453
 20
116.18252397844347
 10
372.6527801800744
 20
116.2672652456192
 10
372.9104811567836
 20
116.32946494127407
 10
373.15674336564916
 20
116.40856765578745
 10
373.3888057247776
 20
116.5025530543469
 10
373.60390715227584
 20
116.60940080214016
 10
373.79928656625026
 20
116.72709056435473
 10
373.9721828848077
 20
116.85360200617826
 10
374.1198350260549
 20
116.98691479279837
 10
374.23948190809847
 20
117.12500858940263
 10
374.32836244904513
 20
117.26586306117869
 10
374.38371556700156
 20
117.40745787331412
 10
374.4027801800744
 20
117.54777269099657
 10
374.2789826773417
 20
117.85382437007588
 10
373.92876672841686
 20
118.09569788276455
 10
373.38389717221014
 20
118.27376855126478
 10
372.6761388476316
 20
118.38841169777882
 10
371.83725659359123
 20
118.4400026445089
 10
370.89901524899926
 20
118.42891671365723
 10
369.89317965276587
 20
118.35552922742608
 10
368.85151464380095
 20
118.22021550801759
 10
367.80578506101483
 20
118.02335087763407
 10
366.78775574331746
 20
117.76531065847769
 10
365.82919152961904
 20
117.44647017275071
 10
364.9910993919335
 20
117.15206393251756
 10
364.2736386576703
 20
116.95080375310165
 10
363.6784176558243
 20
116.84151677682729
 10
363.20704471539074
 20
116.82303014601887
 10
362.86112816536456
 20
116.89417100300075
 10
362.6422763347408
 20
117.05376649009723
 10
362.5520975525146
 20
117.30064374963271
 10
362.59220014768096
 20
117.63362992393152
 10
362.764192449235
 20
118.051552155318
 10
363.0696827861717
 20
118.55323758611652
 10
363.51027948748606
 20
119.13751335865143
 10
363.81729872024505
 20
119.52001916134546
 10
364.0574906178901
 20
119.83415424581676
 10
364.2289811959577
 20
120.08272793348422
 10
364.32989646998413
 20
120.26854954576672
 10
364.3583624555058
 20
120.39442840408313
 10
364.31250516805915
 20
120.4631738298524
 10
364.19045062318054
 20
120.47759514449334
 10
363.99032483640633
 20
120.44050166942482
 10
363.71025382327304
 20
120.35470272606577
 10
363.34836359931694
 20
120.22300763583502
 10
362.9027801800744
 20
120.0482257201515
 10
362.58920016504817
 20
119.92483712268348
 10
362.25240452267394
 20
119.79624811086113
 10
361.89830985700905
 20
119.6645158676706
 10
361.5328327721105
 20
119.53169757609825
 10
361.1618898720353
 20
119.39985041913032
 10
360.79139776084077
 20
119.27103157975301
 10
360.4272730425838
 20
119.14729824095264
 10
360.0754323213216
 20
119.03070758571539
 10
359.74179220111125
 20
118.92331679702757
 10
359.43226928600984
 20
118.82718305787542
 10
359.1527801800744
 20
118.74436355124519
 10
358.8950792033652
 20
118.65301743216686
 10
358.6488169944996
 20
118.53212711480326
 10
358.4167546353712
 20
118.38498467084005
 10
358.20165320787305
 20
118.21488217196287
 10
358.0062737938986
 20
118.02511168985738
 10
357.83337747534114
 20
117.8189652962092
 10
357.68572533409395
 20
117.59973506270396
 10
357.5660784520504
 20
117.37071306102732
 10
357.47719791110376
 20
117.13519136286486
 10
357.42184479314733
 20
116.89646203990226
 10
357.4027801800744
 20
116.65781716382517
 10
357.39521827027943
 20
116.36818621294404
 10
357.3719080493258
 20
116.1289844268611
 10
357.3319127798601
 20
115.93980494220983
 10
357.274295724529
 20
115.80024089562372
 10
357.1981201459792
 20
115.70988542373627
 10
357.10244930685747
 20
115.66833166318094
 10
356.98634646981037
 20
115.6751727505912
 10
356.84887489748473
 20
115.73000182260057
 10
356.6890978525271
 20
115.8324120158425
 10
356.5060785975843
 20
115.98199646695046
 10
356.2988803953029
 20
116.17834831255797
 10
356.0598555804879
 20
116.37481753434842
 10
355.7787281239819
 20
116.52476380738136
 10
355.4506187424878
 20
116.62779480835462
 10
355.07064815270826
 20
116.6835182139661
 10
354.6339370713462
 20
116.6915417009135
 10
354.13560621510464
 20
116.65147294589471
 10
353.57077630068625
 20
116.56291962560756
 10
352.93456804479405
 20
116.42548941674981
 10
352.2221021641309
 20
116.23878999601932
 10
351.4284993753995
 20
116.0024290401139
 10
350.5488803953029
 20
115.71601422573136
 10
348.8235505706097
 20
115.11023516135333
 10
347.3057704310114
 20
114.51768425176503
 10
345.9673226906542
 20
113.91621556934838
 10
344.7799900636843
 20
113.28368318648525
 10
343.715555264248
 20
112.59794117555747
 10
342.74580100649143
 20
111.83684360894698
 10
341.84251000456095
 20
110.9782445590356
 10
340.97746497260283
 20
109.9999980982052
 10
340.12244862476325
 20
108.87995829883768
 10
339.2492436751884
 20
107.59597923331488
 10
338.3296328380245
 20
106.1259149740187
 10
337.8462414720482
 20
105.34849949415359
 10
337.33864787056496
 20
104.56892884330458
 10
336.81517495384594
 20
103.79805680378675
 10
336.28414564216246
 20
103.04673715791523
 10
335.7538828557859
 20
102.32582368800502
 10
335.2327095149875
 20
101.64617017637119
 10
334.7289485400386
 20
101.01863040532885
 10
334.2509228512105
 20
100.454058157193
 10
333.8069553687745
 20
99.96330721427873
 10
333.40536901300186
 20
99.5572313589011
 10
333.054486704164
 20
99.24668437337522
 10
332.69563739840896
 20
98.94888092521325
 10
332.3948067459949
 20
98.67841103051498
 10
332.15205291339214
 20
98.43541100739711
 10
331.9674340670706
 20
98.22001717397666
 10
331.8410083735005
 20
98.0323658483704
 10
331.7728339991519
 20
97.87259334869523
 10
331.76296911049496
 20
97.74083599306798
 10
331.81147187399984
 20
97.63723009960549
 10
331.9184004561366
 20
97.5619119864246
 10
332.0838130233755
 20
97.51501797164224
 10
332.30776774218646
 20
97.49668437337522
 10
332.5706638313145
 20
97.47999015525704
 10
332.77490659941276
 20
97.4373918943609
 10
332.91994785143277
 20
97.36625038536096
 10
333.0052393923261
 20
97.26392642293135
 10
333.03023302704435
 20
97.12778080174627
 10
332.99438056053907
 20
96.95517431647983
 10
332.89713379776197
 20
96.74346776180619
 10
332.7379445436645
 20
96.49002193239946
 10
332.51626460319847
 20
96.1921976229338
 10
332.2315457813153
 20
95.84735562808339
 10
331.88323988296656
 20
95.45285674252233
 10
331.6114163907847
 20
95.1308853608353
 10
331.3469579036156
 20
94.77591907441882
 10
331.09310046592446
 20
94.39466336787092
 10
330.8530801221765
 20
93.99382372578964
 10
330.63013291683694
 20
93.58010563277304
 10
330.4274948943711
 20
93.16021457341915
 10
330.24840209924406
 20
92.74085603232609
 10
330.09609057592127
 20
92.3287354940918
 10
329.97379636886774
 20
91.9305584433144
 10
329.88475552254886
 20
91.55303036459188
 10
329.8322040814298
 20
91.20285674252233
 10
329.7917334204035
 20
90.85019482660331
 10
329.7377684942162
 20
90.4654421153937
 10
329.6717957171127
 20
90.05566446708343
 10
329.59530150333785
 20
89.62792773986274
 10
329.50977226713667
 20
89.18929779192149
 10
329.41669442275395
 20
88.74684048144985
 10
329.3175543844346
 20
88.30762166663783
 10
329.21383856642353
 20
87.87870720567537
 10
329.10703338296565
 20
87.46716295675265
 10
328.99862524830587
 20
87.08005477805966
 10
328.890100576689
 20
86.72444852778642
 10
328.780920374067
 20
86.35193468164235
 10
328.70134682889034
 20
86.00977774992555
 10
328.6511900278788
 20
85.69905665393355
 10
328.63026005775225
 20
85.42085031496381
 10
328.63836700523063
 20
85.17623765431381
 10
328.6753209570336
 20
84.96629759328101
 10
328.7409319998812
 20
84.79210905316287
 10
328.83501022049313
 20
84.65475095525687
 10
328.95736570558927
 20
84.55530222086048
 10
329.10780854188954
 20
84.49484177127118
 10
329.2861488161137
 20
84.47444852778642
 10
329.45058138360906
 20
84.43631930164068
 10
329.60771515856766
 20
84.32561306572782
 10
329.7557883634805
 20
84.14785198383453
 10
329.8930392208389
 20
83.90855821974733
 10
330.0177059531338
 20
83.613253937253
 10
330.1280267828564
 20
83.26746130013805
 10
330.2222399324979
 20
82.87670247218915
 10
330.29858362454934
 20
82.4464996171929
 10
330.3552960815018
 20
81.98237489893592
 10
330.39061552584644
 20
81.48985048120488
 10
330.4027801800744
 20
80.97444852778642
 10
330.4133627623076
 20
80.45904657436799
 10
330.44408874244675
 20
79.96652215663693
 10
330.4934254706512
 20
79.50239743837997
 10
330.55984029708026
 20
79.07219458338372
 10
330.6418005718932
 20
78.68143575543482
 10
330.7377736452495
 20
78.33564311831984
 10
330.84622686730836
 20
78.04033883582551
 10
330.96562758822915
 20
77.80104507173834
 10
331.0944431581712
 20
77.62328398984502
 10
331.23114092729384
 20
77.51257775393216
 10
331.3741882457564
 20
77.47444852778642
 10
331.5264101052247
 20
77.43904281779396
 10
331.68974567961266
 20
77.33624417016063
 10
331.86133359245105
 20
77.17118030840251
 10
332.03831246727066
 20
76.94897895603583
 10
332.2178209276026
 20
76.67476783657679
 10
332.3969975969775
 20
76.35367467354149
 10
332.57298109892645
 20
75.99082719044608
 10
332.74291005698024
 20
75.59135311080672
 10
332.90392309466984
 20
75.16038015813953
 10
333.0531588355261
 20
74.70303605596072
 10
333.1877559030799
 20
74.22444852778642
 10
333.3237087817578
 20
73.74586099961215
 10
333.47688105008444
 20
73.28851689743334
 10
333.6442149727386
 20
72.85754394476615
 10
333.82265281439845
 20
72.45806986512679
 10
334.0091368397426
 20
72.09522238203135
 10
334.2006093134494
 20
71.77412921899602
 10
334.3940125001973
 20
71.49991809953701
 10
334.5862886646647
 20
71.27771674717036
 10
334.77438007153023
 20
71.11265288541227
 10
334.95522898547216
 20
71.00985423777891
 10
335.125777671169
 20
70.97444852778642
 10
335.310327397572
 20
70.9449855499904
 10
335.5318276090125
 20
70.85944131790674
 10
335.7851928332391
 20
70.72208288349205
 10
336.0653375980004
 20
70.53717729870314
 10
336.367176431045
 20
70.30899161549658
 10
336.6856238601214
 20
70.04179288582904
 10
337.0155944129782
 20
69.73984816165725
 10
337.35200261736406
 20
69.40742449493777
 10
337.6897630010276
 20
69.04878893762736
 10
338.0237900917174
 20
68.66820854168265
 10
338.34899841718186
 20
68.26995035906035
 10
338.6966820755201
 20
67.85206569827625
 10
339.0510804344415
 20
67.47224773995143
 10
339.4085373811729
 20
67.13267861401027
 10
339.76539680294115
 20
66.83554045037752
 10
340.11800258697326
 20
66.58301537897768
 10
340.462698620496
 20
66.37728552973527
 10
340.7958287907363
 20
66.2205330325749
 10
341.11373698492105
 20
66.11494001742108
 10
341.41276709027716
 20
66.06268861419835
 10
341.6892629940314
 20
66.06596095283135
 10
341.93956858341085
 20
66.12693916324457
 10
342.15503775917796
 20
66.19988114023528
 10
342.3609427419391
 20
66.25061092414595
 10
342.5549749333825
 20
66.2796534321939
 10
342.7348257351963
 20
66.28753358159673
 10
342.8981865490687
 20
66.2747762895718
 10
343.042748776688
 20
66.2419064733366
 10
343.16620381974235
 20
66.18944905010855
 10
343.26624307991995
 20
66.11792893710506
 10
343.340557958909
 20
66.02787105154366
 10
343.38683985839776
 20
65.9198003106417
 10
343.4027801800744
 20
65.7942416316167
 10
343.3127989232735
 20
65.39100324731464
 10
343.0606058272293
 20
65.0912813449037
 10
342.67282690348
 20
64.89169702466535
 10
342.17608816356335
 20
64.7888713868812
 10
341.5970156190176
 20
64.77942553183271
 10
340.9622352813806
 20
64.85998055980144
 10
340.2983731621904
 20
65.02715757106887
 10
339.632055272985
 20
65.27757766591654
 10
338.9899076253023
 20
65.60786194462597
 10
338.39855623068047
 20
66.01463150747867
 10
337.88462710065744
 20
66.49450745475616
 10
337.46692016784493
 20
66.93581935598147
 10
337.0906504465995
 20
67.25626770228263
 10
336.7282187585828
 20
67.43448250756904
 10
336.3520259254563
 20
67.44909378575008
 10
335.9344727688817
 20
67.27873155073513
 10
335.4479601105204
 20
66.90202581643354
 10
334.86488877203413
 20
66.29760659675469
 10
334.15765957508444
 20
65.4441039056079
 10
333.2986733413328
 20
64.32014775690254
 10
332.26033089244095
 20
62.90436816454806
 10
331.0150330500704
 20
61.175395142453766
 10
330.1632038158714
 20
59.99172104780814
 10
329.17190527848436
 20
58.6204598214172
 10
328.06247034987854
 20
57.090827072999446
 10
326.856231942023
 20
55.43203841227344
 10
325.5745229668868
 20
53.67330944895784
 10
324.23867633643914
 20
51.843855792771194
 10
322.87002496264915
 20
49.97289305343202
 10
321.48990175748594
 20
48.089636840658954
 10
320.1196396329186
 20
46.22330276417051
 10
318.7805715009163
 20
44.40310643368528
 10
317.4940302734482
 20
42.65826345892185
 10
309.139584909817
 20
31.34207839005731
 10
309.64213723727926
 20
25.081335380848202
 10
309.9956052696309
 20
22.050104598669662
 10
310.5460624455586
 20
19.30110590899494
 10
311.292419130645
 20
16.83565824954303
 10
312.23358569047264
 20
14.65508055803295
 10
313.3684724906244
 20
12.760691772183549
 10
314.6959898966828
 20
11.153810829713848
 10
316.21504827423075
 20
9.83575666834281
 10
317.9245579888508
 20
8.807848225789343
 10
319.8234294061257
 20
8.07140443977238
 10
321.9105728916382
 20
7.627744248010941
 10
324.1848988109709
 20
7.478186588223963
 10
325.5074422476987
 20
7.522623384336924
 10
326.83343324904376
 20
7.65438974658008
 10
328.14682776789454
 20
7.867724626752448
 10
329.43158175713944
 20
8.15686697665322
 10
330.6716511696669
 20
8.516055748081527
 10
331.8509919583653
 20
8.939529892836362
 10
332.95356007612304
 20
9.421528362716913
 10
333.9633114758287
 20
9.956290109522172
 10
334.8642021103705
 20
10.538054085051328
 10
335.640187932637
 20
11.161059241103487
 10
336.27522489551654
 20
11.819544529477696
 10
336.57439642593084
 20
12.194456477887854
 10
336.7913453616758
 20
12.508689703339257
 10
336.9178358131592
 20
12.76750603812593
 10
336.94563189078895
 20
12.976167314542096
 10
336.86649770497297
 20
13.139935364881865
 10
336.67219736611924
 20
13.26407202143929
 10
336.35449498463555
 20
13.353839116508595
 10
335.9051546709299
 20
13.414498482383834
 10
335.31594053541016
 20
13.451311951359116
 10
334.57861668848415
 20
13.469541355728609
 10
333.68494724055984
 20
13.474448527786421
 10
332.27503893954076
 20
13.588065202700477
 10
330.65262569484986
 20
13.912050349854326
 10
328.8713738460043
 20
14.421106652865575
 10
326.98494973252116
 20
15.08993679535206
 10
325.0470196939176
 20
15.893243460931302
 10
323.11125006971076
 20
16.805729333221052
 10
321.23130719941764
 20
17.802097095838974
 10
319.4608574225555
 20
18.85704943240262
 10
317.8535670786414
 20
19.945289026529764
 10
316.46310250719245
 20
21.041518561838046
 10
315.3431300477258
 20
22.1204407219451
 10
314.79038952441243
 20
22.73260922199313
 10
314.3673216636936
 20
23.217393340174908
 10
314.0824945064666
 20
23.57257510916449
 10
313.94447609362885
 20
23.795936561635898
 10
313.9618344660777
 20
23.8852597302631
 10
314.1431376647104
 20
23.838326647720066
 10
314.4969537304245
 20
23.652919346680847
 10
315.03185070411723
 20
23.326819859819352
 10
315.75639662668607
 20
22.857810219809664
 10
316.6791595390284
 20
22.243672459325666
 10
317.8087074820414
 20
21.482188611041465
 10
320.48623757629184
 20
19.77077471465884
 10
323.0948891479384
 20
18.302097789352587
 10
325.6242880373553
 20
17.07837095825124
 10
328.0640600849167
 20
16.101807344483376
 10
330.40383113099665
 20
15.374620071177503
 10
332.6332270159695
 20
14.899022261462193
 10
334.74187358020924
 20
14.677227038465958
 10
336.71939666409014
 20
14.711447525317254
 10
338.5554221079864
 20
15.003896845144709
 10
340.239575752272
 20
15.556788121076806
 10
341.7614834373213
 20
16.372334476242145
 10
342.48080547911223
 20
16.90175579710092
 10
343.2544732422571
 20
17.567638003055038
 10
344.05657781338704
 20
18.338303099206655
 10
344.8612102791331
 20
19.182073090657866
 10
345.6424617261265
 20
20.067269982510908
 10
346.3744232409984
 20
20.962215779867876
 10
347.03118591037986
 20
21.835232487830893
 10
347.5868408209021
 20
22.65464211150214
 10
348.0154790591963
 20
23.388766655983716
 10
348.2911917118935
 20
24.00592812637774
 10
348.38806986562486
 20
24.47444852778642
 10
348.32926428058784
 20
24.549738672967635
 10
348.15896470775783
 20
24.62492278728365
 10
347.88565756418666
 20
24.69897138889317
 10
347.51782926692624
 20
24.77085499595495
 10
347.0639662330284
 20
24.839544126627715
 10
346.5325548795448
 20
24.904009299070168
 10
345.93208162352755
 20
24.963221031441066
 10
345.2710328820282
 20
25.016149841898994
 10
344.55789507209875
 20
25.061766248602765
 10
343.80115461079095
 20
25.09904076971111
 10
343.0092979151566
 20
25.12694392338267
 10
341.2634863494831
 20
25.235452834155012
 10
339.5326579550716
 20
25.46164620938464
 10
337.81638074071736
 20
25.805704232766544
 10
336.11422271521536
 20
26.267807087995976
 10
334.4257518873608
 20
26.8481349587681
 10
332.75053626594865
 20
27.546868028777908
 10
331.08814385977416
 20
28.364186481720623
 10
329.4381426776324
 20
29.30027050129138
 10
327.8001007283186
 20
30.35530027118523
 10
326.1735860206277
 20
31.52945597509739
 10
324.5581665633549
 20
32.822917796722976
 10
323.214237771217
 20
33.972048760921865
 10
322.18261453765234
 20
34.89530228080696
 10
321.4591360480871
 20
35.59230082683169
 10
321.03964148794716
 20
36.06266686944949
 10
320.91997004265835
 20
36.3060228791137
 10
321.09596089764665
 20
36.32199132627787
 10
321.56345323833796
 20
36.11019468139537
 10
322.3182862501582
 20
35.67025541491958
 10
323.35629911853334
 20
35.00179599730393
 10
324.67333102888927
 20
34.10443889900188
 10
326.2652211666518
 20
32.97780659046683
 10
327.9171368994648
 20
31.843870621060063
 10
329.56406016412575
 20
30.819424690153255
 10
331.2068654574871
 20
29.904153558251124
 10
332.8464272764014
 20
29.097741985858733
 10
334.4836201177212
 20
28.399874733480743
 10
336.11931847829914
 20
27.810236561622048
 10
337.7543968549877
 20
27.328512230787425
 10
339.38972974463957
 20
26.954386501481736
 10
341.02619164410726
 20
26.68754413420976
 10
342.66465705024336
 20
26.527669889476414
 10
344.30600045990036
 20
26.47444852778642
 10
345.9752415679958
 20
26.528842267176856
 10
347.4713487730095
 20
26.691249051651454
 10
348.7927517909792
 20
26.960507230664916
 10
349.9378803379425
 20
27.335455153672285
 10
350.9051641299372
 20
27.814931170128318
 10
351.6930328830009
 20
28.39777362948803
 10
352.29991631317137
 20
29.082820881206146
 10
352.72424413648616
 20
29.868911274737513
 10
352.9644460689831
 20
30.754883159537087
 10
353.01895182669983
 20
31.73957488505971
 10
352.886191125674
 20
32.821824800760254
 10
352.570671265857
 20
34.3568866326963
 10
352.28452586607307
 20
35.63770672131332
 10
352.01293265080693
 20
36.68747486893727
 10
351.7410693445437
 20
37.52938087789411
 10
351.45411367176825
 20
38.18661455050972
 10
351.13724335696554
 20
38.68236568911004
 10
350.7756361246206
 20
39.03982409602099
 10
350.3544696992183
 20
39.282179573568555
 10
349.85892180524377
 20
39.432621924078546
 10
349.27417016718175
 20
39.51434094987701
 10
348.5853925095173
 20
39.55052645328979
 10
348.152227959126
 20
39.57662437089522
 10
347.6640211301969
 20
39.630576600056855
 10
347.1305267078478
 20
39.71010592176941
 10
346.5614993771965
 20
39.812935117027564
 10
345.9666938233609
 20
39.93678696682599
 10
345.3558647314587
 20
40.07938425215937
 10
344.7387667866079
 20
40.23844975402241
 10
344.12515467392626
 20
40.411706253409704
 10
343.5247830785316
 20
40.596876531315985
 10
342.94740668554164
 20
40.7916833687359
 10
342.4027801800744
 20
40.993849546664194
 10
341.54953743706744
 20
41.32893712697489
 10
340.878699749033
 20
41.6011153882761
 10
340.3999846441504
 20
41.81378002647986
 10
340.12310965059896
 20
41.97032673749834
 10
340.057792296558
 20
42.07415121724358
 10
340.2137501102069
 20
42.12864916162775
 10
340.60070061972476
 20
42.13721626656297
 10
341.22836135329123
 20
42.103248227961274
 10
342.1064498390854
 20
42.03014074173484
 10
343.2446836052867
 20
41.92128950379572
 10
344.6527801800744
 20
41.78009021005602
 10
350.4027801800744
 20
41.19908570557686
 10
350.4027801800744
 20
44.271667455507156
 10
350.44110180153586
 20
45.31976982145579
 10
350.5506024297412
 20
46.37498693142018
 10
350.7230857104215
 20
47.41478753767899
 10
350.9503552893079
 20
48.41664039251094
 10
351.2242148121315
 20
49.35801424819462
 10
351.53646792462354
 20
50.21637785700864
 10
351.8789182725152
 20
50.96919997123172
 10
352.2433695015375
 20
51.593949343142356
 10
352.62162525742167
 20
52.06809472501925
 10
353.0054891858989
 20
52.36910486914107
 10
353.38676493270026
 20
52.47444852778642
 10
353.5548981770057
 20
52.42604402106679
 10
353.696816091598
 20
52.28201048541379
 10
353.81239411213056
 20
52.044117897586545
 10
353.9015076742569
 20
51.71413623434415
 10
353.9640322136304
 20
51.29383547244572
 10
353.9998431659047
 20
50.78498558865033
 10
354.0088159667331
 20
50.18935655971703
 10
353.9908260517693
 20
49.50871836240489
 10
353.9457488566668
 20
48.744840973473
 10
353.8734598170789
 20
47.8994943696805
 10
353.7738343686592
 20
46.97444852778642
 10
353.63674023679084
 20
45.755843511222366
 10
353.53778040214377
 20
44.72849021913447
 10
353.48019049814195
 20
43.87654507780155
 10
353.4672061582092
 20
43.18416451350265
 10
353.5020630157693
 20
42.635504952516555
 10
353.58799670424634
 20
42.21472282112211
 10
353.72824285706406
 20
41.90597454559827
 10
353.9260371076464
 20
41.69341655222394
 10
354.1846150894172
 20
41.5612052672779
 10
354.50721243580034
 20
41.493497117039084
 10
354.89706478021975
 20
41.47444852778642
 10
355.19632543027024
 20
41.49834570137119
 10
355.55761845513314
 20
41.56772990881373
 10
355.97255180693554
 20
41.67914018014662
 10
356.43273343780436
 20
41.82911554540243
 10
356.9297712998665
 20
42.01419503461375
 10
357.45527334524905
 20
42.23091767781315
 10
358.00084752607887
 20
42.47582250503311
 10
358.55810179448304
 20
42.74544854630625
 10
359.1186441025884
 20
43.0363348316651
 10
359.67408240252206
 20
43.345020391142214
 10
360.2160246464109
 20
43.668044254770194
 10
361.0562694737954
 20
44.18443895808565
 10
361.7477915274909
 20
44.59924049647432
 10
362.3015188528525
 20
44.913402096206
 10
362.7283794952348
 20
45.12787698355041
 10
363.03930149999275
 20
45.243618384777164
 10
363.2452129124812
 20
45.261579526156
 10
363.35704177805485
 20
45.18271363395658
 10
363.38571614206876
 20
45.007973934448614
 10
363.3421640498776
 20
44.73831365390174
 10
363.2373135468364
 20
44.37468601858569
 10
363.0820926782997
 20
43.918044254770194
 10
362.9484675191574
 20
43.5222942327662
 10
362.8570561031171
 20
43.21059419435008
 10
362.81068777820826
 20
42.98383922667358
 10
362.8121918924604
 20
42.84292441688848
 10
362.86439779390315
 20
42.788744852146465
 10
362.9701348305658
 20
42.822195619599285
 10
363.13223235047815
 20
42.94417180639866
 10
363.3535197016695
 20
43.15556849969627
 10
363.6368262321695
 20
43.457280786643935
 10
363.98498129000757
 20
43.850203754393306
 10
364.40081422321333
 20
44.33523249009616
 10
364.69561912745434
 20
44.698010318164705
 10
364.977338303803
 20
45.07416421097267
 10
365.2428131282853
 20
45.45777756446293
 10
365.48888497692735
 20
45.84293377457837
 10
365.7123952257549
 20
46.223716237261954
 10
365.91018525079414
 20
46.59420834845653
 10
366.079096428071
 20
46.948493504105045
 10
366.2159701336115
 20
47.28065510015034
 10
366.3176477434415
 20
47.584776532535386
 10
366.3809706335872
 20
47.854941197203004
 10
366.4027801800744
 20
48.08523249009616
 10
366.4418705069464
 20
48.516263559931815
 10
366.55123335449366
 20
48.86573887232811
 10
366.7190065231134
 20
49.13295200867094
 10
366.9333278132025
 20
49.317196550346125
 10
367.18233502515807
 20
49.41776607873945
 10
367.454165959377
 20
49.43395417523675
 10
367.73695841625647
 20
49.365054421223874
 10
368.0188501961935
 20
49.21036039808655
 10
368.2879790995851
 20
48.96916568721065
 10
368.53248292682827
 20
48.64076386998201
 10
368.74049947832003
 20
48.22444852778642
 10
368.8156342536505
 20
48.08122914386462
 10
368.8891092164143
 20
48.023941390295874
 10
368.9600040059803
 20
48.04864086437547
 10
369.0273982617173
 20
48.15138316339872
 10
369.09037162299427
 20
48.32822388466096
 10
369.1480037291801
 20
48.57521862545735
 10
369.1993742196437
 20
48.88842298308319
 10
369.2435627337539
 20
49.263892554833774
 10
369.2796489108797
 20
49.697682938004306
 10
369.30671239038986
 20
50.185849729890094
 10
369.32383281165335
 20
50.72444852778642
 10
369.34533258610224
 20
51.2766649064491
 10
369.3851112910677
 20
51.804369639732386
 10
369.4416143147679
 20
52.301646123579076
 10
369.5132870454205
 20
52.76257775393219
 10
369.59857487124356
 20
53.181247926734585
 10
369.69592318045494
 20
53.551740037929164
 10
369.80377736127264
 20
53.86813748345884
 10
369.92058280191446
 20
54.124523659266515
 10
370.0447848905984
 20
54.314981961295075
 10
370.17482901554234
 20
54.43359578548737
 10
370.3091605649642
 20
54.47444852778642
 10
370.43648885094603
 20
54.497940182499576
 10
370.54619936272945
 20
54.56614698687349
 10
370.6377517542722
 20
54.6756667012601
 10
370.71060567953157
 20
54.82309708601139
 10
370.7642207924652
 20
55.00503590147912
 10
370.79805674703056
 20
55.21808090801531
 10
370.8115731971851
 20
55.45882986597172
 10
370.8042297968865
 20
55.723880535700346
 10
370.77548620009213
 20
56.009830677553055
 10
370.72480206075954
 20
56.313278051881724
 10
370.65163703284617
 20
56.63082041903829
 10
370.5546565481849
 20
57.02956510655417
 10
370.4880656152422
 20
57.37012832226597
 10
370.4524467403438
 20
57.653652853899445
 10
370.44838242981507
 20
57.88128148918062
 10
370.47645518998144
 20
58.05415701583519
 10
370.5372475271685
 20
58.17342222158905
 10
370.6313419477017
 20
58.240219894168035
 10
370.75932095790654
 20
58.25569282129794
 10
370.9217670641084
 20
58.22098379070465
 10
371.11926277263296
 20
58.13723559011399
 10
371.3523905898056
 20
58.00559100725178
 10
371.58730712090517
 20
57.871829441130444
 10
371.7842951114303
 20
57.78543618267085
 10
371.94391288714496
 20
57.747682434386235
 10
372.0667187738131
 20
57.75983939878989
 10
372.15327109719874
 20
57.82317827839509
 10
372.204128183066
 20
57.93897027571501
 10
372.2198483571789
 20
58.10848659326297
 10
372.20098994530133
 20
58.33299843355218
 10
372.1481112731974
 20
58.613776999095876
 10
372.0617706666312
 20
58.952093492407386
 10
371.9425264513666
 20
59.349219115999915
 10
371.74029987907295
 20
60.07114110776169
 10
371.6349959605965
 20
60.63722166983598
 10
371.6164428328959
 20
61.049524273252416
 10
371.6744686329297
 20
61.31011238904085
 10
371.7989014976564
 20
61.42104948823095
 10
371.9795695640347
 20
61.38439904185242
 10
372.2063009690231
 20
61.20222452093503
 10
372.4689238495802
 20
60.876589396508535
 10
372.7572663426646
 20
60.40955713960261
 10
373.0611565852349
 20
59.80319122124703
 10
373.3704227142497
 20
59.059555112471486
 10
373.51119408718966
 20
58.63168363298519
 10
373.62231998517285
 20
58.16908683287855
 10
373.70384597530733
 20
57.675440747750486
 10
373.7558176247013
 20
57.15442141320017
 10
373.778280500463
 20
56.60970486482648
 10
373.77128016970056
 20
56.044967138228515
 10
373.73486219952224
 20
55.463884269005234
 10
373.66907215703617
 20
54.8701322927557
 10
373.5739556093506
 20
54.26738724507885
 10
373.44955812357364
 20
53.659325161573776
 10
373.2959252668136
 20
53.049622077839445
 10
373.10531101946214
 20
52.31584002260183
 10
372.9602272965691
 20
51.65159257559236
 10
372.8615812871559
 20
51.047422684247096
 10
372.81028018024404
 20
50.49387329600248
 10
372.8072311648549
 20
49.98148735829463
 10
372.85334143001
 20
49.50080781855979
 10
372.9495181647309
 20
49.042377624234234
 10
373.0966685580391
 20
48.59673972275411
 10
373.295699798956
 20
48.15443706155571
 10
373.54751907650314
 20
47.706012588075254
 10
373.853033579702
 20
47.242009249749
 10
374.36711542027035
 20
46.32509746729758
 10
374.7800769326787
 20
45.224463293439385
 10
375.09165426482366
 20
43.997217033703976
 10
375.3015835646015
 20
42.70046899362083
 10
375.4096009799089
 20
41.391329478719626
 10
375.4154426586422
 20
40.12690879452981
 10
375.31884474869787
 20
38.964317246581004
 10
375.1195433979725
 20
37.96066514040268
 10
374.81727475436253
 20
37.173062781524436
 10
374.41177496576427
 20
36.65862047547586
 10
373.9027801800744
 20
36.47444852778642
 10
373.62792505168227
 20
36.50183708550762
 10
373.38311057947305
 20
36.58544402979757
 10
373.16746317282684
 20
36.72743126734588
 10
372.98010924112396
 20
36.92996070484216
 10
372.8201751937446
 20
37.195194248976065
 10
372.6867874400691
 20
37.52529380643713
 10
372.5790723894777
 20
37.922421283915014
 10
372.49615645135054
 20
38.38873858809927
 10
372.4371660350679
 20
38.9264076256795
 10
372.40122755001016
 20
39.53759030334538
 10
372.38746740555735
 20
40.22444852778642
 10
372.3742859154519
 20
40.7930060033687
 10
372.34040636288955
 20
41.368156266328896
 10
372.287435375969
 20
41.94161607098704
 10
372.2169795827885
 20
42.5051021716632
 10
372.13064561144665
 20
43.05033132267749
 10
372.03004009004184
 20
43.56902027834991
 10
371.9167696466726
 20
44.05288579300057
 10
371.79244090943746
 20
44.49364462094945
 10
371.6586605064348
 20
44.88301351651671
 10
371.51703506576325
 20
45.21270923402233
 10
371.3691712155211
 20
45.47444852778642
 10
371.14653631104215
 20
45.792416909652616
 10
370.94534659270414
 20
46.041627179941514
 10
370.75975243314997
 20
46.22077051402414
 10
370.5839042050219
 20
46.32853808727154
 10
370.41195228096274
 20
46.36362107505482
 10
370.238047033615
 20
46.32471065274498
 10
370.0563388356212
 20
46.210497995713155
 10
369.860978059624
 20
46.0196742793303
 10
369.6461150782661
 20
45.750930678967535
 10
369.40590026418994
 20
45.40295836999587
 10
369.1344839900381
 20
44.97444852778642
 10
368.6794417025534
 20
44.19946519950588
 10
368.2723369880959
 20
43.428109965034054
 10
367.91157514885487
 20
42.65477840892612
 10
367.5955614870194
 20
41.87386611573726
 10
367.32270130477883
 20
41.07976867002267
 10
367.0913999043223
 20
40.2668816563376
 10
366.9000625878392
 20
39.42960065923728
 10
366.7470946575187
 20
38.56232126327677
 10
366.63090141555006
 20
37.65943905301131
 10
366.5498881641224
 20
36.715349612996135
 10
366.502460205425
 20
35.72444852778642
 10
366.4722599242954
 20
35.13109049912663
 10
366.41945778369796
 20
34.60258868664681
 10
366.34311786185066
 20
34.13718458383397
 10
366.24230423697134
 20
33.73311968417519
 10
366.1160809872781
 20
33.38863548115745
 10
365.9635121909887
 20
33.10197346826777
 10
365.7836619263213
 20
32.871375138993216
 10
365.5755942714936
 20
32.69508198682075
 10
365.33837330472375
 20
32.57133550523747
 10
365.07106310422955
 20
32.49837718773037
 10
364.77272774822904
 20
32.47444852778642
 10
364.43479012965565
 20
32.4958852765038
 10
364.1511785006636
 20
32.566571614322186
 10
363.91952374679374
 20
32.69607167874108
 10
363.7374567535872
 20
32.89394960726017
 10
363.60260840658486
 20
33.16976953737881
 10
363.5126095913278
 20
33.533095606596675
 10
363.465091193357
 20
33.993491952413166
 10
363.4576840982136
 20
34.560522712327895
 10
363.48801919143835
 20
35.24375202384036
 10
363.5537273585725
 20
36.05274402445011
 10
363.65243948515683
 20
36.997062851656636
 10
363.744710683741
 20
37.87456519355379
 10
363.8086383008506
 20
38.6267990564933
 10
363.84331429178377
 20
39.25837676887588
 10
363.84783061183873
 20
39.77391065910234
 10
363.82127921631366
 20
40.1780130555733
 10
363.76275206050684
 20
40.47529628668957
 10
363.67134109971664
 20
40.670372680851756
 10
363.54613828924107
 20
40.767854566460585
 10
363.3862355843785
 20
40.77235427191681
 10
363.190724940427
 20
40.68848412562113
 10
362.958698312685
 20
40.52085645597424
 10
362.74080576665847
 20
40.355684597970566
 10
362.52584630034505
 20
40.224301903673165
 10
362.31376840568925
 20
40.12670932959472
 10
362.1045205746357
 20
40.06290783224824
 10
361.89805129912907
 20
40.032898368146334
 10
361.6943090711139
 20
40.036681893801926
 10
361.4932423825348
 20
40.07425936572781
 10
361.29479972533636
 20
40.14563174043667
 10
361.0989295914632
 20
40.25079997444146
 10
360.9055804728599
 20
40.38976502425484
 10
360.7147008614712
 20
40.56252784638974
 10
360.2533917892615
 20
40.895786164723546
 10
359.76887426959325
 20
41.011484354382674
 10
359.27111811678026
 20
40.92265199848012
 10
358.77009314513623
 20
40.64231868012891
 10
358.2757691689751
 20
40.18351398244204
 10
357.7981160026105
 20
39.55926748853247
 10
357.3471034603565
 20
38.78260878151332
 10
356.9327013565269
 20
37.866567444497434
 10
356.56487950543533
 20
36.82417306059787
 10
356.2536077213957
 20
35.66845521292768
 10
356.00885581872194
 20
34.412443484599805
 10
355.8734697829173
 20
33.69724427593326
 10
355.698161168321
 20
32.99022061899271
 10
355.4847266325015
 20
32.294989017083566
 10
355.2349628330272
 20
31.615165973511296
 10
354.9506664274668
 20
30.95436799158145
 10
354.63363407338863
 20
30.316211574599436
 10
354.2856624283612
 20
29.704313225870692
 10
353.90854814995316
 20
29.122289448700656
 10
353.5040878957328
 20
28.57375674639485
 10
353.0740783232689
 20
28.062331622258682
 10
352.62031609012973
 20
27.59163057959762
 10
352.1985858053125
 20
27.162894050961114
 10
351.7535950403356
 20
26.67089970855386
 10
351.29275276988625
 20
26.125906921259258
 10
350.82346796865147
 20
25.538175057960842
 10
350.3531496113186
 20
24.917963487542067
 10
349.8892066725746
 20
24.275531578886472
 10
349.4390481271068
 20
23.62113870087748
 10
349.0100829496023
 20
22.965044222398518
 10
348.60972011474826
 20
22.317507512333123
 10
348.24536859723185
 20
21.688787939564776
 10
347.9244373717403
 20
21.089144872976902
 10
347.5945860725079
 20
20.493774391946943
 10
347.2043355822685
 20
19.87746005035018
 10
346.7623867484578
 20
19.24984242881675
 10
346.27744041851156
 20
18.62056210797701
 10
345.7581974398657
 20
17.999259668461264
 10
345.21335865995593
 20
17.395575690899705
 10
344.6516249262181
 20
16.81915075592258
 10
344.0816970860882
 20
16.27962544416016
 10
343.5122759870018
 20
15.786640336242783
 10
342.9520624763949
 20
15.349836012800608
 10
342.40975740170313
 20
14.978853054463968
 10
341.8736167940324
 20
14.631575113826898
 10
341.33130149456883
 20
14.26359708315374
 10
340.7906195658695
 20
13.881126402580435
 10
340.2593790704914
 20
13.490370512242777
 10
339.7453880709913
 20
13.097536852276676
 10
339.2564546299262
 20
12.708832862817872
 10
338.8003868098531
 20
12.33046598400233
 10
338.3849926733288
 20
11.968643655965764
 10
338.0180802829103
 20
11.629573318844109
 10
337.70745770115457
 20
11.319462412773191
 10
337.4609329906185
 20
11.044518377888835
 10
336.0817026559861
 20
9.687504765843784
 10
334.3995078147176
 20
8.531813947563165
 10
332.4743316317839
 20
7.584708430183241
 10
330.36615727215593
 20
6.8534507208403
 10
328.13496790080455
 20
6.345303326670603
 10
325.8407466827008
 20
6.0675287548103825
 10
323.54347678281533
 20
6.027389512395871
 10
321.30314136611935
 20
6.232148106563329
 10
319.17972359758346
 20
6.68906704444899
 10
317.23320664217886
 20
7.405408833189142
 10
315.52357366487615
 20
8.388435979920018
 10
314.37351272805836
 20
9.309208379733263
 10
313.3108738954734
 20
10.366820023330348
 10
312.3401639737145
 20
11.551125347998749
 10
311.4658897693748
 20
12.851978791026426
 10
310.6925580890477
 20
14.25923478970094
 10
310.0246757393262
 20
15.762747781310054
 10
309.4667495268035
 20
17.352372203141442
 10
309.0232862580729
 20
19.01796249248281
 10
308.69879273972754
 20
20.74937308662186
 10
308.4977757783606
 20
22.536458422846238
 10
308.4247421805653
 20
24.369072938443736
 10
308.4027801800744
 20
29.76369734910105
 10
302.3676862690409
 20
23.17745629225152
 10
300.38618603736154
 20
21.08583940807435
 10
298.3120658109041
 20
19.03053608507986
 10
296.1660873846521
 20
17.027768218071657
 10
293.96901255358927
 20
15.093757701853349
 10
291.7416031126993
 20
13.244726431228656
 10
289.50462085696586
 20
11.496896301001044
 10
287.2788275813726
 20
9.866489205974261
 10
285.08498508090315
 20
8.369727040951773
 10
282.9438551505412
 20
7.022831700737299
 10
280.87619958527034
 20
5.84202508013442
 10
278.9027801800744
 20
4.8435290739467405
 10
277.34315533461677
 20
4.202355379366111
 10
275.62408754584067
 20
3.6591411001412837
 10
273.7845176330343
 20
3.2163873524335145
 10
271.86338641548593
 20
2.8765952524041722
 10
269.8996347124836
 20
2.642265916214626
 10
267.93220334331545
 20
2.515900460026103
 10
266.00003312726983
 20
2.5
 10
264.1420648836347
 20
2.5970656522975446
 10
262.3972394316983
 20
2.8095985330801057
 10
260.80449759074884
 20
3.1400997585089954
 10
259.4027801800744
 20
3.5910704447454975
  0
LWPOLYLINE
  5
6D
330
17
100
AcDbEntity
  8
CUT
100
AcDbPolyline
 90
58
 70
1
 10
282.374769584707
 20
9.460158588317597
 10
283.7161307833899
 20
10.169735637614622
 10
284.81798640332465
 20
10.808065588658309
 10
285.6806510763689
 20
11.3759213675161
 10
286.30443943438036
 20
11.874075900255576
 10
286.68966610921643
 20
12.303302112944152
 10
286.8366457327347
 20
12.664372931649353
 10
286.7456929367928
 20
12.958061282438678
 10
286.4171223532484
 20
13.185140091379537
 10
285.8512486139589
 20
13.346382284539459
 10
285.048386350782
 20
13.44256078798594
 10
284.0088501955752
 20
13.474448527786421
 10
282.3256324714895
 20
13.558581430490051
 10
280.7607632486386
 20
13.806408144531474
 10
279.32253558162665
 20
14.21107067880638
 10
278.0192425250575
 20
14.765711042210711
 10
276.85917713353507
 20
15.46347124364027
 10
275.85063246166334
 20
16.297493291990833
 10
275.0019015640463
 20
17.260919196158227
 10
274.32127749528786
 20
18.346890965038256
 10
273.81705330999205
 20
19.54855060752675
 10
273.49752206276276
 20
20.859040132519453
 10
273.370976808204
 20
22.271501548912255
 10
273.3583071101674
 20
22.637603706151168
 10
273.33250052302174
 20
22.927531218726017
 10
273.2892307270378
 20
23.140468503035493
 10
273.2241714024862
 20
23.275599975478144
 10
273.1329962296377
 20
23.33211005245252
 10
273.01137888876303
 20
23.309183150357285
 10
272.85499306013287
 20
23.206003685590986
 10
272.6595124240179
 20
23.021756074552115
 10
272.420610660689
 20
22.755624733639365
 10
272.1339614504168
 20
22.406794079251284
 10
271.795238473472
 20
21.97444852778642
 10
271.5395110297484
 20
21.632053433072258
 10
271.2398724426796
 20
21.211594697259358
 10
270.90286759513066
 20
20.723162142842398
 10
270.53504136996696
 20
20.176845592316198
 10
270.14293865005357
 20
19.582734868175294
 10
269.7331043182558
 20
18.950919792914306
 10
269.31208325743887
 20
18.291490189028053
 10
268.88642035046786
 20
17.614535879011044
 10
268.4626604802081
 20
16.930146685357983
 10
268.0473485295248
 20
16.248412430563576
 10
267.6470293812831
 20
15.579422937122445
 10
265.0427552519557
 20
11.18439734645844
 10
267.33355167832485
 20
9.329422937122445
 10
268.25984374762913
 20
8.717798817682024
 10
269.35507507982715
 20
8.231578146760427
 10
270.5923386790696
 20
7.870527053427281
 10
271.94472754950743
 20
7.634411666752413
 10
273.3853346952913
 20
7.522998115805535
 10
274.88725312057204
 20
7.536052529656416
 10
276.42357582950046
 20
7.673341037374769
 10
277.9673958262274
 20
7.934629768030334
 10
279.4918061149036
 20
8.319684850692823
 10
280.9698996996799
 20
8.828272414431979
 10
282.374769584707
 20
9.460158588317597
  0
LWPOLYLINE
  5
6E
330
17
100
AcDbEntity
  8
CUT
100
AcDbPolyline
 90
34
 70
1
 10
261.4027801800744
 20
11.352003812344265
 10
261.3361909883237
 20
11.74899992907072
 10
261.15012513546685
 20
12.157439973624975
 10
260.8651352050965
 20
12.563264165926086
 10
260.5017737808055
 20
12.952412725893282
 10
260.08059344618647
 20
13.31082587344548
 10
259.6221467848322
 20
13.624443828501853
 10
259.1469863803354
 20
13.879206810981401
 10
258.6756648162888
 20
14.06105504080324
 10
258.2287346762852
 20
14.15592873788637
 10
257.8267485439173
 20
14.149768122149908
 10
257.49025900277775
 20
14.02851341351294
 10
257.1381097426538
 20
13.7283935447702
 10
256.92550108961507
 20
13.366672052458398
 10
256.84163557974136
 20
12.962351015163875
 10
256.8757157491124
 20
12.534432511472914
 10
257.01694413380784
 20
12.101918619971855
 10
257.2545232699074
 20
11.683811419247064
 10
257.57765569349095
 20
11.299112987884712
 10
257.9755439406381
 20
10.966825404471138
 10
258.43739054742866
 20
10.705950747592738
 10
258.9523980499423
 20
10.53549109583571
 10
259.50976898425876
 20
10.474448527786421
 10
259.7885294608777
 20
10.484008671757977
 10
260.0549163857284
 20
10.511766055289087
 10
260.3059430394185
 20
10.556336105804519
 10
260.53862270255553
 20
10.616334250729182
 10
260.7499686557473
 20
10.690375917487927
 10
260.93699417960136
 20
10.777076533505493
 10
261.0967125547254
 20
10.875051526206676
 10
261.22613706172706
 20
10.982916323016354
 10
261.322280981214
 20
11.099286351359297
 10
261.3821575937939
 20
11.222777038660297
 10
261.4027801800744
 20
11.352003812344265
  0
LWPOLYLINE
  5
6F
330
17
100
AcDbEntity
  8
CUT
100
AcDbPolyline
 90
69
 70
1
 10
266.3040043093879
 20
16.03160870954821
 10
266.92178898699945
 20
17.08607497770967
 10
267.42160952376895
 20
17.961328853882236
 10
267.8057041795537
 20
18.67004915159586
 10
268.07631121421093
 20
19.224914684380593
 10
268.2356688875981
 20
19.638604265766503
 10
268.28601545957247
 20
19.923796709283522
 10
268.2295891899913
 20
20.09317082846181
 10
268.0686283387121
 20
20.15940543683118
 10
267.8053711655921
 20
20.13517934792179
 10
267.4420559304886
 20
20.033171375263606
 10
266.98092089325894
 20
19.866060332386667
 10
266.355447897231
 20
19.712759628171682
 10
265.68399967603864
 20
19.70482080829973
 10
264.98141267359154
 20
19.83229608688822
 10
264.2625233337994
 20
20.085237678054852
 10
263.5421681005717
 20
20.453697795917236
 10
262.83518341781826
 20
20.927728654592954
 10
262.1564057294486
 20
21.497382468199504
 10
261.5206714793724
 20
22.152711450854554
 10
260.9428171114994
 20
22.88376781667563
 10
260.4376790697391
 20
23.680603779780313
 10
260.0200937980012
 20
24.533271554286216
 10
258.8001683006204
 20
27.434620081805463
 10
255.63103540198142
 20
23.311211837712648
 10
255.16993852128022
 20
22.694975797102245
 10
254.74018218686018
 20
22.088499413156
 10
254.34595805585917
 20
21.499596582859425
 10
253.99145778541498
 20
20.936081203198228
 10
253.6808730326655
 20
20.40576717115806
 10
253.41839545474852
 20
19.91646838372455
 10
253.20821670880193
 20
19.475998737883288
 10
253.0545284519635
 20
19.09217213061993
 10
252.96152234137114
 20
18.77280245892007
 10
252.93339003416264
 20
18.525703619769388
 10
252.97432318747585
 20
18.35868951015351
 10
253.09302935325442
 20
18.223638578344662
 10
253.290706964997
 20
18.06934317268889
 10
253.56028400217417
 20
17.898988040282433
 10
253.89468844425625
 20
17.71575792822179
 10
254.28684827071373
 20
17.522837583603234
 10
254.729691461017
 20
17.32341175352309
 10
255.21614599463658
 20
17.120665185077712
 10
255.73913985104286
 20
16.917782625363373
 10
256.2916010097063
 20
16.717948821476455
 10
256.8664574500973
 20
16.524348520513342
 10
257.4566371516864
 20
16.340166469570306
 10
258.05333312609986
 20
16.150438899522413
 10
258.6471092275878
 20
15.940737470675543
 10
259.2299496995566
 20
15.71505007427217
 10
259.79383878541233
 20
15.477364601554882
 10
260.3307607285613
 20
15.231668943766294
 10
260.8326997724097
 20
14.981950992148938
 10
261.2916401603638
 20
14.732198637945316
 10
261.69956613582974
 20
14.486399772398102
 10
262.0484619422138
 20
14.248542286749739
 10
262.33031182292217
 20
14.022614072242789
 10
262.53710002136114
 20
13.812603020119923
 10
262.9038207718912
 20
13.371459161651586
 10
263.21037999358174
 20
13.026309685403561
 10
263.47521320230175
 20
12.788014573863478
 10
263.71675591392005
 20
12.667433809519025
 10
263.95344364430554
 20
12.675427374857861
 10
264.2037119093271
 20
12.822855252367617
 10
264.4859962248537
 20
13.120577424536009
 10
264.8187321067541
 20
13.579453873850554
 10
265.22035507089737
 20
14.210344582799053
 10
265.70930063315234
 20
15.024109533869023
 10
266.3040043093879
 20
16.03160870954821
  0
LWPOLYLINE
  5
70
330
17
100
AcDbEntity
  8
CUT
100
AcDbPolyline
 90
80
 70
1
 10
299.0469248596025
 20
28.72444852778642
 10
302.21494585059827
 20
32.932235438992365
 10
305.4204077796066
 20
37.087601384239775
 10
308.6233106260595
 20
41.14350709421751
 10
311.78365436938907
 20
45.052913299614374
 10
314.8614389890273
 20
48.76878073111925
 10
317.81666446440624
 20
52.244070119420854
 10
320.60933077495804
 20
55.4317421952081
 10
323.1994379001146
 20
58.28475768916974
 10
325.5469858193082
 20
60.75607733199462
 10
327.61197451197074
 20
62.79866185437152
 10
329.35440395753426
 20
64.36547198698929
 10
330.36916276393833
 20
65.24691512587651
 10
331.23478302796786
 20
66.06699903632551
 10
331.95201886971455
 20
66.82733429973112
 10
332.5216244092701
 20
67.52953149748828
 10
332.94435376672624
 20
68.17520121099184
 10
333.22096106217464
 20
68.76595402163676
 10
333.352200415707
 20
69.30340051081785
 10
333.338825947415
 20
69.78915125993007
 10
333.18159177739045
 20
70.22481685036823
 10
332.88125202572496
 20
70.61200786352728
 10
332.43856081251033
 20
70.95233488080208
 10
332.21720032023916
 20
70.97344481628974
 10
331.8510623396454
 20
70.86380629270707
 10
331.3531633996546
 20
70.63213096877999
 10
330.73652002919243
 20
70.28713050323458
 10
330.0141487571845
 20
69.83751655479682
 10
329.1990661125564
 20
69.2920007821927
 10
328.3042886242338
 20
68.65929484414823
 10
327.3428328211422
 20
67.9481103993894
 10
326.3277152322074
 20
67.16715910664215
 10
325.2719523863549
 20
66.32515262463258
 10
324.18856081251033
 20
65.43080261208664
 10
322.9992367723298
 20
64.46693277676488
 10
321.671086582876
 20
63.45283187101592
 10
320.22833346222757
 20
62.404126402201285
 10
318.6952006284633
 20
61.3364428776824
 10
317.09591129966196
 20
60.26540780482074
 10
315.4546886939023
 20
59.20664769097786
 10
313.7957560292632
 20
58.17578904351521
 10
312.14333652382334
 20
57.188458369794205
 10
310.5216533956616
 20
56.26028217717635
 10
308.95492986285655
 20
55.40688697302315
 10
307.46738914348714
 20
54.643899264696046
 10
305.5689067407294
 20
53.68138183893359
 10
303.7960780996402
 20
52.731699941874325
 10
302.1250140942411
 20
51.777958342414024
 10
300.5318255985539
 20
50.80326180944843
 10
298.9926234866002
 20
49.79071511187334
 10
297.4835186324019
 20
48.723423018584555
 10
295.98062190998064
 20
47.58449029847782
 10
294.46004419335804
 20
46.35702172044887
 10
292.8978963565559
 20
45.024122053393455
 10
291.27028927359595
 20
43.56889606620737
 10
289.5533338184999
 20
41.97444852778642
 10
286.7409791562601
 20
39.285090119248025
 10
284.29797785445015
 20
36.8664072310892
 10
282.20294150593395
 20
34.688807008429364
 10
280.4344817035758
 20
32.72269659638789
 10
278.9712100402396
 20
30.938483140084088
 10
277.79173810878956
 20
29.306573784637436
 10
276.87467750208964
 20
27.797375675167245
 10
276.19863981300415
 20
26.381295956792826
 10
275.74223663439705
 20
25.028741774633573
 10
275.4840795591324
 20
23.710120273808883
 10
275.4027801800744
 20
22.39583859943812
 10
275.4546526569908
 20
21.046555563156403
 10
275.6175156960139
 20
19.867934687038
 10
275.9022377095546
 20
18.85109296816441
 10
276.31968711002366
 20
17.98714740361737
 10
276.88073230983207
 20
17.267214990478465
 10
277.59624172139047
 20
16.682412725829295
 10
278.47708375710977
 20
16.223857606751523
 10
279.534126829401
 20
15.882666630326753
 10
280.7782393506747
 20
15.649956793636505
 10
282.22028973334193
 20
15.516845093762527
 10
283.8711463898135
 20
15.474448527786421
 10
289.19665545669545
 20
15.474448527786421
 10
299.0469248596025
 20
28.72444852778642
  0
LWPOLYLINE
  5
71
330
17
100
AcDbEntity
  8
CUT
100
AcDbPolyline
 90
34
 70
1
 10
303.7713127418757
 20
28.47444852778642
 10
305.90457202958385
 20
31.060781109307015
 10
308.2529754603264
 20
33.978663054148484
 10
310.742356348317
 20
37.13000422061762
 10
313.2985480077693
 20
40.416714467021336
 10
315.84738375289686
 20
43.740703651666365
 10
318.31469689791345
 20
47.00388163285962
 10
320.62632075703254
 20
50.1081582689078
 10
322.7080886444678
 20
52.95544341811777
 10
324.485833874433
 20
55.44764693879631
 10
325.8853897611417
 20
57.486678689250255
 10
326.83258961880745
 20
58.97444852778642
 10
327.4795330388471
 20
60.36057686085675
 10
326.90338870960284
 20
60.18949398330878
 10
325.2933554149439
 20
58.68262433993186
 10
322.838631938739
 20
56.061392375515425
 10
319.728417064857
 20
52.54722253484883
 10
316.15190957716686
 20
48.361539262721465
 10
312.2983082595374
 20
43.725767003922726
 10
308.3568118958376
 20
38.86133020324195
 10
304.5166192699363
 20
33.98965330546852
 10
300.9669291657023
 20
29.33216075539184
 10
297.8969403670046
 20
25.110276997801293
 10
296.4165206491002
 20
22.935668541401412
 10
295.40419778298633
 20
21.29449118148443
 10
294.83823638941055
 20
20.174297368012873
 10
294.69690108912033
 20
19.562639550949342
 10
294.95845650286316
 20
19.447070180256446
 10
295.60116725138664
 20
19.815141705896707
 10
296.60329795543817
 20
20.654406577832816
 10
297.94311323576534
 20
21.952417246027238
 10
299.5988777131156
 20
23.69672616044261
 10
301.5488560082366
 20
25.87488577104145
 10
303.7713127418757
 20
28.47444852778642
  0
LWPOLYLINE
  5
72
330
17
100
AcDbEntity
  8
CUT
100
AcDbPolyline
 90
69
 70
1
 10
257.74555584492265
 20
28.72444852778642
 10
257.65148492052265
 20
28.834891803518985
 10
257.5105306669959
 20
28.94043275017563
 10
257.3272165197331
 20
29.039888046944952
 10
257.1060659141248
 20
29.13207437301557
 10
256.8516022855616
 20
29.21580840757605
 10
256.5683490694342
 20
29.289906829814953
 10
256.26082970113316
 20
29.353186318920905
 10
255.93356761604917
 20
29.40446355408244
 10
255.59108624957284
 20
29.442555214488152
 10
255.23790903709477
 20
29.466277979326605
 10
254.87855941400562
 20
29.47444852778642
 10
254.4870350235753
 20
29.507106045195457
 10
254.0404400383342
 20
29.60192545781041
 10
253.54795768756384
 20
29.754177056213564
 10
253.0187712005456
 20
29.95913113098709
 10
252.46206380656088
 20
30.212057972713126
 10
251.88701873489111
 20
30.50822787197376
 10
251.3028192148177
 20
30.842911119351186
 10
250.71864847562208
 20
31.21137800542749
 10
250.14368974658566
 20
31.60889882078493
 10
249.58712625698988
 20
32.030743856005586
 10
249.05814123611611
 20
32.47218340167166
 10
248.3463573121996
 20
33.085658689337436
 10
247.72171023771577
 20
33.596568361731556
 10
247.175144446
 20
34.00821346412255
 10
246.69760437038744
 20
34.32389504177911
 10
246.2800344442134
 20
34.546914139969886
 10
245.91337910081316
 20
34.68057180396346
 10
245.58858277352192
 20
34.728169079028504
 10
245.29658989567497
 20
34.693007010433575
 10
245.02834490060758
 20
34.578386643447374
 10
244.774792221655
 20
34.387609023338484
 10
244.52687629215242
 20
34.12397519537552
 10
244.32136457664978
 20
33.84918592944683
 10
244.1715188355247
 20
33.58319199496728
 10
244.0786943130256
 20
33.32169765752246
 10
244.0442462534009
 20
33.060407182698015
 10
244.06952990089894
 20
32.79502483607959
 10
244.15590049976817
 20
32.52125488325282
 10
244.30471329425694
 20
32.23480158980328
 10
244.51732352861367
 20
31.93136922131663
 10
244.7950864470868
 20
31.60666204337852
 10
245.13935729392463
 20
31.25638432157453
 10
245.55149131337564
 20
30.876240321490314
 10
245.88834624509948
 20
30.54815906068191
 10
246.25208980027267
 20
30.141090362760792
 10
246.63623197297494
 20
29.664990547316336
 10
247.034282757286
 20
29.12981593393792
 10
247.43975214728567
 20
28.545522842214922
 10
247.84615013705366
 20
27.922067591736777
 10
248.2469867206697
 20
27.269406502092806
 10
248.63577189221357
 20
26.597495892872473
 10
249.00601564576505
 20
25.91629208366504
 10
249.35122797540384
 20
25.235751394060003
 10
249.6649188752097
 20
24.565830143646735
 10
251.63669787242742
 20
20.15721175950702
 10
254.9215316854741
 20
24.065830143646735
 10
255.40022867073327
 20
24.649574849350273
 10
255.84789905898808
 20
25.22332332669768
 10
256.26008721482543
 20
25.779725388906968
 10
256.6323375028322
 20
26.311430849196427
 10
256.9601942875953
 20
26.811089520784066
 10
257.23920193370157
 20
27.271351216888036
 10
257.464904805738
 20
27.68486575072643
 10
257.6328472682914
 20
28.044282935517344
 10
257.7385736859487
 20
28.3422525844789
 10
257.77762842329685
 20
28.571424510829218
 10
257.74555584492265
 20
28.72444852778642
  0
LWPOLYLINE
  5
73
330
17
100
AcDbEntity
  8
CUT
100
AcDbPolyline
 90
34
 70
1
 10
247.40278018007442
 20
23.274448527786433
 10
247.3584163452187
 20
23.846892108897407
 10
247.23083896963522
 20
24.40937737712008
 10
247.02831924679936
 20
24.952515410131014
 10
246.75912837018652
 20
25.466917285606854
 10
246.43153753327206
 20
25.943194081224135
 10
246.05381792953145
 20
26.371956874659446
 10
245.63424075244
 20
26.74381674358935
 10
245.1810771954732
 20
27.049384765690434
 10
244.7025984521064
 20
27.27927201863926
 10
244.207075715815
 20
27.424089580112366
 10
243.7027801800744
 20
27.47444852778642
 10
243.2631800773764
 20
27.41423410602951
 10
242.91904029015194
 20
27.243036703912452
 10
242.66949240840137
 20
26.975025116165966
 10
242.5136680221251
 20
26.62436813752069
 10
242.45069872132348
 20
26.205234562707346
 10
242.47971609599693
 20
25.73179318645657
 10
242.59985173614578
 20
25.218212803499085
 10
242.81023723177043
 20
24.67866220856547
 10
243.11000417287127
 20
24.127310196386475
 10
243.49828414944866
 20
23.578325561692765
 10
243.97420875150297
 20
23.045877099214977
 10
244.52269923306173
 20
22.532576361803535
 10
245.03220843198233
 20
22.126650226119352
 10
245.4999432978195
 20
21.827912488799257
 10
245.9231107801279
 20
21.63617694648036
 10
246.2989178284622
 20
21.551257395799553
 10
246.6245713923771
 20
21.572967633393887
 10
246.8972784214273
 20
21.701121455900307
 10
247.11424586516742
 20
21.93553265995581
 10
247.2726806731522
 20
22.276015042197315
 10
247.3697897949363
 20
22.722382399261875
 10
247.40278018007442
 20
23.274448527786433
  0
LWPOLYLINE
  5
74
330
17
100
AcDbEntity
  8
CUT
100
AcDbPolyline
 90
89
 70
1
 10
275.507187372794
 20
28.721005969077765
 10
276.517075569809
 20
29.855352649724836
 10
277.6147611692106
 20
31.070311551722
 10
278.7802924468102
 20
32.344711813734705
 10
279.9937176784189
 20
33.657382574428254
 10
281.23508513984774
 20
34.98715297246807
 10
282.4844431069081
 20
36.31285214651936
 10
283.7218398554112
 20
37.613309235247584
 10
284.92732366116815
 20
38.86735337731801
 10
286.0809427999902
 20
40.053813711396
 10
287.1627455476886
 20
41.151519376146894
 10
288.1527801800744
 20
42.139299510236015
 10
289.07314081117886
 20
43.053711859711285
 10
289.95264869998425
 20
43.938397956721246
 10
290.7814428397288
 20
44.78281261908208
 10
291.54966222365067
 20
45.576410664610194
 10
292.247445844988
 20
46.30864691112197
 10
292.864932696979
 20
46.968976176433614
 10
293.3922617728618
 20
47.54685327836154
 10
293.8195720658746
 20
48.03173303472195
 10
294.1370025692555
 20
48.413070263331235
 10
294.3346922762427
 20
48.68031978200571
 10
294.4027801800744
 20
48.822936408561645
 10
294.3674463914632
 20
48.88818414603233
 10
294.2648565638404
 20
48.93079709708678
 10
294.10012800452205
 20
48.951435228994995
 10
293.87837802082436
 20
48.95075850902708
 10
293.60472392006324
 20
48.92942690445307
 10
293.284283009555
 20
48.88810038254297
 10
292.92217259661555
 20
48.82743891056691
 10
292.5235099885611
 20
48.74810245579482
 10
292.0934124927078
 20
48.65075098549687
 10
291.6369974163716
 20
48.53604446694305
 10
291.1593820668687
 20
48.404642867403396
 10
290.64539900656473
 20
48.26766458748986
 10
290.0833921630059
 20
48.136766465919465
 10
289.48374589127957
 20
48.01341612711974
 10
288.8568445464731
 20
47.89908119551842
 10
288.2130724836737
 20
47.79522929554312
 10
287.5628140579687
 20
47.703328051621526
 10
286.91645362444547
 20
47.62484508818133
 10
286.2843755381912
 20
47.56124802965002
 10
285.6769641542933
 20
47.514004500455314
 10
285.104603827839
 20
47.4845821250249
 10
284.57767891391563
 20
47.47444852778642
 10
283.372903836304
 20
47.340609674254466
 10
282.0545387895095
 20
46.95680367189047
 10
280.65661917611897
 20
46.34959635804253
 10
279.2131803987187
 20
45.54555357005876
 10
277.75825785989537
 20
44.571241145287104
 10
276.32588696223536
 20
43.45322492107567
 10
274.9501031083253
 20
42.21807073477245
 10
273.66494170075174
 20
40.89234442372552
 10
272.5044381421011
 20
39.50261182528291
 10
271.50262783496
 20
38.07543877679265
 10
270.69354618191494
 20
36.63739111560281
 10
270.3588667912221
 20
36.01068819495646
 10
269.97234363545425
 20
35.39158636728047
 10
269.53695922597444
 20
34.78304202611804
 10
269.05569607414577
 20
34.18801156501246
 10
268.5315366913312
 20
33.60945137750687
 10
267.967463588894
 20
33.05031785714465
 10
267.3664592781971
 20
32.51356739746896
 10
266.73150627060363
 20
32.00215639202298
 10
266.0655870774766
 20
31.51904123435
 10
265.3716842101792
 20
31.06717831799324
 10
264.6527801800744
 20
30.649524036495933
 10
263.4919799420626
 20
29.991622976446422
 10
262.5341785636269
 20
29.390024410231376
 10
261.7727734345254
 20
28.82768412714978
 10
261.20116194451634
 20
28.287557916500788
 10
260.8127414833578
 20
27.75260156758344
 10
260.6009094408079
 20
27.205770869696835
 10
260.55906320662484
 20
26.630021612140013
 10
260.6806001705667
 20
26.008309584211986
 10
260.9589177223917
 20
25.323590575211938
 10
261.3874132518579
 20
24.558820374438852
 10
261.95948414872345
 20
23.696954771191827
 10
262.79163190449117
 20
22.667837121658835
 10
263.6612044859669
 20
21.920140674148996
 10
264.5823577264638
 20
21.45911499976205
 10
265.5692474592952
 20
21.290009669597993
 10
266.6360295177743
 20
21.418074254756675
 10
267.79685973521435
 20
21.848558326337923
 10
269.06589394492875
 20
22.586711455441616
 10
270.4572879802306
 20
23.637783213167523
 10
271.98519767443327
 20
25.00702317061564
 10
273.66377886085
 20
26.69968089888576
 10
275.507187372794
 20
28.721005969077765
  0
LWPOLYLINE
  5
75
330
17
100
AcDbEntity
  8
CUT
100
AcDbPolyline
 90
78
 70
1
 10
338.0866363025103
 20
34.737823565422104
 10
337.5490495939649
 20
36.3499874605138
 10
337.08107588509426
 20
37.88014905294952
 10
336.6850914702395
 20
39.31323530492577
 10
336.3634726437416
 20
40.634173178639145
 10
336.1185956999416
 20
41.82788963628633
 10
335.9528369331806
 20
42.879311640063804
 10
335.8685726377997
 20
43.773366152168165
 10
335.8681791081398
 20
44.49498013479604
 10
335.9540326385421
 20
45.02908055014396
 10
336.1285095233477
 20
45.360594360408584
 10
336.39398605689746
 20
45.47444852778642
 10
336.5174465161567
 20
45.50168368931912
 10
336.64874145208876
 20
45.58075957211403
 10
336.78563133046737
 20
45.70773177346638
 10
336.92587661706614
 20
45.87865589067147
 10
337.06723777765876
 20
46.08958752102458
 10
337.20747527801905
 20
46.33658226182098
 10
337.34434958392063
 20
46.615695710355965
 10
337.47562116113727
 20
46.92298346392465
 10
337.5990504754427
 20
47.25450111982249
 10
337.7123979926106
 20
47.606304275344655
 10
337.8134241784147
 20
47.97444852778642
 10
337.9219560469169
 20
48.342592780228244
 10
338.0570959255738
 20
48.69439593575041
 10
338.2155172502511
 20
49.02591359164819
 10
338.3938934568145
 20
49.333201345216935
 10
338.5888979811297
 20
49.612314793751835
 10
338.7972042590625
 20
49.85930953454826
 10
339.01548572647846
 20
50.070241164901404
 10
339.2404158192435
 20
50.24116528210649
 10
339.4686679732231
 20
50.36813748345884
 10
339.6969156242832
 20
50.44721336625372
 10
339.9218322082893
 20
50.47444852778642
 10
340.37107354364974
 20
50.47501448543713
 10
340.7303720437157
 20
50.45985004042234
 10
340.9995745467522
 20
50.40366171579171
 10
341.17852789102426
 20
50.28115603459517
 10
341.26707891479674
 20
50.06703951988243
 10
341.2650744563348
 20
49.73601869470315
 10
341.1723613539033
 20
49.26280008210716
 10
340.98878644576735
 20
48.62209020514416
 10
340.7141965701919
 20
47.78859558686395
 10
340.34843856544205
 20
46.73702275031627
 10
339.89135926978264
 20
45.44207821855085
 10
339.56409038523094
 20
44.491777210087605
 10
339.3015605773528
 20
43.6678724858543
 10
339.1035672304384
 20
42.95231548623951
 10
338.9699077287778
 20
42.32705765163186
 10
338.9003794566612
 20
41.774050422419805
 10
338.8947797983788
 20
41.275245238992
 10
338.95290613822067
 20
40.81259354173696
 10
339.07455586047706
 20
40.368046771043225
 10
339.25952634943803
 20
39.92355636729934
 10
339.5076149893938
 20
39.46107377089393
 10
339.8186191646346
 20
38.962550422215514
 10
340.0379278703987
 20
38.59949410974008
 10
340.2620169914271
 20
38.17518125614609
 10
340.4875373956388
 20
37.69882898889546
 10
340.71113995095243
 20
37.17965443545009
 10
340.92947552528693
 20
36.62687472327198
 10
341.13919498656094
 20
36.049706979823014
 10
341.3369492026935
 20
35.457368332565125
 10
341.51938904160323
 20
34.859075908960165
 10
341.68316537120904
 20
34.26404683647013
 10
341.8249290594298
 20
33.681498242556955
 10
341.9413309741842
 20
33.120647254682524
 10
342.14282730613934
 20
31.724141608046097
 10
342.1730984970267
 20
30.661864975050634
 10
342.0524247191829
 20
29.925309129474755
 10
341.80108614494463
 20
29.505965845097307
 10
341.43936294664854
 20
29.395326895696883
 10
340.98753529663134
 20
29.584884055052328
 10
340.4658833672295
 20
30.066129096942348
 10
339.8946873307799
 20
30.83055379514559
 10
339.2942273596191
 20
31.869649923440818
 10
338.6847836260837
 20
33.174909255606735
 10
338.0866363025103
 20
34.737823565422104
  0
LWPOLYLINE
  5
76
330
17
100
AcDbEntity
  8
CUT
100
AcDbPolyline
 90
34
 70
1
 10
266.6685263211973
 20
34.27865620737086
 10
268.12980359111555
 20
36.0392176058871
 10
269.1963260177955
 20
37.96251093365234
 10
269.87832492242825
 20
39.99714528479444
 10
270.1860316262048
 20
42.091729753441456
 10
270.1296774503162
 20
44.19487343372114
 10
269.7194937159534
 20
46.25518541976152
 10
268.96571174430744
 20
48.221274805690484
 10
267.8785628565694
 20
50.04175068563592
 10
266.4682783739303
 20
51.66522215372575
 10
264.74508961758113
 20
53.04029830408794
 10
262.719227908713
 20
54.115588230850335
 10
259.8825687585979
 20
54.94447834523447
 10
257.12223111436805
 20
55.09593159869331
 10
254.50719580544455
 20
54.641829679440264
 10
252.10644366124865
 20
53.654054275688935
 10
249.98895551120157
 20
52.20448707565282
 10
248.22371218472455
 20
50.36500976754539
 10
246.87969451123877
 20
48.20750403958013
 10
246.02588332016552
 20
45.80385157997051
 10
245.731259440926
 20
43.225934076930116
 10
246.06480370294148
 20
40.54563321867232
 10
247.0954969356331
 20
37.83483069341074
 10
248.3192085249508
 20
35.88296234376463
 10
249.78178727909622
 20
34.233601873337705
 10
251.44065445769087
 20
32.89448530639061
 10
253.25323132035624
 20
31.87334866718402
 10
255.17693912671376
 20
31.177927979978705
 10
257.1691991363849
 20
30.81595926903529
 10
259.18743260899123
 20
30.79517855861451
 10
261.18906080415417
 20
31.12332187297693
 10
263.13150498149514
 20
31.808125236383376
 10
264.9721864006357
 20
32.85732467309444
 10
266.6685263211973
 20
34.27865620737086
  0
LWPOLYLINE
  5
77
330
17
100
AcDbEntity
  8
CUT
100
AcDbPolyline
 90
34
 70
1
 10
237.77109754046654
 20
39.72909467332903
 10
237.53934696353392
 20
40.147533977690046
 10
237.29260325387253
 20
40.53840223322396
 10
237.03509004495913
 20
40.897835659429376
 10
236.77103097027052
 20
41.22197047580477
 10
236.50464966328352
 20
41.50694290184876
 10
236.24016975747486
 20
41.74888915705981
 10
235.9818148863214
 20
41.943945460936504
 10
235.73380868329988
 20
42.088248032977276
 10
235.50037478188713
 20
42.177933092680746
 10
235.28573681555991
 20
42.209136859545396
 10
235.09411841779507
 20
42.17799555306979
 10
234.69513514611572
 20
41.92712621967797
 10
234.40860512923442
 20
41.51956182227045
 10
234.2298170987072
 20
40.98514671241537
 10
234.1540597860901
 20
40.35372524168102
 10
234.17662192293915
 20
39.65514176163549
 10
234.29279224081043
 20
38.919240623846974
 10
234.49785947125994
 20
38.1758661798836
 10
234.78711234584375
 20
37.45486278131355
 10
235.1558395961179
 20
36.78607477970499
 10
235.5993299536384
 20
36.19934652662607
 10
236.11287214996133
 20
35.724522373645016
 10
236.75616991464685
 20
35.31712250299981
 10
237.31813226693046
 20
35.105489206712264
 10
237.79303434415198
 20
35.07579708652244
 10
238.17515128365125
 20
35.21422074417046
 10
238.45875822276804
 20
35.50693478139627
 10
238.63813029884219
 20
35.94011379993998
 10
238.7075426492135
 20
36.499932401541685
 10
238.66127041122178
 20
37.17256518794136
 10
238.49358872220682
 20
37.94418676087912
 10
238.1987727195085
 20
38.80097172209497
 10
237.77109754046654
 20
39.72909467332903
  0
LWPOLYLINE
  5
78
330
17
100
AcDbEntity
  8
CUT
100
AcDbPolyline
 90
56
 70
1
 10
244.46609738021746
 20
40.25367435326075
 10
244.22948711194266
 20
41.28979657232816
 10
244.0966378021007
 20
42.36897517279988
 10
244.06426001555283
 20
43.476623008729774
 10
244.12906431716027
 20
44.59815293417191
 10
244.2877612717842
 20
45.71897780318011
 10
244.53706144428594
 20
46.82451046980833
 10
244.87367539952666
 20
47.90016378811055
 10
245.29431370236762
 20
48.93135061214065
 10
245.79568691767003
 20
49.90348379595258
 10
246.37450561029516
 20
50.80197619360027
 10
247.02748034510418
 20
51.612240659137655
 10
247.56543007933305
 20
52.22503926325112
 10
247.94678774956162
 20
52.706414725212426
 10
248.16365256346577
 20
53.05493796286612
 10
248.20812372872155
 20
53.26917989405678
 10
248.0723004530048
 20
53.34771143662894
 10
247.74828194399157
 20
53.28910350842719
 10
247.22816740935775
 20
53.091927027296094
 10
246.50405605677935
 20
52.754752911080175
 10
245.56804709393228
 20
52.276152077623976
 10
244.41223972849252
 20
51.654695444772074
 10
243.028733168136
 20
50.88895393036904
 10
241.68730488342425
 20
50.10193580958969
 10
240.59059247213978
 20
49.358507360552665
 10
239.7320528137085
 20
48.62707311216741
 10
239.10514278755616
 20
47.876037593343455
 10
238.70331927310872
 20
47.07380533299013
 10
238.520039149792
 20
46.18878086001695
 10
238.5487592970319
 20
45.18936870333329
 10
238.7829365942542
 20
44.043973391848624
 10
239.2160279208848
 20
42.72099945447229
 10
239.8414901563496
 20
41.18885142011382
 10
240.65278018007442
 20
39.41593381768263
 10
241.10975634561933
 20
38.4728272568679
 10
241.52222899829394
 20
37.67047767736878
 10
241.89574036189606
 20
37.003227900644106
 10
242.23583266022342
 20
36.465420748153065
 10
242.54804811707382
 20
36.0513990413545
 10
242.83792895624498
 20
35.755505601707426
 10
243.1110174015347
 20
35.57208325067077
 10
243.37285567674073
 20
35.49547480970358
 10
243.62898600566086
 20
35.52002310026472
 10
243.88495061209284
 20
35.640070943813214
 10
244.14629171983444
 20
35.84996116180804
 10
244.36921017909367
 20
36.09137890461926
 10
244.55272458549427
 20
36.3558365536629
 10
244.69704660882877
 20
36.64624879486462
 10
244.80238791888948
 20
36.96553031415027
 10
244.86896018546898
 20
37.316595797445586
 10
244.89697507835967
 20
37.70235993067621
 10
244.88664426735406
 20
38.125737399767985
 10
244.83817942224456
 20
38.58964289064659
 10
244.75179221282366
 20
39.09699108923775
 10
244.6276943088838
 20
39.650696681467196
 10
244.46609738021746
 20
40.25367435326075
  0
LWPOLYLINE
  5
79
330
17
100
AcDbEntity
  8
CUT
100
AcDbPolyline
 90
34
 70
1
 10
355.08589421516217
 20
38.66194852778642
 10
355.0009523975459
 20
38.853938709590295
 10
354.9205710864096
 20
38.99510299798999
 10
354.8452312846059
 20
39.08592239583837
 10
354.77541399498784
 20
39.126877905988266
 10
354.7116002204082
 20
39.11845053129255
 10
354.6542709637197
 20
39.06112127460409
 10
354.60390722777527
 20
38.95537113877572
 10
354.5609900154278
 20
38.80168112666024
 10
354.5260003295301
 20
38.6005322411105
 10
354.49941917293506
 20
38.352405484979386
 10
354.4817275484954
 20
38.057781861119736
 10
354.4766837712273
 20
37.78211976495146
 10
354.48468420290385
 20
37.53151401739328
 10
354.5049001729567
 20
37.30803542986504
 10
354.5365030108177
 20
37.1137548137869
 10
354.5786640459186
 20
36.95074298057881
 10
354.6305546076911
 20
36.82107074166069
 10
354.6913460255672
 20
36.7268089084526
 10
354.7602096289784
 20
36.67002829237444
 10
354.8363167473566
 20
36.652799704846245
 10
354.9188387101336
 20
36.67719395728804
 10
355.00694684674113
 20
36.745281861119736
 10
355.09019326811006
 20
36.8485485152645
 10
355.15859949216
 20
36.975082449649705
 10
355.21204095880563
 20
37.12185962220164
 10
355.2503931079614
 20
37.285855990846784
 10
355.27353137954196
 20
37.464047513511446
 10
355.28133121346184
 20
37.65341014812199
 10
355.2736680496356
 20
37.850919852604875
 10
355.25041732797797
 20
38.05355258488635
 10
355.21145448840343
 20
38.25828430289286
 10
355.1566549708267
 20
38.462090964550754
 10
355.08589421516217
 20
38.66194852778642
  0
LWPOLYLINE
  5
7A
330
17
100
AcDbEntity
  8
CUT
100
AcDbPolyline
 90
60
 70
1
 10
275.9732346508064
 20
48.37170177729496
 10
274.95607682940533
 20
49.05895550305186
 10
274.1310091870405
 20
49.78151512574257
 10
273.49737594739804
 20
50.54936969974389
 10
273.05452133416435
 20
51.37250827943237
 10
272.8017895710258
 20
52.26091991918469
 10
272.73852488166864
 20
53.22459367337743
 10
272.86407148977923
 20
54.273518596387305
 10
273.1777736190439
 20
55.417683742590896
 10
273.678975493149
 20
56.66707816636483
 10
274.36702133578075
 20
58.0316909220858
 10
275.2412553706256
 20
59.52151106413038
 10
275.68886853565107
 20
60.25086924810981
 10
276.1053531066893
 20
60.94785285963707
 10
276.4866885105621
 20
61.60464734674093
 10
276.828854174091
 20
62.21343815745027
 10
277.127829524098
 20
62.76641073979383
 10
277.3795939874046
 20
63.25575054180044
 10
277.5801269908325
 20
63.673643011498825
 10
277.72540796120364
 20
64.01227359691785
 10
277.81141632533956
 20
64.26382774608624
 10
277.834131510062
 20
64.42049090703284
 10
277.78953294219275
 20
64.47444852778642
 10
277.6086826052158
 20
64.44039056659199
 10
277.23579782583954
 20
64.34150503788263
 10
276.6865910457219
 20
64.18272447396913
 10
275.9767747065209
 20
63.96898140716266
 10
275.1220612498945
 20
63.70520836977391
 10
274.1381631175008
 20
63.39633789411394
 10
273.04079275099775
 20
63.047302512493616
 10
271.84566259204325
 20
62.66303475722384
 10
270.5684850822954
 20
62.248467160615576
 10
269.22497266341225
 20
61.808532254979724
 10
267.83083777705167
 20
61.34816257262722
 10
265.44737310983436
 20
60.53443989901348
 10
263.40896435593896
 20
59.78906564312379
 10
261.71829974237806
 20
59.113967516413226
 10
260.3780674961642
 20
58.511073230336876
 10
259.39095584431004
 20
57.98231049634981
 10
258.7596530138281
 20
57.529607025907126
 10
258.48684723173096
 20
57.15489053046386
 10
258.5752267250313
 20
56.86008872147508
 10
259.02747972074167
 20
56.64712931039588
 10
259.84629444587466
 20
56.51794000868128
 10
261.0343591274428
 20
56.47444852778642
 10
262.1238833985715
 20
56.29105192400644
 10
263.361232726793
 20
55.77641409215116
 10
264.693396663199
 20
54.98386300144742
 10
266.067364758881
 20
53.966726621122405
 10
267.4301265649307
 20
52.77833292040302
 10
268.7286716324394
 20
51.47200986851627
 10
269.9099895124988
 20
50.10108543468914
 10
270.9210697562005
 20
48.71888758814862
 10
271.70890191463593
 20
47.37874429812169
 10
272.2204755388967
 20
46.13398353383539
 10
272.4027801800744
 20
45.03793326451665
 10
272.4027801800744
 20
42.33826010651006
 10
275.5139487990248
 20
44.55360756665678
 10
278.62511741797516
 20
46.768955026803496
 10
275.9732346508064
 20
48.37170177729496
  0
LWPOLYLINE
  5
7B
330
17
100
AcDbEntity
  8
CUT
100
AcDbPolyline
 90
67
 70
1
 10
298.4027801800744
 20
52.52759124777873
 10
300.75224182450415
 20
53.578679616838116
 10
303.17383678953456
 20
54.734311906700384
 10
305.6454709938465
 20
55.981657786782336
 10
308.14505035612115
 20
57.30788692650077
 10
310.65048079503936
 20
58.70016899527238
 10
313.1396682292823
 20
60.145673662513985
 10
315.5905185775308
 20
61.63157059764225
 10
317.9809377584661
 20
63.14502947007395
 10
320.28883169076914
 20
64.67321994922591
 10
322.49210629312086
 20
66.20331170451482
 10
324.56866748420236
 20
67.72247440535745
 10
326.1644380449874
 20
68.92850393580446
 10
327.47188699101
 20
69.93634971781336
 10
328.51061645893327
 20
70.77336361338286
 10
329.30022858542
 20
71.46689748451175
 10
329.86032550713304
 20
72.04430319319874
 10
330.21050936073544
 20
72.53293260144258
 10
330.3703822828901
 20
72.96013757124194
 10
330.3595464102598
 20
73.3532699645956
 10
330.19760387950765
 20
73.73968164350225
 10
329.90415682729645
 20
74.14672446996067
 10
329.49880739028913
 20
74.60175030596955
 10
329.05355954803105
 20
75.0458905687803
 10
328.5753095637324
 20
75.40389157425443
 10
327.98700106134345
 20
75.67745087185833
 10
327.21157766481446
 20
75.8682660110585
 10
326.1719829980956
 20
75.97803454132125
 10
324.7911606851371
 20
76.00845401211308
 10
322.99205434988914
 20
75.96122197290038
 10
320.697607616302
 20
75.83803597314952
 10
317.83076410832587
 20
75.64059356232696
 10
314.31446744991104
 20
75.37059228989904
 10
310.0716612650076
 20
75.02972970533222
 10
305.11302468991795
 20
74.62455542405567
 10
301.03373113978455
 20
74.25634403817972
 10
297.6962860453953
 20
73.87117648776541
 10
294.963194837538
 20
73.41513371287363
 10
292.69696294700066
 20
72.83429665356542
 10
290.76009580457105
 20
72.07474624990161
 10
289.01509884103706
 20
71.08256344194325
 10
287.3244774871866
 20
69.80382916975122
 10
285.55073717380753
 20
68.18462437338653
 10
283.5563833316878
 20
66.17102999291006
 10
281.20392139161515
 20
63.709126968382805
 10
279.5425129177074
 20
61.90923750324234
 10
278.12551828598384
 20
60.249998946895346
 10
276.9507201130701
 20
58.725876487758086
 10
276.0159010155917
 20
57.3313353142471
 10
275.3188436101745
 20
56.0608406147787
 10
274.857330513444
 20
54.908857577769226
 10
274.62914434202605
 20
53.86985139163508
 10
274.6320677125462
 20
52.938287244792605
 10
274.8638832416301
 20
52.108630325658226
 10
275.3223735459035
 20
51.375345822648285
 10
276.00532124199196
 20
50.73289892417918
 10
277.0237855355912
 20
50.21680189410952
 10
278.4557629449092
 20
49.853380542190195
 10
280.2312603205156
 20
49.63702636754897
 10
282.2802845129796
 20
49.56213086931385
 10
284.53284237287073
 20
49.62308554661263
 10
286.9189407507584
 20
49.81428189857317
 10
289.368586497212
 20
50.130111424323445
 10
291.81178646280097
 20
50.564965622991224
 10
294.17854749809476
 20
51.11323599370448
 10
296.39887645366275
 20
51.76931403559101
 10
298.4027801800744
 20
52.52759124777873
  0
LWPOLYLINE
  5
7C
330
17
100
AcDbEntity
  8
CUT
100
AcDbPolyline
 90
38
 70
1
 10
244.26732070965875
 20
56.33073393507948
 10
244.1022765613146
 20
56.82344491321348
 10
243.98551151372504
 20
57.312926353967754
 10
243.9181296431111
 20
57.80606958487249
 10
243.90123502569367
 20
58.30976593345798
 10
243.93593173769372
 20
58.83090672725436
 10
244.02332385533225
 20
59.376383293791974
 10
244.1645154548302
 20
59.9530869606009
 10
244.36061061240852
 20
60.56790905521143
 10
244.6127134042882
 20
61.22774090515372
 10
244.92192790669017
 20
61.939473837958076
 10
245.28935819583543
 20
62.70999918115464
 10
247.23876461048016
 20
66.65009930000559
 10
244.5707723952773
 20
65.9992232794057
 10
243.29685064937146
 20
65.63811171172887
 10
242.19883706759975
 20
65.21176444658735
 10
241.26923389421518
 20
64.70711509909785
 10
240.50054337347066
 20
64.11109728437717
 10
239.8852677496192
 20
63.41064461754206
 10
239.41590926691381
 20
62.592690713709146
 10
239.08497016960746
 20
61.64416918799532
 10
238.88495270195315
 20
60.55201365551713
 10
238.80835910820386
 20
59.30315773139142
 10
238.84769163261257
 20
57.884535030734924
 10
238.99545251943223
 20
56.283079168664386
 10
239.65050071860452
 20
50.70964122491236
 10
242.42259517836567
 20
52.30060501638383
 10
243.01948780639157
 20
52.65492721233875
 10
243.51623385524078
 20
52.98040055470028
 10
243.91760283083892
 20
53.28744487201891
 10
244.22836423911153
 20
53.58647999284506
 10
244.4532875859843
 20
53.88792574572929
 10
244.59714237738282
 20
54.20220195922204
 10
244.66469811923275
 20
54.53972846187372
 10
244.66072431745968
 20
54.91092508223488
 10
244.58999047798923
 20
55.32621164885586
 10
244.45726610674706
 20
55.79600799028728
 10
244.26732070965875
 20
56.33073393507948
  0
LWPOLYLINE
  5
7D
330
17
100
AcDbEntity
  8
CUT
100
AcDbPolyline
 90
34
 70
1
 10
236.21613866416254
 20
54.72444852778642
 10
236.06842933561487
 20
55.62533101823584
 10
235.82436585788255
 20
56.395975973368934
 10
235.50388789064803
 20
57.028473961553345
 10
235.1269350935936
 20
57.514915551156605
 10
234.71344712640172
 20
57.84739131054647
 10
234.2833636487547
 20
58.01799180809036
 10
233.8566243203349
 20
58.01880761215605
 10
233.45316880082476
 20
57.84192929111106
 10
233.0929367499066
 20
57.47944741332299
 10
232.79586782726284
 20
56.92345254715951
 10
232.58190169257583
 20
56.166035260988224
 10
232.481133806706
 20
55.46297501696287
 10
232.45333512637984
 20
54.795212470092395
 10
232.4951601522938
 20
54.16941854527107
 10
232.60326338514434
 20
53.59226416739318
 10
232.7742993256279
 20
53.07042026135309
 10
233.00492247444092
 20
52.61055775204508
 10
233.29178733227985
 20
52.21934756436343
 10
233.63154839984117
 20
51.90346062320245
 10
234.0208601778213
 20
51.669567853456385
 10
234.4563771669167
 20
51.524340180019635
 10
234.93475386782384
 20
51.47444852778642
 10
235.23965303473227
 20
51.49516905283454
 10
235.50251350132874
 20
51.55978621961248
 10
235.72478752505273
 20
51.671983415570736
 10
235.9079273633436
 20
51.83544402815983
 10
236.05338527364074
 20
52.0538514448302
 10
236.1626135133836
 20
52.330889053032365
 10
236.23706434001156
 20
52.67024024021677
 10
236.278190010964
 20
53.07558839383387
 10
236.2874427836804
 20
53.550616901334195
 10
236.26627491560012
 20
54.09900915016823
 10
236.21613866416254
 20
54.72444852778642
  0
LWPOLYLINE
  5
7E
330
17
100
AcDbEntity
  8
CUT
100
AcDbPolyline
 90
34
 70
1
 10
327.4817275484954
 20
53.057781861119736
 10
327.49941917293506
 20
53.352405484979414
 10
327.5260003295301
 20
53.60053224111056
 10
327.5609900154278
 20
53.80168112666024
 10
327.6039072277753
 20
53.95537113877569
 10
327.6542709637197
 20
54.06112127460409
 10
327.7116002204082
 20
54.11845053129258
 10
327.77541399498784
 20
54.126877905988266
 10
327.8452312846059
 20
54.08592239583834
 10
327.9205710864096
 20
53.99510299798993
 10
328.0009523975459
 20
53.85393870959027
 10
328.08589421516217
 20
53.66194852778642
 10
328.15665497082665
 20
53.46209096455081
 10
328.21145448840343
 20
53.25828430289289
 10
328.25041732797797
 20
53.05355258488635
 10
328.2736680496356
 20
52.850919852604875
 10
328.28133121346184
 20
52.65341014812199
 10
328.2735313795419
 20
52.464047513511446
 10
328.2503931079614
 20
52.28585599084681
 10
328.21204095880563
 20
52.12185962220164
 10
328.1585994921601
 20
51.975082449649676
 10
328.09019326811006
 20
51.8485485152645
 10
328.00694684674113
 20
51.745281861119736
 10
327.91883871013357
 20
51.67719395728804
 10
327.8363167473566
 20
51.65279970484633
 10
327.7602096289784
 20
51.67002829237444
 10
327.6913460255672
 20
51.72680890845257
 10
327.6305546076911
 20
51.82107074166069
 10
327.5786640459186
 20
51.95074298057878
 10
327.5365030108177
 20
52.1137548137869
 10
327.5049001729567
 20
52.30803542986507
 10
327.48468420290385
 20
52.53151401739322
 10
327.4766837712274
 20
52.78211976495143
 10
327.4817275484954
 20
53.057781861119736
  0
LWPOLYLINE
  5
7F
330
17
100
AcDbEntity
  8
CUT
100
AcDbPolyline
 90
58
 70
1
 10
266.4027801800744
 20
62.091515937060564
 10
267.82232951788717
 20
62.57786172142093
 10
269.21899596516664
 20
63.04350383396127
 10
270.5748071726749
 20
63.48317055275993
 10
271.8717907911738
 20
63.89159015589533
 10
273.09197447142515
 20
64.26349092144588
 10
274.21738586419093
 20
64.59360112748996
 10
275.2300526202331
 20
64.87664905210588
 10
276.11200239031353
 20
65.10736297337209
 10
276.84526282519414
 20
65.28047116936696
 10
277.41186157563686
 20
65.39070191816887
 10
277.79382629240365
 20
65.43278349785624
 10
278.44317143662363
 20
65.59998861448923
 10
279.4194971966869
 20
66.04427437639825
 10
280.64087765398665
 20
66.70995556363533
 10
282.0253868899159
 20
67.54134695625231
 10
283.4910989858679
 20
68.48276333430124
 10
284.95608802323585
 20
69.47851947783403
 10
286.33842808341285
 20
70.47293016690259
 10
287.556193247792
 20
71.41031018155886
 10
288.52745759776656
 20
72.23497430185478
 10
289.17029521472966
 20
72.89123730784232
 10
289.4027801800744
 20
73.32341397957342
 10
288.9968032996082
 20
73.44544518606347
 10
287.85696588973485
 20
73.47896553146916
 10
286.1004077977424
 20
73.43318813273316
 10
283.8442688709188
 20
73.31732610679825
 10
281.20568895655214
 20
73.14059257060717
 10
278.3018079019303
 20
72.91220064110263
 10
275.24976555434137
 20
72.6413634352273
 10
272.16670176107334
 20
72.33729406992393
 10
269.16975636941413
 20
72.00920566213523
 10
266.37606922665185
 20
71.66631132880391
 10
263.9027801800744
 20
71.31782418687271
 10
260.5604536636521
 20
70.69785508846249
 10
257.5168379017865
 20
69.9128716653108
 10
254.7852920958642
 20
68.97331575786819
 10
252.37917544727165
 20
67.88962920658537
 10
250.31184715739533
 20
66.67225385191287
 10
248.59666642762178
 20
65.33163153430121
 10
247.24699245933746
 20
63.87820409420107
 10
246.27618445392886
 20
62.322413372062925
 10
245.69760161278248
 20
60.67470120833741
 10
245.52460313728483
 20
58.94550944347509
 10
245.77054822882238
 20
57.14527991792656
 10
246.43078865366442
 20
54.514672533719846
 10
251.6667844168694
 20
56.65329296995745
 10
252.54131872910696
 20
57.004167381828324
 10
253.57862301644602
 20
57.40948434220158
 10
254.75544739826847
 20
57.86066363452497
 10
256.0485419939562
 20
58.349125042246385
 10
257.434656922891
 20
58.86628834881367
 10
258.89054230445487
 20
59.403573337674715
 10
260.39294825802955
 20
59.95239979227739
 10
261.91862490299695
 20
60.50418749606942
 10
263.44432235873904
 20
61.05035623249873
 10
264.94679074463755
 20
61.582325785013154
 10
266.4027801800744
 20
62.091515937060564
  0
LWPOLYLINE
  5
80
330
17
100
AcDbEntity
  8
CUT
100
AcDbPolyline
 90
34
 70
1
 10
243.40278018007442
 20
70.08295644948495
 10
243.3219266798029
 20
70.66287146789011
 10
243.09904723207745
 20
71.06704878950592
 10
242.76366341653156
 20
71.30663942769988
 10
242.34529681279872
 20
71.39279439583973
 10
241.8734690005125
 20
71.33666470729304
 10
241.37770155930642
 20
71.14940137542735
 10
240.88751606881397
 20
70.84215541361036
 10
240.43243410866867
 20
70.42607783520958
 10
240.0419772585041
 20
69.91231965359265
 10
239.7456670979537
 20
69.31203188212717
 10
239.57302520665107
 20
68.63636553418075
 10
239.50579280591572
 20
68.12050742379438
 10
239.46789714187167
 20
67.69688298569349
 10
239.4646475229436
 20
67.36183759360975
 10
239.50135325755613
 20
67.11171662127475
 10
239.58332365413392
 20
66.94286544242016
 10
239.7158680211016
 20
66.85162943077756
 10
239.90429566688383
 20
66.8343539600786
 10
240.15391589990523
 20
66.8873844040549
 10
240.4700380285905
 20
67.00706613643808
 10
240.8579713613642
 20
67.18974453095979
 10
241.32302520665107
 20
67.43176496135163
 10
241.62928514263226
 20
67.6124269059174
 10
241.92195088757757
 20
67.81770878342428
 10
242.19774108503003
 20
68.04342764712166
 10
242.4533743785327
 20
68.28540055025897
 10
242.68556941162865
 20
68.53944454608552
 10
242.89104482786092
 20
68.80137668785076
 10
243.0665192707726
 20
69.06701402880407
 10
243.20871138390675
 20
69.33217362219472
 10
243.31433981080636
 20
69.59267252127219
 10
243.3801231950146
 20
69.8443277792858
 10
243.40278018007442
 20
70.08295644948495
  0
LWPOLYLINE
  5
81
330
17
100
AcDbEntity
  8
CUT
100
AcDbPolyline
 90
67
 70
1
 10
252.54861351340773
 20
70.1026886056436
 10
253.0433796098079
 20
70.23048496704504
 10
253.49078602343653
 20
70.38783985563231
 10
253.89313314399993
 20
70.57721079665183
 10
254.25272136120432
 20
70.80105531534997
 10
254.5718510647559
 20
71.06183093697328
 10
254.85282264436086
 20
71.36199518676807
 10
255.09793648972547
 20
71.70400558998088
 10
255.30949299055598
 20
72.090319671858
 10
255.4897925365586
 20
72.5233949576459
 10
255.64113551743955
 20
73.005688972591
 10
255.76582232290505
 20
73.53965924193972
 10
255.90811462632
 20
74.10308084383792
 10
256.10758550721386
 20
74.64100315499539
 10
256.3700031627636
 20
75.15929863962424
 10
256.7011357901462
 20
75.66383976193669
 10
257.1067515865388
 20
76.16049898614486
 10
257.5926187491183
 20
76.65514877646098
 10
258.16450547506173
 20
77.15366159709708
 10
258.82817996154614
 20
77.6619099122654
 10
259.58941040574854
 20
78.18576618617811
 10
260.4539650048459
 20
78.73110288304736
 10
261.4276119560152
 20
79.30379246708526
 10
263.1527369263353
 20
80.35797717863773
 10
264.34466345575015
 20
81.23008437752438
 10
265.0353106686822
 20
81.91523571438955
 10
265.25659768955387
 20
82.40855283987767
 10
265.0404436427876
 20
82.7051574046331
 10
264.4187676528058
 20
82.80017105930014
 10
263.42348884403094
 20
82.68871545452319
 10
262.0865263408854
 20
82.36591224094656
 10
260.4397992677917
 20
81.8268830692146
 10
258.51522674917226
 20
81.06674958997175
 10
256.3447279094495
 20
80.08063345386228
 10
254.75706411329307
 20
79.25293525776888
 10
253.23194522561275
 20
78.33744919716517
 10
251.78805236193682
 20
77.3527347459617
 10
250.44406663779344
 20
76.31735137806933
 10
249.21866916871087
 20
75.24985856739875
 10
248.13054107021742
 20
74.16881578786067
 10
247.19836345784122
 20
73.09278251336588
 10
246.44081744711062
 20
72.04031821782505
 10
245.87658415355378
 20
71.0299823751489
 10
245.52434469269895
 20
70.0803344592482
 10
245.40278018007442
 20
69.20993394403368
 10
245.42729182545384
 20
69.07425819871631
 10
245.49846011996922
 20
68.95820045538872
 10
245.61273510118636
 20
68.86227828811172
 10
245.76656680667094
 20
68.78700927094621
 10
245.95640527398876
 20
68.73291097795294
 10
246.1787005407055
 20
68.70050098319277
 10
246.42990264438694
 20
68.69029686072642
 10
246.70646162259882
 20
68.70281618461476
 10
247.00482751290687
 20
68.7385765289186
 10
247.3214503528768
 20
68.79809546769872
 10
247.65278018007442
 20
68.88189057501597
 10
248.01293388656075
 20
68.98255886061636
 10
248.41324536915528
 20
69.09106819979101
 10
248.84599017256124
 20
69.20549246491828
 10
249.30344384148188
 20
69.32390552837666
 10
249.77788192062036
 20
69.44438126254454
 10
250.26157995467997
 20
69.56499353980044
 10
250.7468134883639
 20
69.68381623252264
 10
251.22585806637542
 20
69.79892321308964
 10
251.69098923341775
 20
69.90838835387984
 10
252.13448253419412
 20
70.01028552727169
 10
252.54861351340773
 20
70.1026886056436
  0
LWPOLYLINE
  5
82
330
17
100
AcDbEntity
  8
CUT
100
AcDbPolyline
 90
60
 70
1
 10
271.17541506594097
 20
73.4154562080858
 10
272.6730210481875
 20
73.57189080258931
 10
274.51793876860614
 20
73.74443298285402
 10
276.6656321890754
 20
73.9298195206901
 10
279.07156527147373
 20
74.12478718790774
 10
281.6912019776798
 20
74.32607275631707
 10
284.480006269572
 20
74.53041299772832
 10
287.3934421090289
 20
74.73454468395164
 10
290.3869734579291
 20
74.93520458679711
 10
293.4160642781511
 20
75.12912947807496
 10
296.4361785315733
 20
75.31305612959534
 10
299.4027801800744
 20
75.48372131316842
 10
305.1672287089938
 20
75.81309854464126
 10
310.1744099374197
 20
76.11823849953205
 10
314.4682073060128
 20
76.40375978923728
 10
318.09250425543405
 20
76.67428102515353
 10
321.0911842263441
 20
76.93442081867738
 10
323.5081306594039
 20
77.1887977812053
 10
325.38722699527403
 20
77.44203052413388
 10
326.77235667461537
 20
77.69873765885961
 10
327.7074031380887
 20
77.96353779677912
 10
328.23624982635476
 20
78.2410495492889
 10
328.4027801800744
 20
78.53589152778551
 10
328.296415699259
 20
78.92988585195567
 10
327.9197201708159
 20
79.27268039591755
 10
327.18629046574995
 20
79.57245285177669
 10
326.0097234550661
 20
79.83738091163869
 10
324.303616009769
 20
80.07564226760897
 10
321.9815650008635
 20
80.29541461179309
 10
318.9571672993545
 20
80.50487563629653
 10
315.14401977624686
 20
80.7122030332248
 10
310.4557193025452
 20
80.92557449468336
 10
304.8058627492546
 20
81.15316771277782
 10
298.1080469873797
 20
81.40316037961361
 10
271.31331379468486
 20
82.37847602648918
 10
265.30401541855
 20
79.7723168176044
 10
264.19847048448804
 20
79.27565480845851
 10
263.1882276618556
 20
78.78513292149049
 10
262.26942860125325
 20
78.29789305872168
 10
261.4382149532817
 20
77.81107712217371
 10
260.6907283685416
 20
77.32182701386805
 10
260.02311049763364
 20
76.82728463582606
 10
259.43150299115837
 20
76.32459189006929
 10
258.9120474997165
 20
75.81089067861916
 10
258.4608856739087
 20
75.28332290349721
 10
258.0741591643356
 20
74.73903046672487
 10
257.7480096215978
 20
74.17515527032361
 10
256.20130220078045
 20
71.18415293192763
 10
259.324676076294
 20
71.80882770703033
 10
259.87969341194804
 20
71.91151334560769
 10
260.5952681664099
 20
72.03047791152758
 10
261.45270270490994
 20
72.16318652886793
 10
262.4332993926787
 20
72.30710432170676
 10
263.5183605949465
 20
72.45969641412208
 10
264.6891886769439
 20
72.61842793019179
 10
265.9270860039014
 20
72.78076399399393
 10
267.2133549410494
 20
72.94416972960639
 10
268.52929785361835
 20
73.1061102611072
 10
269.8562171068387
 20
73.26405071257435
 10
271.17541506594097
 20
73.4154562080858
  0
LWPOLYLINE
  5
83
330
17
100
AcDbEntity
  8
CUT
100
AcDbPolyline
 90
67
 70
1
 10
368.3027801800744
 20
80.57444852778642
 10
367.90210615160015
 20
80.98945204596316
 10
367.5680069006438
 20
81.36845186683658
 10
367.2993192775001
 20
81.71547929132632
 10
367.0948801324639
 20
82.03456562035197
 10
366.9535263158301
 20
82.32974215483321
 10
366.87409467789337
 20
82.60504019568964
 10
366.85542206894854
 20
82.8644910438409
 10
366.8963453392904
 20
83.11212600020656
 10
366.9957013392139
 20
83.35197636570629
 10
367.1523269190137
 20
83.58807344125967
 10
367.3650589289847
 20
83.82444852778642
 10
367.5961049889703
 20
84.03594427743437
 10
367.81232567107116
 20
84.19638133532456
 10
368.0162881221806
 20
84.30504318509668
 10
368.21055948919184
 20
84.36121331039044
 10
368.3977069189981
 20
84.3641751948455
 10
368.5802975584927
 20
84.3132123221016
 10
368.76089855456894
 20
84.20760817579838
 10
368.9420770541201
 20
84.04664623957555
 10
369.1264002040395
 20
83.82960999707285
 10
369.31643515122033
 20
83.55578293192988
 10
369.5147490425559
 20
83.22444852778642
 10
369.8869211528114
 20
82.68940486976533
 10
370.33373559879954
 20
82.25504029111403
 10
370.84118516512274
 20
81.92194952439547
 10
371.39526263638356
 20
81.69072730217272
 10
371.9819607971845
 20
81.56196835700877
 10
372.5872724321281
 20
81.5362674214665
 10
373.1971903258169
 20
81.61421922810908
 10
373.7977072628534
 20
81.79641850949932
 10
374.3748160278402
 20
82.08345999820031
 10
374.9145094053797
 20
82.47593842677503
 10
375.4027801800744
 20
82.97444852778642
 10
375.8282093938758
 20
83.44635904702656
 10
376.24023996924257
 20
83.82524244541418
 10
376.6331579895814
 20
84.11099072236684
 10
377.0012495382987
 20
84.30349587730208
 10
377.33880069880126
 20
84.40264990963755
 10
377.6400975544955
 20
84.40834481879065
 10
377.8994261887882
 20
84.320472604179
 10
378.1110726850858
 20
84.13892526522011
 10
378.269323126795
 20
83.86359480133154
 10
378.3684635973223
 20
83.49437321193079
 10
378.4027801800744
 20
83.03115249643548
 10
378.31237451392667
 20
82.52576773760245
 10
378.0567495133692
 20
81.9872300984274
 10
377.6592931752309
 20
81.43266646859112
 10
377.14339349634054
 20
80.87920373777439
 10
376.5324384735269
 20
80.34396879565796
 10
375.8498161036188
 20
79.84408853192252
 10
375.11891438344503
 20
79.39668983624884
 10
374.36312130983436
 20
79.01889959831766
 10
373.6058248796156
 20
78.72784470780965
 10
372.8704130896175
 20
78.54065205440571
 10
372.180273936669
 20
78.47444852778642
 10
371.89564675688496
 20
78.49732606347388
 10
371.5790918503409
 20
78.56374980502162
 10
371.2367269757812
 20
78.67040645415759
 10
370.87466989195036
 20
78.81398271260983
 10
370.4990383575928
 20
78.99116528210646
 10
370.1159501314529
 20
79.19864086437545
 10
369.7315229722751
 20
79.43309616114479
 10
369.351874638804
 20
79.69121787414255
 10
368.9831228897839
 20
79.96969270509669
 10
368.6313854839592
 20
80.2652073557353
 10
368.3027801800744
 20
80.57444852778642
  0
LWPOLYLINE
  5
84
330
17
100
AcDbEntity
  8
CUT
100
AcDbPolyline
 90
78
 70
1
 10
326.60223054569144
 20
84.72444852778642
 10
326.6478844581127
 20
85.08029000036348
 10
326.68332997791754
 20
85.46808113484883
 10
326.70864130121345
 20
85.88072200637396
 10
326.7238926241078
 20
86.31111269007042
 10
326.7291581427081
 20
86.75215326106968
 10
326.7245120531218
 20
87.19674379450319
 10
326.7100285514564
 20
87.63778436550243
 10
326.6857818338193
 20
88.06817504919889
 10
326.651846096318
 20
88.48081592072407
 10
326.60829553506
 20
88.8686070552094
 10
326.55520434615266
 20
89.22444852778642
 10
326.4436870643697
 20
89.78083878422368
 10
326.2635261518245
 20
90.23705223290955
 10
325.9328009325951
 20
90.60308832960303
 10
325.3695907307591
 20
90.88894653006315
 10
324.4919748703944
 20
91.10462629004891
 10
323.21803267557874
 20
91.26012706531932
 10
321.4658434703899
 20
91.36544831163332
 10
319.15348657890587
 20
91.43058948474993
 10
316.19904132520423
 20
91.46555004042816
 10
312.520587033363
 20
91.48032943442698
 10
308.0362030274598
 20
91.48492712250541
 10
304.6818791345421
 20
91.50714254515051
 10
301.2366256089019
 20
91.57002029947716
 10
297.6990198431115
 20
91.67364461726643
 10
294.0676392297433
 20
91.81809973029956
 10
290.3410611613698
 20
92.00346987035755
 10
286.5178630305635
 20
92.22983926922166
 10
282.59662222989675
 20
92.49729215867296
 10
278.575916151942
 20
92.80591277049263
 10
274.45432218927175
 20
93.15578533646175
 10
270.2304177344584
 20
93.54699408836149
 10
265.9027801800744
 20
93.979623257973
 10
258.43299549018417
 20
94.75664726825542
 10
252.43166298064557
 20
95.37801508488238
 10
247.74893236253217
 20
95.84224968524134
 10
244.23495334691762
 20
96.14787404671983
 10
241.73987564487555
 20
96.29341114670538
 10
240.11384896747956
 20
96.27738396258542
 10
239.20702302580327
 20
96.09831547174744
 10
238.8695475309203
 20
95.754728651579
 10
238.95157219390433
 20
95.24514647946751
 10
239.3032467258289
 20
94.56809193280051
 10
239.7747208377677
 20
93.72208798896551
 10
240.55836527462287
 20
92.28713000462352
 10
241.34385985339065
 20
91.07372369395475
 10
242.19455543763507
 20
90.05572640956933
 10
243.17380289092023
 20
89.20699550407753
 10
244.34495307681013
 20
88.5013883300895
 10
245.77135685886887
 20
87.91276224021544
 10
247.5163651006605
 20
87.41497458706553
 10
249.64332866574907
 20
86.9818827232499
 10
252.21559841769866
 20
86.58734400137882
 10
255.29652522007333
 20
86.20521577406245
 10
258.9494599364371
 20
85.80935539391098
 10
263.675869530036
 20
85.34184010478086
 10
268.5681879996901
 20
84.90299001862965
 10
273.587132167084
 20
84.49509730438604
 10
278.69341885390213
 20
84.12045413097866
 10
283.84776488182877
 20
83.78135266733611
 10
289.01088707254854
 20
83.480085082387
 10
294.1435022477458
 20
83.21894354506
 10
299.206327229105
 20
83.00022022428368
 10
304.1600788383106
 20
82.82620728898672
 10
308.965473897047
 20
82.69919690809769
 10
313.5832292269986
 20
82.62148125054523
 10
316.6816328483227
 20
82.58823336885101
 10
319.23124563034446
 20
82.57308595014311
 10
321.2873406497049
 20
82.58496728843139
 10
322.905190983045
 20
82.63280567772577
 10
324.1400697070055
 20
82.72552941203608
 10
325.0472498982275
 20
82.87206678537223
 10
325.6820046333519
 20
83.08134609174414
 10
326.0996069890195
 20
83.36229562516161
 10
326.35533004187135
 20
83.72384367963454
 10
326.50444686854837
 20
84.17491854917287
 10
326.60223054569144
 20
84.72444852778642
  0
LWPOLYLINE
  5
85
330
17
100
AcDbEntity
  8
CUT
100
AcDbPolyline
 90
78
 70
1
 10
351.2843591274428
 20
86.22444852778642
 10
351.26808011649575
 20
86.34267029521402
 10
351.25478201736274
 20
86.47079569017146
 10
351.24448375692225
 20
86.6065148516708
 10
351.2372042620524
 20
86.7475179187241
 10
351.2329624596316
 20
86.89149503034344
 10
351.2317772765381
 20
87.03613632554087
 10
351.2336676396503
 20
87.17913194332846
 10
351.2386524758464
 20
87.31817202271822
 10
351.24675071200465
 20
87.45094670272223
 10
351.2579812750035
 20
87.57514612235255
 10
351.2723630917211
 20
87.68846042062125
 10
351.2737650303775
 20
87.78812827119671
 10
351.2473091887985
 20
87.87270593580035
 10
351.19489433827135
 20
87.94185993552401
 10
351.1184192500831
 20
87.99525679145944
 10
351.019782695521
 20
88.03256302469842
 10
350.9008834458722
 20
88.05344515633274
 10
350.76362027242374
 20
88.05756970745415
 10
350.609891946463
 20
88.04460319915444
 10
350.44159723927714
 20
88.01421215252535
 10
350.26063492215314
 20
87.96606308865864
 10
350.06890376637824
 20
87.89982252864615
 10
349.63467708324225
 20
87.8517384548679
 10
349.1842712583253
 20
88.01556449253113
 10
348.7298088536039
 20
88.36749743423877
 10
348.2834124310548
 20
88.88373407259357
 10
347.8572045526547
 20
89.5404712001984
 10
347.4633077803801
 20
90.31390560965605
 10
347.1138446762078
 20
91.18023409356937
 10
346.8209378021145
 20
92.1156534445411
 10
346.59670972007666
 20
93.09636045517414
 10
346.4532829920711
 20
94.09855191807128
 10
346.4027801800744
 20
95.09842462583532
 10
346.5233543049433
 20
96.05177799323863
 10
346.8648421749531
 20
97.056812642464
 10
347.3968920332081
 20
98.08350836963436
 10
348.0891521228127
 20
99.10184497087286
 10
348.9112706868714
 20
100.08180224230253
 10
349.8328959684885
 20
100.99335998004645
 10
350.82367621076855
 20
101.80649798022768
 10
351.8532596568159
 20
102.4911960389692
 10
352.891294549735
 20
103.01743395239413
 10
353.90742913263017
 20
103.35519151662552
 10
354.8713116486059
 20
103.47444852778642
 10
355.2859762860804
 20
103.44789023258804
 10
355.73336978881275
 20
103.3707244652224
 10
356.2057074566546
 20
103.24671490303402
 10
356.6952045894575
 20
103.07962522336734
 10
357.1940764870732
 20
102.87321910356678
 10
357.69453844935333
 20
102.6312602209768
 10
358.1888057761496
 20
102.35751225294183
 10
358.6690937673136
 20
102.05573887680632
 10
359.1276177226971
 20
101.72970376991472
 10
359.5565929421516
 20
101.38317060961145
 10
359.948234725529
 20
101.01990307324098
 10
361.1872783576772
 20
99.45370980241117
 10
362.006436863562
 20
97.71439048539077
 10
362.42973570979467
 20
95.86985181293218
 10
362.48120036298644
 20
93.98800047578794
 10
362.1848562897486
 20
92.13674316471051
 10
361.56472895669236
 20
90.3839865704523
 10
360.64484383042895
 20
88.79763738376585
 10
359.44922637756963
 20
87.44560229540355
 10
358.00190206472575
 20
86.39578799611789
 10
356.3268963585084
 20
85.71610117666137
 10
354.448234725529
 20
85.47444852778642
 10
353.9984780041373
 20
85.48261907624624
 10
353.56617209678984
 20
85.50634184108472
 10
353.15630884327334
 20
85.54443350149043
 10
352.7738800833741
 20
85.59571073665194
 10
352.423877656879
 20
85.65899022575786
 10
352.1112934035744
 20
85.7330886479968
 10
351.8411191632471
 20
85.81682268255727
 10
351.6183467756837
 20
85.90900900862789
 10
351.44796808067076
 20
86.00846430539724
 10
351.33497491799494
 20
86.11400525205389
 10
351.2843591274428
 20
86.22444852778642
  0
LWPOLYLINE
  5
86
330
17
100
AcDbEntity
  8
CUT
100
AcDbPolyline
 90
45
 70
1
 10
349.8882734235069
 20
91.54049735780623
 10
349.7127825443388
 20
92.66860001189323
 10
349.6739448058628
 20
93.79919712371785
 10
349.7643643960563
 20
94.91567605816891
 10
349.97664550289653
 20
96.00142418013539
 10
350.30339231436096
 20
97.0398288545062
 10
350.7372090184267
 20
98.01427744617024
 10
351.2706998030711
 20
98.90815732001647
 10
351.89646885627155
 20
99.7048558409337
 10
352.6071203660051
 20
100.38776037381095
 10
353.39525852024934
 20
100.94025828353708
 10
354.2534875069814
 20
101.34573693500101
 10
354.86510811239015
 20
101.57197134063347
 10
355.35740302626255
 20
101.76084191503779
 10
355.731792727678
 20
101.91608318233489
 10
355.9896976957158
 20
102.04142966664574
 10
356.1325384094554
 20
102.14061589209129
 10
356.1617353479761
 20
102.21737638279245
 10
356.0787089903573
 20
102.2754456628702
 10
355.88487981567835
 20
102.31855825644539
 10
355.58166830301866
 20
102.35044868763904
 10
355.1704949314576
 20
102.37485148057203
 10
354.6527801800744
 20
102.39550115936538
 10
353.40583524967684
 20
102.270340789263
 10
352.22113010434714
 20
101.83399456778574
 10
351.1222699030775
 20
101.12886971624164
 10
350.13285980485983
 20
100.19737345593879
 10
349.27650496868614
 20
99.0819130081853
 10
348.5768105535484
 20
97.82489559428919
 10
348.0573817184388
 20
96.4687284355586
 10
347.74182362234933
 20
95.05581875330154
 10
347.65374142427197
 20
93.62857376882607
 10
347.8167402831988
 20
92.22940070344035
 10
348.2544253581217
 20
90.90070677845239
 10
348.65792828110096
 20
90.07069627171012
 10
349.02481472075067
 20
89.42395054409337
 10
349.35029208613594
 20
88.95859288833918
 10
349.62956778632184
 20
88.6727465971847
 10
349.8578492303734
 20
88.5645349633669
 10
350.03034382735575
 20
88.6320812796229
 10
350.1422589863339
 20
88.8735088386897
 10
350.18880211637304
 20
89.28694093330438
 10
350.1651806265382
 20
89.87050085620399
 10
350.0666019258945
 20
90.62231190012557
 10
349.8882734235069
 20
91.54049735780623
  0
LWPOLYLINE
  5
87
330
17
100
AcDbEntity
  8
CUT
100
AcDbPolyline
 90
34
 70
1
 10
237.64848378778117
 20
90.72444852778642
 10
237.79712687844562
 20
91.233684680848
 10
237.87035538778136
 20
91.73474167425857
 10
237.8723128978171
 20
92.21912409042494
 10
237.8071429905815
 20
92.67833651175403
 10
237.67898924810316
 20
93.10388352065263
 10
237.4919952524108
 20
93.48726969952753
 10
237.250304585533
 20
93.81999963078562
 10
236.9580608294985
 20
94.09357789683372
 10
236.6194075663359
 20
94.29950908007868
 10
236.23848837807387
 20
94.42929776292729
 10
235.81944684674107
 20
94.47444852778642
 10
235.6108317703574
 20
94.45447607599581
 10
235.41147664889485
 20
94.39648709527955
 10
235.2236166438861
 20
94.30337414762116
 10
235.0494869168638
 20
94.17802979500405
 10
234.89132262936067
 20
94.02334659941178
 10
234.75135894290938
 20
93.84221712282775
 10
234.6318310190426
 20
93.6375339272355
 10
234.53497401929303
 20
93.4121895746184
 10
234.46302310519337
 20
93.16907662695999
 10
234.41821343827627
 20
92.91108764624374
 10
234.40278018007442
 20
92.6411151944531
 10
234.45796994889483
 20
91.86561835821325
 10
234.61219294653105
 20
91.18022118742766
 10
234.84842970974563
 20
90.59497408774484
 10
235.14966077530102
 20
90.11992746481312
 10
235.49886667995975
 20
89.76513172428088
 10
235.87902796048422
 20
89.5406372717965
 10
236.27312515363704
 20
89.45649451300841
 10
236.66413879618065
 20
89.52275385356498
 10
237.03504942487754
 20
89.74946569911458
 10
237.36883757649022
 20
90.14668045530559
 10
237.64848378778117
 20
90.72444852778642
  0
LWPOLYLINE
  5
88
330
17
100
AcDbEntity
  8
CUT
100
AcDbPolyline
 90
108
 70
1
 10
328.04642292635253
 20
93.70686737350172
 10
328.44316545413625
 20
94.43178252156997
 10
328.72239828783313
 20
95.13169143197067
 10
328.8843784838414
 20
95.80578593275743
 10
328.9293630985592
 20
96.45325785198403
 10
328.8576091883847
 20
97.0732990177041
 10
328.66937380971626
 20
97.66510125797137
 10
328.36491401895205
 20
98.22785640083953
 10
327.9444868724903
 20
98.76075627436217
 10
327.40834942672916
 20
99.26299270659308
 10
326.756758738067
 20
99.73375752558593
 10
325.98997186290194
 20
100.17224255939436
 10
325.40171556539497
 20
100.48585882174996
 10
324.5792549266107
 20
100.94300865689866
 10
323.5468160698814
 20
101.52949077523209
 10
322.3286251185393
 20
102.2311038871419
 10
320.94890819591683
 20
103.03364670301977
 10
319.4318914253462
 20
103.92291793325728
 10
317.8018009301597
 20
104.88471628824615
 10
316.08286283368966
 20
105.90484047837796
 10
314.29930325926847
 20
106.96908921404437
 10
312.47534833022837
 20
108.06326120563706
 10
310.6352241699017
 20
109.17315516354765
 10
298.36766815972885
 20
116.59329634932594
 10
281.1352241699017
 20
116.10320699828853
 10
263.9027801800744
 20
115.61311764725112
 10
278.9027801800744
 20
116.60387194447485
 10
281.11978432474217
 20
116.75779686587441
 10
283.25423334916627
 20
116.92052803830161
 10
285.2812821389779
 20
117.08933950785006
 10
287.17608557980816
 20
117.26150532061332
 10
288.9137985572884
 20
117.43429952268501
 10
290.46957595704964
 20
117.60499616015868
 10
291.8185726647231
 20
117.7708692791279
 10
292.9359435659401
 20
117.92919292568621
 10
293.79684354633173
 20
118.07724114592727
 10
294.37642749152917
 20
118.2122879859446
 10
294.6498502871637
 20
118.3316074918318
 10
294.67312616411664
 20
118.51176019068804
 10
294.5264214695561
 20
118.82343305994642
 10
294.22111926354285
 20
119.25508982120161
 10
293.76860260613796
 20
119.7951941960482
 10
293.1802545574023
 20
120.43220990608086
 10
292.46745817739674
 20
121.15460067289416
 10
291.6415965261823
 20
121.95083021808273
 10
290.7140526638198
 20
122.80936226324118
 10
289.6962096503703
 20
123.71866052996413
 10
288.59945054589457
 20
124.6671887398462
 10
287.4351584104536
 20
125.64341061448201
 10
279.4733964266543
 20
132.218232486999
 10
266.41437269898665
 20
133.47333437158017
 10
261.7833734954745
 20
133.8687392110138
 10
257.7126041577351
 20
134.1038454586111
 10
254.1686032967212
 20
134.17122721963025
 10
251.11790952338555
 20
134.06345859932964
 10
248.5270614486809
 20
133.77311370296735
 10
246.36259768356
 20
133.29276663580177
 10
244.5910568389756
 20
132.61499150309106
 10
243.1789775258804
 20
131.73236241009346
 10
242.0928983552272
 20
130.63745346206724
 10
241.2993579379687
 20
129.3228387642706
 10
240.76489488505763
 20
127.78109242196186
 10
240.5467363517415
 20
126.15061836738704
 10
240.70822219404408
 20
124.5842156959277
 10
241.22606264531365
 20
123.10004581950227
 10
242.07696793889846
 20
121.71627015002935
 10
243.23764830814685
 20
120.4510500994274
 10
244.684813986407
 20
119.32254707961495
 10
246.39517520702725
 20
118.34892250251048
 10
248.34544220335584
 20
117.54833778003248
 10
250.51232520874106
 20
116.93895432409947
 10
252.87253445653116
 20
116.53893354662995
 10
255.40278018007442
 20
116.36643685954243
 10
260.9027801800744
 20
116.25531719314
 10
256.40428832048343
 20
115.37460782224048
 10
254.17360531185358
 20
114.80651047565448
 10
252.15885635630949
 20
114.03256563441023
 10
250.37845312696874
 20
113.07832436797806
 10
248.85080729694883
 20
111.96933774582831
 10
247.5943305393672
 20
110.73115683743139
 10
246.62743452734142
 20
109.3893327122576
 10
245.96853093398892
 20
107.96941643977733
 10
245.63603143242727
 20
106.49695908946089
 10
245.64834769577394
 20
104.99751173077863
 10
246.0238913971464
 20
103.49662543320093
 10
246.7810742096622
 20
102.01985126619812
 10
247.69428312072412
 20
100.7026496469988
 10
248.63687913340112
 20
99.59885836593742
 10
249.73116330861555
 20
98.67961946640528
 10
251.09943670728967
 20
97.91607499179378
 10
252.8640003903459
 20
97.27936698549425
 10
255.14715541870652
 20
96.74063749089802
 10
258.07120285329387
 20
96.27102855139648
 10
261.7584437550303
 20
95.8416822103809
 10
266.33117918483816
 20
95.42374051124264
 10
271.9117102036397
 20
94.98834549737307
 10
278.6223378723574
 20
94.50663921216352
 10
286.87666210729253
 20
93.94866534171996
 10
294.3902091597034
 20
93.48755936708389
 10
301.1591563841871
 20
93.12338314562987
 10
307.1796811353409
 20
92.85619853473253
 10
312.44796076776214
 20
92.68606739176639
 10
316.960172636048
 20
92.61305157410607
 10
320.71249409479594
 20
92.63721293912616
 10
323.70110249860306
 20
92.75861334420114
 10
325.9221752020667
 20
92.97731464670571
 10
327.3718895597841
 20
93.29337870401437
 10
328.04642292635253
 20
93.70686737350172
  0
LWPOLYLINE
  5
89
330
17
100
AcDbEntity
  8
CUT
100
AcDbPolyline
 90
34
 70
1
 10
356.24656040321827
 20
97.035362451302
 10
356.08437167065927
 20
97.64143177031053
 10
355.85912414093934
 20
98.15149288801229
 10
355.5830268065467
 20
98.56232332396743
 10
355.26828865996936
 20
98.87070059773606
 10
354.9271186936955
 20
99.07340222887836
 10
354.5717259002133
 20
99.16720573695446
 10
354.2143192720108
 20
99.14888864152451
 10
353.86710780157637
 20
99.01522846214863
 10
353.542300481398
 20
98.76300271838701
 10
353.2521063039637
 20
98.38898892979972
 10
353.00873426176196
 20
97.88996461594698
 10
352.86213139205904
 20
97.31254750293479
 10
352.8425539260303
 20
96.71897941432945
 10
352.93346658405187
 20
96.13153777068669
 10
353.1183340864999
 20
95.57249999256209
 10
353.38062115375016
 20
95.0641435005113
 10
353.7037925061789
 20
94.62874571508999
 10
354.0713128641621
 20
94.28858405685381
 10
354.4666469480759
 20
94.06593594635834
 10
354.87325947829623
 20
93.98307880415928
 10
355.2746151751992
 20
94.06229005081224
 10
355.6541787591608
 20
94.32584710687286
 10
355.7882906395033
 20
94.48302317854174
 10
355.90915462923465
 20
94.6708528548138
 10
356.0158360916513
 20
94.88506116782776
 10
356.1074003900495
 20
95.12137314972247
 10
356.18291288772576
 20
95.3755138326367
 10
356.24143894797635
 20
95.64320824870913
 10
356.2820439340977
 20
95.92018143007863
 10
356.3037932093862
 20
96.20215840888386
 10
356.30575213713826
 20
96.48486421726366
 10
356.2869860806501
 20
96.76402388735679
 10
356.24656040321827
 20
97.035362451302
  0
LWPOLYLINE
  5
8A
330
17
100
AcDbEntity
  8
CUT
100
AcDbPolyline
 90
34
 70
1
 10
381.4027801800744
 20
96.91543153341149
 10
381.3926388768123
 20
97.13389504807256
 10
381.363194127341
 20
97.35486985140915
 10
381.3159146721329
 20
97.57517468498267
 10
381.2522692516605
 20
97.79162829035462
 10
381.17372660639614
 20
98.00104940908639
 10
381.08175547681236
 20
98.20025678273944
 10
380.97782460338146
 20
98.38606915287522
 10
380.86340272657617
 20
98.55530526105508
 10
380.7399585868686
 20
98.70478384884058
 10
380.6089609247314
 20
98.83132365779304
 10
380.4718784806369
 20
98.93174342947395
 10
380.14898280894283
 20
99.06986634606517
 10
379.8348458717688
 20
99.092946839528
 10
379.53856478238424
 20
99.01523149342523
 10
379.2692366540588
 20
98.85096689131981
 10
379.0359586000618
 20
98.61439961677456
 10
378.84782773366305
 20
98.31977625335233
 10
378.7139411681319
 20
97.981343384616
 10
378.64339601673794
 20
97.61334759412836
 10
378.64528939275067
 20
97.23003546545232
 10
378.72871840943964
 20
96.84565358215073
 10
378.9027801800744
 20
96.47444852778642
 10
379.16826968761563
 20
96.11216964188716
 10
379.4564269012995
 20
95.8357110713217
 10
379.75714813372724
 20
95.6432905943152
 10
380.0603296974999
 20
95.53312598909295
 10
380.35586790521893
 20
95.5034350338801
 10
380.6336590694855
 20
95.55243550690182
 10
380.8835995029008
 20
95.67834518638338
 10
381.0955855180661
 20
95.87938185054992
 10
381.25951342758265
 20
96.15376327762664
 10
381.36527954405165
 20
96.49970724583878
 10
381.4027801800744
 20
96.91543153341149
  0
LWPOLYLINE
  5
8B
330
17
100
AcDbEntity
  8
CUT
100
AcDbPolyline
 90
38
 70
1
 10
245.95948414872345
 20
99.69695477119186
 10
245.40446854481854
 20
100.65825478442997
 10
244.97309289548954
 20
101.75717319088577
 10
244.66406765722166
 20
102.96004708472512
 10
244.47610328649998
 20
104.23321356011397
 10
244.40791023980967
 20
105.54300971121812
 10
244.45819897363583
 20
106.85577263220353
 10
244.62567994446363
 20
108.13783941723601
 10
244.90906360877818
 20
109.35554716048145
 10
245.30706042306468
 20
110.47523295610571
 10
245.81838084380823
 20
111.4632338982747
 10
246.44173532749394
 20
112.28588708115429
 10
248.48069047491347
 20
114.47444852778642
 10
241.16902129781636
 20
114.47444852778642
 10
233.85735212071924
 20
114.47444852778642
 10
234.46768103078344
 20
108.22444852778642
 10
234.72178013156275
 20
105.79303257883528
 10
234.99083209503243
 20
103.7762396482349
 10
235.3119539245949
 20
102.13363029042779
 10
235.7222626236525
 20
100.82476505985633
 10
236.25887519560771
 20
99.80920451096301
 10
236.9589086438629
 20
99.04650919819022
 10
237.85947997182055
 20
98.49623967598043
 10
238.997706182883
 20
98.11795649877604
 10
240.4107042804527
 20
97.87122022101948
 10
242.13559126793206
 20
97.71559139715322
 10
244.20948414872345
 20
97.61063058161969
 10
245.01112616122307
 20
97.58045433930533
 10
245.6623671320648
 20
97.56814859863286
 10
246.170504001574
 20
97.58241266423698
 10
246.54283371007608
 20
97.63194584075248
 10
246.78665319789644
 20
97.72544743281395
 10
246.90925940536044
 20
97.87161674505614
 10
246.91794927279344
 20
98.07915308211375
 10
246.82001974052088
 20
98.3567557486214
 10
246.6227677488681
 20
98.71312404921383
 10
246.3334902381605
 20
99.15695728852577
 10
245.95948414872345
 20
99.69695477119186
  0
LWPOLYLINE
  5
8C
330
17
100
AcDbEntity
  8
CUT
100
AcDbPolyline
 90
34
 70
1
 10
230.6345330953448
 20
102.504204163505
 10
230.52234519655119
 20
103.18499867404188
 10
230.34952428827927
 20
103.85272814080946
 10
230.1234320964522
 20
104.49648397081192
 10
229.8514303469932
 20
105.10535757105345
 10
229.5408807658254
 20
105.66844034853814
 10
229.199145078872
 20
106.17482371027022
 10
228.83358501205618
 20
106.61359906325382
 10
228.45156229130112
 20
106.97385781449306
 10
228.06043864253
 20
107.24469137099214
 10
227.66757579166597
 20
107.41519113975521
 10
227.28033546463223
 20
107.47444852778642
 10
226.97988412976386
 20
107.41553245583285
 10
226.74620283964924
 20
107.24423879307702
 10
226.5788514166989
 20
106.96874936917624
 10
226.47738968332322
 20
106.59724601378802
 10
226.4413774619327
 20
106.13791055656972
 10
226.47037457493775
 20
105.5989248271787
 10
226.56394084474883
 20
104.98847065527238
 10
226.72163609377645
 20
104.31472987050813
 10
226.94302014443102
 20
103.58588430254332
 10
227.22765281912297
 20
102.81011578103539
 10
227.5750939402628
 20
101.99560613564171
 10
227.9712298416127
 20
101.23982232080212
 10
228.38489011464907
 20
100.65127914771455
 10
228.80236629753847
 20
100.22769773574106
 10
229.20994992844737
 20
99.9667992042437
 10
229.59393254554232
 20
99.8663046725845
 10
229.94060568698984
 20
99.92393526012555
 10
230.2362608909565
 20
100.1374120862288
 10
230.4671896956088
 20
100.50445627025636
 10
230.61968363911325
 20
101.0227889315702
 10
230.68003425963641
 20
101.6901311895324
 10
230.6345330953448
 20
102.504204163505
  0
LWPOLYLINE
  5
8D
330
17
100
AcDbEntity
  8
CUT
100
AcDbPolyline
 90
69
 70
1
 10
333.2717254533384
 20
102.29039913575139
 10
335.27685914787867
 20
105.10634974371632
 10
331.7167926037572
 20
111.54039913575137
 10
327.4445931368001
 20
118.80925577493812
 10
322.8870244783858
 20
125.7303184869329
 10
318.11738835057514
 20
132.23246128308958
 10
313.208986475429
 20
138.24455817476195
 10
308.2351205750083
 20
143.69548317330396
 10
303.2690923713739
 20
148.51411029006925
 10
298.38420358658675
 20
152.62931353641187
 10
293.6537559427078
 20
155.9699669236855
 10
289.1510511617978
 20
158.464944463244
 10
284.9493909659178
 20
160.0431201664412
 10
281.12207707712855
 20
160.63336804463103
 10
280.4551697770106
 20
160.63871392828042
 10
279.771455194698
 20
160.62909262180824
 10
279.081274194409
 20
160.60546103761197
 10
278.394967640362
 20
160.56877608808907
 10
277.7228763967752
 20
160.51999468563702
 10
277.0753413278669
 20
160.46007374265326
 10
276.46270329785557
 20
160.38997017153523
 10
275.8953031709594
 20
160.3106408846804
 10
275.3834818113967
 20
160.22304279448625
 10
274.93758008338574
 20
160.1281328133502
 10
274.56793885114485
 20
160.02686785366976
 10
273.91961356170793
 20
159.73378639709415
 10
273.26185762108
 20
159.2761286350925
 10
272.609865376708
 20
158.6782753762816
 10
271.9788311760387
 20
157.96460742927817
 10
271.3839493665189
 20
157.15950560269897
 10
270.84041429559556
 20
156.28735070516075
 10
270.3634203107155
 20
155.37252354528027
 10
269.96816175932565
 20
154.43940493167426
 10
269.6698329888727
 20
153.51237567295948
 10
269.4836283468037
 20
152.61581657775267
 10
269.4247421805653
 20
151.77410845467062
 10
269.9364540795515
 20
148.94529268984792
 10
271.3653053578755
 20
145.70203041133007
 10
273.64709323521663
 20
142.1060512041076
 10
276.71761493125416
 20
138.21908465317094
 10
280.5126676656673
 20
134.1028603435107
 10
284.96804865813533
 20
129.81910786011736
 10
290.01955512833763
 20
125.42955678798138
 10
295.6029842959534
 20
120.99593671209331
 10
301.65413338066196
 20
116.57997721744363
 10
308.10879960214254
 20
112.24340788902288
 10
314.9027801800744
 20
108.04795831182153
 10
316.39714531906765
 20
107.16343204834695
 10
317.8676186473922
 20
106.29104347976201
 10
319.2952670320654
 20
105.44213725758772
 10
320.6611573401045
 20
104.62805803334511
 10
321.94635643852666
 20
103.86015045855521
 10
323.13193119434936
 20
103.14975918473903
 10
324.1989484745898
 20
102.50822886341763
 10
325.12847514626526
 20
101.94690414611193
 10
325.901578076393
 20
101.47712968434303
 10
326.4993241319903
 20
101.11025012963194
 10
326.9027801800744
 20
100.85761013349963
 10
327.67878713637026
 20
100.38841697215287
 10
328.37642289102246
 20
100.03034653737981
 10
329.0086770491488
 20
99.78632103412289
 10
329.5885392158667
 20
99.6592626673247
 10
330.12899899629394
 20
99.65209364192768
 10
330.6430459955481
 20
99.76773616287437
 10
331.14366981874673
 20
100.00911243510731
 10
331.6438600710074
 20
100.37914466356895
 10
332.15660635744786
 20
100.88075505320182
 10
332.6948982831856
 20
101.51686580894847
 10
333.2717254533384
 20
102.29039913575139
  0
LWPOLYLINE
  5
8E
330
17
100
AcDbEntity
  8
CUT
100
AcDbPolyline
 90
113
 70
1
 10
338.9119772047054
 20
110.50342578646453
 10
338.8805860822992
 20
112.67726683823201
 10
337.81526701450395
 20
115.83680518020823
 10
335.8163820766215
 20
119.84499022601881
 10
332.9842933439536
 20
124.56477138928928
 10
329.41936289180194
 20
129.85909808364522
 10
325.2219527954684
 20
135.59091972271227
 10
320.49242513025473
 20
141.62318572011588
 10
315.3311419714628
 20
147.8188454894817
 10
309.8384653943943
 20
154.04084844443528
 10
304.1147574743511
 20
160.15214399860218
 10
298.2603802866349
 20
166.01568156560796
 10
294.90137481177175
 20
169.22437611641294
 10
291.75434676564487
 20
172.1391375891768
 10
288.7644608259543
 20
174.80144285058248
 10
285.8768816704
 20
177.25276876731283
 10
283.0367739766819
 20
179.53459220605077
 10
280.1893024225
 20
181.6883900334792
 10
277.27963168555436
 20
183.755639116281
 10
274.2529264435448
 20
185.77781632113906
 10
271.05435137417146
 20
187.79639851473624
 10
267.6290711551342
 20
189.85286256375548
 10
263.92225046413307
 20
191.98868533487962
 10
261.6362236592955
 20
193.27509018142283
 10
259.6894864367874
 20
194.34366049455602
 10
258.02223461155285
 20
195.214402604047
 10
256.57466399853627
 20
195.9073228396636
 10
255.28697041268197
 20
196.44242753117373
 10
254.09934966893425
 20
196.83972300834517
 10
252.95199758223745
 20
197.11921560094578
 10
251.78510996753587
 20
197.30091163874346
 10
250.53888263977382
 20
197.40481745150595
 10
249.15351141389561
 20
197.45093936900116
 10
247.56919210484557
 20
197.45928372099695
 10
240.90278018007442
 20
197.44411891420748
 10
251.04061050222248
 20
192.04263791105993
 10
254.32301019274453
 20
190.28261929430622
 10
257.243092553382
 20
188.68928368766325
 10
259.8638008925381
 20
187.22297717699973
 10
262.24807851861624
 20
185.84404584818438
 10
264.4588687400196
 20
184.51283578708592
 10
266.5591148651516
 20
183.18969307957303
 10
268.61176020241555
 20
181.83496381151446
 10
270.6797480602146
 20
180.4089940687789
 10
272.8260217469521
 20
178.87212993723506
 10
275.11352457103146
 20
177.18471750275165
 10
277.6051998408558
 20
175.30710285119739
 10
280.4796410600501
 20
173.0826737510701
 10
283.2422301941393
 20
170.86544600180815
 10
285.854611355852
 20
168.69167546776018
 10
288.2784286579166
 20
166.5976180132749
 10
290.4753262130616
 20
164.61952950270106
 10
292.40694813401547
 20
162.79366580038737
 10
294.0349385335067
 20
161.1562827706825
 10
295.32094152426384
 20
159.7436362779352
 10
296.22660121901527
 20
158.59198218649414
 10
296.7135617304895
 20
157.73757636070803
 10
296.7434671714151
 20
157.21667466492562
 10
296.65919796146983
 20
157.0689195137225
 10
296.60088376849706
 20
156.94145219550677
 10
296.56789795421935
 20
156.83491050418775
 10
296.55961388035894
 20
156.74993223367463
 10
296.57540490863846
 20
156.68715517787666
 10
296.6146444007802
 20
156.6472171307031
 10
296.6767057185068
 20
156.63075588606313
 10
296.76096222354056
 20
156.63840923786603
 10
296.866787277604
 20
156.67081498002105
 10
296.99355424241946
 20
156.72861090643738
 10
297.14063647970954
 20
156.81243481102427
 10
298.0551342064187
 20
156.58203910608984
 10
299.69439662015475
 20
155.3588362241352
 10
301.9304003999016
 20
153.28935796827267
 10
304.63512222464294
 20
150.5201361416145
 10
307.6805387733628
 20
147.19770254727302
 10
310.9386267250449
 20
143.46858898836047
 10
314.28136275867314
 20
139.47932726798913
 10
317.58072355323134
 20
135.37644918927126
 10
320.70868578770336
 20
131.30648655531917
 10
323.537226141073
 20
127.4159711692451
 10
325.9383212923242
 20
123.85143483416137
 10
326.4755788680143
 20
122.99756993582704
 10
327.05425018027097
 20
122.05232408780745
 10
327.6640854904523
 20
121.03374723277929
 10
328.2948350599162
 20
119.95988931341934
 10
328.9362491500208
 20
118.84880027240422
 10
329.57807802212403
 20
117.71853005241069
 10
330.2100719375841
 20
116.5871285961154
 10
330.821981157759
 20
115.47264584619512
 10
331.40355594400677
 20
114.3931317453265
 10
331.94454655768544
 20
113.36663623618625
 10
332.434703260153
 20
112.4112092614511
 10
333.08015554374833
 20
111.15178474132516
 10
333.6505152108683
 20
110.08493221408453
 10
334.1549530200862
 20
109.2005782326083
 10
334.6026397299752
 20
108.48864934977554
 10
335.0027460991085
 20
107.93907211846532
 10
335.3644428860594
 20
107.54177309155672
 10
335.6969008494011
 20
107.28667882192879
 10
336.0092907477069
 20
107.16371586246056
 10
336.3107833395501
 20
107.16281076603116
 10
336.6105493835038
 20
107.2738900855196
 10
336.9177596381413
 20
107.48688037380496
 10
337.1314259453307
 20
107.67903983882677
 10
337.3480566888886
 20
107.90189185493594
 10
337.5645054699496
 20
108.15067703417861
 10
337.7776258896482
 20
108.42063598860099
 10
337.9842715491193
 20
108.70700933024919
 10
338.1812960494973
 20
109.00503767116935
 10
338.36555299191707
 20
109.30996162340762
 10
338.533895977513
 20
109.61702179901013
 10
338.68317860742
 20
109.92145881002301
 10
338.81025448277256
 20
110.21851326849244
 10
338.9119772047054
 20
110.50342578646453
  0
LWPOLYLINE
  5
8F
330
17
100
AcDbEntity
  8
CUT
100
AcDbPolyline
 90
89
 70
1
 10
346.0956199983126
 20
115.65511785345808
 10
346.65960299355976
 20
115.97852715998806
 10
347.20507601414505
 20
116.2920395625244
 10
347.725547194127
 20
116.59188298203904
 10
348.2145246675642
 20
116.87428533950394
 10
348.6655165685152
 20
117.13547455589102
 10
349.0720310310386
 20
117.37167855217223
 10
349.4275761891929
 20
117.5791252493195
 10
349.72566017703673
 20
117.75404256830475
 10
349.9597911286286
 20
117.89265843009994
 10
350.1234771780271
 20
117.99120075567697
 10
350.21022645929077
 20
118.0458974660078
 10
350.2182352477677
 20
118.13522151698162
 10
350.15330234914416
 20
118.33430253504618
 10
350.02033969298554
 20
118.63435344701129
 10
349.8242592088577
 20
119.02658717968689
 10
349.56997282632597
 20
119.5022166598828
 10
349.2623924749562
 20
120.05245481440885
 10
348.9064300843138
 20
120.66851457007492
 10
348.50699758396445
 20
121.34160885369081
 10
348.0690069034737
 20
122.06295059206641
 10
347.59736997240725
 20
122.82375271201157
 10
347.0969987203307
 20
123.61522814033613
 10
346.56411005939265
 20
124.46212031822358
 10
345.99806051363214
 20
125.38382210414095
 10
345.4084714304497
 20
126.36352055082347
 10
344.8049641572461
 20
127.38440271100637
 10
344.197160041422
 20
128.42965563742487
 10
343.59468043037816
 20
129.48246638281424
 10
343.00714667151533
 20
130.5260219999097
 10
342.444180112234
 20
131.54350954144638
 10
341.915402099935
 20
132.51811606015963
 10
341.43043398201917
 20
133.4330286087846
 10
340.99889710588695
 20
134.27143424005658
 10
340.2422042825475
 20
135.72148544936442
 10
339.5429280518558
 20
136.94945090058644
 10
338.8836987509933
 20
137.96789235488387
 10
338.2471467171415
 20
138.78937157341798
 10
337.61590228748173
 20
139.42645031734997
 10
336.9725957991956
 20
139.89169034784118
 10
336.2998575894644
 20
140.19765342605274
 10
335.5803179954696
 20
140.35690131314593
 10
334.7966073543927
 20
140.381995770282
 10
333.931356003415
 20
140.28549855862224
 10
332.967194279718
 20
140.07997143932778
 10
331.8998637858226
 20
139.73733740519097
 10
331.0636386595271
 20
139.28966437170925
 10
330.4605317132807
 20
138.7171467891745
 10
330.09255575953284
 20
137.99997910787874
 10
329.96172361073286
 20
137.11835577811382
 10
330.07004807933004
 20
136.05247125017172
 10
330.41954197777363
 20
134.78251997434438
 10
331.01221811851326
 20
133.28869640092364
 10
331.85008931399807
 20
131.55119498020147
 10
332.9351683766773
 20
129.55021016246985
 10
334.2694681190006
 20
127.26593639802064
 10
335.01559836172396
 20
126.01499227888775
 10
335.75491383768144
 20
124.76122016912451
 10
336.4776091799307
 20
123.52204089857878
 10
337.1738790215298
 20
122.31487529709844
 10
337.83391799553635
 20
121.15714419453136
 10
338.44792073500844
 20
120.06626842072534
 10
339.00608187300384
 20
119.05966880552829
 10
339.4985960425804
 20
118.15476617878801
 10
339.915657876796
 20
117.36898137035236
 10
340.24746200870845
 20
116.71973521006922
 10
340.48420307137576
 20
116.22444852778642
 10
340.6698204348886
 20
115.81948985010048
 10
340.8531895506359
 20
115.4325063790261
 10
341.03190917362167
 20
115.06783695753849
 10
341.20357805885055
 20
114.72982042861287
 10
341.3657949613267
 20
114.42279563522442
 10
341.51615863605446
 20
114.15110142034841
 10
341.6522678380383
 20
113.91907662695999
 10
341.7717213222825
 20
113.73106009803436
 10
341.87211784379144
 20
113.59139067654675
 10
341.9510561575694
 20
113.50440720547236
 10
342.00613501862074
 20
113.47444852778642
 10
342.08918496830506
 20
113.49820488032005
 10
342.2493358911484
 20
113.56718022112454
 10
342.48013555690477
 20
113.67793397500539
 10
342.7751317353283
 20
113.82702556676806
 10
343.12787219617303
 20
114.01101442121804
 10
343.5319047091929
 20
114.22645996316079
 10
343.9807770441421
 20
114.46992161740184
 10
344.46803697077456
 20
114.73795880874658
 10
344.9872322588444
 20
115.02713096200057
 10
345.53191067810576
 20
115.33399750196924
 10
346.0956199983126
 20
115.65511785345808
  0
LWPOLYLINE
  5
90
330
17
100
AcDbEntity
  8
CUT
100
AcDbPolyline
 90
60
 70
1
 10
241.85732563461985
 20
118.92899398233187
 10
241.10355932625458
 20
119.84882485620848
 10
240.4770707913447
 20
120.94620123361959
 10
239.98070448089902
 20
122.17731988250742
 10
239.6173048459264
 20
123.49837757081418
 10
239.3897163374357
 20
124.86557106648205
 10
239.30078340643558
 20
126.23509713745318
 10
239.35335050393502
 20
127.56315255166979
 10
239.55026208094276
 20
128.80593407707403
 10
239.89436258846763
 20
129.91963848160813
 10
240.38849647751846
 20
130.86046253321425
 10
241.03550819910407
 20
131.58460299983457
 10
241.39982943461166
 20
131.89459456840234
 10
241.6849121458127
 20
132.15977937373015
 10
241.88833563723006
 20
132.38668607893345
 10
242.00767921338667
 20
132.58184334712763
 10
242.04052217880536
 20
132.75177984142812
 10
241.9844438380091
 20
132.90302422495031
 10
241.8370234955207
 20
133.04210516080963
 10
241.5958404558631
 20
133.17555131212146
 10
241.25847402355922
 20
133.3098913420012
 10
240.82250350313188
 20
133.4516539135643
 10
240.28550819910407
 20
133.60736768992615
 10
239.89922743897648
 20
133.70678063857434
 10
239.46112829700482
 20
133.80389606494714
 10
238.98009787224245
 20
133.89750319390825
 10
238.46502326374264
 20
133.98639125032156
 10
237.9247915705587
 20
134.06934945905087
 10
237.36828989174398
 20
134.14516704495998
 10
236.80440532635177
 20
134.2126332329127
 10
236.2420249734354
 20
134.27053724777284
 10
235.69003593204818
 20
134.3176683144042
 10
235.15732530124342
 20
134.3528156576706
 10
234.65278018007442
 20
134.3747685024358
 10
231.40278018007442
 20
134.47444852778642
 10
231.40278018007442
 20
128.623671793013
 10
231.4147399581121
 20
127.72779202038987
 10
231.44946455503543
 20
126.80485228944391
 10
231.50522186505953
 20
125.86905244991209
 10
231.58027978239966
 20
124.9345923515315
 10
231.67290620127108
 20
124.0156718440392
 10
231.78136901588897
 20
123.12649077717217
 10
231.9039361204686
 20
122.28124900066751
 10
232.03887540922517
 20
121.4941463642622
 10
232.1844547763739
 20
120.77938271769332
 10
232.33894211613006
 20
120.15115791069792
 10
232.50060532270882
 20
119.62367179301299
 10
232.77178915623765
 20
118.87329895584293
 10
233.0309003094195
 20
118.25242849823506
 10
233.30300254410176
 20
117.74883161453918
 10
233.61315962213172
 20
117.35027949910521
 10
233.98643530535674
 20
117.04454334628295
 10
234.44789335562413
 20
116.81939435042223
 10
235.0225975347813
 20
116.66260370587293
 10
235.73561160467554
 20
116.56194260698484
 10
236.61199932715422
 20
116.50518224810784
 10
237.67682446406468
 20
116.48009382359174
 10
238.95515077725426
 20
116.47444852778642
 10
244.31187108916532
 20
116.47444852778642
 10
241.85732563461985
 20
118.92899398233187
  0
LWPOLYLINE
  5
91
330
17
100
AcDbEntity
  8
CUT
100
AcDbPolyline
 90
47
 70
1
 10
353.5558837247944
 20
129.97444852778642
 10
353.9027801800744
 20
139.97444852778642
 10
349.94234470147956
 20
147.22444852778642
 10
349.06826825643225
 20
148.80546455096905
 10
348.3009451417247
 20
150.14400027046622
 10
347.62249724642044
 20
151.25942077990032
 10
347.015046459583
 20
152.17109117289377
 10
346.4607146702758
 20
152.89837654306882
 10
345.94162376756253
 20
153.46064198404792
 10
345.4398956405067
 20
153.87725258945343
 10
344.9376521781718
 20
154.16757345290767
 10
344.4170152696215
 20
154.35096966803297
 10
343.8601068039193
 20
154.44680632845177
 10
343.24904867012856
 20
154.47444852778642
 10
341.96935597113065
 20
154.3267801046978
 10
340.82940755450244
 20
153.90090864982824
 10
339.8389074175311
 20
153.22253488477236
 10
339.0075595575038
 20
152.31735953112462
 10
338.34506797170764
 20
151.21108331047958
 10
337.8611366574299
 20
149.92940694443183
 10
337.56546961195755
 20
148.4980311545759
 10
337.4677708325779
 20
146.9426566625063
 10
337.577744316578
 20
145.28898418981757
 10
337.905094061245
 20
143.56271445810427
 10
338.4595240638662
 20
141.78954818896096
 10
339.2106954218982
 20
140.0650196470306
 10
340.3334900621919
 20
137.84137845475686
 10
341.7387316429684
 20
135.26285260897131
 10
343.3372438224484
 20
132.47367010650566
 10
345.03985025885294
 20
129.61805894419157
 10
346.75737461040296
 20
126.84024711886059
 10
348.40064053531944
 20
124.28446262734445
 10
349.88047169182323
 20
122.09493346647471
 10
351.1076917381354
 20
120.41588763308305
 10
351.9931243324768
 20
119.39155312400108
 10
352.4475931330684
 20
119.16615793606044
 10
352.5634933955364
 20
119.39412559644985
 10
352.6816101968314
 20
119.82417279992866
 10
352.8001949191903
 20
120.43924664623941
 10
352.91749894484997
 20
121.22229423512475
 10
353.03177365604745
 20
122.15626266632721
 10
353.1412704350196
 20
123.22409903958939
 10
353.2442406640034
 20
124.40875045465387
 10
353.3389357252359
 20
125.69316401126324
 10
353.4236070009539
 20
127.06028680916006
 10
353.4965058733944
 20
128.49306594808692
 10
353.5558837247944
 20
129.97444852778642
  0
LWPOLYLINE
  5
92
330
17
100
AcDbEntity
  8
CUT
100
AcDbPolyline
 90
144
 70
1
 10
362.4201273285015
 20
121.17420519685055
 10
363.4757575621852
 20
121.56184865757515
 10
364.37907097798916
 20
121.92725441296379
 10
365.1465464632024
 20
122.28591550649683
 10
365.79466290511385
 20
122.6533249816547
 10
366.3398991910127
 20
123.0449758819178
 10
366.79873420818797
 20
123.47636125076642
 10
367.18764684392886
 20
123.96297413168104
 10
367.52311598552444
 20
124.52030756814196
 10
367.82162052026365
 20
125.16385460362959
 10
368.09963933543577
 20
125.90910828162433
 10
368.37365131832973
 20
126.77156164560651
 10
368.70538137013614
 20
127.87065212784137
 10
368.96524678454455
 20
128.76196962643024
 10
369.140112127305
 20
129.47418391488327
 10
369.21684196416754
 20
130.0359647667105
 10
369.1823008608824
 20
130.47598195542207
 10
369.0233533831996
 20
130.822905254528
 10
368.72686409686924
 20
131.10540443753848
 10
368.2796975676415
 20
131.35214927796352
 10
367.6687183612663
 20
131.59180954931327
 10
366.88079104349396
 20
131.85305502509775
 10
365.9027801800744
 20
132.1645554788271
 10
364.9034712288944
 20
132.6033040101797
 10
364.0604965735944
 20
133.20612802845466
 10
363.37962757074433
 20
133.9396377646169
 10
362.8666355769143
 20
134.77044344963136
 10
362.52729194867413
 20
135.665155314463
 10
362.3673680425941
 20
136.59038359007664
 10
362.3926352152438
 20
137.51273850743732
 10
362.60886482319347
 20
138.3988302975099
 10
363.02182822301313
 20
139.21526919125932
 10
363.6372967712727
 20
139.92866541965049
 10
364.4610418245421
 20
140.50562921364838
 10
364.92309442568353
 20
140.74029195259274
 10
365.3377650492016
 20
140.9205876468339
 10
365.7131254123366
 20
141.04518360485116
 10
366.0572472323283
 20
141.11274713512404
 10
366.37820222641665
 20
141.12194554613188
 10
366.68406211184174
 20
141.07144614635416
 10
366.98289860584345
 20
140.9599162442703
 10
367.2827834256618
 20
140.78602314835962
 10
367.5917882885367
 20
140.5484341671016
 10
367.9179849117081
 20
140.24581660897564
 10
368.2694450124161
 20
139.87683778246114
 10
368.64810279820097
 20
139.45984543712518
 10
368.94981826100536
 20
139.12310570872086
 10
369.1739837579697
 20
138.86503979930896
 10
369.3199916462347
 20
138.68406891095037
 10
369.3872342829408
 20
138.57861424570584
 10
369.37510402522855
 20
138.54709700563626
 10
369.28299323023856
 20
138.58793839280239
 10
369.1102942551114
 20
138.69955960926504
 10
368.85639945698756
 20
138.88038185708504
 10
368.52070119300754
 20
139.12882633832322
 10
368.102591820312
 20
139.4433142550404
 10
367.70659462922686
 20
139.73053114387733
 10
367.3532308324777
 20
139.95690812380795
 10
367.033579721366
 20
140.1216165718351
 10
366.73872058719303
 20
140.2238278649616
 10
366.4597327212601
 20
140.2627133801902
 10
366.1876954148686
 20
140.23744449452383
 10
365.91368795932
 20
140.14719258496524
 10
365.6287896459156
 20
139.9911290285172
 10
365.32407976595675
 20
139.76842520218258
 10
364.99063761074495
 20
139.4782524829642
 10
364.61954247158144
 20
139.11978224786483
 10
364.1170370388167
 20
138.51098270166707
 10
363.7940854912679
 20
137.88348111812928
 10
363.6429456923024
 20
137.25103381708422
 10
363.65587550528767
 20
136.6273971183648
 10
363.8251327935913
 20
136.02632734180386
 10
364.14297542058074
 20
135.4615808072342
 10
364.60166124962336
 20
134.94691383448873
 10
365.1934481440869
 20
134.4960827434002
 10
365.9105939673386
 20
134.1228438538015
 10
366.745356582746
 20
133.84095348552546
 10
367.6899938536767
 20
133.6641679584049
 10
368.25859154446084
 20
133.61082516206648
 10
368.75032344391104
 20
133.60355258506456
 10
369.174987158645
 20
133.65176179525503
 10
369.5423802952804
 20
133.76486436049373
 10
369.8623004604349
 20
133.95227184863649
 10
370.144545260726
 20
134.22339582753915
 10
370.3989123027713
 20
134.5876478650575
 10
370.63519919318867
 20
135.05443952904744
 10
370.8632035385955
 20
135.63318238736474
 10
371.0927229456096
 20
136.3332880078653
 10
371.33355502084856
 20
137.1641679584049
 10
371.71578218924117
 20
138.60299162951836
 10
372.00525062799056
 20
139.85430129384764
 10
372.19860570492244
 20
140.9387123019946
 10
372.2924927878623
 20
141.87684000456088
 10
372.2835572446355
 20
142.6892997521482
 10
372.16844444306764
 20
143.3967068953583
 10
371.94379975098434
 20
144.01967678479292
 10
371.606268536211
 20
144.57882477105372
 10
371.1524961665732
 20
145.09476620474243
 10
370.5791280098965
 20
145.58811643646078
 10
369.8828094340064
 20
146.07949081681048
 10
369.30742814590997
 20
146.44391957968952
 10
368.7898346170639
 20
146.7376454827138
 10
368.31134259940666
 20
146.96138053747433
 10
367.853265844877
 20
147.11583675556238
 10
367.3969181054134
 20
147.20172614856898
 10
366.92361313295464
 20
147.21976072808525
 10
366.4146646794393
 20
147.17065250570232
 10
365.851386496806
 20
147.0551134930113
 10
365.2150923369934
 20
146.8738557016033
 10
364.48709595194015
 20
146.62759114306945
 10
363.64871109358484
 20
146.31703182900085
 10
362.0656620485671
 20
145.62663297049642
 10
360.6766454682363
 20
144.82422487262923
 10
359.47254512849497
 20
143.89120811572758
 10
358.4442448052455
 20
142.80898328011966
 10
357.58262827439023
 20
141.55895094613373
 10
356.8785793118317
 20
140.12251169409805
 10
356.32298169347223
 20
138.48106610434084
 10
355.9067191952143
 20
136.61601475719033
 10
355.6206755929604
 20
134.50875823297474
 10
355.455734662613
 20
132.1406971120223
 10
355.4027801800744
 20
129.4932319746613
 10
355.4129535627783
 20
127.49826012479349
 10
355.44529676407217
 20
125.76623439595554
 10
355.50254436372893
 20
124.28178430478391
 10
355.5874309415219
 20
123.02953936791525
 10
355.702691077224
 20
121.99412910198605
 10
355.85105935060847
 20
121.16018302363288
 10
356.03527034144827
 20
120.51233064949227
 10
356.25805862951654
 20
120.03520149620078
 10
356.5221587945865
 20
119.71342508039496
 10
356.8303054164311
 20
119.53163091871131
 10
357.1852330748235
 20
119.47444852778642
 10
357.3035059276224
 20
119.49296578676572
 10
357.5180823426467
 20
119.54672969042282
 10
357.82070290747527
 20
119.63305842883658
 10
358.2031082096868
 20
119.7492701920859
 10
358.6570388368599
 20
119.89268317024961
 10
359.1742353765734
 20
120.06061555340658
 10
359.7464384164059
 20
120.25038553163569
 10
360.3653885439363
 20
120.45931129501577
 10
361.0228263467433
 20
120.68471103362569
 10
361.71049241240536
 20
120.92390293754433
 10
362.4201273285015
 20
121.17420519685055
  0
LWPOLYLINE
  5
93
330
17
100
AcDbEntity
  8
CUT
100
AcDbPolyline
 90
100
 70
1
 10
369.80653570598486
 20
120.07588965829682
 10
370.3805635376184
 20
120.60160174593898
 10
371.08395095473094
 20
121.75326531257879
 10
371.8968385331134
 20
123.47141608282564
 10
372.79936684855664
 20
125.69658978128899
 10
373.77167647685167
 20
128.3693221325783
 10
374.7939079937895
 20
131.43014886130294
 10
375.84620197516097
 20
134.81960569207237
 10
376.90869899675715
 20
138.478228349496
 10
377.96153963436893
 20
142.34655255818328
 10
378.9848644637874
 20
146.3651140427436
 10
379.9588140608033
 20
150.47444852778642
 10
380.85103570232474
 20
154.67242733233996
 10
381.64906452394405
 20
158.99669427757445
 10
382.34674757713753
 20
163.3767101643802
 10
382.9379319133814
 20
167.7419357936476
 10
383.41646458415175
 20
172.02183196626706
 10
383.7761926409248
 20
176.14585948312893
 10
384.0109631351768
 20
180.0434791451236
 10
384.11462311838386
 20
183.6441517531414
 10
384.08101964202217
 20
186.87733810807276
 10
383.90399975756804
 20
189.672499010808
 10
383.5774105164975
 20
191.95909526223755
 10
383.27188351360746
 20
193.3758778084165
 10
382.9486358554775
 20
194.67515071421676
 10
382.60941516645994
 20
195.85323704789596
 10
382.2559690709069
 20
196.90645987771182
 10
381.8900451931706
 20
197.83114227192198
 10
381.51339115760334
 20
198.62360729878407
 10
381.1277545885575
 20
199.28017802655583
 10
380.73488311038517
 20
199.79717752349487
 10
380.33652434743874
 20
200.17092885785888
 10
379.9344259240703
 20
200.39775509790553
 10
379.53033546463223
 20
200.47397931189246
 10
379.4378473066414
 20
200.2696516164118
 10
379.34931682578235
 20
199.6765313082617
 10
379.265745133674
 20
198.72420140772763
 10
379.1881333419353
 20
197.4422449350951
 10
379.1174825621854
 20
195.8602449106496
 10
379.05479390604324
 20
194.00778435467663
 10
379.0010684851278
 20
191.91444628746171
 10
378.9573074110581
 20
189.60981372929035
 10
378.9245117954531
 20
187.12346970044803
 10
378.9036827499318
 20
184.48499722122023
 10
378.89582138611325
 20
181.72397931189246
 10
378.8839872992984
 20
177.89182819152919
 10
378.84930460195415
 20
174.46982543598816
 10
378.7884902344984
 20
171.4115829936007
 10
378.6982611373491
 20
168.67071281269813
 10
378.57533425092413
 20
166.20082684161173
 10
378.41642651564166
 20
163.9555370286728
 10
378.2182548719194
 20
161.8884553222127
 10
377.9775362601754
 20
159.9531936705627
 10
377.6909876208276
 20
158.1033640220541
 10
377.3553258942941
 20
156.29257832501824
 10
376.9672680209926
 20
154.47444852778642
 10
376.6866711787511
 20
153.17302400763333
 10
376.4231511410615
 20
151.8324930027249
 10
376.1793960844545
 20
150.47346934638733
 10
375.9580941854605
 20
149.11656687194696
 10
375.7619336206101
 20
147.78239941272994
 10
375.59360256643396
 20
146.49158080206257
 10
375.4557891994625
 20
145.26472487327112
 10
375.3511816962265
 20
144.12244545968176
 10
375.2824682332564
 20
143.0853563946208
 10
375.25233698708274
 20
142.17407151141444
 10
375.26347613423616
 20
141.409204643389
 10
375.2914803391213
 20
140.50793259866094
 10
375.28416391035114
 20
139.67846409975556
 10
375.2390917654943
 20
138.91191325724807
 10
375.1538288221194
 20
138.19939418171384
 10
375.0259399977948
 20
137.53202098372816
 10
374.8529902100893
 20
136.90090777386638
 10
374.6325443765713
 20
136.2971686627037
 10
374.3621674148095
 20
135.71191776081557
 10
374.03942424237243
 20
135.13626917877718
 10
373.66187977682864
 20
134.5613370271639
 10
373.22709893574665
 20
133.978235416551
 10
372.8760625728258
 20
133.50101294222407
 10
372.50342175761375
 20
132.937409221571
 10
372.11549795313465
 20
132.2999434039853
 10
371.7186126224128
 20
131.60113463886057
 10
371.3190872284724
 20
130.8535020755903
 10
370.9232432343376
 20
130.06956486356796
 10
370.5374021030326
 20
129.26184215218706
 10
370.1678852975816
 20
128.44285309084117
 10
369.8210142810089
 20
127.62511682892375
 10
369.50311051633867
 20
126.82115251582835
 10
369.220495466595
 20
126.04347930094843
 10
368.62328398661094
 20
124.30628434561694
 10
368.1487889837174
 20
122.88318771996128
 10
367.799470823243
 20
121.74913576782279
 10
367.57778987051654
 20
120.8790748330429
 10
367.4862064908667
 20
120.24795125946291
 10
367.5271810496222
 20
119.83071139092417
 10
367.70317391211165
 20
119.60230157126806
 10
368.01664544366406
 20
119.53766814433592
 10
368.4700560096078
 20
119.61175745396909
 10
369.0658659752719
 20
119.79951584400894
 10
369.80653570598486
 20
120.07588965829682
  0
LWPOLYLINE
  5
94
330
17
100
AcDbEntity
  8
CUT
100
AcDbPolyline
 90
34
 70
1
 10
227.79579137589008
 20
122.05623599602221
 10
228.0647180676525
 20
122.86962806301763
 10
228.25660358499974
 20
123.69112875562874
 10
228.37390315105813
 20
124.5027073186189
 10
228.41907198895402
 20
125.28633299675145
 10
228.3945653218138
 20
126.02397503478971
 10
228.30283837276374
 20
126.69760267749706
 10
228.14634636493028
 20
127.28918516963682
 10
227.92754452143976
 20
127.78069175597227
 10
227.64888806541853
 20
128.15409168126678
 10
227.31283221999294
 20
128.39135419028372
 10
226.92183220828932
 20
128.47444852778642
 10
226.4781677460121
 20
128.37526675771306
 10
226.05680213871966
 20
128.09591394390895
 10
225.66679955855417
 20
127.66367883099781
 10
225.31722417765775
 20
127.10585016360358
 10
225.01714016817257
 20
126.44971668635009
 10
224.77561170224078
 20
125.72256714386117
 10
224.60170295200453
 20
124.95169028076072
 10
224.50447808960593
 20
124.16437484167255
 10
224.49300128718716
 20
123.38790957122052
 10
224.57633671689032
 20
122.64958321402845
 10
224.76354855085765
 20
121.97668451472023
 10
224.98629289402476
 20
121.4920270876904
 10
225.24002765215795
 20
121.10628293388949
 10
225.51795029329995
 20
120.8192735875662
 10
225.8132582854936
 20
120.63082058296925
 10
226.11914909678165
 20
120.5407454543474
 10
226.42882019520698
 20
120.54886973594938
 10
226.73546904881232
 20
120.65501496202394
 10
227.03229312564048
 20
120.85900266681975
 10
227.31248989373432
 20
121.16065438458557
 10
227.56925682113658
 20
121.55979164957014
 10
227.79579137589008
 20
122.05623599602221
  0
LWPOLYLINE
  5
95
330
17
100
AcDbEntity
  8
CUT
100
AcDbPolyline
 90
67
 70
1
 10
273.45781605462287
 20
139.13724019793187
 10
272.8606807943587
 20
139.98523620350693
 10
272.29005102779
 20
140.82306837449536
 10
271.7523246327053
 20
141.63975919385746
 10
271.25389948689303
 20
142.4243311445536
 10
270.8011734681418
 20
143.16580670954417
 10
270.40054445424016
 20
143.85320837178944
 10
270.05841032297656
 20
144.4755586142498
 10
269.7811689521397
 20
145.02187991988555
 10
269.57521821951804
 20
145.48119477165704
 10
269.44695600290004
 20
145.84252565252464
 10
269.4027801800744
 20
146.0948950454487
 10
269.1592149979915
 20
146.50979120235831
 10
268.4673051958516
 20
147.00880655243168
 10
267.3852293898182
 20
147.57238289155208
 10
265.9711661960544
 20
148.18096201560263
 10
264.28329423072364
 20
148.81498572046655
 10
262.3797921099891
 20
149.45489580202698
 10
260.3188384500142
 20
150.08113405616712
 10
258.1586118669622
 20
150.67414227877012
 10
255.9572909769964
 20
151.21436226571916
 10
253.77305439628014
 20
151.68223581289743
 10
251.6640807409767
 20
152.0582047161881
 10
249.60134944429365
 20
152.24955392021064
 10
247.6709818683821
 20
152.16718304491587
 10
245.8952873285491
 20
151.82983963123547
 10
244.2965751401015
 20
151.25627122010104
 10
242.89715461834632
 20
150.4652253524443
 10
241.71933507859046
 20
149.4754495691968
 10
240.78542583614094
 20
148.30569141129024
 10
240.1177362063047
 20
146.97469841965622
 10
239.73857550438865
 20
145.50121813522642
 10
239.6702530456998
 20
143.90399809893245
 10
239.9350781455451
 20
142.20178585170598
 10
240.31408854849062
 20
140.9200909905523
 10
240.7877145244795
 20
139.82446642600328
 10
241.4005711945566
 20
138.8965159097719
 10
242.19727367976674
 20
138.11784319357105
 10
243.2224371011548
 20
137.47005202911376
 10
244.52067657976568
 20
136.93474616811292
 10
246.13660723664418
 20
136.49352936228155
 10
248.1148441928352
 20
136.12800536333253
 10
250.50000256938353
 20
135.81977792297886
 10
253.33669748733408
 20
135.5504507929335
 10
256.6695440677317
 20
135.30162772490937
 10
258.4982174546732
 20
135.1752494290831
 10
260.29876976409605
 20
135.04710676107345
 10
262.0479554694518
 20
134.91906149353068
 10
263.722529044192
 20
134.792975399105
 10
265.2992449617684
 20
134.67071025044663
 10
266.75485769563244
 20
134.55412782020585
 10
268.0661217192358
 20
134.44508988103289
 10
269.2097915060301
 20
134.34545820557793
 10
270.16262152946695
 20
134.25709456649125
 10
270.90136626299784
 20
134.18186073642306
 10
271.4027801800744
 20
134.1216184880236
 10
272.9733805134699
 20
133.9061510836888
 10
274.2386426989605
 20
133.75521074345153
 10
275.20809419316436
 20
133.69205064690095
 10
275.89126245269927
 20
133.73992397362647
 10
276.2976749341832
 20
133.9220839032173
 10
276.43685909423414
 20
134.2617836152627
 10
276.3183423894701
 20
134.78227628935184
 10
275.951652276509
 20
135.50681510507408
 10
275.34631621196877
 20
136.45865324201867
 10
274.51186165246736
 20
137.66104387977484
 10
273.45781605462287
 20
139.13724019793187
  0
LWPOLYLINE
  5
96
330
17
100
AcDbEntity
  8
CUT
100
AcDbPolyline
 90
40
 70
1
 10
240.59247929842883
 20
137.7725230695617
 10
239.72304052916792
 20
138.78815432373483
 10
239.01324801453484
 20
139.81481333456418
 10
238.4630318456246
 20
140.85355134475412
 10
238.0723221135322
 20
141.90541959700914
 10
237.84104890935274
 20
142.97146933403357
 10
237.76914232418116
 20
144.0527517985319
 10
237.8565324491125
 20
145.1503182332085
 10
238.10314937524186
 20
146.26521988076786
 10
238.50892319366417
 20
147.39850798391433
 10
239.0737839954745
 20
148.5512337853524
 10
239.79766187176787
 20
149.72444852778642
 10
242.34250657947194
 20
153.47444852778642
 10
235.94975812736277
 20
153.47444852778642
 10
229.5570096752536
 20
153.47444852778642
 10
230.06171962339468
 20
145.72444852778642
 10
230.14025577080315
 20
144.5695837644506
 10
230.22351351210344
 20
143.43945604093443
 10
230.31008627257154
 20
142.34826520697501
 10
230.3985674774833
 20
141.31021111230933
 10
230.4875505521147
 20
140.33949360667447
 10
230.5756289217416
 20
139.45031253980744
 10
230.66139601163997
 20
138.65686776144534
 10
230.74344524708573
 20
137.97335912132513
 10
230.82037005335476
 20
137.41398646918387
 10
230.890763855723
 20
136.9929496547586
 10
230.9532200794664
 20
136.72444852778642
 10
231.06831807240013
 20
136.51304648710664
 10
231.27602943914732
 20
136.320200362381
 10
231.57473403333813
 20
136.1462425600944
 10
231.9628117086026
 20
135.99150548673168
 10
232.43864231857088
 20
135.85632154877763
 10
233.00060571687303
 20
135.7410231527171
 10
233.64708175713912
 20
135.64594270503494
 10
234.3764502929993
 20
135.57141261221597
 10
235.18709117808365
 20
135.51776528074498
 10
236.07738426602222
 20
135.48533311710688
 10
237.04570941044517
 20
135.47444852778642
 10
242.75140823349338
 20
135.47444852778642
 10
240.59247929842883
 20
137.7725230695617
  0
LWPOLYLINE
  5
97
330
17
100
AcDbEntity
  8
CUT
100
AcDbPolyline
 90
67
 70
1
 10
332.1734469066697
 20
141.35734996704468
 10
332.5184889884706
 20
141.52887722302728
 10
332.8689967335507
 20
141.67994721530295
 10
333.2198424183939
 20
141.8096064621102
 10
333.5658983194839
 20
141.91690148168743
 10
333.9020367133046
 20
142.00087879227306
 10
334.22312987633995
 20
142.06058491210547
 10
334.52405008507367
 20
142.09506635942313
 10
334.7996696159896
 20
142.10336965246444
 10
335.0448607455718
 20
142.0845413094678
 10
335.2544957503038
 20
142.0376278486716
 10
335.4234469066697
 20
141.96167578831435
 10
335.56766127300125
 20
141.87725154143584
 10
335.7054742873579
 20
141.80573952529164
 10
335.83534079581466
 20
141.74741326444405
 10
335.9557156444465
 20
141.7025462834552
 10
336.0650536793285
 20
141.67141210688732
 10
336.1618097465357
 20
141.65428425930259
 10
336.24443869214304
 20
141.65143626526316
 10
336.31139536222554
 20
141.66314164933127
 10
336.3611346028582
 20
141.68967393606906
 10
336.39211126011617
 20
141.7313066500388
 10
336.4027801800744
 20
141.78831331580258
 10
336.3046539648383
 20
142.28966920985766
 10
336.03366863367705
 20
143.07912725070298
 10
335.62491415841157
 20
144.08588683342674
 10
335.1134805108625
 20
145.23914735311732
 10
334.5344576628506
 20
146.4681082048629
 10
333.9229355861968
 20
147.70196878375174
 10
333.3140042527217
 20
148.86992848487213
 10
332.74275363424624
 20
149.90118670331236
 10
332.24427370259104
 20
150.72494283416063
 10
331.853654429577
 20
151.27039627250528
 10
331.60598578702474
 20
151.46674641343452
 10
331.2027344145919
 20
151.27975843537115
 10
330.6955684022822
 20
150.76574393004358
 10
330.11447480878076
 20
149.98391245847085
 10
329.4894406927725
 20
148.99347358167188
 10
328.8504531129428
 20
147.8536368606658
 10
328.22749912797633
 20
146.62361185647148
 10
327.65056579655857
 20
145.36260813010801
 10
327.14964017737435
 20
144.12983524259437
 10
326.7547093291089
 20
142.98450275494952
 10
326.4957603104472
 20
141.98582022819247
 10
326.4027801800744
 20
141.19299722334225
 10
326.430822112083
 20
140.404429380867
 10
326.5119048599056
 20
139.71575077524182
 10
326.6414638512372
 20
139.1314617804328
 10
326.81493451377276
 20
138.65606277040598
 10
327.0277522752075
 20
138.29405411912728
 10
327.2753525632363
 20
138.04993620056277
 10
327.55317080555443
 20
137.92820938867843
 10
327.85664242985683
 20
137.93337405744023
 10
328.1812028638385
 20
138.0699305808142
 10
328.5222875351946
 20
138.34237933276637
 10
328.8753318716201
 20
138.75522068726272
 10
329.05136833742984
 20
138.9734605712093
 10
329.2677741506252
 20
139.20768053474023
 10
329.5193456736606
 20
139.4537750395478
 10
329.8008792689899
 20
139.70763854732436
 10
330.1071712990672
 20
139.96516551976217
 10
330.4330181263467
 20
140.22225041855356
 10
330.7732161132825
 20
140.4747877053908
 10
331.1225616223286
 20
140.71867184196623
 10
331.47585101593904
 20
140.94979728997217
 10
331.827880656568
 20
141.16405851110088
 10
332.1734469066697
 20
141.35734996704468
  0
LWPOLYLINE
  5
98
330
17
100
AcDbEntity
  8
CUT
100
AcDbPolyline
 90
34
 70
1
 10
226.21613866416254
 20
143.64743681484094
 10
226.05850720710322
 20
144.69490359681183
 10
225.8217353422814
 20
145.5752425196822
 10
225.5256613119426
 20
146.28085909473566
 10
225.19012335833224
 20
146.80415883325583
 10
224.83495972369576
 20
147.13754724652625
 10
224.48000865027865
 20
147.2734298458306
 10
224.14510838032635
 20
147.2042121424524
 10
223.8500971560843
 20
146.9222996476753
 10
223.614813219798
 20
146.4200978727829
 10
223.45909481371288
 20
145.6900123290587
 10
223.40278018007442
 20
144.72444852778642
 10
223.41004288981645
 20
144.28768419019565
 10
223.4311297918951
 20
143.85616027334117
 10
223.46498904558905
 20
143.4355304210997
 10
223.5105688101771
 20
143.03144827734815
 10
223.5668172449379
 20
142.64956748596322
 10
223.6326825091503
 20
142.29554169082172
 10
223.70711276209295
 20
141.97502453580046
 10
223.78905616304462
 20
141.69366966477617
 10
223.87746087128403
 20
141.45713072162565
 10
223.97127504608994
 20
141.2710613502257
 10
224.06944684674107
 20
141.14111519445308
 10
224.47071092564565
 20
140.78785727661761
 10
224.83868489394632
 20
140.56008118970092
 10
225.170724770023
 20
140.45470001258812
 10
225.46418657225564
 20
140.46862682416435
 10
225.7164263190241
 20
140.59877470331472
 10
225.9248000287083
 20
140.84205672892438
 10
226.08666371968818
 20
141.19538597987844
 10
226.1993734103436
 20
141.655675535062
 10
226.26028511905454
 20
142.21983847336017
 10
226.2667548642009
 20
142.88478787365813
 10
226.21613866416254
 20
143.64743681484094
  0
LWPOLYLINE
  5
99
330
17
100
AcDbEntity
  8
CUT
100
AcDbPolyline
 90
45
 70
1
 10
357.7967201040676
 20
155.71598158583032
 10
357.65697180078735
 20
157.5369308236729
 10
357.25380484185575
 20
159.2394550786184
 10
356.62513415448984
 20
160.79157367042473
 10
355.80887466590644
 20
162.1613059188498
 10
354.8429413033226
 20
163.3166711436515
 10
353.7652489939553
 20
164.22568866458778
 10
352.61371266502135
 20
164.8563778014165
 10
351.4262472437379
 20
165.1767578738956
 10
350.24076765732184
 20
165.154848201783
 10
349.09518883299
 20
164.7586681048366
 10
348.0274256979594
 20
163.9562369028143
 10
347.3145238611265
 20
163.00893858036483
 10
346.84724102435246
 20
161.84786580318917
 10
346.62270764749576
 20
160.48424830581774
 10
346.638054190415
 20
158.92931582278106
 10
346.8904111129686
 20
157.1942980886096
 10
347.37690887501503
 20
155.29042483783377
 10
348.09467793641284
 20
153.2289258049841
 10
349.0408487570205
 20
151.02103072459104
 10
350.2125517966965
 20
148.677969331185
 10
351.6069175152993
 20
146.21097135929654
 10
353.22107637268743
 20
143.63126654345604
 10
353.6005482793218
 20
143.059038941064
 10
353.919568781823
 20
142.61644599331555
 10
354.191475896509
 20
142.31660647367084
 10
354.4296076396979
 20
142.1726391555899
 10
354.6473020277078
 20
142.19766281253283
 10
354.85789707685666
 20
142.40479621795973
 10
355.07473080346256
 20
142.80715814533062
 10
355.3111412238435
 20
143.41786736810565
 10
355.58046635431765
 20
144.25004265974482
 10
355.89604421120305
 20
145.31680279370826
 10
356.2712128108177
 20
146.63126654345604
 10
356.4946002951467
 20
147.458851741255
 10
356.7082674369632
 20
148.32909706613006
 10
356.9098073502296
 20
149.22766900824732
 10
357.0968131489086
 20
150.14023405777283
 10
357.2668779469626
 20
151.0524587048726
 10
357.4175948583544
 20
151.95000943971274
 10
357.54655699704625
 20
152.81855275245925
 10
357.651357477001
 20
153.64375513327823
 10
357.7295894121811
 20
154.4112830723357
 10
357.77884591654913
 20
155.1068030597977
 10
357.7967201040676
 20
155.71598158583032
  0
LWPOLYLINE
  5
9A
330
17
100
AcDbEntity
  8
CUT
100
AcDbPolyline
 90
58
 70
1
 10
366.84232702039634
 20
148.47444852778642
 10
367.32061939652726
 20
148.4615572179943
 10
367.80279160549867
 20
148.42412796680472
 10
368.28199019003404
 20
148.3640277914979
 10
368.75136169285645
 20
148.2831237093542
 10
369.2040526566893
 20
148.18328273765368
 10
369.6332096242558
 20
148.06637189367672
 10
370.0319791382792
 20
147.93425819470355
 10
370.39350774148284
 20
147.78880865801432
 10
370.71094197659
 20
147.63189030088935
 10
370.9774283863239
 20
147.46537014060885
 10
371.1861135134078
 20
147.29111519445308
 10
371.6336976347894
 20
146.89047772734267
 10
372.028987668834
 20
146.63993813258838
 10
372.37402048100614
 20
146.54332525943994
 10
372.67083293677047
 20
146.60446795714722
 10
372.92146190159184
 20
146.82719507495995
 10
373.1279442409349
 20
147.21533546212794
 10
373.2923168202644
 20
147.77271796790095
 10
373.416616505045
 20
148.5031714415287
 10
373.50288016074154
 20
149.41052473226108
 10
373.5531446528187
 20
150.49860668934775
 10
373.56944684674113
 20
151.7712461620386
 10
373.52620889896
 20
153.14705514958274
 10
373.39749386232575
 20
154.4262654845797
 10
373.1847999469012
 20
155.60603492517322
 10
372.8896253627495
 20
156.68352122950722
 10
372.51346831993357
 20
157.6558821557256
 10
372.0578270285166
 20
158.52027546197218
 10
371.52419969856146
 20
159.27385890639079
 10
370.9140845401315
 20
159.91379024712532
 10
370.22897976328954
 20
160.4372272423196
 10
369.4703835780986
 20
160.8413276501175
 10
368.6397941946219
 20
161.1232492286629
 10
367.58414265544604
 20
161.24461239508415
 10
366.51907039204207
 20
161.08416589734856
 10
365.4541756121876
 20
160.65311754486697
 10
364.3990565236602
 20
159.96267514705042
 10
363.3633113342375
 20
159.0240465133097
 10
362.3565382516971
 20
157.84843945305573
 10
361.3883354838165
 20
156.44706177569947
 10
360.46830123837344
 20
154.8311212906517
 10
359.60603372314546
 20
153.01182580732342
 10
358.81113114591017
 20
151.0003831351255
 10
358.0931917144452
 20
148.80800108346884
 10
356.56020520972356
 20
143.64155363915125
 10
360.1210395352209
 20
146.05800108346884
 10
360.6798299924807
 20
146.4138415786501
 10
361.2808813427347
 20
146.75388711307585
 10
361.9135890001686
 20
147.074325110012
 10
362.56734837896806
 20
147.37134299272452
 10
363.23155489331873
 20
147.6411281844793
 10
363.89560395740637
 20
147.87986810854224
 10
364.5488909854165
 20
148.08375018817924
 10
365.1808113915349
 20
148.24896184665627
 10
365.78076058994725
 20
148.37169050723918
 10
366.33813399483915
 20
148.44812359319394
 10
366.84232702039634
 20
148.47444852778642
  0
LWPOLYLINE
  5
9B
330
17
100
AcDbEntity
  8
CUT
100
AcDbPolyline
 90
47
 70
1
 10
341.04315474251825
 20
155.5440522732009
 10
341.81982597792336
 20
155.9350464233422
 10
342.4474756384787
 20
156.2670838294003
 10
342.9319431701167
 20
156.55796410402542
 10
343.27906801876975
 20
156.82548685986774
 10
343.4946896303704
 20
157.08745170957746
 10
343.5846474508509
 20
157.36165826580472
 10
343.55478092614385
 20
157.66590614119977
 10
343.4109295021816
 20
158.01799494841276
 10
343.1589326248966
 20
158.43572430009388
 10
342.80462974022134
 20
158.93689380889333
 10
342.3538602940881
 20
159.53930308746126
 10
340.5241912832142
 20
161.96495015630717
 10
337.4267466528154
 20
158.99740986591002
 10
336.4849656922771
 20
158.04275492179056
 10
335.6803720770066
 20
157.11334402921813
 10
335.0120140066691
 20
156.20609521757774
 10
334.47893968092984
 20
155.31792651625432
 10
334.0801972994541
 20
154.4457559546329
 10
333.81483506190705
 20
153.58650156209842
 10
333.681901167954
 20
152.73708136803583
 10
333.6804438172602
 20
151.89441340183015
 10
333.8095112094908
 20
151.0554156928663
 10
334.06815154431104
 20
150.21700627052928
 10
334.45541302138633
 20
149.37610316420407
 10
334.75741204669896
 20
148.81740168670706
 10
335.01098594164205
 20
148.37637319333948
 10
335.22629485213656
 20
148.05805138929418
 10
335.41349892410324
 20
147.8674699797639
 10
335.5827583034631
 20
147.80966266994153
 10
335.7442331361369
 20
147.8896631650198
 10
335.90808356804564
 20
148.1125051701916
 10
336.08446974511014
 20
148.4832223906497
 10
336.2835518132512
 20
149.00684853158688
 10
336.5154899183899
 20
149.688417298196
 10
336.79044420644686
 20
150.5329623956698
 10
337.0067714825001
 20
151.1322057462262
 10
337.2597215939615
 20
151.70573507351776
 10
337.5484391138737
 20
152.252542403611
 10
337.87206861527943
 20
152.77161976257244
 10
338.22975467122114
 20
153.26195917646862
 10
338.6206418547417
 20
153.72255267136606
 10
339.0438747388836
 20
154.15239227333132
 10
339.49859789668955
 20
154.5504700084309
 10
339.9839559012022
 20
154.91577790273132
 10
340.49909332546423
 20
155.24730798229916
 10
341.04315474251825
 20
155.5440522732009
  0
LWPOLYLINE
  5
9C
330
17
100
AcDbEntity
  8
CUT
100
AcDbPolyline
 90
80
 70
1
 10
268.2027801800744
 20
152.90813663172395
 10
268.20911711954614
 20
153.42402703123076
 10
268.2275160955295
 20
153.9369901237477
 10
268.2570593443769
 20
154.44012339704148
 10
268.29682910244065
 20
154.92652433887895
 10
268.34590760607324
 20
155.3892904370268
 10
268.40337709162696
 20
155.8215191792518
 10
268.46831979545425
 20
156.2163080533207
 10
268.53981795390735
 20
156.5667545470002
 10
268.6169538033388
 20
156.86595614805708
 10
268.6988095801009
 20
157.10701034425813
 10
268.784467520546
 20
157.28301462337006
 10
268.5791705498518
 20
157.72802382511736
 10
267.6333584560508
 20
158.38289467839843
 10
266.0567579731309
 20
159.20566916878334
 10
263.95909583508046
 20
160.15438928184227
 10
261.4500987758875
 20
161.1870970031452
 10
258.63949352954023
 20
162.26183431826234
 10
255.63700683002676
 20
163.3366432127637
 10
252.5523654113353
 20
164.36956567221944
 10
249.495296007454
 20
165.31864368219965
 10
246.575525352371
 20
166.1419192282744
 10
243.90278018007442
 20
166.79743429601376
 10
242.8021054488538
 20
167.0339351131123
 10
241.614190288802
 20
167.27499184227742
 10
240.36019825033407
 20
167.51703406519692
 10
239.06129288386498
 20
167.75649136355867
 10
237.73863773980975
 20
167.98979331905053
 10
236.41339636858345
 20
168.21336951336025
 10
235.10673232060105
 20
168.42364952817576
 10
233.8398091462776
 20
168.61706294518478
 10
232.63379039602808
 20
168.79003934607522
 10
231.50983962026757
 20
168.93900831253484
 10
230.48912036941107
 20
169.06039942625154
 10
229.15234803110445
 20
169.20191368506693
 10
228.01327498924442
 20
169.30697968614498
 10
227.0594486858401
 20
169.3741412398234
 10
226.27841656290053
 20
169.40194215643976
 10
225.65772606243485
 20
169.38892624633172
 10
225.18492462645207
 20
169.33363731983695
 10
224.84755969696138
 20
169.234619187293
 10
224.63317871597178
 20
169.09041565903755
 10
224.52932912549244
 20
168.8995705454082
 10
224.52355836753236
 20
168.66062765674263
 10
224.6034138841007
 20
168.3721308033784
 10
224.69887273693033
 20
168.10508134280963
 10
224.82459769060117
 20
167.73061964324182
 10
224.97719033429505
 20
167.2598187038663
 10
225.15325225719374
 20
166.70375152387447
 10
225.3493850484791
 20
166.07349110245775
 10
225.56219029733285
 20
165.38011043880744
 10
225.78826959293684
 20
164.634682532115
 10
226.0242245244729
 20
163.8482803815717
 10
226.26665668112278
 20
163.031976986369
 10
226.51216765206834
 20
162.1968453456982
 10
226.75735902649132
 20
161.35395845875072
 10
228.38335084352894
 20
155.73346838971503
 10
238.14306551180167
 20
155.01115661185216
 10
239.6728582052513
 20
154.880124409541
 10
241.31511557367165
 20
154.7068626599919
 10
243.04102814989264
 20
154.4960833492433
 10
244.8217864667442
 20
154.25249846333347
 10
246.62858105705624
 20
153.98081998830088
 10
248.4326024536587
 20
153.68575991018386
 10
250.20504118938146
 20
153.3720302150208
 10
251.91708779705453
 20
153.04434288885003
 10
253.53993280950775
 20
152.70740991770995
 10
255.04476675957108
 20
152.3659432876389
 10
256.4027801800744
 20
152.02465498467532
 10
259.35548516495146
 20
151.24053096611237
 10
261.76933580929426
 20
150.61710159976738
 10
263.6986183791376
 20
150.15843137036308
 10
265.19761914051617
 20
149.86858476262216
 10
266.3206243594648
 20
149.75162626126752
 10
267.1219203020181
 20
149.81162035102176
 10
267.65579323421116
 20
150.05263151660776
 10
267.97652942207844
 20
150.47872424274823
 10
268.13841513165494
 20
151.0939630141659
 10
268.19573662897534
 20
151.90241231558355
 10
268.2027801800744
 20
152.90813663172395
  0
LWPOLYLINE
  5
9D
330
17
100
AcDbEntity
  8
CUT
100
AcDbPolyline
 90
67
 70
1
 10
377.2284304654806
 20
166.72444852778642
 10
377.5503594736703
 20
169.7605844233604
 10
377.8150335910649
 20
172.79522836850364
 10
378.0221984329173
 20
175.80677165062448
 10
378.17159961448067
 20
178.7736055571313
 10
378.26298275100777
 20
181.67412137543243
 10
378.2960934577516
 20
184.48671039293617
 10
378.2706773499652
 20
187.1897638970509
 10
378.1864800429014
 20
189.76167317518497
 10
378.04324715181326
 20
192.18082951474668
 10
377.84072429195385
 20
194.42562420314437
 10
377.5786570785759
 20
196.47444852778642
 10
377.426082151198
 20
197.4190343866133
 10
377.2686786473556
 20
198.23123730555318
 10
377.09991974349884
 20
198.92149734598482
 10
376.9132786160777
 20
199.50025456928705
 10
376.7022284415423
 20
199.97794903683862
 10
376.46024239634255
 20
200.3650208100184
 10
376.18079365692876
 20
200.67190995020513
 10
375.857355399751
 20
200.90905651877767
 10
375.4834008012592
 20
201.08690057711476
 10
375.05240303790356
 20
201.21588218659525
 10
374.55783528613415
 20
201.30644140859792
 10
373.67546250087094
 20
201.36346932769965
 10
372.7253564191794
 20
201.30628618829843
 10
371.7394950824861
 20
201.1483539560167
 10
370.7498565322177
 20
200.9031345964769
 10
369.78841880980076
 20
200.5840900753014
 10
368.8871599566621
 20
200.20468235811265
 10
368.0780580142283
 20
199.77837341053305
 10
367.393091023926
 20
199.31862519818506
 10
366.86423702718173
 20
198.83889968669104
 10
366.52347406542236
 20
198.35265884167347
 10
366.4027801800744
 20
197.8733646287547
 10
366.41856676298653
 20
197.63225020502782
 10
366.4644022899245
 20
197.3218344515298
 10
366.5380004281908
 20
196.95020919942417
 10
366.6370748450878
 20
196.52546627987425
 10
366.7593392079177
 20
196.05569752404355
 10
366.90250718398295
 20
195.54899476309546
 10
367.0642924405861
 20
195.01344982819342
 10
367.2424086450293
 20
194.45715455050086
 10
367.43456946461504
 20
193.88820076118122
 10
367.6384885666457
 20
193.31468029139788
 10
367.85187961842365
 20
192.74468497231433
 10
368.46988674118984
 20
191.07736846492003
 10
369.0280574394345
 20
189.43777979890086
 10
369.5326546426375
 20
187.7958899673549
 10
369.98994128027834
 20
186.12166996338019
 10
370.4061802818368
 20
184.38509078007473
 10
370.78763457679236
 20
182.55612341053657
 10
371.14056709462477
 20
180.60473884786376
 10
371.47124076481373
 20
178.5009080851543
 10
371.78591851683893
 20
176.21460211550624
 10
372.09086328017986
 20
173.7157919320176
 10
372.3923379843162
 20
170.97444852778642
 10
372.89590221993296
 20
166.44654447903102
 10
373.369902043312
 20
162.76169537861247
 10
373.81993096089235
 20
159.9149856045779
 10
374.25158247911327
 20
157.9014995349745
 10
374.6704501044137
 20
156.71632154784947
 10
375.082127343233
 20
156.35453602125
 10
375.4922077020102
 20
156.8112273332232
 10
375.90628468718444
 20
158.08147986181626
 10
376.3299518051948
 20
160.16037798507637
 10
376.76880256248046
 20
163.0430060810507
 10
377.2284304654806
 20
166.72444852778642
  0
LWPOLYLINE
  5
9E
330
17
100
AcDbEntity
  8
CUT
100
AcDbPolyline
 90
34
 70
1
 10
221.2309578497452
 20
162.10262619745723
 10
221.06695784458708
 20
162.97479164108398
 10
220.80578644720802
 20
163.69267896185974
 10
220.46861629453474
 20
164.2530048697924
 10
220.0766200234939
 20
164.65248607488985
 10
219.65097027101223
 20
164.88783928715998
 10
219.21283967401644
 20
164.95578121661066
 10
218.78340086943325
 20
164.85302857324973
 10
218.38382649418932
 20
164.57629806708513
 10
218.03528918521138
 20
164.12230640812467
 10
217.75896157942614
 20
163.4877703063763
 10
217.57601631376028
 20
162.66940647184785
 10
217.52958955545137
 20
161.9219691457937
 10
217.59173568404339
 20
161.18269618993702
 10
217.7479198234986
 20
160.47227613947342
 10
217.98360709777927
 20
159.8113975295987
 10
218.28426263084768
 20
159.22074889550845
 10
218.6353515466661
 20
158.7210187723984
 10
219.02233896919677
 20
158.33289569546423
 10
219.43069002240202
 20
158.0770681999016
 10
219.84586983024408
 20
157.97422482090616
 10
220.25334351668528
 20
158.04505409367368
 10
220.6385762056878
 20
158.3102445533998
 10
220.77056046510214
 20
158.477089819576
 10
220.88972235809098
 20
158.69746884254232
 10
220.9951272479507
 20
158.96539815013307
 10
221.08584049797767
 20
159.27489427018259
 10
221.16092747146828
 20
159.61997373052515
 10
221.21945353171887
 20
159.99465305899514
 10
221.26048404202587
 20
160.39294878342685
 10
221.28308436568562
 20
160.8088774316546
 10
221.2863198659945
 20
161.23645553151266
 10
221.26925590624893
 20
161.66969961083544
 10
221.2309578497452
 20
162.10262619745723
  0
LWPOLYLINE
  5
9F
330
17
100
AcDbEntity
  8
CUT
100
AcDbPolyline
 90
89
 70
1
 10
288.90942225446713
 20
164.05831854734106
 10
286.1310971706793
 20
166.5608154756479
 10
283.2169971379214
 20
169.03971355202975
 10
280.1743491478473
 20
171.49002816994386
 10
277.0103801921108
 20
173.90677472284762
 10
273.73231726236577
 20
176.28496860419835
 10
270.34738735026616
 20
178.61962520745337
 10
266.86281744746566
 20
180.90575992607003
 10
263.2858345456183
 20
183.13838815350562
 10
259.62366563637784
 20
185.3125252832175
 10
255.88353771139813
 20
187.42318670866297
 10
252.07267776233306
 20
189.46538782329935
 10
249.53178554683458
 20
190.78097153806323
 10
247.3183058324323
 20
191.90135786197362
 10
245.40153169919788
 20
192.8380843340348
 10
243.75075622720297
 20
193.60268849325092
 10
242.33527249651928
 20
194.20670787862616
 10
241.12437358721846
 20
194.6616800291648
 10
240.08735257937218
 20
194.97914248387102
 10
239.19350255305216
 20
195.170632781749
 10
238.41211658833004
 20
195.24768846180297
 10
237.71248776527747
 20
195.2218470630371
 10
237.06390916396617
 20
195.10464612445563
 10
236.14891728476331
 20
194.75400855561284
 10
235.08876028683673
 20
194.15216765148458
 10
233.93900694641977
 20
193.35353519870685
 10
232.75522603974582
 20
192.41252298391566
 10
231.59298634304824
 20
191.3835427937471
 10
230.50785663256042
 20
190.32100641483711
 10
229.55540568451573
 20
189.27932563382177
 10
228.79120227514758
 20
188.3129122373371
 10
228.27081518068934
 20
187.47617801201906
 10
228.04981317737435
 20
186.82353474450375
 10
228.183765041436
 20
186.40939422142714
 10
228.37882769753753
 20
186.2973927076035
 10
228.7389441454868
 20
186.1451871818959
 10
229.25006391713822
 20
185.9570881053129
 10
229.89813654434604
 20
185.73740593886308
 10
230.66911155896463
 20
185.49045114355508
 10
231.54893849284827
 20
185.22053418039752
 10
232.52356687785135
 20
184.93196551039892
 10
233.57894624582818
 20
184.629055594568
 10
234.70102612863306
 20
184.31611489391324
 10
235.87575605812034
 20
183.9974538694433
 10
237.08908556614438
 20
183.6773829821668
 10
240.2359901129553
 20
182.82037333193068
 10
243.34549424968867
 20
181.89626574318186
 10
246.41308141363703
 20
180.90687986979967
 10
249.434235042093
 20
179.8540353656636
 10
252.40443857234916
 20
178.73955188465303
 10
255.31917544169806
 20
177.5652490806474
 10
258.1739290874323
 20
176.33294660752608
 10
260.96418294684446
 20
175.04446411916854
 10
263.68542045722717
 20
173.70162126945417
 10
266.333125055873
 20
172.30623771226234
 10
268.9027801800744
 20
170.86013310147257
 10
270.11897101403383
 20
170.15578194946326
 10
271.3554473476176
 20
169.44524239654083
 10
272.59406492838394
 20
168.73863979109092
 10
273.8166795038911
 20
168.0460994814992
 10
275.0051468216973
 20
167.37774681615122
 10
276.1413226293607
 20
166.74370714343263
 10
277.20706267443956
 20
166.1541058117291
 10
278.18422270449213
 20
165.61906816942613
 10
279.0546584670767
 20
165.14871956490944
 10
279.8002257097513
 20
164.7531853465646
 10
280.4027801800744
 20
164.44259086277728
 10
281.91791425042135
 20
163.68880136795036
 10
283.57317237409734
 20
162.88310971794073
 10
285.3117466862121
 20
162.0514950675277
 10
287.07682932187504
 20
161.2199365714906
 10
288.8116124161959
 20
160.41441338460868
 10
290.45928810428427
 20
159.66090466166128
 10
291.9630485212497
 20
158.98538955742762
 10
293.2660858022018
 20
158.4138472266871
 10
294.31159208225023
 20
157.97225682421893
 10
295.0427594965046
 20
157.68659750480245
 10
295.4027801800744
 20
157.58284842321694
 10
295.4002229374588
 20
157.65158001055357
 10
295.24938118789606
 20
157.8549513351079
 10
294.9604998988119
 20
158.18274565213116
 10
294.54382403763213
 20
158.62474621687448
 10
294.0095985717826
 20
159.17073628458917
 10
293.3680684686892
 20
159.81049911052628
 10
292.62947869577766
 20
160.5338179499371
 10
291.8040742204739
 20
161.3304760580728
 10
290.90210001020364
 20
162.19025669018455
 10
289.9338010323928
 20
163.10294310152358
 10
288.90942225446713
 20
164.05831854734106
  0
LWPOLYLINE
  5
A0
330
17
100
AcDbEntity
  8
CUT
100
AcDbPolyline
 90
40
 70
1
 10
361.37430813858236
 20
172.91560739530215
 10
360.87334538179783
 20
174.4870189151935
 10
360.37127398504185
 20
176.00805384380462
 10
359.8750687844389
 20
177.4605416238678
 10
359.3917046161129
 20
178.82631169811532
 10
358.9281563161884
 20
180.08719350927944
 10
358.49139872078933
 20
181.22501650009244
 10
358.0884066660402
 20
182.22161011328654
 10
357.7261549880652
 20
183.05880379159402
 10
357.41161852298853
 20
183.71842697774716
 10
357.15177210693435
 20
184.18230911447822
 10
356.95359057602707
 20
184.43227964451944
 10
356.73750346913414
 20
184.54923489047817
 10
356.4935352466135
 20
184.56404575375336
 10
356.22128225926065
 20
184.47626512640528
 10
355.92034085787145
 20
184.2854459004942
 10
355.5903073932415
 20
183.9911409680804
 10
355.2307782161665
 20
183.59290322122413
 10
354.8413496774423
 20
183.09028555198563
 10
354.42161812786446
 20
182.48284085242517
 10
353.9711799182287
 20
181.77012201460303
 10
353.48963139933085
 20
180.95168193057944
 10
352.97656892196653
 20
180.0270734924147
 10
350.09970822096716
 20
174.7088148451516
 10
352.2848583814134
 20
171.64005442306205
 10
352.6341714985672
 20
171.12589898065147
 10
353.02160902028174
 20
170.51329963225174
 10
353.43973577413806
 20
169.81611465617075
 10
353.88111658771703
 20
169.04820233071635
 10
354.3383162885996
 20
168.22342093419638
 10
354.8038997043666
 20
167.35562874491876
 10
355.270431662599
 20
166.4586840411913
 10
355.73047699087766
 20
165.5464451013218
 10
356.17660051678354
 20
164.63277020361824
 10
356.6013670678975
 20
163.73151762638838
 10
356.9973414718005
 20
162.8565456479401
 10
359.52467440174115
 20
157.1417972949077
 10
362.1097695749089
 20
159.72689246807542
 10
364.6948647480766
 20
162.31198764124315
 10
361.37430813858236
 20
172.91560739530215
  0
LWPOLYLINE
  5
A1
330
17
100
AcDbEntity
  8
CUT
100
AcDbPolyline
 90
38
 70
1
 10
349.12129966610826
 20
165.95839322673794
 10
350.05380286257287
 20
166.54802490241065
 10
350.80654538327383
 20
167.04366851011477
 10
351.3863032305829
 20
167.46939031584537
 10
351.7998524068718
 20
167.84925658559763
 10
352.05396891451244
 20
168.2073335853667
 10
352.1554287558764
 20
168.5676875811477
 10
352.1110079333356
 20
168.95438483893582
 10
351.92748244926184
 20
169.39149162472614
 10
351.61162830602683
 20
169.90307420451387
 10
351.17022150600235
 20
170.5131988442941
 10
350.6100380515602
 20
171.24593181006196
 10
348.8617676142236
 20
173.5174150923375
 10
345.25475820184704
 20
168.68596908745266
 10
344.3796573512746
 20
167.50721937064242
 10
343.6681447078596
 20
166.52032127093713
 10
343.1117652123299
 20
165.6928076650754
 10
342.7020638054135
 20
164.99221142979582
 10
342.43058542783837
 20
164.38606544183693
 10
342.2888750203324
 20
163.84190257793728
 10
342.2684775236236
 20
163.32725571483545
 10
342.3609378784398
 20
162.80965772926993
 10
342.5578010255091
 20
162.25664149797933
 10
342.8506119055592
 20
161.63573989770222
 10
343.2309154593183
 20
160.91448580517712
 10
344.81408212916597
 20
157.97444852778642
 10
345.36547077992236
 20
160.95839322673794
 10
345.486394362953
 20
161.4778104062517
 10
345.6550946551669
 20
161.9891438094985
 10
345.8703471139445
 20
162.49076324690282
 10
346.13092719666616
 20
162.981038528889
 10
346.4356103607124
 20
163.45833946588152
 10
346.78317206346355
 20
163.92103586830484
 10
347.1723877623
 20
164.36749754658337
 10
347.6020329146023
 20
164.79609431114147
 10
348.0708829777509
 20
165.20519597240366
 10
348.5777134091261
 20
165.59317234079435
 10
349.12129966610826
 20
165.95839322673794
  0
LWPOLYLINE
  5
A2
330
17
100
AcDbEntity
  8
CUT
100
AcDbPolyline
 90
80
 70
1
 10
272.8439098151793
 20
161.0062518996569
 10
273.14946205317443
 20
161.222455159697
 10
273.4798354739237
 20
161.4290616423782
 10
273.8291134733699
 20
161.62375488420003
 10
274.19137944745603
 20
161.80421842166209
 10
274.56071679212494
 20
161.96813579126393
 10
274.9312089033195
 20
162.11319052950512
 10
275.2969391769827
 20
162.23706617288525
 10
275.6519910090574
 20
162.33744625790388
 10
275.9904477954864
 20
162.41201432106055
 10
276.30639293221276
 20
162.45845389885488
 10
276.5939098151793
 20
162.47444852778642
 10
277.42457699886046
 20
162.51586390463152
 10
277.97324857764556
 20
162.6474721966118
 10
278.2269315978767
 20
162.8803166458947
 10
278.17263310589595
 20
163.22544049464773
 10
277.7973601480454
 20
163.69388698503838
 10
277.08811977066716
 20
164.29669935923408
 10
276.03191902010326
 20
165.0449208594024
 10
274.6157649426958
 20
165.94959472771072
 10
272.82666458478695
 20
167.02176420632657
 10
270.65162499271867
 20
168.2724725374174
 10
268.0776532128332
 20
169.71276296315068
 10
265.0097572143594
 20
171.3836536931533
 10
262.1057478861735
 20
172.901926512823
 10
259.31916431255956
 20
174.28633969421256
 10
256.6035455778018
 20
175.5556515093747
 10
253.91243076618443
 20
176.7286202303622
 10
251.19935896199158
 20
177.82400412922772
 10
248.41786924950745
 20
178.86056147802404
 10
245.52150071301628
 20
179.85705054880387
 10
242.4637924368022
 20
180.83222961361997
 10
239.19828350514945
 20
181.80485694452503
 10
235.6785130023422
 20
182.79369081357183
 10
226.45424582460998
 20
185.32037312252805
 10
225.4340899367449
 20
181.64741082515724
 10
225.2838033705763
 20
181.0716267748686
 10
225.14006934598163
 20
180.45339750474983
 10
225.00450622428832
 20
179.80357430210458
 10
224.87873236682373
 20
179.1330084542367
 10
224.76436613491524
 20
178.45255124844988
 10
224.6630258898903
 20
177.77305397204793
 10
224.57632999307623
 20
177.1053679123346
 10
224.50589680580052
 20
176.46034435661363
 10
224.45334468939046
 20
175.84883459218878
 10
224.42029200517354
 20
175.2816899063638
 10
224.4083571144771
 20
174.76976158644248
 10
224.38667136503463
 20
173.89445616707624
 10
224.38096889423167
 20
173.1899329276529
 10
224.47521264742755
 20
172.62534304410562
 10
224.75336556998167
 20
172.16983769236754
 10
225.29939060725332
 20
171.79256804837183
 10
226.1972507046018
 20
171.4626852880516
 10
227.53090880738654
 20
171.14934058734002
 10
229.38432786096683
 20
170.8216851221702
 10
231.841470810702
 20
170.4488700684753
 10
234.98630060195143
 20
170.00004660218846
 10
238.90278018007442
 20
169.44436589924283
 10
241.30643506722038
 20
169.05512196624835
 10
243.8315911808779
 20
168.56198186278897
 10
246.43717025458037
 20
167.97734241475075
 10
249.08209402186125
 20
167.31360044801977
 10
251.72528421625407
 20
166.58315278848204
 10
254.32566257129227
 20
165.79839626202354
 10
256.8421508205093
 20
164.97172769453033
 10
259.2336706974387
 20
164.11554391188847
 10
261.45914393561384
 20
163.24224173998394
 10
263.4774922685683
 20
162.3642180047028
 10
265.24763742983544
 20
161.49386953193107
 10
266.36215038056076
 20
160.91496788078572
 10
267.3172711137449
 20
160.44776972113291
 10
268.1378675196431
 20
160.0906787408407
 10
268.84880748851094
 20
159.8420986277772
 10
269.4749589106035
 20
159.70043306981052
 10
270.04118967617626
 20
159.66408575480872
 10
270.5723676754845
 20
159.73146037063998
 10
271.0933607987836
 20
159.9009606051723
 10
271.6290369363288
 20
160.17099014627382
 10
272.20426397837565
 20
160.53995268181265
 10
272.8439098151793
 20
161.0062518996569
  0
LWPOLYLINE
  5
A3
330
17
100
AcDbEntity
  8
CUT
100
AcDbPolyline
 90
69
 70
1
 10
370.47682111460676
 20
177.4351935179424
 10
370.29974789166255
 20
178.50198651997306
 10
370.0853103367906
 20
179.66784594944693
 10
369.8385194614889
 20
180.91126057493835
 10
369.56438627725515
 20
182.2107191650216
 10
369.2679217955872
 20
183.54471048827097
 10
368.95413702798305
 20
184.89172331326077
 10
368.6280429859405
 20
186.23024640856536
 10
368.2946506809574
 20
187.538768542759
 10
367.95897112453156
 20
188.79577848441602
 10
367.626015328161
 20
189.9797650021107
 10
367.3007943033433
 20
191.06921686441734
 10
365.1695722908426
 20
197.96931102533347
 10
361.28617623545847
 20
193.5932710292967
 10
360.19638724845345
 20
192.34257291965457
 10
359.30592967007465
 20
191.25401115790152
 10
358.6076478692752
 20
190.2937778509694
 10
358.09438621500806
 20
189.42806510579027
 10
357.7589890762265
 20
188.62306502929601
 10
357.5943008218836
 20
187.84496972841856
 10
357.59316582093254
 20
187.05997131008994
 10
357.7484284423264
 20
186.23426188124205
 10
358.05293305501834
 20
185.33403354880681
 10
358.49952402796134
 20
184.3254784197162
 10
359.0810457301087
 20
183.17478860090222
 10
359.3569807255426
 20
182.6118382527673
 10
359.6767603335133
 20
181.8953069181201
 10
360.03356598404037
 20
181.04352112869475
 10
360.4205791071431
 20
180.07480741622547
 10
360.83098113284086
 20
179.0074923124464
 10
361.25795349115293
 20
177.85990234909178
 10
361.6946776120987
 20
176.65036405789576
 10
362.13433492569754
 20
175.3972039705925
 10
362.5701068619687
 20
174.11874861891621
 10
362.99517485093173
 20
172.83332453460108
 10
363.4027203226058
 20
171.55925824938123
 10
363.9053237056477
 20
169.9972960613551
 10
364.3782437159023
 20
168.6084876596066
 10
364.82461559090757
 20
167.38667038374638
 10
365.24757456820123
 20
166.32568157338505
 10
365.65025588532103
 20
165.41935856813325
 10
366.03579477980475
 20
164.66153870760155
 10
366.40732648919004
 20
164.04605933140056
 10
366.76798625101486
 20
163.56675777914086
 10
367.1209093028169
 20
163.2174713904331
 10
367.46923088213384
 20
162.9920375048879
 10
367.81608622650356
 20
162.8842934621158
 10
368.08389831422653
 20
162.8387632273658
 10
368.3537933074168
 20
162.78108066979604
 10
368.6219398887522
 20
162.7127094804399
 10
368.88450674091075
 20
162.63511335033064
 10
369.13766254657014
 20
162.54975597050162
 10
369.37757598840835
 20
162.4581010319862
 10
369.60041574910315
 20
162.36161222581765
 10
369.8023505113325
 20
162.26175324302932
 10
369.97954895777434
 20
162.15998777465455
 10
370.1281797711064
 20
162.05777951172664
 10
370.2444116340065
 20
161.95659214527893
 10
370.5364945569959
 20
161.89437187608678
 10
370.7771613168526
 20
162.31082764499163
 10
370.96548698206163
 20
163.14435849586283
 10
371.1005466211078
 20
164.3333634725697
 10
371.1814153024761
 20
165.81624161898162
 10
371.2071680946515
 20
167.53139197896792
 10
371.1768800661189
 20
169.41721359639794
 10
371.0896262853631
 20
171.41210551514106
 10
370.9444818208693
 20
173.4544667790666
 10
370.74052174112217
 20
175.48269643204395
 10
370.47682111460676
 20
177.4351935179424
  0
LWPOLYLINE
  5
A4
330
17
100
AcDbEntity
  8
CUT
100
AcDbPolyline
 90
34
 70
1
 10
218.90278018007442
 20
179.48814357081858
 10
218.83506908999658
 20
180.74178299078264
 10
218.64805996335215
 20
181.73068600611148
 10
218.36593901552473
 20
182.45740314712833
 10
218.01289246189788
 20
182.92448494415652
 10
217.61310651785524
 20
183.13448192751932
 10
217.19076739878037
 20
183.08994462753998
 10
216.77006132005687
 20
182.79342357454175
 10
216.37517449706834
 20
182.24746929884793
 10
216.03029314519839
 20
181.4546323307818
 10
215.7596034798306
 20
180.4174632006666
 10
215.58729171634855
 20
179.13851243882564
 10
215.52719139844908
 20
178.3171750635351
 10
215.4953292831209
 20
177.6224109110637
 10
215.49539023312443
 20
177.04565561120643
 10
215.53105911122015
 20
176.57834479375828
 10
215.60602078016848
 20
176.2119140885143
 10
215.72396010272988
 20
175.93779912526946
 10
215.8885619416648
 20
175.74743553381882
 10
216.10351115973367
 20
175.6322589439573
 10
216.37249261969697
 20
175.58370498547995
 10
216.6991911843151
 20
175.59320928818178
 10
217.08729171634855
 20
175.6522074818578
 10
217.43159554943878
 20
175.74171580732127
 10
217.73478806655874
 20
175.87195413697293
 10
217.99862241121195
 20
176.04662667856135
 10
218.22485172690216
 20
176.26943763983508
 10
218.41522915713298
 20
176.54409122854267
 10
218.57150784540804
 20
176.8742916524327
 10
218.69544093523098
 20
177.26374311925372
 10
218.78878157010544
 20
177.71614983675425
 10
218.85328289353507
 20
178.23521601268286
 10
218.8906980490235
 20
178.82464585478812
 10
218.90278018007442
 20
179.48814357081858
  0
LWPOLYLINE
  5
A5
330
17
100
AcDbEntity
  8
CUT
100
AcDbPolyline
 90
34
 70
1
 10
225.12594282764405
 20
192.44716738582588
 10
225.93240820240197
 20
193.01347996147754
 10
226.68687846419866
 20
193.68527221017277
 10
227.3764204802576
 20
194.43666055904373
 10
227.98810111780222
 20
195.2417614352227
 10
228.5089872440561
 20
196.07469126584186
 10
228.92614572624268
 20
196.90956647803347
 10
229.22664343158547
 20
197.7205034989297
 10
229.39754722730797
 20
198.48161875566282
 10
229.42592398063366
 20
199.16702867536503
 10
229.29884055878603
 20
199.75084968516853
 10
229.0033638289886
 20
200.20719821220558
 10
228.25603704848294
 20
200.59238771871333
 10
227.2807678820561
 20
200.5685013400722
 10
226.1471836315248
 20
200.19679618985404
 10
224.92491159870585
 20
199.53852938163075
 10
223.68357908541597
 20
198.6549580289742
 10
222.49281339347195
 20
197.60733924545627
 10
221.4222418246905
 20
196.45693014464885
 10
220.54149168088847
 20
195.26498784012378
 10
219.92019026388255
 20
194.09276944545297
 10
219.62796487548948
 20
193.00153207420828
 10
219.7344428175261
 20
192.0525328399616
 10
219.94822360814186
 20
191.54894256430282
 10
220.17302465791332
 20
191.1500065455696
 10
220.42359625205125
 20
190.85680444101772
 10
220.71468867576644
 20
190.67041590790296
 10
221.06105221426972
 20
190.5919206034811
 10
221.47743715277187
 20
190.62239818500797
 10
221.97859377648373
 20
190.76292830973938
 10
222.57927237061608
 20
191.01459063493104
 10
223.2942232203797
 20
191.37846481783885
 10
224.13819661098543
 20
191.8556305157185
 10
225.12594282764405
 20
192.44716738582588
  0
LWPOLYLINE
  5
A6
330
17
100
AcDbEntity
  8
CUT
100
AcDbPolyline
 90
34
 70
1
 10
361.4027801800744
 20
197.15591023760354
 10
361.39538828153303
 20
197.47270872980317
 10
361.37124706591374
 20
197.73015882241916
 10
361.3274082532237
 20
197.92890933204643
 10
361.26092356347016
 20
198.06960907527997
 10
361.16884471666026
 20
198.15290686871475
 10
361.04822343280114
 20
198.17945152894578
 10
360.89611143189995
 20
198.149891872568
 10
360.70956043396416
 20
198.06487671617637
 10
360.4856221590006
 20
197.92505487636592
 10
360.2213483270167
 20
197.73107516973158
 10
359.9137906580196
 20
197.4835864128684
 10
359.7006053290227
 20
197.29177508572343
 10
359.5087253589636
 20
197.0893161993261
 10
359.3396194883147
 20
196.87958420062165
 10
359.19475645754835
 20
196.6659535365554
 10
359.075605007137
 20
196.4517986540726
 10
358.9836338775533
 20
196.24049400011856
 10
358.9203118092694
 20
196.03541402163847
 10
358.8871075427579
 20
195.8399331655777
 10
358.88548981849124
 20
195.65742587888147
 10
358.9169273769418
 20
195.49126660849504
 10
358.98288895858207
 20
195.34482980136374
 10
359.2170648759596
 20
195.05722187459298
 10
359.481848568738
 20
194.88509492676388
 10
359.7660917246948
 20
194.82010540508213
 10
360.05864603160745
 20
194.8539097567533
 10
360.34836317725365
 20
194.97816442898295
 10
360.62409484941077
 20
195.18452586897675
 10
360.87469273585646
 20
195.46465052394026
 10
361.08900852436807
 20
195.8101948410791
 10
361.2558939027233
 20
196.21281526759884
 10
361.36420055869957
 20
196.66416825070513
 10
361.4027801800744
 20
197.15591023760354
  0
LWPOLYLINE
  5
A7
330
17
100
AcDbEntity
  8
CUT
100
AcDbPolyline
 90
34
 70
1
 10
370.94389869601207
 20
203.5409796841405
 10
371.14648351021185
 20
203.92961422763474
 10
371.25565712641196
 20
204.28065546274368
 10
371.27655778964663
 20
204.5902047363932
 10
371.21432374494964
 20
204.85436339550918
 10
371.074093237355
 20
205.06923278701754
 10
370.8610045118968
 20
205.2309142578442
 10
370.58019581360884
 20
205.33550915491506
 10
370.23680538752535
 20
205.379118825156
 10
369.8359714786802
 20
205.35784461549295
 10
369.38283233210734
 20
205.26778787285178
 10
368.8825261928408
 20
205.10504994415845
 10
368.6527356605585
 20
205.0032981309414
 10
368.4463522296322
 20
204.88469312874025
 10
368.2649285922165
 20
204.75179649356866
 10
368.1100174404657
 20
204.60716978144032
 10
367.9831714665343
 20
204.45337454836897
 10
367.88594336257677
 20
204.2929723503683
 10
367.8198858207476
 20
204.128524743452
 10
367.7865515332012
 20
203.96259328363374
 10
367.787493192092
 20
203.79773952692727
 10
367.8242634895745
 20
203.63652502934627
 10
367.8984151178031
 20
203.48151134690443
 10
368.13332961858464
 20
203.15699941580618
 10
368.3924307216413
 20
202.89877957862515
 10
368.6704527357275
 20
202.70674901362725
 10
368.96212996959764
 20
202.58080489907832
 10
369.26219673200615
 20
202.52084441324425
 10
369.5653873317074
 20
202.5267647343909
 10
369.866436077456
 20
202.59846304078414
 10
370.1600772780064
 20
202.73583651068986
 10
370.44104524211286
 20
202.9387823223739
 10
370.70407427852996
 20
203.20719765410215
 10
370.94389869601207
 20
203.5409796841405
  0
LWPOLYLINE
  5
A8
330
17
100
AcDbEntity
  8
CUT
100
AcDbPolyline
 90
34
 70
1
 10
378.66721251144634
 20
205.07221419249169
 10
378.9070798126876
 20
205.40374089023652
 10
379.023368952039
 20
205.77743092486364
 10
379.02690924740796
 20
206.17774767292804
 10
378.928530016702
 20
206.5891545109847
 10
378.73906057782864
 20
206.99611481558867
 10
378.46933024869526
 20
207.383091963295
 10
378.13016834720935
 20
207.73454933065858
 10
377.7324041912784
 20
208.03495029423453
 10
377.2868670988099
 20
208.26875823057782
 10
376.80438638771136
 20
208.42043651624343
 10
376.2957913758901
 20
208.47444852778642
 10
375.7517817202013
 20
208.44840823109743
 10
375.3026819099532
 20
208.37144726135895
 10
374.948922572525
 20
208.2453054990637
 10
374.69093433529537
 20
208.0717228247044
 10
374.52914782564324
 20
207.85243911877384
 10
374.4639936709474
 20
207.5891942617647
 10
374.4959024985868
 20
207.28372813416976
 10
374.62530493594045
 20
206.93778061648172
 10
374.8526316103869
 20
206.55309158919334
 10
375.17831314930527
 20
206.1314009327973
 10
375.60278018007443
 20
205.6744485277864
 10
375.9542884019004
 20
205.3399558661768
 10
376.2837447134066
 20
205.06287950874085
 10
376.5936381870711
 20
204.84273029313226
 10
376.8864578953719
 20
204.6790190570047
 10
377.1646929107869
 20
204.57125663801187
 10
377.4308323057943
 20
204.5189538738075
 10
377.68736515287196
 20
204.52162160204526
 10
377.9367805244981
 20
204.57877066037886
 10
378.1815674931504
 20
204.689911886462
 10
378.42421513130716
 20
204.8545561179484
 10
378.66721251144634
 20
205.07221419249169
  0
LWPOLYLINE
  5
A9
330
17
100
AcDbEntity
  8
CUT
100
AcDbPolyline
 90
574
 70
1
 10
418.2068971055357
 20
2.511065077876852
 10
417.7838915664728
 20
2.5458938948123144
 10
417.33645382372094
 20
2.5968427893557475
 10
416.87044128053884
 20
2.662671718628138
 10
416.39171194076647
 20
2.7421403990186892
 10
415.90612446152636
 20
2.8340082956403023
 10
415.41953818169867
 20
2.9370346154578773
 10
414.93781312814554
 20
3.049978305104567
 10
414.46681000167496
 20
3.171598054438107
 10
414.0123901446704
 20
3.3006523068531095
 10
413.5804154921744
 20
3.4358992772824255
 10
413.17674850799847
 20
3.5760969787151016
 10
411.5118320063363
 20
4.272695115039255
 10
409.9390271509725
 20
5.10313822709216
 10
408.46472592392945
 20
6.060163746768845
 10
407.0953210234013
 20
7.136508904282801
 10
405.83720581842994
 20
8.324910675821394
 10
404.69677430907944
 20
9.618105713671445
 10
403.6804210884241
 20
11.008830259413118
 10
402.79454130329475
 20
12.489820039949832
 10
402.0455306111197
 20
14.053810145267734
 10
401.43978513036626
 20
15.693534885822112
 10
400.98370138204143
 20
17.401727626247236
 10
400.884924159327
 20
17.85327246646333
 10
400.804770256435
 20
18.30526048286942
 10
400.7414708332435
 20
18.900050707859833
 10
400.6932457432507
 20
19.779986448450423
 10
400.6582941013429
 20
21.087382312094412
 10
400.63477544839634
 20
22.964504535294793
 10
400.62077652160787
 20
25.553548574458055
 10
400.6142558468096
 20
28.996623672899013
 10
400.61295775596426
 20
33.43576616972171
 10
400.61429684548307
 20
39.01302391288469
 10
400.6152499278543
 20
45.87067542838208
 10
400.61297214036347
 20
53.005507568722095
 10
400.61
 20
58.752973258878065
 10
400.6105432109356
 20
63.27481790259282
 10
400.61828484833813
 20
66.73258511978791
 10
400.636538122729
 20
69.28785394309408
 10
400.66839018263005
 20
71.10231339842294
 10
400.7168001969328
 20
72.33776106217557
 10
400.7846583874943
 20
73.1560759267068
 10
400.87481927186656
 20
73.71918872676181
 10
400.9901190905773
 20
74.18905900068869
 10
401.13338312427834
 20
74.72766229049577
 10
401.4835344685163
 20
75.93669325551363
 10
401.9149859456414
 20
77.11447796053234
 10
402.42534733189547
 20
78.25768892295281
 10
403.01222857288855
 20
79.36299876053377
 10
403.6732397871193
 20
80.42708016889573
 10
404.40599126843415
 20
81.44660590049992
 10
405.2080934875085
 20
82.4182487450173
 10
406.07715709244786
 20
83.3386815110497
 10
407.0107929086311
 20
84.20457700920751
 10
408.00661193793997
 20
85.01260803657998
 10
409.0622253575518
 20
85.75944736266482
 10
409.6097502680622
 20
86.1076128394618
 10
410.1670081674843
 20
86.4366609281188
 10
410.73346498746344
 20
86.74636437597397
 10
411.30858670084376
 20
87.0364959597317
 10
411.89183932359646
 20
87.30682848538558
 10
412.48268891683125
 20
87.55713478830704
 10
413.0806015889037
 20
87.78718773351066
 10
413.6850434976311
 20
87.99676021610948
 10
414.29548085263144
 20
88.18562516197487
 10
414.9113799177994
 20
88.3535555286187
 10
415.5322070139376
 20
88.50032430631667
 10
416.0035363434866
 20
88.60666892027011
 10
416.43006816693867
 20
88.69254879699436
 10
416.94134658905875
 20
88.76007698641834
 10
417.66690026791485
 20
88.81135960160015
 10
418.73623169785844
 20
88.84849073474115
 10
420.2787948939958
 20
88.87354336129255
 10
422.4239569509928
 20
88.88855717853136
 10
425.3009345810491
 20
88.89552649489328
 10
429.0386897540458
 20
88.8963978611605
 10
433.7657601337424
 20
88.89310577957914
 10
439.610002500029
 20
88.88772410067718
 10
461.4708899182338
 20
88.87798641024128
 10
461.8435272090354
 20
88.68759967571565
 10
461.99580930455056
 20
88.60369859160508
 10
462.12537787906444
 20
88.51707879703696
 10
462.23382509647485
 20
88.42373374904425
 10
462.3227428636487
 20
88.31965708850684
 10
462.3937229433383
 20
88.20084263634679
 10
462.4483570575894
 20
88.06328438719187
 10
462.48823698188903
 20
87.90297650167025
 10
462.51495463077094
 20
87.71591329834654
 10
462.53010213600504
 20
87.4980892461684
 10
462.53527191885524
 20
87.24549895817918
 10
462.5320567582272
 20
86.954137187171
 10
462.52046913703526
 20
86.5573842192345
 10
462.49755597795314
 20
86.23103504652475
 10
462.45238163633485
 20
85.96792106351269
 10
462.37401176881616
 20
85.76087450096108
 10
462.25151238462536
 20
85.60272862378118
 10
462.07394898753125
 20
85.48631814094705
 10
461.83038581229545
 20
85.40447982003954
 10
461.50988513673445
 20
85.35005328725316
 10
461.10150662535375
 20
85.31588198356779
 10
460.5943066350387
 20
85.29481423769464
 10
459.9773373896562
 20
85.27970440380511
 10
459.4641629740309
 20
85.2677809678409
 10
459.03878476422875
 20
85.25438525763197
 10
458.6915549763003
 20
85.23697549932317
 10
458.41282347857396
 20
85.21301447523824
 10
458.19293801344503
 20
85.17996836810956
 10
458.022244541239
 20
85.13530584500101
 10
457.8910876434418
 20
85.07649735385503
 10
457.7898109440998
 20
85.00101460889667
 10
457.7087575237334
 20
84.90633024649748
 10
457.63827031073765
 20
84.78991763911974
 10
457.56869244181354
 20
84.64925086086734
 10
457.54108495706635
 20
84.58711428878105
 10
457.51754417447864
 20
84.526244986062
 10
457.49797306428445
 20
84.4658992332831
 10
457.48227461457253
 20
84.40533332957112
 10
457.4703518284691
 20
84.34380359025346
 10
457.4621077218722
 20
84.28056634474936
 10
457.4574453217418
 20
84.21487793471981
 10
457.45626766494956
 20
84.14599471248788
 10
457.4584777976936
 20
84.07317303973929
 10
457.46397877548327
 20
83.99566928651217
 10
457.47267366370346
 20
83.91273983048403
 10
457.4916808664389
 20
83.78501332849687
 10
457.51732907771265
 20
83.66644673139766
 10
457.55005130068946
 20
83.55635961571872
 10
457.5902805580089
 20
83.45407160311612
 10
457.6384498829453
 20
83.35890236231853
 10
457.6949923098293
 20
83.27017161092893
 10
457.7603408637707
 20
83.18719911713198
 10
457.8349285497146
 20
83.1093047013676
 10
457.91918834085635
 20
83.03580823803806
 10
458.013553166432
 20
82.9660296573229
 10
458.11845589889464
 20
82.89928894718383
 10
458.1977919661734
 20
82.8582913771296
 10
458.3098094811245
 20
82.82437768477642
 10
458.4921992544991
 20
82.79668356651219
 10
458.7826472391165
 20
82.77434936417932
 10
459.21883097299934
 20
82.7565247063212
 10
459.83841495597943
 20
82.74237556946008
 10
460.6790459140205
 20
82.73109448124869
 10
461.77834974747657
 20
82.72191484948844
 10
463.17393333433927
 20
82.71413039249575
 10
464.90339639057066
 20
82.70711985033657
 10
467.0043610036995
 20
82.70037464095176
 10
468.50888353307306
 20
82.69688247256745
 10
469.87493138457955
 20
82.69557879447363
 10
471.10306692701556
 20
82.69636748371542
 10
472.19383335150843
 20
82.69916093481794
 10
473.14775967520654
 20
82.70388229306691
 10
473.96536538571877
 20
82.7104664416585
 10
474.6471644545113
 20
82.71886009971446
 10
475.19366861256754
 20
82.72902136411143
 10
475.605389890874
 20
82.74091896948289
 10
475.8828424881207
 20
82.75453147265218
 10
476.0265440506147
 20
82.76984650455464
 10
476.1631048961735
 20
82.80530279294881
 10
476.2980965540647
 20
82.85348891733298
 10
476.4301339696428
 20
82.91333764484388
 10
476.5578318400436
 20
82.98378170714011
 10
476.6798046119208
 20
83.06375381736912
 10
476.79466648620274
 20
83.15218668752672
 10
476.9010314294289
 20
83.24801304591585
 10
476.9975131911706
 20
83.35016565448292
 10
477.0827253270095
 20
83.45757732588999
 10
477.1552812265425
 20
83.5691809402631
 10
477.21379414589126
 20
83.68390946164196
 10
477.24011805861494
 20
83.75414686774863
 10
477.2636584261787
 20
83.84065645055894
 10
477.2846764616531
 20
83.94663326453863
 10
477.30343324999996
 20
84.07527241262044
 10
477.32018970690814
 20
84.22976905901481
 10
477.33520653630865
 20
84.41331844198393
 10
477.3487441875842
 20
84.62911588613032
 10
477.3610628136431
 20
84.88035681370717
 10
477.372422231158
 20
85.17023675443407
 10
477.3830818843534
 20
85.50195135330598
 10
477.39330081374794
 20
85.87869637591906
 10
477.440972982527
 20
87.77441984309357
 10
477.6909487418121
 20
88.13061866725829
 10
477.73175807083163
 20
88.18519604114745
 10
477.7785418491145
 20
88.24148872202278
 10
477.8303269487119
 20
88.29862708396973
 10
477.8861402017093
 20
88.35574150234378
 10
477.94500839286127
 20
88.4119623510791
 10
478.00595825449096
 20
88.46642000044474
 10
478.0680164635953
 20
88.5182448152231
 10
478.13020964109654
 20
88.56656715327854
 10
478.19156435318075
 20
88.61051736448071
 10
478.251107114674
 20
88.64922578994447
 10
478.3078643944086
 20
88.6818227615496
 10
478.67480949122375
 20
88.87683562604211
 10
486.2155181017512
 20
88.88819171781672
 10
487.9736880714031
 20
88.89109331031261
 10
489.4391152624489
 20
88.892552701486
 10
490.63957884230484
 20
88.89202548300656
 10
491.6028945221241
 20
88.88899939521139
 10
492.35690942201506
 20
88.8829824303535
 10
492.9294959749961
 20
88.87349508561016
 10
493.3485460045676
 20
88.86006545005986
 10
493.6419654742966
 20
88.84222614952796
 10
493.8376700917448
 20
88.81951247642353
 10
493.9635818087806
 20
88.79146126517031
 10
494.0476262094137
 20
88.75761024174221
 10
494.1883584791778
 20
88.68125650314862
 10
494.3067338151872
 20
88.6042158426748
 10
494.40462360008166
 20
88.52132622665776
 10
494.4838992871147
 20
88.42742591797659
 10
494.5464323532741
 20
88.31735344343262
 10
494.59409423378906
 20
88.18594759380208
 10
494.6287562384746
 20
88.02804745720935
 10
494.65228944976457
 20
87.8384924871321
 10
494.66656460176665
 20
87.61212260727817
 10
494.6734519392302
 20
87.34377835680264
 10
494.6748210549734
 20
87.02830108091798
 10
494.67373068561324
 20
86.77760168879365
 10
494.671334538097
 20
86.56538564084215
 10
494.6671129328364
 20
86.38765585831969
 10
494.6605457804841
 20
86.2404157137971
 10
494.651112657846
 20
86.11966895947339
 10
494.6382928773691
 20
86.02141965761841
 10
494.62156554923126
 20
85.94167211518274
 10
494.6004096353173
 20
85.87643082422906
 10
494.5743039945835
 20
85.82170040946696
 10
494.542727419481
 20
85.77348558383083
 10
494.50515866323826
 20
85.72779111274488
 10
494.4200621463614
 20
85.63994599120925
 10
494.33023246976495
 20
85.56489129040072
 10
494.2313511101504
 20
85.50167822539053
 10
494.11909975028584
 20
85.44935803241086
 10
493.9891603432654
 20
85.40698199575351
 10
493.83721520120184
 20
85.37360147494238
 10
493.65894710871123
 20
85.34826793350078
 10
493.450039461645
 20
85.33003297121537
 10
493.2061764316663
 20
85.31794836250525
 10
492.92304315742524
 20
85.31106610436679
 10
492.5963259632115
 20
85.30843847842148
 10
492.2971454150673
 20
85.30756617866827
 10
492.0512760108012
 20
85.30581103840868
 10
491.85253994925336
 20
85.30217172472805
 10
491.69476099539816
 20
85.2956471054049
 10
491.5717641317119
 20
85.28523624774792
 10
491.4773752545773
 20
85.2699383989685
 10
491.40542091910436
 20
85.24875295489906
 10
491.34972813437315
 20
85.22067942232316
 10
491.3041242101849
 20
85.18471737871906
 10
491.26243665588856
 20
85.1398664319372
 10
491.2184931316548
 20
85.08512618129664
 10
491.1756235902148
 20
85.0242209850113
 10
491.1404256606121
 20
84.93898035567055
 10
491.11207625927585
 20
84.79613305232749
 10
491.0897504281394
 20
84.56240964092319
 10
491.07261936629135
 20
84.20454456511396
 10
491.05984750778146
 20
83.68927928384306
 10
491.0505884779791
 20
82.98336684828868
 10
491.04397965323443
 20
82.05357859974966
 10
491.0391349193982
 20
80.86671418659859
 10
491.0351351105063
 20
79.3896169870238
 10
491.03101563550877
 20
77.58919859309152
 10
491.0283913370257
 20
76.19940531402602
 10
491.02736306276586
 20
74.9738705584665
 10
491.0280689568408
 20
73.9046809612664
 10
491.03063906350906
 20
72.983927186859
 10
491.0351951629393
 20
72.20370587586484
 10
491.0418510167583
 20
71.55612117581636
 10
491.0507129322798
 20
71.03328575966376
 10
491.061880539986
 20
70.62732129666571
 10
491.0754476833464
 20
70.33035839642882
 10
491.09150333788216
 20
70.13453609109108
 10
491.110132500585
 20
70.03200094969063
 10
491.12803083831966
 20
69.98614552292511
 10
491.15074353549494
 20
69.93892292260054
 10
491.17778005520415
 20
69.89094923726358
 10
491.2086498673201
 20
69.84284051546837
 10
491.2428624419268
 20
69.79521276340654
 10
491.2799272431889
 20
69.74868194398331
 10
491.31935372370856
 20
69.70386397734133
 10
491.3606513194229
 20
69.66137474282297
 10
491.403329445101
 20
69.62183008235274
 10
491.4468974904927
 20
69.58584580521187
 10
491.49086481718314
 20
69.5540376941701
 10
491.77325926146534
 20
69.36463919163087
 10
495.3242917501168
 20
69.37371120894377
 10
496.257219540673
 20
69.37519873665939
 10
497.03323452592576
 20
69.3738312475985
 10
497.6688512409075
 20
69.36823169629885
 10
498.18060799581497
 20
69.35701488407388
 10
498.5850600930177
 20
69.33878879525794
 10
498.8987748598117
 20
69.31215602840135
 10
499.138328006292
 20
69.2757151370136
 10
499.32030097267847
 20
69.22806179702349
 10
499.4612790435586
 20
69.16778976736873
 10
499.57785008718434
 20
69.0934916316806
 10
499.68660383401146
 20
69.00375931616307
 10
499.7136915677033
 20
68.97757459797236
 10
499.74280790535875
 20
68.9454902982113
 10
499.77344024485404
 20
68.90827329482444
 10
499.8050759671753
 20
68.86669046301664
 10
499.8372024330919
 20
68.82150866858109
 10
499.8693069807008
 20
68.77349476230484
 10
499.9008769238537
 20
68.72341557542791
 10
499.9313995514841
 20
68.67203791612832
 10
499.96036212786083
 20
68.62012856700251
 10
499.98725189379695
 20
68.56845428350967
 10
500.0115560688463
 20
68.51778179334922
 10
500.0480286806084
 20
68.40176343670619
 10
500.07771922375355
 20
68.16720302870085
 10
500.1009591168008
 20
67.72228031073396
 10
500.11807967124923
 20
66.97522671515625
 10
500.1294168729678
 20
65.83437476173609
 10
500.1353309471045
 20
64.20823151244053
 10
500.1362632817004
 20
62.00557929751343
 10
500.13287756223957
 20
59.13559175837431
 10
500.12636672876937
 20
55.50789293522327
 10
500.1190021130164
 20
51.03231923850084
 10
500.1147385546834
 20
45.61786990301647
 10
500.1173007924384
 20
40.20386542224958
 10
500.12355123204884
 20
35.72921391583149
 10
500.12944339229045
 20
32.10247215688377
 10
500.1325214674247
 20
29.233288971038554
 10
500.1314498951654
 20
27.03124943898927
 10
500.1254793132267
 20
25.40554554127496
 10
500.11412241356277
 20
24.264992463738544
 10
500.0969961774411
 20
23.518129823828644
 10
500.073754288737
 20
23.073319043458923
 10
500.0440614736003
 20
22.83881725453901
 10
500.00758536226675
 20
22.722827991778473
 10
499.9832787162918
 20
22.672168290255605
 10
499.95638622375554
 20
22.62050707960237
 10
499.92742072298415
 20
22.568610896770146
 10
499.89689502811706
 20
22.51724630554274
 10
499.86532192683427
 20
22.46717989574676
 10
499.8332141791817
 20
22.419178281578134
 10
499.8010845174622
 20
22.374008099009146
 10
499.76944564716473
 20
22.332436002240144
 10
499.7388102489066
 20
22.295228659161552
 10
499.7096909813714
 20
22.26315274579514
 10
499.6826004852346
 20
22.236974939689404
 10
499.5738634253899
 20
22.147300059623355
 10
499.45730671028736
 20
22.073042390531235
 10
499.3163889139854
 20
22.01279482442613
 10
499.13457049319027
 20
21.965151020542983
 10
498.8953144883073
 20
21.9287059567024
 10
498.5820877671014
 20
21.902056737884536
 10
498.17836290191275
 20
21.8838036640075
 10
497.66762083156704
 20
21.87255155640139
 10
497.0333545474349
 20
21.866911327434472
 10
496.25907416995926
 20
21.865501737197953
 10
495.3283139614132
 20
21.866951189195568
 10
494.4976697031426
 20
21.868625132371925
 10
493.80567041333546
 20
21.868945188981563
 10
493.23843115437813
 20
21.867351417188416
 10
492.78208041016694
 20
21.863291813944237
 10
492.4227587475726
 20
21.85622063680325
 10
492.1466170388252
 20
21.845596911413736
 10
491.93981448227527
 20
21.830883164258296
 10
491.7885166315686
 20
21.81154438365366
 10
491.6788936034048
 20
21.787047192681413
 10
491.5971185907437
 20
21.75685921165946
 10
491.5293667679036
 20
21.72044858953351
 10
491.3910059775326
 20
21.638721919732752
 10
491.27893123080685
 20
21.551430929259155
 10
491.190546168383
 20
21.41771078692539
 10
491.1232534628861
 20
21.19668950137435
 10
491.074451387475
 20
20.847482229453682
 10
491.04152880841207
 20
20.32918228600876
 10
491.02185848448966
 20
19.600850104526067
 10
491.01278868494
 20
18.621502143327113
 10
491.0116335070745
 20
17.35010236274063
 10
491.0156629643785
 20
15.745559088365285
 10
491.02209479123707
 20
13.766729474326924
 10
491.02757532634274
 20
11.981076628461993
 10
491.03269077379827
 20
10.515851783009802
 10
491.03843074532773
 20
9.33829035319692
 10
491.04573920857143
 20
8.415553405529659
 10
491.0555265244989
 20
7.714754313313469
 10
491.06867899684016
 20
7.2029755742739905
 10
491.08606621205627
 20
6.847279738639818
 10
491.10854660220275
 20
6.614716714681849
 10
491.136971600943
 20
6.472328757720879
 10
491.1721886548879
 20
6.387153886994456
 10
491.21504325314777
 20
6.326228137915912
 10
491.3882239443508
 20
6.105713319845059
 10
492.6943226565752
 20
6.102232032710804
 10
493.17878088782413
 20
6.097389420874398
 10
493.5800584270949
 20
6.081115714599552
 10
493.90572710767447
 20
6.046543779512392
 10
494.1633625839774
 20
5.986805757503626
 10
494.36054340471037
 20
5.895032976868805
 10
494.50485017668495
 20
5.76435581354094
 10
494.60386480156376
 20
5.587903530703258
 10
494.6651697753205
 20
5.358804121334803
 10
494.69634754772494
 20
5.070184176530594
 10
494.704979946463
 20
4.715168800802285
 10
494.69864767712284
 20
4.286881593193
 10
494.6893618062504
 20
3.9981111064157115
 10
494.6753480317115
 20
3.7506550599738198
 10
494.65483725504816
 20
3.54009292024924
 10
494.6260598548424
 20
3.3620034441128954
 10
494.58724581397746
 20
3.2119648389324755
 10
494.53662483227725
 20
3.0855548859020985
 10
494.4724264252614
 20
2.9783510304601464
 10
494.3928800096037
 20
2.885930442421536
 10
494.2962149756348
 20
2.803870047540519
 10
494.180660746894
 20
2.7277465315106024
 10
494.04444682631697
 20
2.653136316875626
 10
493.9607995444998
 20
2.618999947745621
 10
493.8363287563653
 20
2.590907270030044
 10
493.6422405304951
 20
2.568465904257458
 10
493.3497448398411
 20
2.551282651457111
 10
492.93005843926875
 20
2.5389628850510135
 10
492.3544087661745
 20
2.5311094515017327
 10
491.594038894778
 20
2.5273207732512795
 10
490.620213528272
 20
2.527187649580412
 10
489.40422586482856
 20
2.5302879686351876
 10
487.917404817243
 20
2.5361781652904405
 10
486.13112131749125
 20
2.544379815714029
 10
478.5098024450411
 20
2.57809134527235
 10
478.1666576942082
 20
2.806614503940219
 10
478.1135814329437
 20
2.8446167565129468
 10
478.0578994233415
 20
2.889406967708913
 10
478.0005221353617
 20
2.9399944672594955
 10
477.942359990722
 20
2.995388590469023
 10
477.8843233575653
 20
3.054598677498598
 10
477.8273225471514
 20
3.116634072506434
 10
477.77226781263266
 20
3.18050412261303
 10
477.7200693499802
 20
3.2452181766590016
 10
477.6716373011354
 20
3.3097855837255903
 10
477.6278817594622
 20
3.373215691391911
 10
477.58971277757297
 20
3.434517843709175
 10
477.5316622647699
 20
3.53513465214934
 10
477.4838997057427
 20
3.6264840391250246
 10
477.4451808693634
 20
3.7187721561503277
 10
477.41426161436107
 20
3.8222051517838747
 10
477.3898977550476
 20
3.94698913096029
 10
477.3708448984833
 20
4.10333010718772
 10
477.3558582504012
 20
4.301433946087576
 10
477.34369238434334
 20
4.551506297660506
 10
477.3331009646902
 20
4.863752513209272
 10
477.3228364092357
 20
5.248377540836287
 10
477.3116494700446
 20
5.715585790536803
 10
477.30153880974274
 20
6.118893177293318
 10
477.2913385142593
 20
6.465125861728904
 10
477.28058853231545
 20
6.7594762660565255
 10
477.2688280939859
 20
7.007136591746688
 10
477.25559578965783
 20
7.21329883608899
 10
477.240429657982
 20
7.383154813940829
 10
477.222867278514
 20
7.521896183082868
 10
477.20244586509057
 20
7.634714471606529
 10
477.1787023565076
 20
7.726801105875184
 10
477.1511735016939
 20
7.803347437793745
 10
477.1193959372401
 20
7.869544770364394
 10
477.05837260791486
 20
7.967796872380186
 10
476.98445636961196
 20
8.062377410887054
 10
476.8988333957181
 20
8.15253151708051
 10
476.8026897391254
 20
8.23750424593201
 10
476.6972113073599
 20
8.316540591897644
 10
476.58358384110124
 20
8.38888550480271
 10
476.4629928964817
 20
8.453783905904563
 10
476.3366238315469
 20
8.510480704075173
 10
476.2056617972497
 20
8.55822081198279
 10
476.071291733317
 20
8.596249162094137
 10
475.9346983692876
 20
8.623810722266166
 10
475.7805250941389
 20
8.63370156605673
 10
475.4515581281594
 20
8.64333008975854
 10
474.96197168202207
 20
8.652551335934243
 10
474.3259429500089
 20
8.661210175752627
 10
473.5576482603103
 20
8.669144085621598
 10
472.6712594681802
 20
8.676185994803562
 10
471.6809408986865
 20
8.68216739363635
 10
470.60084714208085
 20
8.686921764366291
 10
469.4451219762411
 20
8.690288254622688
 10
468.2278986139809
 20
8.692115374945482
 10
466.96330133953023
 20
8.692264393203539
 10
464.8689037380736
 20
8.690470285664349
 10
463.1456819797134
 20
8.687507668740666
 10
461.7559492668536
 20
8.682972803776563
 10
460.6620434433352
 20
8.676339577492373
 10
459.8262940724367
 20
8.666989939592293
 10
459.211009396146
 20
8.65424104779346
 10
458.7784745056231
 20
8.637366458628241
 10
458.49095484904933
 20
8.615611611825203
 10
458.3107015396608
 20
8.588204752119585
 10
458.19995648777086
 20
8.55436442285991
 10
458.120956321412
 20
8.51330435479108
 10
457.9986124715263
 20
8.435746830677347
 10
457.8914480461155
 20
8.356683662630049
 10
457.79873253789214
 20
8.274774644136
 10
457.71973528320854
 20
8.18867947042229
 10
457.6537255004895
 20
8.097057739574092
 10
457.59997232651926
 20
7.998568953096269
 10
457.5577448506619
 20
7.891872516235255
 10
457.52631214702797
 20
7.7756277383507975
 10
457.50494330454444
 20
7.648493833602457
 10
457.49290745482506
 20
7.509129922190763
 10
457.489473797694
 20
7.356195032366463
 10
457.4939479257807
 20
7.1995635741364925
 10
457.5064322133028
 20
7.057301855482862
 10
457.5274375533582
 20
6.92843652039622
 10
457.5574748611518
 20
6.8119941691874555
 10
457.59705505991724
 20
6.7070013571163845
 10
457.6466890688993
 20
6.6124845912928
 10
457.70688779332755
 20
6.527470325877642
 10
457.7781621163571
 20
6.450984955596686
 10
457.86102289299305
 20
6.382054807568641
 10
457.95598094605486
 20
6.3197061314449225
 10
458.0635470642768
 20
6.262965087856932
 10
458.1288868925516
 20
6.235842803631934
 10
458.20497837502154
 20
6.212528714441497
 10
458.29545993749196
 20
6.192775677466267
 10
458.40396981641123
 20
6.176336319078855
 10
458.5341459868905
 20
6.162962966615387
 10
458.6896260814627
 20
6.152407559289786
 10
458.8740473015769
 20
6.144421536371732
 10
459.0910463246271
 20
6.138755700220498
 10
459.3442592103843
 20
6.135160051214198
 10
459.63732131208826
 20
6.133383591091832
 10
459.97386719923094
 20
6.133174090800518
 10
460.4233253053421
 20
6.132291104374918
 10
460.8043373886249
 20
6.1274006159181145
 10
461.124065877284
 20
6.1171238364319205
 10
461.38967086397406
 20
6.100079384105699
 10
461.6083106336384
 20
6.074883699258647
 10
461.7871420999543
 20
6.0401514455784575
 10
461.9333211714295
 20
5.994495875952042
 10
462.0540030647158
 20
5.936529146892481
 10
462.15634257881
 20
5.86486257015013
 10
462.2474943401016
 20
5.778106793826074
 10
462.33461302511955
 20
5.6748719084113155
 10
462.37561986187455
 20
5.619365171455241
 10
462.40993165824875
 20
5.5640214032663255
 10
462.43813098070314
 20
5.504608586023128
 10
462.4608005046821
 20
5.4368946373072955
 10
462.4785229989541
 20
5.356647422865516
 10
462.4918813247547
 20
5.259634764275068
 10
462.5014584493099
 20
5.141624441792786
 10
462.5078374731358
 20
4.998384192665892
 10
462.5116016702391
 20
4.8256817052380665
 10
462.51333453998535
 20
4.619284609282435
 10
462.5136198689844
 20
4.374960463127442
 10
462.5130469396937
 20
4.117073028186244
 10
462.511256902839
 20
3.902662265871861
 10
462.50736574132213
 20
3.7263672072604646
 10
462.500489791306
 20
3.5828267975728547
 10
462.4897456682613
 20
3.466679909730999
 10
462.4742501989294
 20
3.37256535594514
 10
462.453120356994
 20
3.295121897982435
 10
462.42547320084884
 20
3.2289882566399797
 10
462.39042581235844
 20
3.168803120848457
 10
462.3470952359842
 20
3.1092051567544132
 10
462.2945984180959
 20
3.044833017059819
 10
462.2066543666886
 20
2.909309941493378
 10
462.1099248173396
 20
2.8002832780942732
 10
461.8790663026622
 20
2.714860200615286
 10
461.3887215768067
 20
2.650130552776419
 10
460.5135041192985
 20
2.603137176916462
 10
459.1279628893304
 20
2.5708331899966037
 10
457.1065151180749
 20
2.5500380314029716
 10
454.32333422514074
 20
2.5374175818389872
 10
450.65219688855893
 20
2.5295305703805457
 10
445.96634053938874
 20
2.522985486693628
 10
440.13844456564357
 20
2.514702903180357
 10
436.9683619114216
 20
2.510054059616248
 10
433.92918550011115
 20
2.506229824380476
 10
431.0557059888654
 20
2.5032981743554377
 10
428.38272388422286
 20
2.5012876380702966
 10
425.94503685867494
 20
2.500196126222326
 10
423.7774315631514
 20
2.5
 10
421.91467866763065
 20
2.500662349054707
 10
420.39152988536364
 20
2.502140128334487
 10
419.24271591294286
 20
2.504390206473934
 10
418.50294439375733
 20
2.5073745796642957
 10
418.2068971055357
 20
2.511065077876852
  0
LWPOLYLINE
  5
AA
330
17
100
AcDbEntity
  8
CUT
100
AcDbPolyline
 90
574
 70
1
 10
522.7368971055357
 20
2.511065077876852
 10
522.3138915664728
 20
2.5458938948123144
 10
521.8664538237209
 20
2.5968427893557475
 10
521.4004412805389
 20
2.662671718628138
 10
520.9217119407665
 20
2.7421403990186892
 10
520.4361244615263
 20
2.8340082956403023
 10
519.9495381816986
 20
2.9370346154578773
 10
519.4678131281455
 20
3.049978305104567
 10
518.9968100016749
 20
3.171598054438107
 10
518.5423901446704
 20
3.3006523068531095
 10
518.1104154921744
 20
3.4358992772824255
 10
517.7067485079984
 20
3.5760969787151016
 10
516.0418320063362
 20
4.272695115039255
 10
514.4690271509725
 20
5.10313822709216
 10
512.9947259239294
 20
6.060163746768845
 10
511.6253210234013
 20
7.136508904282801
 10
510.3672058184299
 20
8.324910675821394
 10
509.2267743090794
 20
9.618105713671445
 10
508.2104210884241
 20
11.008830259413118
 10
507.3245413032947
 20
12.489820039949832
 10
506.5755306111197
 20
14.053810145267734
 10
505.96978513036623
 20
15.693534885822112
 10
505.5137013820414
 20
17.401727626247236
 10
505.414924159327
 20
17.85327246646333
 10
505.334770256435
 20
18.30526048286942
 10
505.2714708332435
 20
18.900050707859833
 10
505.2232457432507
 20
19.779986448450423
 10
505.1882941013429
 20
21.087382312094412
 10
505.1647754483963
 20
22.964504535294793
 10
505.15077652160784
 20
25.553548574458055
 10
505.1442558468096
 20
28.996623672899013
 10
505.14295775596423
 20
33.43576616972171
 10
505.14429684548304
 20
39.01302391288469
 10
505.14524992785425
 20
45.87067542838208
 10
505.14297214036344
 20
53.005507568722095
 10
505.14
 20
58.752973258878065
 10
505.14054321093556
 20
63.27481790259282
 10
505.1482848483381
 20
66.73258511978791
 10
505.166538122729
 20
69.28785394309408
 10
505.19839018263
 20
71.10231339842294
 10
505.2468001969328
 20
72.33776106217557
 10
505.31465838749426
 20
73.1560759267068
 10
505.40481927186653
 20
73.71918872676181
 10
505.5201190905773
 20
74.18905900068869
 10
505.6633831242783
 20
74.72766229049577
 10
506.0135344685163
 20
75.93669325551363
 10
506.44498594564135
 20
77.11447796053234
 10
506.95534733189544
 20
78.25768892295281
 10
507.5422285728885
 20
79.36299876053377
 10
508.2032397871193
 20
80.42708016889573
 10
508.9359912684341
 20
81.44660590049992
 10
509.7380934875085
 20
82.4182487450173
 10
510.60715709244784
 20
83.3386815110497
 10
511.5407929086311
 20
84.20457700920751
 10
512.5366119379399
 20
85.01260803657998
 10
513.5922253575518
 20
85.75944736266482
 10
514.1397502680622
 20
86.1076128394618
 10
514.6970081674842
 20
86.4366609281188
 10
515.2634649874634
 20
86.74636437597397
 10
515.8385867008437
 20
87.0364959597317
 10
516.4218393235965
 20
87.30682848538558
 10
517.0126889168312
 20
87.55713478830704
 10
517.6106015889036
 20
87.78718773351066
 10
518.2150434976311
 20
87.99676021610948
 10
518.8254808526315
 20
88.18562516197487
 10
519.4413799177994
 20
88.3535555286187
 10
520.0622070139376
 20
88.50032430631667
 10
520.5335363434865
 20
88.60666892027011
 10
520.9600681669386
 20
88.69254879699436
 10
521.4713465890587
 20
88.76007698641834
 10
522.1969002679149
 20
88.81135960160015
 10
523.2662316978584
 20
88.84849073474115
 10
524.8087948939958
 20
88.87354336129255
 10
526.9539569509928
 20
88.88855717853136
 10
529.8309345810491
 20
88.89552649489328
 10
533.5686897540457
 20
88.8963978611605
 10
538.2957601337423
 20
88.89310577957914
 10
544.1400025000289
 20
88.88772410067718
 10
566.0008899182337
 20
88.87798641024128
 10
566.3735272090354
 20
88.68759967571565
 10
566.5258093045505
 20
88.60369859160508
 10
566.6553778790644
 20
88.51707879703696
 10
566.7638250964748
 20
88.42373374904425
 10
566.8527428636487
 20
88.31965708850684
 10
566.9237229433382
 20
88.20084263634679
 10
566.9783570575894
 20
88.06328438719187
 10
567.018236981889
 20
87.90297650167025
 10
567.0449546307709
 20
87.71591329834654
 10
567.060102136005
 20
87.4980892461684
 10
567.0652719188552
 20
87.24549895817918
 10
567.0620567582272
 20
86.954137187171
 10
567.0504691370353
 20
86.5573842192345
 10
567.0275559779532
 20
86.23103504652475
 10
566.9823816363348
 20
85.96792106351269
 10
566.9040117688162
 20
85.76087450096108
 10
566.7815123846253
 20
85.60272862378118
 10
566.6039489875312
 20
85.48631814094705
 10
566.3603858122954
 20
85.40447982003954
 10
566.0398851367344
 20
85.35005328725316
 10
565.6315066253537
 20
85.31588198356779
 10
565.1243066350387
 20
85.29481423769464
 10
564.5073373896562
 20
85.27970440380511
 10
563.9941629740308
 20
85.2677809678409
 10
563.5687847642288
 20
85.25438525763197
 10
563.2215549763002
 20
85.23697549932317
 10
562.9428234785739
 20
85.21301447523824
 10
562.7229380134451
 20
85.17996836810956
 10
562.552244541239
 20
85.13530584500101
 10
562.4210876434418
 20
85.07649735385503
 10
562.3198109440998
 20
85.00101460889667
 10
562.2387575237334
 20
84.90633024649748
 10
562.1682703107376
 20
84.78991763911974
 10
562.0986924418135
 20
84.64925086086734
 10
562.0710849570663
 20
84.58711428878105
 10
562.0475441744786
 20
84.526244986062
 10
562.0279730642844
 20
84.4658992332831
 10
562.0122746145724
 20
84.40533332957112
 10
562.0003518284691
 20
84.34380359025346
 10
561.9921077218721
 20
84.28056634474936
 10
561.9874453217417
 20
84.21487793471981
 10
561.9862676649495
 20
84.14599471248788
 10
561.9884777976936
 20
84.07317303973929
 10
561.9939787754832
 20
83.99566928651217
 10
562.0026736637035
 20
83.91273983048403
 10
562.0216808664389
 20
83.78501332849687
 10
562.0473290777127
 20
83.66644673139766
 10
562.0800513006894
 20
83.55635961571872
 10
562.1202805580089
 20
83.45407160311612
 10
562.1684498829453
 20
83.35890236231853
 10
562.2249923098292
 20
83.27017161092893
 10
562.2903408637707
 20
83.18719911713198
 10
562.3649285497146
 20
83.1093047013676
 10
562.4491883408564
 20
83.03580823803806
 10
562.5435531664319
 20
82.9660296573229
 10
562.6484558988947
 20
82.89928894718383
 10
562.7277919661733
 20
82.8582913771296
 10
562.8398094811245
 20
82.82437768477642
 10
563.0221992544991
 20
82.79668356651219
 10
563.3126472391165
 20
82.77434936417932
 10
563.7488309729993
 20
82.7565247063212
 10
564.3684149559795
 20
82.74237556946008
 10
565.2090459140204
 20
82.73109448124869
 10
566.3083497474765
 20
82.72191484948844
 10
567.7039333343392
 20
82.71413039249575
 10
569.4333963905706
 20
82.70711985033657
 10
571.5343610036995
 20
82.70037464095176
 10
573.038883533073
 20
82.69688247256745
 10
574.4049313845795
 20
82.69557879447363
 10
575.6330669270155
 20
82.69636748371542
 10
576.7238333515083
 20
82.69916093481794
 10
577.6777596752065
 20
82.70388229306691
 10
578.4953653857187
 20
82.7104664416585
 10
579.1771644545113
 20
82.71886009971446
 10
579.7236686125675
 20
82.72902136411143
 10
580.135389890874
 20
82.74091896948289
 10
580.4128424881206
 20
82.75453147265218
 10
580.5565440506147
 20
82.76984650455464
 10
580.6931048961735
 20
82.80530279294881
 10
580.8280965540647
 20
82.85348891733298
 10
580.9601339696427
 20
82.91333764484388
 10
581.0878318400436
 20
82.98378170714011
 10
581.2098046119208
 20
83.06375381736912
 10
581.3246664862027
 20
83.15218668752672
 10
581.4310314294289
 20
83.24801304591585
 10
581.5275131911706
 20
83.35016565448292
 10
581.6127253270095
 20
83.45757732588999
 10
581.6852812265424
 20
83.5691809402631
 10
581.7437941458912
 20
83.68390946164196
 10
581.7701180586149
 20
83.75414686774863
 10
581.7936584261787
 20
83.84065645055894
 10
581.8146764616531
 20
83.94663326453863
 10
581.83343325
 20
84.07527241262044
 10
581.850189706908
 20
84.22976905901481
 10
581.8652065363086
 20
84.41331844198393
 10
581.8787441875842
 20
84.62911588613032
 10
581.8910628136431
 20
84.88035681370717
 10
581.902422231158
 20
85.17023675443407
 10
581.9130818843533
 20
85.50195135330598
 10
581.9233008137479
 20
85.87869637591906
 10
581.970972982527
 20
87.77441984309357
 10
582.2209487418121
 20
88.13061866725829
 10
582.2617580708315
 20
88.18519604114745
 10
582.3085418491145
 20
88.24148872202278
 10
582.3603269487119
 20
88.29862708396973
 10
582.4161402017093
 20
88.35574150234378
 10
582.4750083928612
 20
88.4119623510791
 10
582.5359582544909
 20
88.46642000044474
 10
582.5980164635953
 20
88.5182448152231
 10
582.6602096410965
 20
88.56656715327854
 10
582.7215643531807
 20
88.61051736448071
 10
582.781107114674
 20
88.64922578994447
 10
582.8378643944086
 20
88.6818227615496
 10
583.2048094912237
 20
88.87683562604211
 10
590.7455181017511
 20
88.88819171781672
 10
592.5036880714031
 20
88.89109331031261
 10
593.9691152624489
 20
88.892552701486
 10
595.1695788423048
 20
88.89202548300656
 10
596.132894522124
 20
88.88899939521139
 10
596.886909422015
 20
88.8829824303535
 10
597.459495974996
 20
88.87349508561016
 10
597.8785460045675
 20
88.86006545005986
 10
598.1719654742966
 20
88.84222614952796
 10
598.3676700917448
 20
88.81951247642353
 10
598.4935818087805
 20
88.79146126517031
 10
598.5776262094137
 20
88.75761024174221
 10
598.7183584791778
 20
88.68125650314862
 10
598.8367338151871
 20
88.6042158426748
 10
598.9346236000816
 20
88.52132622665776
 10
599.0138992871147
 20
88.42742591797659
 10
599.0764323532741
 20
88.31735344343262
 10
599.124094233789
 20
88.18594759380208
 10
599.1587562384746
 20
88.02804745720935
 10
599.1822894497645
 20
87.8384924871321
 10
599.1965646017667
 20
87.61212260727817
 10
599.2034519392301
 20
87.34377835680264
 10
599.2048210549734
 20
87.02830108091798
 10
599.2037306856132
 20
86.77760168879365
 10
599.201334538097
 20
86.56538564084215
 10
599.1971129328364
 20
86.38765585831969
 10
599.1905457804841
 20
86.2404157137971
 10
599.1811126578459
 20
86.11966895947339
 10
599.1682928773691
 20
86.02141965761841
 10
599.1515655492312
 20
85.94167211518274
 10
599.1304096353173
 20
85.87643082422906
 10
599.1043039945835
 20
85.82170040946696
 10
599.072727419481
 20
85.77348558383083
 10
599.0351586632382
 20
85.72779111274488
 10
598.9500621463613
 20
85.63994599120925
 10
598.8602324697649
 20
85.56489129040072
 10
598.7613511101504
 20
85.50167822539053
 10
598.6490997502858
 20
85.44935803241086
 10
598.5191603432654
 20
85.40698199575351
 10
598.3672152012018
 20
85.37360147494238
 10
598.1889471087112
 20
85.34826793350078
 10
597.980039461645
 20
85.33003297121537
 10
597.7361764316663
 20
85.31794836250525
 10
597.4530431574252
 20
85.31106610436679
 10
597.1263259632115
 20
85.30843847842148
 10
596.8271454150672
 20
85.30756617866827
 10
596.5812760108012
 20
85.30581103840868
 10
596.3825399492533
 20
85.30217172472805
 10
596.2247609953981
 20
85.2956471054049
 10
596.1017641317119
 20
85.28523624774792
 10
596.0073752545773
 20
85.2699383989685
 10
595.9354209191043
 20
85.24875295489906
 10
595.8797281343731
 20
85.22067942232316
 10
595.8341242101849
 20
85.18471737871906
 10
595.7924366558885
 20
85.1398664319372
 10
595.7484931316548
 20
85.08512618129664
 10
595.7056235902147
 20
85.0242209850113
 10
595.6704256606121
 20
84.93898035567055
 10
595.6420762592759
 20
84.79613305232749
 10
595.6197504281394
 20
84.56240964092319
 10
595.6026193662914
 20
84.20454456511396
 10
595.5898475077814
 20
83.68927928384306
 10
595.5805884779791
 20
82.98336684828868
 10
595.5739796532343
 20
82.05357859974966
 10
595.5691349193982
 20
80.86671418659859
 10
595.5651351105063
 20
79.3896169870238
 10
595.5610156355087
 20
77.58919859309152
 10
595.5583913370257
 20
76.19940531402602
 10
595.5573630627658
 20
74.9738705584665
 10
595.5580689568408
 20
73.9046809612664
 10
595.560639063509
 20
72.983927186859
 10
595.5651951629393
 20
72.20370587586484
 10
595.5718510167583
 20
71.55612117581636
 10
595.5807129322798
 20
71.03328575966376
 10
595.591880539986
 20
70.62732129666571
 10
595.6054476833464
 20
70.33035839642882
 10
595.6215033378821
 20
70.13453609109108
 10
595.640132500585
 20
70.03200094969063
 10
595.6580308383196
 20
69.98614552292511
 10
595.6807435354949
 20
69.93892292260054
 10
595.7077800552041
 20
69.89094923726358
 10
595.7386498673201
 20
69.84284051546837
 10
595.7728624419267
 20
69.79521276340654
 10
595.8099272431889
 20
69.74868194398331
 10
595.8493537237085
 20
69.70386397734133
 10
595.8906513194229
 20
69.66137474282297
 10
595.933329445101
 20
69.62183008235274
 10
595.9768974904927
 20
69.58584580521187
 10
596.0208648171831
 20
69.5540376941701
 10
596.3032592614653
 20
69.36463919163087
 10
599.8542917501168
 20
69.37371120894377
 10
600.787219540673
 20
69.37519873665939
 10
601.5632345259257
 20
69.3738312475985
 10
602.1988512409075
 20
69.36823169629885
 10
602.7106079958149
 20
69.35701488407388
 10
603.1150600930176
 20
69.33878879525794
 10
603.4287748598116
 20
69.31215602840135
 10
603.668328006292
 20
69.2757151370136
 10
603.8503009726785
 20
69.22806179702349
 10
603.9912790435585
 20
69.16778976736873
 10
604.1078500871844
 20
69.0934916316806
 10
604.2166038340115
 20
69.00375931616307
 10
604.2436915677033
 20
68.97757459797236
 10
604.2728079053587
 20
68.9454902982113
 10
604.3034402448541
 20
68.90827329482444
 10
604.3350759671753
 20
68.86669046301664
 10
604.3672024330918
 20
68.82150866858109
 10
604.3993069807008
 20
68.77349476230484
 10
604.4308769238537
 20
68.72341557542791
 10
604.4613995514841
 20
68.67203791612832
 10
604.4903621278609
 20
68.62012856700251
 10
604.5172518937969
 20
68.56845428350967
 10
604.5415560688463
 20
68.51778179334922
 10
604.5780286806083
 20
68.40176343670619
 10
604.6077192237535
 20
68.16720302870085
 10
604.6309591168008
 20
67.72228031073396
 10
604.6480796712492
 20
66.97522671515625
 10
604.6594168729678
 20
65.83437476173609
 10
604.6653309471045
 20
64.20823151244053
 10
604.6662632817004
 20
62.00557929751343
 10
604.6628775622396
 20
59.13559175837431
 10
604.6563667287693
 20
55.50789293522327
 10
604.6490021130163
 20
51.03231923850084
 10
604.6447385546834
 20
45.61786990301647
 10
604.6473007924384
 20
40.20386542224958
 10
604.6535512320488
 20
35.72921391583149
 10
604.6594433922904
 20
32.10247215688377
 10
604.6625214674247
 20
29.233288971038554
 10
604.6614498951654
 20
27.03124943898927
 10
604.6554793132267
 20
25.40554554127496
 10
604.6441224135627
 20
24.264992463738544
 10
604.626996177441
 20
23.518129823828644
 10
604.603754288737
 20
23.073319043458923
 10
604.5740614736003
 20
22.83881725453901
 10
604.5375853622667
 20
22.722827991778473
 10
604.5132787162918
 20
22.672168290255605
 10
604.4863862237555
 20
22.62050707960237
 10
604.4574207229841
 20
22.568610896770146
 10
604.4268950281171
 20
22.51724630554274
 10
604.3953219268342
 20
22.46717989574676
 10
604.3632141791817
 20
22.419178281578134
 10
604.3310845174622
 20
22.374008099009146
 10
604.2994456471647
 20
22.332436002240144
 10
604.2688102489066
 20
22.295228659161552
 10
604.2396909813714
 20
22.26315274579514
 10
604.2126004852346
 20
22.236974939689404
 10
604.1038634253899
 20
22.147300059623355
 10
603.9873067102874
 20
22.073042390531235
 10
603.8463889139854
 20
22.01279482442613
 10
603.6645704931902
 20
21.965151020542983
 10
603.4253144883073
 20
21.9287059567024
 10
603.1120877671013
 20
21.902056737884536
 10
602.7083629019128
 20
21.8838036640075
 10
602.1976208315671
 20
21.87255155640139
 10
601.5633545474349
 20
21.866911327434472
 10
600.7890741699592
 20
21.865501737197953
 10
599.8583139614132
 20
21.866951189195568
 10
599.0276697031426
 20
21.868625132371925
 10
598.3356704133355
 20
21.868945188981563
 10
597.768431154378
 20
21.867351417188416
 10
597.3120804101669
 20
21.863291813944237
 10
596.9527587475725
 20
21.85622063680325
 10
596.6766170388252
 20
21.845596911413736
 10
596.4698144822752
 20
21.830883164258296
 10
596.3185166315686
 20
21.81154438365366
 10
596.2088936034047
 20
21.787047192681413
 10
596.1271185907437
 20
21.75685921165946
 10
596.0593667679036
 20
21.72044858953351
 10
595.9210059775326
 20
21.638721919732752
 10
595.8089312308068
 20
21.551430929259155
 10
595.720546168383
 20
21.41771078692539
 10
595.6532534628861
 20
21.19668950137435
 10
595.6044513874749
 20
20.847482229453682
 10
595.571528808412
 20
20.32918228600876
 10
595.5518584844896
 20
19.600850104526067
 10
595.54278868494
 20
18.621502143327113
 10
595.5416335070745
 20
17.35010236274063
 10
595.5456629643785
 20
15.745559088365285
 10
595.552094791237
 20
13.766729474326924
 10
595.5575753263427
 20
11.981076628461993
 10
595.5626907737982
 20
10.515851783009802
 10
595.5684307453278
 20
9.33829035319692
 10
595.5757392085713
 20
8.415553405529659
 10
595.5855265244988
 20
7.714754313313469
 10
595.5986789968401
 20
7.2029755742739905
 10
595.6160662120562
 20
6.847279738639818
 10
595.6385466022027
 20
6.614716714681849
 10
595.6669716009429
 20
6.472328757720879
 10
595.7021886548879
 20
6.387153886994456
 10
595.7450432531477
 20
6.326228137915912
 10
595.9182239443508
 20
6.105713319845059
 10
597.2243226565752
 20
6.102232032710804
 10
597.7087808878241
 20
6.097389420874398
 10
598.1100584270948
 20
6.081115714599552
 10
598.4357271076744
 20
6.046543779512392
 10
598.6933625839773
 20
5.986805757503626
 10
598.8905434047103
 20
5.895032976868805
 10
599.0348501766849
 20
5.76435581354094
 10
599.1338648015637
 20
5.587903530703258
 10
599.1951697753204
 20
5.358804121334803
 10
599.2263475477249
 20
5.070184176530594
 10
599.234979946463
 20
4.715168800802285
 10
599.2286476771228
 20
4.286881593193
 10
599.2193618062504
 20
3.9981111064157115
 10
599.2053480317114
 20
3.7506550599738198
 10
599.1848372550481
 20
3.54009292024924
 10
599.1560598548424
 20
3.3620034441128954
 10
599.1172458139774
 20
3.2119648389324755
 10
599.0666248322773
 20
3.0855548859020985
 10
599.0024264252613
 20
2.9783510304601464
 10
598.9228800096037
 20
2.885930442421536
 10
598.8262149756348
 20
2.803870047540519
 10
598.710660746894
 20
2.7277465315106024
 10
598.574446826317
 20
2.653136316875626
 10
598.4907995444997
 20
2.618999947745621
 10
598.3663287563652
 20
2.590907270030044
 10
598.1722405304951
 20
2.568465904257458
 10
597.879744839841
 20
2.551282651457111
 10
597.4600584392688
 20
2.5389628850510135
 10
596.8844087661745
 20
2.5311094515017327
 10
596.124038894778
 20
2.5273207732512795
 10
595.150213528272
 20
2.527187649580412
 10
593.9342258648285
 20
2.5302879686351876
 10
592.447404817243
 20
2.5361781652904405
 10
590.6611213174913
 20
2.544379815714029
 10
583.039802445041
 20
2.57809134527235
 10
582.6966576942082
 20
2.806614503940219
 10
582.6435814329436
 20
2.8446167565129468
 10
582.5878994233415
 20
2.889406967708913
 10
582.5305221353617
 20
2.9399944672594955
 10
582.472359990722
 20
2.995388590469023
 10
582.4143233575652
 20
3.054598677498598
 10
582.3573225471514
 20
3.116634072506434
 10
582.3022678126326
 20
3.18050412261303
 10
582.2500693499801
 20
3.2452181766590016
 10
582.2016373011354
 20
3.3097855837255903
 10
582.1578817594622
 20
3.373215691391911
 10
582.119712777573
 20
3.434517843709175
 10
582.0616622647699
 20
3.53513465214934
 10
582.0138997057427
 20
3.6264840391250246
 10
581.9751808693634
 20
3.7187721561503277
 10
581.944261614361
 20
3.8222051517838747
 10
581.9198977550476
 20
3.94698913096029
 10
581.9008448984832
 20
4.10333010718772
 10
581.8858582504012
 20
4.301433946087576
 10
581.8736923843434
 20
4.551506297660506
 10
581.8631009646901
 20
4.863752513209272
 10
581.8528364092357
 20
5.248377540836287
 10
581.8416494700446
 20
5.715585790536803
 10
581.8315388097427
 20
6.118893177293318
 10
581.8213385142593
 20
6.465125861728904
 10
581.8105885323154
 20
6.7594762660565255
 10
581.7988280939859
 20
7.007136591746688
 10
581.7855957896578
 20
7.21329883608899
 10
581.770429657982
 20
7.383154813940829
 10
581.752867278514
 20
7.521896183082868
 10
581.7324458650905
 20
7.634714471606529
 10
581.7087023565076
 20
7.726801105875184
 10
581.6811735016939
 20
7.803347437793745
 10
581.64939593724
 20
7.869544770364394
 10
581.5883726079148
 20
7.967796872380186
 10
581.5144563696119
 20
8.062377410887054
 10
581.4288333957181
 20
8.15253151708051
 10
581.3326897391254
 20
8.23750424593201
 10
581.2272113073599
 20
8.316540591897644
 10
581.1135838411012
 20
8.38888550480271
 10
580.9929928964816
 20
8.453783905904563
 10
580.8666238315468
 20
8.510480704075173
 10
580.7356617972497
 20
8.55822081198279
 10
580.601291733317
 20
8.596249162094137
 10
580.4646983692876
 20
8.623810722266166
 10
580.3105250941388
 20
8.63370156605673
 10
579.9815581281593
 20
8.64333008975854
 10
579.491971682022
 20
8.652551335934243
 10
578.8559429500089
 20
8.661210175752627
 10
578.0876482603103
 20
8.669144085621598
 10
577.2012594681802
 20
8.676185994803562
 10
576.2109408986864
 20
8.68216739363635
 10
575.1308471420808
 20
8.686921764366291
 10
573.9751219762411
 20
8.690288254622688
 10
572.757898613981
 20
8.692115374945482
 10
571.4933013395303
 20
8.692264393203539
 10
569.3989037380736
 20
8.690470285664349
 10
567.6756819797133
 20
8.687507668740666
 10
566.2859492668535
 20
8.682972803776563
 10
565.1920434433351
 20
8.676339577492373
 10
564.3562940724368
 20
8.666989939592293
 10
563.741009396146
 20
8.65424104779346
 10
563.308474505623
 20
8.637366458628241
 10
563.0209548490493
 20
8.615611611825203
 10
562.8407015396608
 20
8.588204752119585
 10
562.7299564877708
 20
8.55436442285991
 10
562.650956321412
 20
8.51330435479108
 10
562.5286124715263
 20
8.435746830677347
 10
562.4214480461154
 20
8.356683662630049
 10
562.328732537892
 20
8.274774644136
 10
562.2497352832085
 20
8.18867947042229
 10
562.1837255004895
 20
8.097057739574092
 10
562.1299723265192
 20
7.998568953096269
 10
562.0877448506618
 20
7.891872516235255
 10
562.0563121470279
 20
7.7756277383507975
 10
562.0349433045444
 20
7.648493833602457
 10
562.022907454825
 20
7.509129922190763
 10
562.019473797694
 20
7.356195032366463
 10
562.0239479257807
 20
7.1995635741364925
 10
562.0364322133028
 20
7.057301855482862
 10
562.0574375533582
 20
6.92843652039622
 10
562.0874748611517
 20
6.8119941691874555
 10
562.1270550599172
 20
6.7070013571163845
 10
562.1766890688992
 20
6.6124845912928
 10
562.2368877933275
 20
6.527470325877642
 10
562.3081621163572
 20
6.450984955596686
 10
562.3910228929931
 20
6.382054807568641
 10
562.4859809460548
 20
6.3197061314449225
 10
562.5935470642768
 20
6.262965087856932
 10
562.6588868925515
 20
6.235842803631934
 10
562.7349783750216
 20
6.212528714441497
 10
562.8254599374919
 20
6.192775677466267
 10
562.9339698164113
 20
6.176336319078855
 10
563.0641459868905
 20
6.162962966615387
 10
563.2196260814626
 20
6.152407559289786
 10
563.4040473015768
 20
6.144421536371732
 10
563.6210463246271
 20
6.138755700220498
 10
563.8742592103843
 20
6.135160051214198
 10
564.1673213120882
 20
6.133383591091832
 10
564.503867199231
 20
6.133174090800518
 10
564.953325305342
 20
6.132291104374918
 10
565.3343373886248
 20
6.1274006159181145
 10
565.654065877284
 20
6.1171238364319205
 10
565.919670863974
 20
6.100079384105699
 10
566.1383106336384
 20
6.074883699258647
 10
566.3171420999543
 20
6.0401514455784575
 10
566.4633211714295
 20
5.994495875952042
 10
566.5840030647158
 20
5.936529146892481
 10
566.6863425788099
 20
5.86486257015013
 10
566.7774943401015
 20
5.778106793826074
 10
566.8646130251195
 20
5.6748719084113155
 10
566.9056198618746
 20
5.619365171455241
 10
566.9399316582487
 20
5.5640214032663255
 10
566.9681309807031
 20
5.504608586023128
 10
566.990800504682
 20
5.4368946373072955
 10
567.008522998954
 20
5.356647422865516
 10
567.0218813247546
 20
5.259634764275068
 10
567.0314584493099
 20
5.141624441792786
 10
567.0378374731357
 20
4.998384192665892
 10
567.0416016702391
 20
4.8256817052380665
 10
567.0433345399853
 20
4.619284609282435
 10
567.0436198689844
 20
4.374960463127442
 10
567.0430469396937
 20
4.117073028186244
 10
567.041256902839
 20
3.902662265871861
 10
567.0373657413221
 20
3.7263672072604646
 10
567.030489791306
 20
3.5828267975728547
 10
567.0197456682613
 20
3.466679909730999
 10
567.0042501989293
 20
3.37256535594514
 10
566.9831203569939
 20
3.295121897982435
 10
566.9554732008488
 20
3.2289882566399797
 10
566.9204258123584
 20
3.168803120848457
 10
566.8770952359843
 20
3.1092051567544132
 10
566.8245984180959
 20
3.044833017059819
 10
566.7366543666886
 20
2.909309941493378
 10
566.6399248173396
 20
2.8002832780942732
 10
566.4090663026622
 20
2.714860200615286
 10
565.9187215768067
 20
2.650130552776419
 10
565.0435041192984
 20
2.603137176916462
 10
563.6579628893304
 20
2.5708331899966037
 10
561.6365151180748
 20
2.5500380314029716
 10
558.8533342251408
 20
2.5374175818389872
 10
555.1821968885589
 20
2.5295305703805457
 10
550.4963405393887
 20
2.522985486693628
 10
544.6684445656435
 20
2.514702903180357
 10
541.4983619114216
 20
2.510054059616248
 10
538.4591855001111
 20
2.506229824380476
 10
535.5857059888654
 20
2.5032981743554377
 10
532.9127238842228
 20
2.5012876380702966
 10
530.4750368586749
 20
2.500196126222326
 10
528.3074315631513
 20
2.5
 10
526.4446786676307
 20
2.500662349054707
 10
524.9215298853636
 20
2.502140128334487
 10
523.7727159129429
 20
2.504390206473934
 10
523.0329443937574
 20
2.5073745796642957
 10
522.7368971055357
 20
2.511065077876852
  0
LWPOLYLINE
  5
AB
330
17
100
AcDbEntity
  8
CUT
100
AcDbPolyline
 90
514
 70
1
 10
616.3058393462927
 20
2.5336412619064923
 10
615.8213754220528
 20
2.596705856683185
 10
615.3546126742965
 20
2.682402981689574
 10
614.904937378479
 20
2.7910049477983794
 10
614.4717356574411
 20
2.9227840538389174
 10
614.0543934944445
 20
3.0780125752316643
 10
613.652296744142
 20
3.256962752667258
 10
613.2648311416095
 20
3.4599067808244115
 10
612.8913823095377
 20
3.68711679712583
 10
612.5313357636478
 20
3.938864870533365
 10
612.1840769163763
 20
4.215422990392696
 10
611.848991078843
 20
4.517063055344321
 10
611.6240334668807
 20
4.741235333188227
 10
611.4087419070015
 20
4.974779200496975
 10
611.2037323266076
 20
5.216749504123747
 10
611.0096207053067
 20
5.466201148184677
 10
610.827023071711
 20
5.722189097727622
 10
610.656555499956
 20
5.983768382101987
 10
610.498834105879
 20
6.249994098084571
 10
610.3544750427898
 20
6.519921412814032
 10
610.2240944967677
 20
6.792605566584502
 10
610.1083086814207
 20
7.067101875546745
 10
610.0077338320334
 20
7.342465734362035
 10
609.9121482553759
 20
7.606077116935101
 10
609.8349981953941
 20
7.899606375661589
 10
609.7747003108833
 20
8.415490459323781
 10
609.7296713589012
 20
9.34612798073956
 10
609.6983274227963
 20
10.88382972990518
 10
609.6790718835144
 20
13.220732995160827
 10
609.6702481199573
 20
16.548671422271106
 10
609.67
 20
21.059001454597272
 10
609.675922590851
 20
26.942448823605616
 10
609.6843398563177
 20
34.389263518654175
 10
609.6893275473107
 20
43.59046391068967
 10
609.6869411215864
 20
51.57350709872433
 10
609.6813550235295
 20
58.24553890641213
 10
609.6759251542128
 20
63.72626309371987
 10
609.6727835393588
 20
68.13437469841244
 10
609.6731197821176
 20
71.58850705543986
 10
609.6775847491607
 20
74.20756338121245
 10
609.6865650380391
 20
76.11074875738183
 10
609.7003301861276
 20
77.41750777023651
 10
609.7191023964983
 20
78.24745063150726
 10
609.7430865607935
 20
78.72029190363378
 10
609.7724818765711
 20
78.95580543459849
 10
609.8625267359998
 20
79.35072216956445
 10
609.9672584977126
 20
79.72709604778942
 10
610.0877641957638
 20
80.0869353170039
 10
610.2251307271575
 20
80.4322485145835
 10
610.3804448440735
 20
80.7650444348757
 10
610.5547931418856
 20
81.08733210125942
 10
610.7492620433849
 20
81.40112074306427
 10
610.9649377795663
 20
81.70841977752156
 10
611.202906367307
 20
82.01123879697863
 10
611.4642535842529
 20
82.31158756168179
 10
611.7500649412455
 20
82.61147599851711
 10
612.0614620283385
 20
82.9125917184958
 10
612.3705824467912
 20
83.18592662037193
 10
612.6803601009678
 20
83.43306436729725
 10
612.9937284712584
 20
83.65558879527256
 10
613.3136206390543
 20
83.85508388783148
 10
613.6429692990141
 20
84.03313374754856
 10
613.9847067587257
 20
84.19132256542397
 10
614.3417649257534
 20
84.33123458905439
 10
614.7170752819036
 20
84.45445409040772
 10
615.1135688443686
 20
84.5625653339876
 10
615.5341761132227
 20
84.65715254620349
 10
615.6972674395636
 20
84.68454309021152
 10
615.9108572809962
 20
84.70750975811589
 10
616.1987687283263
 20
84.7263536663616
 10
616.5848217404309
 20
84.74137472753446
 10
617.0928314729072
 20
84.75287105634482
 10
617.7466059833718
 20
84.76113825882368
 10
618.5699431640696
 20
84.76646865776968
 10
619.5866266809076
 20
84.76915055468322
 10
620.8204206066748
 20
84.76946771505163
 10
622.2950623277999
 20
84.76769942085869
 10
624.0342531955938
 20
84.76412171495201
 10
631.9164748618845
 20
84.74527914125918
 10
632.1843569644334
 20
84.56405240073394
 10
632.2257745226332
 20
84.5344411377782
 10
632.2691916461404
 20
84.50044876267296
 10
632.3139003053845
 20
84.46278467420177
 10
632.359192482915
 20
84.42215827802383
 10
632.404360172995
 20
84.37927898663582
 10
632.448695380833
 20
84.33485621914588
 10
632.4914901214396
 20
84.28959940085383
 10
632.5320364180978
 20
84.24421796263218
 10
632.5696263004368
 20
84.1994213401018
 10
632.6035518020985
 20
84.1559189725971
 10
632.6331049579946
 20
84.1144203019162
 10
632.6746151709935
 20
84.05002913027255
 10
632.7093126540476
 20
83.98782516238953
 10
632.7378128495006
 20
83.92339112439169
 10
632.7607312483395
 20
83.85230980229292
 10
632.7786834097947
 20
83.7701640754349
 10
632.7922849934313
 20
83.67253696426857
 10
632.8021518039055
 20
83.5550116931955
 10
632.8088998486433
 20
83.41317176957756
 10
632.8131454088278
 20
83.24260108055572
 10
632.815505124265
 20
83.03888401001521
 10
632.8165960928962
 20
82.79760557892396
 10
632.8170492881386
 20
82.53769606709233
 10
632.8162567091274
 20
82.32307138565372
 10
632.8131533038508
 20
82.14757901318205
 10
632.8066746585347
 20
82.00506730858643
 10
632.7957568464577
 20
81.88938531377639
 10
632.7793362982527
 20
81.79438258753063
 10
632.7563496947117
 20
81.71390907615819
 10
632.7257338827965
 20
81.64181502497877
 10
632.6864258152308
 20
81.57195093336466
 10
632.637362513683
 20
81.49816755513629
 10
632.5774810551135
 20
81.41431594552765
 10
632.4794788389642
 20
81.28527291932045
 10
632.3829763187678
 20
81.1776098501876
 10
632.2802500339078
 20
81.08943499642734
 10
632.1635761859567
 20
81.01885700295969
 10
632.0252305053405
 20
80.96398476976674
 10
631.8574880410627
 20
80.92292733671295
 10
631.6526228751017
 20
80.89379378147933
 10
631.4029077654958
 20
80.87469312604296
 10
631.100613724602
 20
80.86373424524223
 10
630.738009541641
 20
80.85902576870672
 10
630.3073612614977
 20
80.85867596510303
 10
629.7720633684102
 20
80.85742467496246
 10
629.3295006041759
 20
80.84667714411293
 10
628.9708944837594
 20
80.82044268629448
 10
628.6874615165623
 20
80.7727305191379
 10
628.4704144537234
 20
80.6975496717343
 10
628.3109633506185
 20
80.58890906469861
 10
628.2003164651009
 20
80.44081772555978
 10
628.1296810104564
 20
80.24728511953768
 10
628.0902637777668
 20
80.00232158850943
 10
628.073271636053
 20
79.69993890038648
 10
628.0699119102349
 20
79.3341509179451
 10
628.0709014280818
 20
79.16364551946754
 10
628.073522527962
 20
79.01266537135999
 10
628.0779678832905
 20
78.87966982775555
 10
628.0844302605059
 20
78.76311845091683
 10
628.0931025039451
 20
78.66147098497916
 10
628.1041775223117
 20
78.57318733070767
 10
628.1178482767158
 20
78.49672752160322
 10
628.1343077702555
 20
78.43055170164098
 10
628.1537490391039
 20
78.3731201048756
 10
628.1763651450628
 20
78.32289303710175
 10
628.2023491695535
 20
78.27833085971886
 10
628.2573334632148
 20
78.16423893157327
 10
628.3387287314139
 20
78.07214297924168
 10
628.5693312979013
 20
77.9993388532302
 10
629.071916747369
 20
77.943115983718
 10
629.969201913845
 20
77.90075029743431
 10
631.3837789065715
 20
77.86949609412989
 10
633.4380088520918
 20
77.84658750731347
 10
636.2538554577111
 20
77.8292785697978
 10
639.9526432030938
 20
77.81499730003415
 10
644.6548006845749
 20
77.80178958505621
 10
650.4799869069307
 20
77.78934246744262
 10
655.5093706293084
 20
77.78310950315228
 10
659.6984263489392
 20
77.7830930730415
 10
663.1262368407153
 20
77.78772332336484
 10
665.8705354680462
 20
77.79567877183314
 10
668.0083835080763
 20
77.80623397614758
 10
669.6166633952644
 20
77.81920613618951
 10
670.7723116407791
 20
77.83478595955955
 10
671.5523863847803
 20
77.85338907320772
 10
672.034060111978
 20
77.87555679293379
 10
672.2945882234301
 20
77.90189685707765
 10
672.4112761421579
 20
77.9330495366685
 10
672.530927920296
 20
77.9950216163019
 10
672.6297252674001
 20
78.06450184205607
 10
672.7096995303398
 20
78.15465546758591
 10
672.7728820643108
 20
78.27864802954761
 10
672.8213035847763
 20
78.44964578525176
 10
672.8569934127928
 20
78.68081620366291
 10
672.8819786353304
 20
78.98532848044687
 10
672.898283217553
 20
79.37635403573069
 10
672.9079271200292
 20
79.8670669436705
 10
672.9129254882014
 20
80.47064423857591
 10
672.9152879911537
 20
81.20026604580761
 10
672.9205890318054
 20
83.80999663200217
 10
673.1297495823558
 20
84.1335071234908
 10
673.2198856001266
 20
84.29006188992997
 10
673.3030855416463
 20
84.41599713411355
 10
673.4341066834146
 20
84.514728410727
 10
673.6677118378345
 20
84.58967279655431
 10
674.0586737047657
 20
84.64425302939796
 10
674.6617836258483
 20
84.68190316165277
 10
675.5318651341314
 20
84.70607454349687
 10
676.7237926571024
 20
84.72024000194781
 10
678.2925150407009
 20
84.72789300372054
 10
680.2930817455974
 20
84.7325378619631
 10
682.7806664518895
 20
84.73766759954918
 10
685.2456451971251
 20
84.74391871067519
 10
687.2381956448683
 20
84.74796581964031
 10
688.8102635588195
 20
84.7471666196866
 10
690.013926001726
 20
84.7389179746825
 10
690.9013548342474
 20
84.72063025466232
 10
691.5247875382503
 20
84.68971604304886
 10
691.9365052133746
 20
84.64358604970252
 10
692.1888164672015
 20
84.57964839838249
 10
692.3340459629628
 20
84.49530931428234
 10
692.4245267456452
 20
84.38797423032238
 10
692.5125958349016
 20
84.25504884805136
 10
692.5534718048425
 20
84.19476048350569
 10
692.5875069477657
 20
84.13566761941769
 10
692.6153082334374
 20
84.07282804553265
 10
692.6374826077001
 20
84.00129969131669
 10
692.6546369708036
 20
83.91614064394625
 10
692.6673781464581
 20
83.81240919198669
 10
692.6763128417915
 20
83.68516389555444
 10
692.6820475984005
 20
83.52946368420399
 10
692.6851887347775
 20
83.34036798438765
 10
692.6863422805807
 20
83.11293687911396
 10
692.6861139035324
 20
82.84223130339748
 10
692.6849876024339
 20
82.5771635349169
 10
692.682654421968
 20
82.35325725326433
 10
692.6785802072266
 20
82.16607128935325
 10
692.6722304650634
 20
82.01116518196767
 10
692.6630704365214
 20
81.8840990533235
 10
692.6505651589036
 20
81.78043349304937
 10
692.634179517584
 20
81.69572945339073
 10
692.6133782877367
 20
81.62554815781132
 10
692.587626166193
 20
81.56545102460518
 10
692.55638779361
 20
81.51099960666198
 10
692.5191277670879
 20
81.45775554815759
 10
692.4178033311841
 20
81.32515329819805
 10
692.3242371066166
 20
81.21583470179937
 10
692.228739524089
 20
81.1272912962346
 10
692.1216212152469
 20
81.05701454702987
 10
691.9931931611345
 20
81.00249585470547
 10
691.833766935543
 20
80.96122652173722
 10
691.6336550473055
 20
80.93069768182394
 10
691.3831713884742
 20
80.90840019528068
 10
691.0726317996589
 20
80.89182451642756
 10
690.6923547696766
 20
80.87846054155278
 10
690.2326622942039
 20
80.86579744994614
 10
689.7593526888859
 20
80.85225721350628
 10
689.3651659590811
 20
80.83712097780267
 10
689.0419762084207
 20
80.81814839747346
 10
688.7816606223636
 20
80.79309828429092
 10
688.5760989367964
 20
80.75972888037026
 10
688.4171729184014
 20
80.7157980732888
 10
688.296765878479
 20
80.65906355877271
 10
688.2067622362603
 20
80.58728295744399
 10
688.1390471427541
 20
80.49821389188614
 10
688.0855061720735
 20
80.38961402936269
 10
688.0380250840598
 20
80.25924109419978
 10
688.0227588476018
 20
80.2050801843659
 10
688.0091898961565
 20
80.14006204333018
 10
687.9973650355029
 20
80.0649377986519
 10
687.9873310695556
 20
79.98045859987067
 10
687.9791348047993
 20
79.8873756101805
 10
687.9728230544213
 20
79.78643999855788
 10
687.968442642127
 20
79.67840293232248
 10
687.966040405628
 20
79.5640155701177
 10
687.965663199785
 20
79.44402905530583
 10
687.9673578993967
 20
79.31919450977904
 10
687.9711714016162
 20
79.1902630281954
 10
687.9806725596064
 20
78.9832859639618
 10
687.9934074977689
 20
78.8051860139318
 10
688.0106812499823
 20
78.652781774295
 10
688.0337986363895
 20
78.52289232448175
 10
688.064064315508
 20
78.41233713700476
 10
688.1027828345369
 20
78.31793599888266
 10
688.1512586781571
 20
78.23650894604984
 10
688.2107963160338
 20
78.16487621180283
 10
688.2827002491977
 20
78.09985818999505
 10
688.3682750554871
 20
78.0382754133667
 10
688.4688254343004
 20
77.97694854709141
 10
688.551668623607
 20
77.959644134163
 10
688.7413131677304
 20
77.94402970458196
 10
689.0444696125445
 20
77.9300072246981
 10
689.4678545496974
 20
77.91747700382831
 10
690.0181913027156
 20
77.90633723038212
 10
690.7022104265872
 20
77.89648340841961
 10
691.5266499639254
 20
77.88780770853714
 10
692.4982554053395
 20
77.8801982654602
 10
693.6237793133157
 20
77.87353847402042
 10
694.9099805888181
 20
77.8677063519875
 10
696.3636233876066
 20
77.86257404862448
 10
698.4927929996798
 20
77.85625426488065
 10
700.213461928802
 20
77.84995119950895
 10
701.5757618142159
 20
77.84052063241779
 10
702.6299055754841
 20
77.82478681407136
 10
703.426158608704
 20
77.79954918928678
 10
704.0148199669255
 20
77.76158905493503
 10
704.4462099608594
 20
77.70767520914458
 10
704.7706620465304
 20
77.63456835408402
 10
705.0385177660448
 20
77.53902424569623
 10
705.300124058377
 20
77.417795632033
 10
705.6058325757982
 20
77.26763300527682
 10
706.0733764621959
 20
77.02036525335512
 10
706.5132347183611
 20
76.7421367926344
 10
706.9243645822802
 20
76.43422339752308
 10
707.3057231311188
 20
76.09790089630675
 10
707.6562672923733
 20
75.73444515915807
 10
707.9749538538636
 20
75.34513208737062
 10
708.2607394727515
 20
74.93123760355783
 10
708.5125806837456
 20
74.49403764258255
 10
708.7294339066334
 20
74.03480814300076
 10
708.9102554532698
 20
73.55482503881532
 10
709.0540015341355
 20
73.05536425134187
 10
709.2196748318323
 20
72.38034655458517
 10
709.1690031699354
 20
42.7219645875333
 10
709.1872933478326
 20
13.055632277640441
 10
709.0111978909306
 20
12.555297493927718
 10
708.7894721300938
 20
12.00012754838895
 10
708.5260552932428
 20
11.473818398423006
 10
708.2228286027001
 20
10.978168428493703
 10
707.8816730493659
 20
10.514976020663937
 10
707.5044693772368
 20
10.086039537860486
 10
707.0930980668035
 20
9.693157305978303
 10
706.6494393170068
 20
9.33812759425216
 10
706.1753730253968
 20
9.022748593278465
 10
705.6727787660907
 20
8.748818390007575
 10
705.1435357650853
 20
8.518134938938974
 10
704.5895228724123
 20
8.332496028640222
 10
703.9546606028782
 20
8.150132203658579
 10
696.2541425247466
 20
8.126622249081745
 10
694.7591703962008
 20
8.121699493730134
 10
693.4494358143635
 20
8.11610302539026
 10
692.3151878013106
 20
8.109662351230414
 10
691.3466838776867
 20
8.102213357193705
 10
690.5341906834697
 20
8.0935972777501
 10
689.8679841187636
 20
8.083659646074961
 10
689.3383490667632
 20
8.07224931403108
 10
688.9355787808225
 20
8.05921760045845
 10
688.6499740241329
 20
8.044417595984555
 10
688.4718420472893
 20
8.02770362716241
 10
688.3914954797826
 20
8.008930864424194
 10
688.29408800142
 20
7.932039585483562
 10
688.2072276103715
 20
7.821946201435921
 10
688.1318512526286
 20
7.683748348749122
 10
688.0688958321856
 20
7.522543934070981
 10
688.0192983165518
 20
7.343431248616451
 10
687.9839958289054
 20
7.151509044330801
 10
687.9639257249356
 20
6.951876572427995
 10
687.9600256528869
 20
6.7496335858557135
 10
687.9732335958896
 20
6.549880307908772
 10
688.0044878962885
 20
6.357717369589508
 10
688.0547272623327
 20
6.178245718412153
 10
688.1023139303184
 20
6.055950545751891
 10
688.157046528395
 20
5.953714152230569
 10
688.2266448348801
 20
5.869498951281592
 10
688.3188288288864
 20
5.801267315591899
 10
688.4413188865483
 20
5.746981566752686
 10
688.601836039794
 20
5.704603986007282
 10
688.8081022950363
 20
5.672096849664271
 10
689.0678410070346
 20
5.647422494114263
 10
689.388777300279
 20
5.62854341656816
 10
689.7786385265983
 20
5.613422418393933
 10
690.2451547433693
 20
5.600022797975331
 10
690.7098266971952
 20
5.5871940677163945
 10
691.0944125805677
 20
5.573374992763698
 10
691.4086080663101
 20
5.555872592996362
 10
691.6621120942982
 20
5.531994276473313
 10
691.8646260805167
 20
5.499047756194759
 10
692.0258532670887
 20
5.454340961583085
 10
692.1554981939992
 20
5.395181958511575
 10
692.2632662790745
 20
5.318878887516668
 10
692.358863497413
 20
5.222739926812135
 10
692.4519961548888
 20
5.104073284397044
 10
692.5523707525713
 20
4.960187221617572
 10
692.5903120837481
 20
4.901615715893154
 10
692.6227054778235
 20
4.844431149169516
 10
692.649965475133
 20
4.78653514007374
 10
692.6725066022371
 20
4.725829281921406
 10
692.6907433698412
 20
4.660215135164384
 10
692.7050902686397
 20
4.587594216974166
 10
692.7159617630872
 20
4.505867988038116
 10
692.723772283093
 20
4.412937836674187
 10
692.7289362136339
 20
4.306705060406271
 10
692.7318678822916
 20
4.185070845188202
 10
692.7329815447251
 20
4.04593624251738
 10
692.7292998155775
 20
3.843985070064095
 10
692.7165802350042
 20
3.6635493152764766
 10
692.6937876429283
 20
3.5026296159560726
 10
692.6598867986377
 20
3.359226410030809
 10
692.6138424088396
 20
3.231339971023999
 10
692.554619155348
 20
3.116970436778862
 10
692.4811817224099
 20
3.014117831802883
 10
692.3924948236813
 20
2.9207820834783984
 10
692.2875232288472
 20
2.834963032275329
 10
692.165231789857
 20
2.754660435999984
 10
692.0245854666919
 20
2.677873968017929
 10
691.6717213866108
 20
2.5
 10
682.834326375444
 20
2.5198479664911524
 10
680.6468771994267
 20
2.524714736764743
 10
678.8528910353697
 20
2.5293778726439218
 10
677.4113569484035
 20
2.534709227592426
 10
676.2813387956182
 20
2.541582945484631
 10
675.4219615411799
 20
2.550864597500187
 10
674.792396812661
 20
2.5634063003587553
 10
674.35184982335
 20
2.5800462129630795
 10
674.0595485796091
 20
2.6016106387407607
 10
673.8747355558668
 20
2.6289172346182124
 10
673.7566616956459
 20
2.662778247268342
 10
673.6645825338911
 20
2.7040030966461615
 10
673.6123669729253
 20
2.7312527190362914
 10
673.5586695597701
 20
2.762637211547178
 10
673.5043114365203
 20
2.797496655437474
 10
673.4501137111178
 20
2.835171131792377
 10
673.3968974560987
 20
2.8750007207275097
 10
673.3454837086009
 20
2.9163255006087923
 10
673.2966934716648
 20
2.9584855472759024
 10
673.2513477168598
 20
3.0008209332585363
 10
673.2102673882737
 20
3.0426717269777477
 10
673.1742734078921
 20
3.083377991927083
 10
673.1441866823995
 20
3.1222797858335163
 10
673.1011154623673
 20
3.186146104660324
 10
673.065282073705
 20
3.2518500399982617
 10
673.0357982232481
 20
3.32881656630148
 10
673.0117755124629
 20
3.4264705937407847
 10
672.9923252891624
 20
3.5542368851204404
 10
672.9765584468461
 20
3.7215399465832064
 10
672.9635851666278
 20
3.9378038879944626
 10
672.9525145932881
 20
4.212452246217401
 10
672.9424544323035
 20
4.554907760758951
 10
672.9325104483298
 20
4.974592085999317
 10
672.9217858369118
 20
5.480925416635602
 10
672.9097077873964
 20
6.032280374606005
 10
672.8972376144118
 20
6.4905472726520514
 10
672.8827766974879
 20
6.865638299807216
 10
672.8647239397708
 20
7.167464357831054
 10
672.8414761123497
 20
7.405935171032898
 10
672.8114282371548
 20
7.590959440605591
 10
672.7729739830953
 20
7.7324450271438785
 10
672.7245060538842
 20
7.840299145584989
 10
672.664416550746
 20
7.924428558824879
 10
672.5910972982175
 20
7.994739759159465
 10
672.5029401260156
 20
8.061139129934663
 10
672.3965563392359
 20
8.089180027854049
 10
672.1174362307429
 20
8.113093026076585
 10
671.5967758145715
 20
8.133385445188082
 10
670.7658120123465
 20
8.150532153243313
 10
669.5558445602459
 20
8.16494682874181
 10
667.8982532016113
 20
8.176935354311286
 10
665.7244935929753
 20
8.186623543876227
 10
662.9660390916927
 20
8.19385700305784
 10
659.5542159025649
 20
8.19809556694233
 10
655.4198820289054
 20
8.198383749503858
 10
650.4929915703506
 20
8.193554937680112
 10
628.619960420589
 20
8.142891992824016
 10
628.360387087674
 20
7.9105995016226895
 10
628.1008105681505
 20
7.678309255076421
 10
628.098807210146
 20
6.879754219879658
 10
628.0986935276483
 20
6.6879644239923834
 10
628.0999670167917
 20
6.528141508447938
 10
628.1034891352159
 20
6.396245486854486
 10
628.110121584905
 20
6.288235901885145
 10
628.1207262556427
 20
6.200071940418582
 10
628.1361651752476
 20
6.12771252509981
 10
628.1573004667391
 20
6.0671163840451126
 10
628.1849943125055
 20
6.014242099901834
 10
628.2201089255208
 20
5.965048139068374
 10
628.2635065276907
 20
5.915492861573693
 10
628.3160493354906
 20
5.861534511900668
 10
628.5352570256107
 20
5.641921764919342
 10
630.2580602338244
 20
5.606416120018274
 10
630.7273687566261
 20
5.596148072627123
 10
631.1155197385481
 20
5.585018219970376
 10
631.4321786193088
 20
5.570814313624
 10
631.687007415977
 20
5.551324171004316
 10
631.8896654369723
 20
5.5243356087019215
 10
632.0498099226829
 20
5.487636400571619
 10
632.1770965999207
 20
5.439014240779349
 10
632.2811801409672
 20
5.376256696697665
 10
632.3717145209141
 20
5.297151140921075
 10
632.4583532696743
 20
5.199484655265337
 10
632.5507496176732
 20
5.081043902094848
 10
632.6018367196243
 20
5.012068575868103
 10
632.6443936660966
 20
4.949090054217109
 10
632.6791839736641
 20
4.88858021059295
 10
632.7069711858342
 20
4.827010785962107
 10
632.7285188770239
 20
4.760853409239225
 10
632.7445906638793
 20
4.686579604138265
 10
632.7559502240568
 20
4.6006607827019295
 10
632.7633613224801
 20
4.499568225850265
 10
632.7675878449929
 20
4.379773051434853
 10
632.7693938392399
 20
4.237746170486346
 10
632.7695435625283
 20
4.069958232599783
 10
632.765482743904
 20
3.852581724406461
 10
632.753483892238
 20
3.6613467964651267
 10
632.7322059771082
 20
3.493601383139808
 10
632.7003081612526
 20
3.346693109655705
 10
632.6564497466039
 20
3.217969342721604
 10
632.5992901227015
 20
3.104777236770106
 10
632.5274887172556
 20
3.004463776793692
 10
632.4397049487911
 20
2.9143758185570423
 10
632.3345981814307
 20
2.8318601267898433
 10
632.2108276820165
 20
2.7542634118031
 10
632.0670525798959
 20
2.678932364822792
 10
631.9757807703618
 20
2.6377581023197987
 10
631.8640106285759
 20
2.6039818120013063
 10
631.6967381247127
 20
2.5768473879642784
 10
631.4389558485948
 20
2.555598560965324
 10
631.0556502096103
 20
2.5394786426392546
 10
630.5117973703093
 20
2.5277303986603545
 10
629.772358065017
 20
2.5195962945158143
 10
628.8022715808082
 20
2.5143194619974416
 10
627.5664493684109
 20
2.5111457999294196
 10
626.0297690031304
 20
2.5093275907817585
 10
624.1570694933283
 20
2.508128822244048
 10
623.039106339711
 20
2.507841010707267
 10
621.9647689095694
 20
2.5082023065501957
 10
620.94645990619
 20
2.5091726360218214
 10
619.9965847630166
 20
2.5107103491685443
 10
619.1275507838058
 20
2.5127723737833048
 10
618.3517662848498
 20
2.5153144642946064
 10
617.6816397415101
 20
2.5182915290979704
 10
617.129578930962
 20
2.5216580210430717
 10
616.7079900530914
 20
2.5253683777826748
 10
616.4292768015354
 20
2.529377500657569
 10
616.3058393462927
 20
2.5336412619064923
  0
LWPOLYLINE
  5
AC
330
17
100
AcDbEntity
  8
CUT
100
AcDbPolyline
 90
80
 70
1
 10
697.5008466353055
 20
18.543277284161405
 10
697.6033549765058
 20
18.58075661400675
 10
697.6861021632232
 20
18.65911061407545
 10
697.7511110490798
 20
18.91068588910949
 10
697.8003821584217
 20
19.467826173820395
 10
697.835879314892
 20
20.462871213110535
 10
697.8594839754742
 20
22.028152328019136
 10
697.8728700367734
 20
24.29597788459032
 10
697.8771030622202
 20
27.39857652472616
 10
697.8708586209498
 20
31.46776541202275
 10
697.8345699342692
 20
36.63000906003189
 10
697.7753331246729
 20
42.57727163784153
 10
697.868182817817
 20
49.03115907208653
 10
697.8814383946943
 20
54.25267354897897
 10
697.8829954552308
 20
58.34895571222561
 10
697.8760354694136
 20
61.456305507551185
 10
697.8593786406071
 20
63.71179670098743
 10
697.8309417782584
 20
65.25261681409867
 10
697.788362100923
 20
66.21598194404214
 10
697.7291711208167
 20
66.73911776034512
 10
697.6508557923953
 20
66.9592539572983
 10
697.5508814478576
 20
67.01362257432348
 10
697.4266971342729
 20
67.03945778198394
 10
697.3809877279656
 20
67.05559350579907
 10
697.325737477759
 20
67.06988319082015
 10
697.2613809274088
 20
67.08229528114703
 10
697.1883526636175
 20
67.09279826979852
 10
697.1070873107582
 20
67.101360685711
 10
697.0180195258288
 20
67.1079510815195
 10
696.921583993714
 20
67.11253802207384
 10
696.8182154228156
 20
67.11509007365007
 10
696.7083485410978
 20
67.11557579382395
 10
696.5924180925806
 20
67.11396372198033
 10
696.4708588343
 20
67.11022237043753
 10
696.2963556646811
 20
67.10310769226874
 10
696.1512005299278
 20
67.09574189131305
 10
696.031490562948
 20
67.08693842557477
 10
695.933323122483
 20
67.07551220232139
 10
695.8527956785181
 20
67.06027924930191
 10
695.7860057563869
 20
67.04005643950163
 10
695.7290509287673
 20
67.01366127188021
 10
695.6780288479071
 20
66.9799117093252
 10
695.629037313028
 20
66.93762607453905
 10
695.5781743698732
 20
66.88562300462738
 10
695.5215384407562
 20
66.82272146567956
 10
695.2917986825518
 20
66.56304809650194
 10
695.414919756216
 20
42.615507953064046
 10
695.4040923909157
 20
38.53501119646847
 10
695.3338485484667
 20
34.580234958216316
 10
695.3188059436857
 20
31.104323298535064
 10
695.3154114918161
 20
28.108884809718923
 10
695.3171185861588
 20
25.574926463211206
 10
695.3220844805647
 20
23.48211031274173
 10
695.3296297751585
 20
21.809857609336387
 10
695.3394752822721
 20
20.53752313809513
 10
695.3515100932127
 20
19.6444380869084
 10
695.3657047003019
 20
19.10992370945442
 10
695.3820736011389
 20
18.913296492777004
 10
695.4346111889547
 20
18.817364510668806
 10
695.489650893926
 20
18.735724405839576
 10
695.5501001273122
 20
18.66728179172119
 10
695.6188666747333
 20
18.610941841508176
 10
695.6988585267952
 20
18.56560921085144
 10
695.792983747612
 20
18.530187910167022
 10
695.9041503839205
 20
18.503581127082768
 10
696.0352664200929
 20
18.484690999195244
 10
696.1892397873888
 20
18.472418337576247
 10
696.3689784392315
 20
18.465662302508104
 10
696.5773905080384
 20
18.46332003496502
 10
696.6927430252052
 20
18.463953080065153
 10
696.8061865798657
 20
18.46628953153139
 10
696.9162639656619
 20
18.470203467647142
 10
697.0215180061344
 20
18.475569274717312
 10
697.120491554048
 20
18.482261618411314
 10
697.2117274921715
 20
18.49015540450301
 10
697.2937687362447
 20
18.499125728945142
 10
697.3651582406225
 20
18.509047817209655
 10
697.4244390067836
 20
18.519796952798497
 10
697.4701540945343
 20
18.53124839478254
 10
697.5008466353055
 20
18.543277284161405
  0
LWPOLYLINE
  5
AD
330
17
100
AcDbEntity
  8
CUT
100
AcDbPolyline
 90
514
 70
1
 10
720.8558393462928
 20
2.5336412619064923
 10
720.3713754220529
 20
2.596705856683185
 10
719.9046126742966
 20
2.682402981689574
 10
719.454937378479
 20
2.7910049477983794
 10
719.0217356574411
 20
2.9227840538389174
 10
718.6043934944446
 20
3.0780125752316643
 10
718.202296744142
 20
3.256962752667258
 10
717.8148311416096
 20
3.4599067808244115
 10
717.4413823095377
 20
3.68711679712583
 10
717.0813357636479
 20
3.938864870533365
 10
716.7340769163764
 20
4.215422990392696
 10
716.3989910788431
 20
4.517063055344321
 10
716.1740334668808
 20
4.741235333188227
 10
715.9587419070016
 20
4.974779200496975
 10
715.7537323266076
 20
5.216749504123747
 10
715.5596207053068
 20
5.466201148184677
 10
715.3770230717109
 20
5.722189097727622
 10
715.206555499956
 20
5.983768382101987
 10
715.0488341058791
 20
6.249994098084571
 10
714.9044750427898
 20
6.519921412814032
 10
714.7740944967678
 20
6.792605566584502
 10
714.6583086814207
 20
7.067101875546745
 10
714.5577338320335
 20
7.342465734362035
 10
714.462148255376
 20
7.606077116935101
 10
714.3849981953941
 20
7.899606375661589
 10
714.3247003108834
 20
8.415490459323781
 10
714.2796713589013
 20
9.34612798073956
 10
714.2483274227964
 20
10.88382972990518
 10
714.2290718835145
 20
13.220732995160827
 10
714.2202481199573
 20
16.548671422271106
 10
714.22
 20
21.059001454597272
 10
714.225922590851
 20
26.942448823605616
 10
714.2343398563178
 20
34.389263518654175
 10
714.2393275473107
 20
43.59046391068967
 10
714.2369411215865
 20
51.57350709872433
 10
714.2313550235295
 20
58.24553890641213
 10
714.2259251542129
 20
63.72626309371987
 10
714.2227835393588
 20
68.13437469841244
 10
714.2231197821177
 20
71.58850705543986
 10
714.2275847491608
 20
74.20756338121245
 10
714.2365650380392
 20
76.11074875738183
 10
714.2503301861277
 20
77.41750777023651
 10
714.2691023964984
 20
78.24745063150726
 10
714.2930865607935
 20
78.72029190363378
 10
714.3224818765711
 20
78.95580543459849
 10
714.4125267359999
 20
79.35072216956445
 10
714.5172584977126
 20
79.72709604778942
 10
714.6377641957639
 20
80.0869353170039
 10
714.7751307271576
 20
80.4322485145835
 10
714.9304448440736
 20
80.7650444348757
 10
715.1047931418857
 20
81.08733210125942
 10
715.2992620433849
 20
81.40112074306427
 10
715.5149377795664
 20
81.70841977752156
 10
715.7529063673071
 20
82.01123879697863
 10
716.014253584253
 20
82.31158756168179
 10
716.3000649412455
 20
82.61147599851711
 10
716.6114620283386
 20
82.9125917184958
 10
716.9205824467913
 20
83.18592662037193
 10
717.2303601009679
 20
83.43306436729725
 10
717.5437284712584
 20
83.65558879527256
 10
717.8636206390544
 20
83.85508388783148
 10
718.1929692990142
 20
84.03313374754856
 10
718.5347067587257
 20
84.19132256542397
 10
718.8917649257535
 20
84.33123458905439
 10
719.2670752819037
 20
84.45445409040772
 10
719.6635688443687
 20
84.5625653339876
 10
720.0841761132227
 20
84.65715254620349
 10
720.2472674395636
 20
84.68454309021152
 10
720.4608572809963
 20
84.70750975811589
 10
720.7487687283264
 20
84.7263536663616
 10
721.134821740431
 20
84.74137472753446
 10
721.6428314729072
 20
84.75287105634482
 10
722.2966059833718
 20
84.76113825882368
 10
723.1199431640697
 20
84.76646865776968
 10
724.1366266809076
 20
84.76915055468322
 10
725.3704206066749
 20
84.76946771505163
 10
726.8450623278
 20
84.76769942085869
 10
728.5842531955939
 20
84.76412171495201
 10
736.4664748618845
 20
84.74527914125918
 10
736.7343569644335
 20
84.56405240073394
 10
736.7757745226332
 20
84.5344411377782
 10
736.8191916461404
 20
84.50044876267296
 10
736.8639003053846
 20
84.46278467420177
 10
736.909192482915
 20
84.42215827802383
 10
736.954360172995
 20
84.37927898663582
 10
736.998695380833
 20
84.33485621914588
 10
737.0414901214397
 20
84.28959940085383
 10
737.0820364180979
 20
84.24421796263218
 10
737.1196263004368
 20
84.1994213401018
 10
737.1535518020986
 20
84.1559189725971
 10
737.1831049579947
 20
84.1144203019162
 10
737.2246151709936
 20
84.05002913027255
 10
737.2593126540477
 20
83.98782516238953
 10
737.2878128495007
 20
83.92339112439169
 10
737.3107312483396
 20
83.85230980229292
 10
737.3286834097947
 20
83.7701640754349
 10
737.3422849934313
 20
83.67253696426857
 10
737.3521518039056
 20
83.5550116931955
 10
737.3588998486433
 20
83.41317176957756
 10
737.3631454088279
 20
83.24260108055572
 10
737.365505124265
 20
83.03888401001521
 10
737.3665960928963
 20
82.79760557892396
 10
737.3670492881387
 20
82.53769606709233
 10
737.3662567091275
 20
82.32307138565372
 10
737.3631533038508
 20
82.14757901318205
 10
737.3566746585348
 20
82.00506730858643
 10
737.3457568464578
 20
81.88938531377639
 10
737.3293362982528
 20
81.79438258753063
 10
737.3063496947118
 20
81.71390907615819
 10
737.2757338827965
 20
81.64181502497877
 10
737.2364258152309
 20
81.57195093336466
 10
737.1873625136831
 20
81.49816755513629
 10
737.1274810551135
 20
81.41431594552765
 10
737.0294788389642
 20
81.28527291932045
 10
736.9329763187678
 20
81.1776098501876
 10
736.8302500339079
 20
81.08943499642734
 10
736.7135761859568
 20
81.01885700295969
 10
736.5752305053405
 20
80.96398476976674
 10
736.4074880410627
 20
80.92292733671295
 10
736.2026228751017
 20
80.89379378147933
 10
735.9529077654959
 20
80.87469312604296
 10
735.6506137246021
 20
80.86373424524223
 10
735.288009541641
 20
80.85902576870672
 10
734.8573612614978
 20
80.85867596510303
 10
734.3220633684102
 20
80.85742467496246
 10
733.879500604176
 20
80.84667714411293
 10
733.5208944837594
 20
80.82044268629448
 10
733.2374615165623
 20
80.7727305191379
 10
733.0204144537234
 20
80.6975496717343
 10
732.8609633506185
 20
80.58890906469861
 10
732.7503164651009
 20
80.44081772555978
 10
732.6796810104564
 20
80.24728511953768
 10
732.6402637777669
 20
80.00232158850943
 10
732.6232716360531
 20
79.69993890038648
 10
732.6199119102349
 20
79.3341509179451
 10
732.6209014280819
 20
79.16364551946754
 10
732.6235225279621
 20
79.01266537135999
 10
732.6279678832905
 20
78.87966982775555
 10
732.634430260506
 20
78.76311845091683
 10
732.6431025039452
 20
78.66147098497916
 10
732.6541775223118
 20
78.57318733070767
 10
732.6678482767159
 20
78.49672752160322
 10
732.6843077702556
 20
78.43055170164098
 10
732.703749039104
 20
78.3731201048756
 10
732.7263651450629
 20
78.32289303710175
 10
732.7523491695536
 20
78.27833085971886
 10
732.8073334632148
 20
78.16423893157327
 10
732.888728731414
 20
78.07214297924168
 10
733.1193312979013
 20
77.9993388532302
 10
733.621916747369
 20
77.943115983718
 10
734.5192019138451
 20
77.90075029743431
 10
735.9337789065715
 20
77.86949609412989
 10
737.9880088520919
 20
77.84658750731347
 10
740.8038554577112
 20
77.8292785697978
 10
744.5026432030938
 20
77.81499730003415
 10
749.2048006845749
 20
77.80178958505621
 10
755.0299869069307
 20
77.78934246744262
 10
760.0593706293084
 20
77.78310950315228
 10
764.2484263489391
 20
77.7830930730415
 10
767.6762368407153
 20
77.78772332336484
 10
770.4205354680463
 20
77.79567877183314
 10
772.5583835080764
 20
77.80623397614758
 10
774.1666633952645
 20
77.81920613618951
 10
775.3223116407792
 20
77.83478595955955
 10
776.1023863847804
 20
77.85338907320772
 10
776.584060111978
 20
77.87555679293379
 10
776.84458822343
 20
77.90189685707765
 10
776.961276142158
 20
77.9330495366685
 10
777.0809279202961
 20
77.9950216163019
 10
777.1797252674002
 20
78.06450184205607
 10
777.2596995303397
 20
78.15465546758591
 10
777.3228820643109
 20
78.27864802954761
 10
777.3713035847763
 20
78.44964578525176
 10
777.4069934127929
 20
78.68081620366291
 10
777.4319786353304
 20
78.98532848044687
 10
777.448283217553
 20
79.37635403573069
 10
777.4579271200291
 20
79.8670669436705
 10
777.4629254882016
 20
80.47064423857591
 10
777.4652879911538
 20
81.20026604580761
 10
777.4705890318055
 20
83.80999663200217
 10
777.6797495823558
 20
84.1335071234908
 10
777.7698856001267
 20
84.29006188992997
 10
777.8530855416464
 20
84.41599713411355
 10
777.9841066834147
 20
84.514728410727
 10
778.2177118378346
 20
84.58967279655431
 10
778.6086737047658
 20
84.64425302939796
 10
779.2117836258484
 20
84.68190316165277
 10
780.0818651341315
 20
84.70607454349687
 10
781.2737926571025
 20
84.72024000194781
 10
782.842515040701
 20
84.72789300372054
 10
784.8430817455976
 20
84.7325378619631
 10
787.3306664518896
 20
84.73766759954918
 10
789.7956451971252
 20
84.74391871067519
 10
791.7881956448683
 20
84.74796581964031
 10
793.3602635588196
 20
84.7471666196866
 10
794.563926001726
 20
84.7389179746825
 10
795.4513548342475
 20
84.72063025466232
 10
796.0747875382503
 20
84.68971604304886
 10
796.4865052133748
 20
84.64358604970252
 10
796.7388164672016
 20
84.57964839838249
 10
796.8840459629629
 20
84.49530931428234
 10
796.9745267456452
 20
84.38797423032238
 10
797.0625958349017
 20
84.25504884805136
 10
797.1034718048426
 20
84.19476048350569
 10
797.1375069477658
 20
84.13566761941769
 10
797.1653082334375
 20
84.07282804553265
 10
797.1874826077002
 20
84.00129969131669
 10
797.2046369708037
 20
83.91614064394625
 10
797.2173781464583
 20
83.81240919198669
 10
797.2263128417916
 20
83.68516389555444
 10
797.2320475984005
 20
83.52946368420399
 10
797.2351887347776
 20
83.34036798438765
 10
797.2363422805807
 20
83.11293687911396
 10
797.2361139035324
 20
82.84223130339748
 10
797.2349876024341
 20
82.5771635349169
 10
797.232654421968
 20
82.35325725326433
 10
797.2285802072267
 20
82.16607128935325
 10
797.2222304650635
 20
82.01116518196767
 10
797.2130704365214
 20
81.8840990533235
 10
797.2005651589037
 20
81.78043349304937
 10
797.1841795175841
 20
81.69572945339073
 10
797.1633782877368
 20
81.62554815781132
 10
797.1376261661931
 20
81.56545102460518
 10
797.1063877936101
 20
81.51099960666198
 10
797.0691277670879
 20
81.45775554815759
 10
796.9678033311842
 20
81.32515329819805
 10
796.8742371066166
 20
81.21583470179937
 10
796.7787395240891
 20
81.1272912962346
 10
796.6716212152469
 20
81.05701454702987
 10
796.5431931611346
 20
81.00249585470547
 10
796.3837669355431
 20
80.96122652173722
 10
796.1836550473056
 20
80.93069768182394
 10
795.9331713884743
 20
80.90840019528068
 10
795.622631799659
 20
80.89182451642756
 10
795.2423547696767
 20
80.87846054155278
 10
794.782662294204
 20
80.86579744994614
 10
794.3093526888861
 20
80.85225721350628
 10
793.9151659590812
 20
80.83712097780267
 10
793.5919762084209
 20
80.81814839747346
 10
793.3316606223636
 20
80.79309828429092
 10
793.1260989367964
 20
80.75972888037026
 10
792.9671729184015
 20
80.7157980732888
 10
792.8467658784791
 20
80.65906355877271
 10
792.7567622362603
 20
80.58728295744399
 10
792.6890471427541
 20
80.49821389188614
 10
792.6355061720735
 20
80.38961402936269
 10
792.5880250840598
 20
80.25924109419978
 10
792.572758847602
 20
80.2050801843659
 10
792.5591898961566
 20
80.14006204333018
 10
792.5473650355029
 20
80.0649377986519
 10
792.5373310695556
 20
79.98045859987067
 10
792.5291348047994
 20
79.8873756101805
 10
792.5228230544213
 20
79.78643999855788
 10
792.5184426421271
 20
79.67840293232248
 10
792.516040405628
 20
79.5640155701177
 10
792.5156631997851
 20
79.44402905530583
 10
792.5173578993968
 20
79.31919450977904
 10
792.5211714016162
 20
79.1902630281954
 10
792.5306725596065
 20
78.9832859639618
 10
792.543407497769
 20
78.8051860139318
 10
792.5606812499824
 20
78.652781774295
 10
792.5837986363896
 20
78.52289232448175
 10
792.614064315508
 20
78.41233713700476
 10
792.652782834537
 20
78.31793599888266
 10
792.7012586781572
 20
78.23650894604984
 10
792.7607963160337
 20
78.16487621180283
 10
792.8327002491977
 20
78.09985818999505
 10
792.9182750554871
 20
78.0382754133667
 10
793.0188254343004
 20
77.97694854709141
 10
793.1016686236071
 20
77.959644134163
 10
793.2913131677304
 20
77.94402970458196
 10
793.5944696125446
 20
77.9300072246981
 10
794.0178545496975
 20
77.91747700382831
 10
794.5681913027157
 20
77.90633723038212
 10
795.2522104265872
 20
77.89648340841961
 10
796.0766499639254
 20
77.88780770853714
 10
797.0482554053395
 20
77.8801982654602
 10
798.1737793133158
 20
77.87353847402042
 10
799.4599805888181
 20
77.8677063519875
 10
800.9136233876067
 20
77.86257404862448
 10
803.0427929996798
 20
77.85625426488065
 10
804.7634619288019
 20
77.84995119950895
 10
806.1257618142159
 20
77.84052063241779
 10
807.1799055754841
 20
77.82478681407136
 10
807.976158608704
 20
77.79954918928678
 10
808.5648199669256
 20
77.76158905493503
 10
808.9962099608595
 20
77.70767520914458
 10
809.3206620465305
 20
77.63456835408402
 10
809.5885177660449
 20
77.53902424569623
 10
809.8501240583771
 20
77.417795632033
 10
810.1558325757983
 20
77.26763300527682
 10
810.623376462196
 20
77.02036525335512
 10
811.0632347183612
 20
76.7421367926344
 10
811.4743645822803
 20
76.43422339752308
 10
811.8557231311189
 20
76.09790089630675
 10
812.2062672923734
 20
75.73444515915807
 10
812.5249538538636
 20
75.34513208737062
 10
812.8107394727516
 20
74.93123760355783
 10
813.0625806837456
 20
74.49403764258255
 10
813.2794339066334
 20
74.03480814300076
 10
813.4602554532698
 20
73.55482503881532
 10
813.6040015341356
 20
73.05536425134187
 10
813.7696748318324
 20
72.38034655458517
 10
813.7190031699355
 20
42.7219645875333
 10
813.7372933478326
 20
13.055632277640441
 10
813.5611978909307
 20
12.555297493927718
 10
813.3394721300939
 20
12.00012754838895
 10
813.0760552932429
 20
11.473818398423006
 10
812.7728286027002
 20
10.978168428493703
 10
812.431673049366
 20
10.514976020663937
 10
812.054469377237
 20
10.086039537860486
 10
811.6430980668035
 20
9.693157305978303
 10
811.1994393170069
 20
9.33812759425216
 10
810.7253730253968
 20
9.022748593278465
 10
810.2227787660909
 20
8.748818390007575
 10
809.6935357650854
 20
8.518134938938974
 10
809.1395228724124
 20
8.332496028640222
 10
808.5046606028784
 20
8.150132203658579
 10
800.8041425247467
 20
8.126622249081745
 10
799.3091703962009
 20
8.121699493730134
 10
797.9994358143636
 20
8.11610302539026
 10
796.8651878013106
 20
8.109662351230414
 10
795.8966838776868
 20
8.102213357193705
 10
795.0841906834697
 20
8.0935972777501
 10
794.4179841187637
 20
8.083659646074961
 10
793.8883490667632
 20
8.07224931403108
 10
793.4855787808226
 20
8.05921760045845
 10
793.199974024133
 20
8.044417595984555
 10
793.0218420472895
 20
8.02770362716241
 10
792.9414954797827
 20
8.008930864424194
 10
792.8440880014202
 20
7.932039585483562
 10
792.7572276103716
 20
7.821946201435921
 10
792.6818512526287
 20
7.683748348749122
 10
792.6188958321857
 20
7.522543934070981
 10
792.5692983165519
 20
7.343431248616451
 10
792.5339958289055
 20
7.151509044330801
 10
792.5139257249357
 20
6.951876572427995
 10
792.510025652887
 20
6.7496335858557135
 10
792.5232335958897
 20
6.549880307908772
 10
792.5544878962886
 20
6.357717369589508
 10
792.6047272623327
 20
6.178245718412153
 10
792.6523139303185
 20
6.055950545751891
 10
792.707046528395
 20
5.953714152230569
 10
792.7766448348801
 20
5.869498951281592
 10
792.8688288288864
 20
5.801267315591899
 10
792.9913188865484
 20
5.746981566752686
 10
793.151836039794
 20
5.704603986007282
 10
793.3581022950364
 20
5.672096849664271
 10
793.6178410070347
 20
5.647422494114263
 10
793.9387773002791
 20
5.62854341656816
 10
794.3286385265984
 20
5.613422418393933
 10
794.7951547433693
 20
5.600022797975331
 10
795.2598266971953
 20
5.5871940677163945
 10
795.6444125805677
 20
5.573374992763698
 10
795.9586080663101
 20
5.555872592996362
 10
796.2121120942983
 20
5.531994276473313
 10
796.4146260805168
 20
5.499047756194759
 10
796.5758532670887
 20
5.454340961583085
 10
796.7054981939992
 20
5.395181958511575
 10
796.8132662790746
 20
5.318878887516668
 10
796.9088634974132
 20
5.222739926812135
 10
797.0019961548888
 20
5.104073284397044
 10
797.1023707525713
 20
4.960187221617572
 10
797.1403120837482
 20
4.901615715893154
 10
797.1727054778235
 20
4.844431149169516
 10
797.199965475133
 20
4.78653514007374
 10
797.2225066022372
 20
4.725829281921406
 10
797.2407433698413
 20
4.660215135164384
 10
797.2550902686397
 20
4.587594216974166
 10
797.2659617630873
 20
4.505867988038116
 10
797.2737722830931
 20
4.412937836674187
 10
797.278936213634
 20
4.306705060406271
 10
797.2818678822916
 20
4.185070845188202
 10
797.2829815447252
 20
4.04593624251738
 10
797.2792998155776
 20
3.843985070064095
 10
797.2665802350043
 20
3.6635493152764766
 10
797.2437876429283
 20
3.5026296159560726
 10
797.2098867986377
 20
3.359226410030809
 10
797.1638424088396
 20
3.231339971023999
 10
797.104619155348
 20
3.116970436778862
 10
797.03118172241
 20
3.014117831802883
 10
796.9424948236814
 20
2.9207820834783984
 10
796.8375232288474
 20
2.834963032275329
 10
796.7152317898571
 20
2.754660435999984
 10
796.5745854666919
 20
2.677873968017929
 10
796.2217213866109
 20
2.5
 10
787.3843263754441
 20
2.5198479664911524
 10
785.1968771994268
 20
2.524714736764743
 10
783.4028910353697
 20
2.5293778726439218
 10
781.9613569484036
 20
2.534709227592426
 10
780.8313387956183
 20
2.541582945484631
 10
779.97196154118
 20
2.550864597500187
 10
779.342396812661
 20
2.5634063003587553
 10
778.90184982335
 20
2.5800462129630795
 10
778.6095485796093
 20
2.6016106387407607
 10
778.4247355558668
 20
2.6289172346182124
 10
778.306661695646
 20
2.662778247268342
 10
778.2145825338912
 20
2.7040030966461615
 10
778.1623669729254
 20
2.7312527190362914
 10
778.1086695597702
 20
2.762637211547178
 10
778.0543114365204
 20
2.797496655437474
 10
778.0001137111178
 20
2.835171131792377
 10
777.9468974560988
 20
2.8750007207275097
 10
777.895483708601
 20
2.9163255006087923
 10
777.8466934716648
 20
2.9584855472759024
 10
777.8013477168599
 20
3.0008209332585363
 10
777.7602673882737
 20
3.0426717269777477
 10
777.7242734078923
 20
3.083377991927083
 10
777.6941866823995
 20
3.1222797858335163
 10
777.6511154623672
 20
3.186146104660324
 10
777.6152820737051
 20
3.2518500399982617
 10
777.585798223248
 20
3.32881656630148
 10
777.561775512463
 20
3.4264705937407847
 10
777.5423252891625
 20
3.5542368851204404
 10
777.5265584468461
 20
3.7215399465832064
 10
777.5135851666278
 20
3.9378038879944626
 10
777.5025145932882
 20
4.212452246217401
 10
777.4924544323035
 20
4.554907760758951
 10
777.4825104483299
 20
4.974592085999317
 10
777.4717858369119
 20
5.480925416635602
 10
777.4597077873965
 20
6.032280374606005
 10
777.4472376144118
 20
6.4905472726520514
 10
777.432776697488
 20
6.865638299807216
 10
777.4147239397709
 20
7.167464357831054
 10
777.3914761123498
 20
7.405935171032898
 10
777.361428237155
 20
7.590959440605591
 10
777.3229739830954
 20
7.7324450271438785
 10
777.2745060538842
 20
7.840299145584989
 10
777.214416550746
 20
7.924428558824879
 10
777.1410972982176
 20
7.994739759159465
 10
777.0529401260155
 20
8.061139129934663
 10
776.9465563392359
 20
8.089180027854049
 10
776.667436230743
 20
8.113093026076585
 10
776.1467758145716
 20
8.133385445188082
 10
775.3158120123464
 20
8.150532153243313
 10
774.1058445602459
 20
8.16494682874181
 10
772.4482532016114
 20
8.176935354311286
 10
770.2744935929753
 20
8.186623543876227
 10
767.5160390916927
 20
8.19385700305784
 10
764.104215902565
 20
8.19809556694233
 10
759.9698820289054
 20
8.198383749503858
 10
755.0429915703506
 20
8.193554937680112
 10
733.1699604205891
 20
8.142891992824016
 10
732.910387087674
 20
7.9105995016226895
 10
732.6508105681505
 20
7.678309255076421
 10
732.6488072101461
 20
6.879754219879658
 10
732.6486935276483
 20
6.6879644239923834
 10
732.6499670167917
 20
6.528141508447938
 10
732.653489135216
 20
6.396245486854486
 10
732.660121584905
 20
6.288235901885145
 10
732.6707262556428
 20
6.200071940418582
 10
732.6861651752477
 20
6.12771252509981
 10
732.7073004667392
 20
6.0671163840451126
 10
732.7349943125056
 20
6.014242099901834
 10
732.7701089255208
 20
5.965048139068374
 10
732.8135065276907
 20
5.915492861573693
 10
732.8660493354906
 20
5.861534511900668
 10
733.0852570256108
 20
5.641921764919342
 10
734.8080602338244
 20
5.606416120018274
 10
735.2773687566262
 20
5.596148072627123
 10
735.665519738548
 20
5.585018219970376
 10
735.9821786193089
 20
5.570814313624
 10
736.237007415977
 20
5.551324171004316
 10
736.4396654369724
 20
5.5243356087019215
 10
736.599809922683
 20
5.487636400571619
 10
736.7270965999207
 20
5.439014240779349
 10
736.8311801409673
 20
5.376256696697665
 10
736.9217145209142
 20
5.297151140921075
 10
737.0083532696743
 20
5.199484655265337
 10
737.1007496176733
 20
5.081043902094848
 10
737.1518367196244
 20
5.012068575868103
 10
737.1943936660966
 20
4.949090054217109
 10
737.2291839736641
 20
4.88858021059295
 10
737.2569711858342
 20
4.827010785962107
 10
737.278518877024
 20
4.760853409239225
 10
737.2945906638794
 20
4.686579604138265
 10
737.3059502240569
 20
4.6006607827019295
 10
737.3133613224802
 20
4.499568225850265
 10
737.317587844993
 20
4.379773051434853
 10
737.31939383924
 20
4.237746170486346
 10
737.3195435625283
 20
4.069958232599783
 10
737.3154827439041
 20
3.852581724406461
 10
737.3034838922381
 20
3.6613467964651267
 10
737.2822059771082
 20
3.493601383139808
 10
737.2503081612526
 20
3.346693109655705
 10
737.206449746604
 20
3.217969342721604
 10
737.1492901227016
 20
3.104777236770106
 10
737.0774887172556
 20
3.004463776793692
 10
736.9897049487912
 20
2.9143758185570423
 10
736.8845981814308
 20
2.8318601267898433
 10
736.7608276820166
 20
2.7542634118031
 10
736.6170525798959
 20
2.678932364822792
 10
736.5257807703618
 20
2.6377581023197987
 10
736.414010628576
 20
2.6039818120013063
 10
736.2467381247128
 20
2.5768473879642784
 10
735.9889558485949
 20
2.555598560965324
 10
735.6056502096104
 20
2.5394786426392546
 10
735.0617973703094
 20
2.5277303986603545
 10
734.3223580650169
 20
2.5195962945158143
 10
733.3522715808083
 20
2.5143194619974416
 10
732.1164493684109
 20
2.5111457999294196
 10
730.5797690031304
 20
2.5093275907817585
 10
728.7070694933284
 20
2.508128822244048
 10
727.5891063397111
 20
2.507841010707267
 10
726.5147689095695
 20
2.5082023065501957
 10
725.49645990619
 20
2.5091726360218214
 10
724.5465847630167
 20
2.5107103491685443
 10
723.6775507838058
 20
2.5127723737833048
 10
722.9017662848498
 20
2.5153144642946064
 10
722.2316397415102
 20
2.5182915290979704
 10
721.6795789309621
 20
2.5216580210430717
 10
721.2579900530915
 20
2.5253683777826748
 10
720.9792768015354
 20
2.529377500657569
 10
720.8558393462928
 20
2.5336412619064923
  0
LWPOLYLINE
  5
AE
330
17
100
AcDbEntity
  8
CUT
100
AcDbPolyline
 90
80
 70
1
 10
802.0508466353056
 20
18.543277284161405
 10
802.1533549765059
 20
18.58075661400675
 10
802.2361021632232
 20
18.65911061407545
 10
802.3011110490799
 20
18.91068588910949
 10
802.3503821584218
 20
19.467826173820395
 10
802.3858793148921
 20
20.462871213110535
 10
802.4094839754742
 20
22.028152328019136
 10
802.4228700367735
 20
24.29597788459032
 10
802.4271030622201
 20
27.39857652472616
 10
802.4208586209498
 20
31.46776541202275
 10
802.3845699342693
 20
36.63000906003189
 10
802.325333124673
 20
42.57727163784153
 10
802.4181828178171
 20
49.03115907208653
 10
802.4314383946944
 20
54.25267354897897
 10
802.4329954552309
 20
58.34895571222561
 10
802.4260354694136
 20
61.456305507551185
 10
802.4093786406072
 20
63.71179670098743
 10
802.3809417782585
 20
65.25261681409867
 10
802.3383621009231
 20
66.21598194404214
 10
802.2791711208167
 20
66.73911776034512
 10
802.2008557923955
 20
66.9592539572983
 10
802.1008814478577
 20
67.01362257432348
 10
801.976697134273
 20
67.03945778198394
 10
801.9309877279657
 20
67.05559350579907
 10
801.875737477759
 20
67.06988319082015
 10
801.8113809274089
 20
67.08229528114703
 10
801.7383526636175
 20
67.09279826979852
 10
801.6570873107582
 20
67.101360685711
 10
801.5680195258288
 20
67.1079510815195
 10
801.471583993714
 20
67.11253802207384
 10
801.3682154228156
 20
67.11509007365007
 10
801.2583485410979
 20
67.11557579382395
 10
801.1424180925806
 20
67.11396372198033
 10
801.0208588343
 20
67.11022237043753
 10
800.8463556646811
 20
67.10310769226874
 10
800.7012005299279
 20
67.09574189131305
 10
800.581490562948
 20
67.08693842557477
 10
800.4833231224831
 20
67.07551220232139
 10
800.4027956785181
 20
67.06027924930191
 10
800.336005756387
 20
67.04005643950163
 10
800.2790509287673
 20
67.01366127188021
 10
800.2280288479071
 20
66.9799117093252
 10
800.1790373130281
 20
66.93762607453905
 10
800.1281743698732
 20
66.88562300462738
 10
800.0715384407563
 20
66.82272146567956
 10
799.8417986825518
 20
66.56304809650194
 10
799.9649197562161
 20
42.615507953064046
 10
799.9540923909158
 20
38.53501119646847
 10
799.8838485484667
 20
34.580234958216316
 10
799.8688059436857
 20
31.104323298535064
 10
799.8654114918162
 20
28.108884809718923
 10
799.8671185861589
 20
25.574926463211206
 10
799.8720844805648
 20
23.48211031274173
 10
799.8796297751586
 20
21.809857609336387
 10
799.8894752822722
 20
20.53752313809513
 10
799.9015100932129
 20
19.6444380869084
 10
799.915704700302
 20
19.10992370945442
 10
799.932073601139
 20
18.913296492777004
 10
799.9846111889548
 20
18.817364510668806
 10
800.039650893926
 20
18.735724405839576
 10
800.1001001273123
 20
18.66728179172119
 10
800.1688666747334
 20
18.610941841508176
 10
800.2488585267953
 20
18.56560921085144
 10
800.342983747612
 20
18.530187910167022
 10
800.4541503839206
 20
18.503581127082768
 10
800.5852664200929
 20
18.484690999195244
 10
800.7392397873889
 20
18.472418337576247
 10
800.9189784392315
 20
18.465662302508104
 10
801.1273905080385
 20
18.46332003496502
 10
801.2427430252053
 20
18.463953080065153
 10
801.3561865798657
 20
18.46628953153139
 10
801.4662639656619
 20
18.470203467647142
 10
801.5715180061345
 20
18.475569274717312
 10
801.6704915540481
 20
18.482261618411314
 10
801.7617274921715
 20
18.49015540450301
 10
801.8437687362448
 20
18.499125728945142
 10
801.9151582406225
 20
18.509047817209655
 10
801.9744390067837
 20
18.519796952798497
 10
802.0201540945345
 20
18.53124839478254
 10
802.0508466353056
 20
18.543277284161405
  0
LWPOLYLINE
  5
AF
330
17
100
AcDbEntity
  8
CUT
100
AcDbPolyline
 90
524
 70
1
 10
904.3899883448382
 20
2.624220975320542
 10
904.088637810309
 20
2.6996967497139988
 10
903.7973267371893
 20
2.7881903479199366
 10
903.5153165762372
 20
2.8901136471025595
 10
903.241868859608
 20
3.0058784938510126
 10
902.9762451886148
 20
3.1358966903395338
 10
902.7177072210671
 20
3.280579980555835
 10
902.4655166582371
 20
3.440340036480782
 10
902.2189352314892
 20
3.615588444080055
 10
901.9772246885874
 20
3.806736688945074
 10
901.7396467796787
 20
4.014196141394356
 10
901.5054632429317
 20
4.238378040819313
 10
901.3618858763583
 20
4.383970034342246
 10
901.2323132610502
 20
4.520721800505074
 10
901.112515507017
 20
4.65446360017115
 10
900.998262644501
 20
4.7910255906141295
 10
900.885324595075
 20
4.936237781985744
 10
900.7694711251082
 20
5.0959299720030025
 10
900.6464717804264
 20
5.275931656811668
 10
900.5120958004595
 20
5.482071914965125
 10
900.3621120093662
 20
5.720179259959977
 10
900.1922886804738
 20
5.996081454656673
 10
899.998393368809
 20
6.315605277971322
 10
899.84997260631
 20
6.561289506215406
 10
899.66848360407
 20
6.861635834136008
 10
899.4582434979181
 20
7.209492634101206
 10
899.2235694443658
 20
7.597708230683789
 10
898.9687788267529
 20
8.019131167014748
 10
898.6981894502447
 20
8.46661046617848
 10
898.4161197263779
 20
8.932995890872117
 10
898.1268888456652
 20
9.411138201135373
 10
897.8348169345666
 20
9.893889406185206
 10
897.5442251909315
 20
10.374103002134355
 10
897.259435989891
 20
10.844634182639716
 10
896.7269661858547
 20
11.725720717821325
 10
896.1589347404995
 20
12.668184240954435
 10
895.5669517060288
 20
13.652514470105675
 10
894.9626323202253
 20
14.659206287069011
 10
894.3575989446067
 20
15.668763170373804
 10
893.763482992779
 20
16.661701353506647
 10
893.1919266360019
 20
17.618554588354574
 10
892.6545839769542
 20
18.51987911922533
 10
892.163121318988
 20
19.346258083546058
 10
891.7292161729878
 20
20.07830409772076
 10
891.3645547762399
 20
20.696658392999126
 10
891.1447339674645
 20
21.064927583480547
 10
890.9325220390224
 20
21.407964951070255
 10
890.7254413100181
 20
21.729091236411392
 10
890.5210131308093
 20
22.03162499740028
 10
890.3167579792707
 20
22.318882669114977
 10
890.1101955399166
 20
22.59417862524263
 10
889.898844761001
 20
22.860825224649126
 10
889.6802238854164
 20
23.122132825774173
 10
889.4518504515657
 20
23.381409750190382
 10
889.2112412603224
 20
23.64196217443799
 10
888.9559123036888
 20
23.90709392550642
 10
888.4058172761264
 20
24.443374492294165
 10
887.8403981238125
 20
24.94647030783359
 10
887.258591985358
 20
25.417056157032665
 10
886.6593385052452
 20
25.855811737881414
 10
886.0415809906896
 20
26.263423052088985
 10
885.4042680102339
 20
26.640584260018027
 10
884.7463556437266
 20
26.988000156011164
 10
884.0668107138167
 20
27.30638947762913
 10
883.3646155273799
 20
27.59648933737868
 10
882.6387749874093
 20
27.859061154761985
 10
881.8883275011287
 20
28.094898547417802
 10
881.312726781817
 20
28.249884512437912
 10
880.7345172028636
 20
28.380032174423246
 10
880.1562092269378
 20
28.485328070190423
 10
879.580340569321
 20
28.565754962733717
 10
879.0094790414183
 20
28.62128167296881
 10
878.4462222586076
 20
28.65184760325236
 10
877.8931909572
 20
28.657341173654512
 10
877.3530113885538
 20
28.637573084043122
 10
876.8282819698846
 20
28.592248817482055
 10
876.3215219660792
 20
28.52095004134031
 10
875.8351075544298
 20
28.42313939663985
 10
875.7354095670343
 20
28.397191900776473
 10
875.5926499490355
 20
28.356133432443738
 10
875.4112954546933
 20
28.301287392566802
 10
875.1958137856371
 20
28.233948067845798
 10
874.9506529201911
 20
28.155381027287785
 10
874.6802209451855
 20
28.06682863656692
 10
874.3888691561344
 20
27.96952236428788
 10
874.0808821828647
 20
27.864701859325418
 10
873.7604787310969
 20
27.753638396795207
 10
873.4318246703504
 20
27.637658017745675
 10
873.0990569267626
 20
27.51815871580126
 10
872.3886631573025
 20
27.261742898119028
 10
871.5265528474811
 20
26.951475804650865
 10
870.528965510158
 20
26.59349905453924
 10
869.4127917425085
 20
26.195442746564222
 10
868.1963831708133
 20
25.76566017257392
 10
866.8994434356911
 20
25.312366866985766
 10
865.5424439065083
 20
24.84324544630648
 10
864.1461023325053
 20
24.36546266485625
 10
862.7310988204567
 20
23.88583732172377
 10
861.3179737918888
 20
23.4109985350924
 10
859.9271172404618
 20
22.9474905912632
 10
859.247361933267
 20
22.722110557568605
 10
858.6156011106137
 20
22.51308318649331
 10
858.0101739043869
 20
22.31322213969116
 10
857.409385880829
 20
22.115367093418893
 10
856.7915184399105
 20
21.912378152773137
 10
856.1348341198997
 20
21.69713278167399
 10
855.4175795749003
 20
21.462524351340242
 10
854.617987361444
 20
21.201461598725544
 10
853.7142773084555
 20
20.906868403115087
 10
852.6846579865074
 20
20.57168339020154
 10
851.5073285607612
 20
20.1888589979058
 10
850.9667629447017
 20
20.01277586626963
 10
850.5037950877808
 20
19.86086228786449
 10
850.1096833188659
 20
19.729917635869437
 10
849.7756810140305
 20
19.61674703363732
 10
849.4930380042977
 20
19.51815982669219
 10
849.2530015769861
 20
19.43096845306397
 10
849.0468171996267
 20
19.351987600152622
 10
848.8657290479977
 20
19.278033574510655
 10
848.7009803902139
 20
19.205923836123585
 10
848.5438138599388
 20
19.132476665519494
 10
848.3854716397009
 20
19.05451094307407
 10
847.8824168761198
 20
18.787940984146672
 10
847.397792690338
 20
18.500012464957567
 10
846.9214220862368
 20
18.18145734752247
 10
846.4431280532864
 20
17.82300602121906
 10
845.9527340539913
 20
17.415386353585742
 10
845.4400645122756
 20
16.949322829271264
 10
844.8949452969472
 20
16.41553583009744
 10
844.3072041829187
 20
15.804741116693517
 10
843.666671262632
 20
15.10764956975353
 10
842.963179272654
 20
14.314967235516836
 10
842.1865637975859
 20
13.417395696076735
 10
841.6033804438063
 20
12.736585371435265
 10
841.1099258137514
 20
12.16027254382399
 10
840.6901579117742
 20
11.669669091413457
 10
840.3280398437405
 20
11.245975666031175
 10
840.0075383648348
 20
10.870385194222923
 10
839.7126228835514
 20
10.524085160137862
 10
839.427264821983
 20
10.188259028699019
 10
839.1354372658367
 20
9.844087027613252
 10
838.8211148573112
 20
9.472746430778493
 10
838.4682738930829
 20
9.055411449717266
 10
838.0608925905073
 20
8.573252829793848
 10
837.8479653882732
 20
8.32124230589779
 10
837.638114772338
 20
8.072961006683158
 10
837.4340609453765
 20
7.831622656255828
 10
837.2385239632966
 20
7.600441234469432
 10
837.0542237547393
 20
7.382630938857066
 10
836.88388014422
 20
7.181406141358259
 10
836.730212878607
 20
6.999981340444137
 10
836.5959416567681
 20
6.841571108913406
 10
836.4837861623729
 20
6.709390037288099
 10
836.3964660999972
 20
6.606652672371698
 10
836.3367012348681
 20
6.536573450137556
 10
836.2861935014245
 20
6.477206650713308
 10
836.2257513763864
 20
6.405571670717695
 10
836.1567545085533
 20
6.323330496156107
 10
836.0805825378822
 20
6.232145128534006
 10
835.9986150877296
 20
6.133677598533609
 10
835.9122317585928
 20
6.029589976942379
 10
835.8228121233306
 20
5.921544382887607
 10
835.7317357238228
 20
5.811202989471894
 10
835.6403820690191
 20
5.700228026932065
 10
835.5501306343192
 20
5.5902817834609735
 10
835.4623608622204
 20
5.483026603838155
 10
835.3733551054759
 20
5.375003773605236
 10
835.279515163024
 20
5.262828517628915
 10
835.1823995974268
 20
5.1482741731926644
 10
835.0835669363439
 20
5.0331141355517985
 10
834.9845756726133
 20
4.919121856973073
 10
834.8869842656504
 20
4.808070843661424
 10
834.7923511440925
 20
4.70173465072174
 10
834.7022347096254
 20
4.601886875287182
 10
834.6181933419302
 20
4.51030114792256
 10
834.5417854047115
 20
4.428751122380131
 10
834.4745692527742
 20
4.359010463749476
 10
834.3208257161476
 20
4.211166900236936
 10
834.1503849513274
 20
4.063124164726059
 10
833.9657746538596
 20
3.9164688954598006
 10
833.7695224709538
 20
3.7727877397862777
 10
833.5641560262424
 20
3.6336673289253323
 10
833.3522029421473
 20
3.500694255557658
 10
833.1361908598197
 20
3.3754550540878974
 10
832.9186474567017
 20
3.2595361833720204
 10
832.7021004618312
 20
3.1545240116546776
 10
832.4890776690667
 20
3.0620048034280885
 10
832.2821069484454
 20
2.983564707901861
 10
831.6979140430551
 20
2.7797227802237625
 10
827.5421664320476
 20
2.767972968726527
 10
826.4224792745017
 20
2.765520600470005
 10
825.493432342908
 20
2.765786693505305
 10
824.7323893830189
 20
2.77023493074236
 10
824.116701857337
 20
2.7803375025896795
 10
823.6237125746153
 20
2.7975729986098
 10
823.2307582925404
 20
2.8234247067159117
 10
822.915171577979
 20
2.8593792749846756
 10
822.6542821074652
 20
2.9069256952108606
 10
822.4254175232536
 20
2.9675545766671654
 10
822.2059039163194
 20
3.0427576885397407
 10
821.9730659805656
 20
3.1340277581787817
 10
821.6628798684588
 20
3.270923655944314
 10
821.3642406058341
 20
3.4260366059975453
 10
821.0780662684114
 20
3.5985365419690485
 10
820.8052750542957
 20
3.7875933267058723
 10
820.5467852797751
 20
3.992376762480685
 10
820.303515374979
 20
4.212056600493165
 10
820.076383879395
 20
4.445802549801815
 10
819.8663094372366
 20
4.692784285819005
 10
819.6742107926478
 20
4.952171458496251
 10
819.5010067847319
 20
5.2231337003237
 10
819.34761634238
 20
5.504840634265042
 10
819.2989174203822
 20
5.604306227459389
 10
819.2497894725897
 20
5.708276895461863
 10
819.2009325520521
 20
5.815072668722351
 10
819.1530467594447
 20
5.923013609996055
 10
819.1068322442713
 20
6.030419816282047
 10
819.0629892042397
 20
6.135611419361728
 10
819.0222178827554
 20
6.236908585012701
 10
818.9852185644788
 20
6.332631510970371
 10
818.9526915688996
 20
6.421100423701322
 10
818.9253372418852
 20
6.500635574038965
 10
818.9038559451752
 20
6.5695572317136595
 10
818.8751283507388
 20
6.721738288601209
 10
818.8514592820288
 20
7.027713111781285
 10
818.8324767772023
 20
7.585783294368174
 10
818.8177978154964
 20
8.494222881547447
 10
818.8070165202472
 20
9.851256606613756
 10
818.7996824075763
 20
11.755032590103411
 10
818.7952610462916
 20
14.303593799685785
 10
818.7930657838455
 20
17.59486031924124
 10
818.7921487641986
 20
21.72665137030309
 10
818.7911542368383
 20
26.796805012606985
 10
818.7881922571714
 20
32.90348021391961
 10
818.7828383000091
 20
38.79891143845167
 10
818.7770678599297
 20
43.73982426255358
 10
818.7724229428655
 20
47.81198761671814
 10
818.77
 20
51.10084550684178
 10
818.7705339381133
 20
53.6917869703653
 10
818.7745156046929
 20
55.67026709407608
 10
818.7822865568606
 20
57.12184016368188
 10
818.7941021447388
 20
58.132152721830465
 10
818.8101697630275
 20
58.78692287023502
 10
818.8306709691594
 20
59.17191788982855
 10
818.8557740000381
 20
59.37293500035581
 10
818.9835690691592
 20
59.88036812847574
 10
819.1585382582145
 20
60.362957424327945
 10
819.3788035979657
 20
60.81872186640861
 10
819.6424873623863
 20
61.24568049295537
 10
819.9477120867734
 20
61.64185242969937
 10
820.2926005868279
 20
62.00525691903921
 10
820.6752759789657
 20
62.33391335145048
 10
821.093861702137
 20
62.62584130000616
 10
821.5464815414524
 20
62.87906055897139
 10
822.0312596539333
 20
63.09159118755748
 10
822.5463205967255
 20
63.261453560075665
 10
822.6761287795285
 20
63.29578534021694
 10
822.8085980289774
 20
63.32410616905183
 10
822.9613417215455
 20
63.34694256767402
 10
823.1519725614172
 20
63.364820515760044
 10
823.3981023315947
 20
63.37826521661272
 10
823.7173414518727
 20
63.38780070765689
 10
824.1272983179756
 20
63.393949307211855
 10
824.6455783796631
 20
63.39723088321118
 10
825.2897828909616
 20
63.39816192339826
 10
826.077507229731
 20
63.3972543801589
 10
827.026338631396
 20
63.39501425830926
 10
830.9907940716156
 20
63.38411648107318
 10
831.2278518302232
 20
63.19022913116426
 10
831.2887351070335
 20
63.13829261132702
 10
831.3439596672197
 20
63.083794563371114
 10
831.3972578555755
 20
63.01932035052117
 10
831.4523620892045
 20
62.93745552211108
 10
831.5130048886518
 20
62.83078592948445
 10
831.582918929612
 20
62.69189789858092
 10
831.6658371150456
 20
62.51337846322019
 10
831.765492667383
 20
62.28781566551049
 10
831.8856192402391
 20
62.007798933151264
 10
832.0299510486299
 20
61.665919547873486
 10
832.2022230158474
 20
61.254771225172775
 10
832.3341378610971
 20
60.94101200065282
 10
832.4491423063589
 20
60.671506502285226
 10
832.549209094285
 20
60.44239353361057
 10
832.6363112710512
 20
60.24981280510282
 10
832.7124221301161
 20
60.08990480883456
 10
832.77951516248
 20
59.95881069434833
 10
832.8395640135386
 20
59.85267214962697
 10
832.8945424464684
 20
59.76763129044565
 10
832.9464243119991
 20
59.699830560768405
 10
832.9971835243928
 20
59.64541264626264
 10
833.0487940434606
 20
59.600520402474515
 10
833.1364982960789
 20
59.53716560224839
 10
833.2239215962632
 20
59.48632163855609
 10
833.3132600700078
 20
59.44796785034494
 10
833.4067097861259
 20
59.42208358459298
 10
833.5064667312398
 20
59.40864819056792
 10
833.6147267801803
 20
59.407641011021994
 10
833.7336856616523
 20
59.41904137051331
 10
833.8655389189563
 20
59.44282856109024
 10
834.0124818654692
 20
59.47898182562699
 10
834.1767095344886
 20
59.52748033915081
 10
834.3604166229318
 20
59.58830318856654
 10
834.6587012302319
 20
59.69683381977822
 10
834.9034303197296
 20
59.801769242999015
 10
835.0966650598023
 20
59.90920760106843
 10
835.2404653978293
 20
60.025246691778406
 10
835.3368903181791
 20
60.155984097530066
 10
835.3879980954597
 20
60.30751735000631
 10
835.3958465395726
 20
60.4859441318999
 10
835.362493229093
 20
60.69736251494872
 10
835.289995729849
 20
60.94787123079723
 10
835.1804117963137
 20
61.243569968690096
 10
835.0357995545032
 20
61.59055969185992
 10
834.9841268075813
 20
61.71252916349762
 10
834.9347601234965
 20
61.833044597673094
 10
834.8882522709827
 20
61.95052653797997
 10
834.8451559892655
 20
62.06339544623428
 10
834.8060239911656
 20
62.17007170978667
 10
834.7714089671563
 20
62.268975651338536
 10
834.7418635903879
 20
62.358527541177764
 10
834.717940522686
 20
62.437147611780034
 10
834.7001924215372
 20
62.50325607475749
 10
834.6891719480764
 20
62.555273140178414
 10
834.6854317760951
 20
62.59161903832887
 10
834.6891362308361
 20
62.66470064838508
 10
834.6997501726831
 20
62.73609738135825
 10
834.7171914000359
 20
62.80567043336775
 10
834.7413777041803
 20
62.87328098892483
 10
834.7722268701274
 20
62.938790221504334
 10
834.8096566774132
 20
63.002059294106644
 10
834.8535849008667
 20
63.062949359810915
 10
834.9039293113482
 20
63.12132156232087
 10
834.9606076764587
 20
63.17703703650362
 10
835.0235377612261
 20
63.229956908923356
 10
835.0926373287692
 20
63.27994229837053
 10
835.32470243443
 20
63.435837154489334
 10
874.485473318306
 20
63.346589808435255
 10
881.6069192881223
 20
63.35696770050845
 10
887.9684908104009
 20
63.37273369225875
 10
893.5892968750609
 20
63.387801469569595
 10
898.486513368477
 20
63.39943881167072
 10
902.6778293654762
 20
63.40693141959109
 10
906.1818700636506
 20
63.41036896212128
 10
909.0179966642106
 20
63.410060774598705
 10
911.2060570763974
 20
63.40631753728857
 10
912.7662079198985
 20
63.39938604317791
 10
913.7188037617425
 20
63.38943868060706
 10
914.0843317679312
 20
63.37657934909812
 10
914.497114536749
 20
63.28243256259357
 10
914.9036466304135
 20
63.15197062267275
 10
915.3007147097023
 20
62.98751852740622
 10
915.685104749525
 20
62.79140164029157
 10
916.0536020509561
 20
62.56594561688051
 10
916.4029912596093
 20
62.31347634061382
 10
916.7300563899302
 20
62.03631986559873
 10
917.0315808552023
 20
61.73680236413854
 10
917.3043475032166
 20
61.41725007689301
 10
917.545138657708
 20
61.079989263603906
 10
917.750736165797
 20
60.727346152356375
 10
917.8886865377135
 20
60.45733222361959
 10
918.0020155858351
 20
60.21355620068198
 10
918.0930964426678
 20
59.97376673961524
 10
918.1643034356506
 20
59.715714405307565
 10
918.2180118989738
 20
59.417151906770314
 10
918.2565981642144
 20
59.055834829640915
 10
918.2824397786968
 20
58.60952286355601
 10
918.29791602489
 20
58.055981526302034
 10
918.3054088563907
 20
57.372984382542214
 10
918.3073044292709
 20
56.538315734406424
 10
918.3059954952173
 20
55.52977370993953
 10
918.3038458822435
 20
54.57783375134636
 10
918.3003168651301
 20
53.79590210338088
 10
918.2938008730151
 20
53.16620361985612
 10
918.2826934364623
 20
52.670975543144834
 10
918.2653933500837
 20
52.29246477720581
 10
918.2403024234072
 20
52.012925487172694
 10
918.2058249872792
 20
51.81461707404269
 10
918.1603672915393
 20
51.67980253437203
 10
918.1023368950594
 20
51.59074719594378
 10
918.0301421171839
 20
51.52971781473657
 10
917.9421915931113
 20
51.47898202068221
 10
917.907017314394
 20
51.463401608309155
 10
917.8462634808715
 20
51.440276671204984
 10
917.7621756956031
 20
51.4103411682711
 10
917.6569995735855
 20
51.374329032601395
 10
917.532980738357
 20
51.332974179197336
 10
917.3923648188766
 20
51.28701051206674
 10
917.2373974466385
 20
51.237171930783134
 10
917.0703242529931
 20
51.18419233655938
 10
916.893390866656
 20
51.12880563786915
 10
916.7088429113958
 20
51.07174575563067
 10
916.5189260039007
 20
51.013746627949985
 10
916.3167919589209
 20
50.9523651448453
 10
916.0967722419992
 20
50.88548462173026
 10
915.8628819251512
 20
50.81432868257416
 10
915.61913605662
 20
50.74012100449673
 10
915.3695496558762
 20
50.664085328623884
 10
915.1181377096407
 20
50.58744546858901
 10
914.8689151690623
 20
50.511425316413764
 10
914.6258969482154
 20
50.43724884544508
 10
914.3930979240977
 20
50.36614010998643
 10
914.1745329383263
 20
50.29932324124323
 10
913.9742168007224
 20
50.238022439212884
 10
913.7790251165691
 20
50.17825263741575
 10
913.5753388617417
 20
50.11588063220036
 10
913.366430863983
 20
50.051908500239406
 10
913.1555739255795
 20
49.98733837376837
 10
912.9460408211105
 20
49.92317244522495
 10
912.7411042962017
 20
49.860412969682045
 10
912.5440370674027
 20
49.80006226483772
 10
912.3581118233172
 20
49.74312270831345
 10
912.1866012271175
 20
49.69059673201713
 10
912.032777920555
 20
49.64348681335106
 10
911.8999145295627
 20
49.60279546309292
 10
911.7787441563479
 20
49.565094999740126
 10
911.6588709864913
 20
49.52666882476093
 10
911.5418742592462
 20
49.48808609934483
 10
911.4293332093697
 20
49.449915995924684
 10
911.3228270684292
 20
49.41272769536711
 10
911.2239350663115
 20
49.37709038372631
 10
911.1342364329321
 20
49.343573248552175
 10
911.055310400148
 20
49.31274547475115
 10
910.9887362038615
 20
49.2851762400103
 10
910.9360930863065
 20
49.26143470980678
 10
910.8989602984913
 20
49.24209003203883
 10
910.8327693657942
 20
49.1965226915415
 10
910.7705993026656
 20
49.140723947354886
 10
910.7131805306889
 20
49.076227222450356
 10
910.6612435236117
 20
49.00456587239907
 10
910.6155187990834
 20
48.927273165210096
 10
910.5767369101111
 20
48.84588226545688
 10
910.5456284362227
 20
48.761926222929716
 10
910.5229239743715
 20
48.67693796604834
 10
910.5093541296532
 20
48.59245030025197
 10
910.5056495059482
 20
48.509995911554725
 10
910.5125406966218
 20
48.43110737541137
 10
910.5401587321103
 20
48.301126106553184
 10
910.582909088383
 20
48.15109956803502
 10
910.6380612761207
 20
47.98711811300004
 10
910.7028843806604
 20
47.81527177775331
 10
910.7746468967968
 20
47.64165031031371
 10
910.8506166280882
 20
47.47234322436371
 10
910.9280606530344
 20
47.313439873153044
 10
911.0042453598272
 20
47.17102953714328
 10
911.0764365504835
 20
47.0512015193855
 10
911.1418996141424
 20
46.96004524380801
 10
911.1978997682775
 20
46.903650353725936
 10
911.3041753769614
 20
46.83100471436535
 10
911.4109743207881
 20
46.77720367966489
 10
911.5318289852661
 20
46.744929825447684
 10
911.6802720863374
 20
46.73686538183004
 10
911.8698365543013
 20
46.7556924363612
 10
912.1140554483663
 20
46.804093071932996
 10
912.4264619000515
 20
46.88474943848955
 10
912.820589084459
 20
47.00034375806193
 10
913.3099702183821
 20
47.15355826482512
 10
913.908138583409
 20
47.34707508547231
 10
914.6286275707803
 20
47.583576069728096
 10
915.0273642661397
 20
47.71413722593681
 10
915.4128302456533
 20
47.83891006288201
 10
915.7804484812241
 20
47.95649508461757
 10
916.1256419269118
 20
48.0654928480882
 10
916.4438335190492
 20
48.16450396235692
 10
916.7304461767674
 20
48.25212908674618
 10
916.9809028028482
 20
48.326968928106865
 10
917.1906262848389
 20
48.38762423739038
 10
917.3550394963769
 20
48.43269580565833
 10
917.4695652986851
 20
48.460784459625714
 10
917.5296265422171
 20
48.47049105679426
 10
917.6103548657941
 20
48.46646345688025
 10
917.6900153845396
 20
48.454467208024326
 10
917.7677288872383
 20
48.43501391514914
 10
917.8426161458709
 20
48.4086152325314
 10
917.9137979110178
 20
48.37578286237641
 10
917.9803949082699
 20
48.3370285526927
 10
918.0415278356046
 20
48.29286409448531
 10
918.0963173616824
 20
48.243801318277505
 10
918.1438841250206
 20
48.190352089962005
 10
918.1833487340116
 20
48.13302830597419
 10
918.2138317677505
 20
48.07234188777193
 10
918.2290642216205
 20
47.90277612522445
 10
918.2417243363402
 20
47.45848995145481
 10
918.2518783552616
 20
46.71606001449179
 10
918.2596205478525
 20
45.65208846935178
 10
918.2650846424308
 20
44.243203789294896
 10
918.2684592289838
 20
42.46605640232491
 10
918.2700068314135
 20
40.29730525244099
 10
918.2700841685318
 20
37.71358997688412
 10
918.269157030709
 20
34.69148314356961
 10
918.2677973063328
 20
31.207420354654413
 10
918.2666446254369
 20
27.23761630023402
 10
918.2666673421473
 20
22.363509601367042
 10
918.267501373807
 20
18.317126482023586
 10
918.2676046598551
 20
15.01988913302759
 10
918.2659241170377
 20
12.39327254975618
 10
918.2617197298121
 20
10.358639255125926
 10
918.2544305313434
 20
8.837203159424991
 10
918.2435912005415
 20
7.750046495077115
 10
918.2287852149641
 20
7.0181516545008975
 10
918.209620105367
 20
6.562432512244769
 10
918.1857149055443
 20
6.303760210282308
 10
918.1566939735148
 20
6.162982317650188
 10
917.9869544607305
 20
5.676475812628409
 10
917.7712706608684
 20
5.213742625379487
 10
917.5127604646236
 20
4.777653452968847
 10
917.2145412508266
 20
4.371079091148699
 10
916.8797298394961
 20
3.9968903697367075
 10
916.5114424470903
 20
3.657958087372702
 10
916.1127946430719
 20
3.3571529429026317
 10
915.6869013069722
 20
3.097345460552683
 10
915.2368765852011
 20
2.881405905887817
 10
914.7658338469349
 20
2.712204189294596
 10
914.2768856385356
 20
2.592609753380051
 10
913.8936757912272
 20
2.558440833333295
 10
913.1959356702678
 20
2.5322771655581295
 10
912.2541640154891
 20
2.513938801380254
 10
911.1388589265272
 20
2.5032437194013912
 10
909.9205060033596
 20
2.5
 10
908.6695678778188
 20
2.5040003502679262
 10
907.456475745206
 20
2.5150192847581696
 10
906.3516243968189
 20
2.5328132464516813
 10
905.4253728981491
 20
2.557123688470492
 10
904.748053200334
 20
2.587682753788286
 10
904.3899883448382
 20
2.624220975320542
  0
LWPOLYLINE
  5
B0
330
17
100
AcDbEntity
  8
CUT
100
AcDbPolyline
 90
157
 70
1
 10
907.1524567782303
 20
17.096942522997363
 10
907.4534882531776
 20
17.210993382858305
 10
907.7323885202838
 20
17.344627484596455
 10
907.9892579040265
 20
17.498007403508588
 10
908.2241987185399
 20
17.671290870702
 10
908.4373150720508
 20
17.86463113611561
 10
908.6287125906466
 20
18.07817714934168
 10
908.7984980857061
 20
18.312073554950675
 10
908.9467791820372
 20
18.566460492225698
 10
909.0736639192212
 20
18.841473179612752
 10
909.1792603369427
 20
19.137241251436066
 10
909.2636760566912
 20
19.45388779770017
 10
909.2883924396722
 20
19.586465191236773
 10
909.3081136193573
 20
19.761031556690526
 10
909.3227888467067
 20
20.00424906384354
 10
909.3323237656958
 20
20.342679160024346
 10
909.3365584095184
 20
20.802700521163448
 10
909.3352518632515
 20
21.410362965974723
 10
909.3281138082035
 20
22.191130732577914
 10
909.3150119106704
 20
23.169458688768763
 10
909.2967179765108
 20
24.368269297336507
 10
909.2768885911715
 20
25.809178554862594
 10
909.2648474568864
 20
27.516526203754555
 10
909.3349509403201
 20
35.09969581208608
 10
909.1790759234094
 20
35.54691555868877
 10
909.0736012853935
 20
35.816048627907634
 10
908.950455143764
 20
36.0693587093148
 10
908.8100767347305
 20
36.30642007137624
 10
908.6529053890092
 20
36.526808997823466
 10
908.4793806799562
 20
36.730103541703045
 10
908.2899425738646
 20
36.91588334561261
 10
908.0850315843043
 20
37.083729518599554
 10
907.8650889325662
 20
37.23322456349949
 10
907.6305567163512
 20
37.36395235124424
 10
907.3818780888098
 20
37.475498141089545
 10
907.1194974498992
 20
37.567448647980214
 10
906.8908069645178
 20
37.632254295942715
 10
906.6769386547699
 20
37.68056149326334
 10
906.4702001356357
 20
37.7114502702765
 10
906.2629113399423
 20
37.724011247318856
 10
906.04740447114
 20
37.71734520707244
 10
905.8160257359168
 20
37.69056353294839
 10
905.5611386646538
 20
37.64279002184948
 10
905.2751287806472
 20
37.57316470922332
 10
904.9504091851289
 20
37.480850592044845
 10
904.5794261408571
 20
37.36504448520344
 10
904.1546627238345
 20
37.22499361136909
 10
903.9425040947369
 20
37.15363930350168
 10
903.7303953202589
 20
37.08201140608557
 10
903.5212548731093
 20
37.011120869979166
 10
903.31799544479
 20
36.94197243250943
 10
903.123524879243
 20
36.87556411237735
 10
902.9407473411333
 20
36.81288709093593
 10
902.7725646056947
 20
36.754926051440236
 10
902.6218773462032
 20
36.70266001579907
 10
902.4915863046849
 20
36.657063683384166
 10
902.3845932630481
 20
36.61910924505017
 10
902.3038017836357
 20
36.58976862277984
 10
902.1031916142457
 20
36.51622667159559
 10
901.8372345300226
 20
36.419972666548006
 10
901.516755514575
 20
36.30501263555229
 10
901.152544470542
 20
36.175346289412346
 10
900.7553489063171
 20
36.034942722232074
 10
900.3358782182568
 20
35.88771735802601
 10
899.9048199060661
 20
35.73751438790919
 10
899.4728646264975
 20
35.58809912450879
 10
899.0507338594072
 20
35.44316268707209
 10
898.6492027734485
 20
35.30633789582333
 10
898.2791123975057
 20
35.18122190019733
 10
897.9169042314694
 20
35.055808793141324
 10
897.6003629452747
 20
34.93771220077389
 10
897.3252965849827
 20
34.823934552861985
 10
897.087489337666
 20
34.711512645017876
 10
896.8827018892596
 20
34.59750664576407
 10
896.7066739906962
 20
34.47899273975693
 10
896.555127784912
 20
34.35305863179407
 10
896.4237710641758
 20
34.21680119530541
 10
896.3082999887233
 20
34.06732569574656
 10
896.2044009781497
 20
33.90174616055265
 10
896.1077515474024
 20
33.71718656212515
 10
896.0388220163755
 20
33.56379869148522
 10
895.979917481448
 20
33.40890683207073
 10
895.9310482057407
 20
33.25253505137333
 10
895.8922241524563
 20
33.09470788689346
 10
895.8634549941826
 20
32.93545032820627
 10
895.8447501250448
 20
32.774787806879075
 10
895.8361186751317
 20
32.61274619457724
 10
895.8375695267291
 20
32.44935180983636
 10
895.8491113319756
 20
32.28463143416559
 10
895.8707525316281
 20
32.11861233838616
 10
895.9025013746742
 20
31.951322320414672
 10
895.9367007755221
 20
31.80812835657405
 10
895.9841072639708
 20
31.657954102402602
 10
896.0596230326908
 20
31.47432785563335
 10
896.1781707919765
 20
31.230877803247406
 10
896.3547044537553
 20
30.901412074974683
 10
896.6042155927045
 20
30.460083426606833
 10
896.9416998094666
 20
29.881721131104424
 10
897.3819407727104
 20
29.14250881019468
 10
897.9385488447567
 20
28.221286761819723
 10
898.6202896943437
 20
27.100919725218287
 10
899.4223893029748
 20
25.761509258176392
 10
899.5643937914703
 20
25.51788839785097
 10
899.7215409380091
 20
25.245193850725332
 10
899.8905980590864
 20
24.94818534934831
 10
900.0686086836978
 20
24.631607363007898
 10
900.2528706261924
 20
24.30033297136874
 10
900.440836102677
 20
23.959482597256184
 10
900.6299747802055
 20
23.614470468233044
 10
900.8176555322548
 20
23.270972364355334
 10
901.0010822074307
 20
22.934845169120614
 10
901.1772854151678
 20
22.612038201813075
 10
901.3431510767186
 20
22.30852289781299
 10
901.5044090178584
 20
22.014035397574602
 10
901.6673947893237
 20
21.717190959938428
 10
901.8297791566412
 20
21.422283773783175
 10
901.9891864528217
 20
21.133618276246427
 10
902.1432057880675
 20
20.855498673362685
 10
902.2894020693979
 20
20.59222259051529
 10
902.4253257053629
 20
20.348077884883573
 10
902.5485206170465
 20
20.127341586366
 10
902.6565306558753
 20
19.93428009233511
 10
902.7469047852411
 20
19.773149962791823
 10
902.8172014983713
 20
19.648198857875286
 10
902.877141234502
 20
19.54163960348301
 10
902.9374986507269
 20
19.433890057483683
 10
902.9974210039056
 20
19.326499886714153
 10
903.0560528069078
 20
19.22101948106075
 10
903.1125361333836
 20
19.118999784744688
 10
903.1660109837833
 20
19.021992135575225
 10
903.2156156963707
 20
18.931548118107035
 10
903.260487391825
 20
18.849219433103922
 10
903.2997624450976
 20
18.776557782800726
 10
903.3325769833508
 20
18.71511476907918
 10
903.3580674140408
 20
18.666441799648332
 10
903.4244904300799
 20
18.553255356572308
 10
903.512197384481
 20
18.427729062259704
 10
903.6174294318139
 20
18.293688048499003
 10
903.7364192479043
 20
18.154959882407166
 10
903.8653890714353
 20
18.015375586504444
 10
904.0005498045198
 20
17.87876994591541
 10
904.1381010064483
 20
17.748981312419975
 10
904.2742316168353
 20
17.629851109200782
 10
904.4051212569004
 20
17.525223207250743
 10
904.5269419827372
 20
17.43894329985564
 10
904.6358604020907
 20
17.374858356207472
 10
904.8869763171763
 20
17.25393179658488
 10
905.1293907513036
 20
17.152606065606463
 10
905.3645046835495
 20
17.070733023033984
 10
905.5937255657674
 20
17.00815973101572
 10
905.8184663064591
 20
16.964729248390636
 10
906.0401444137799
 20
16.9402811442061
 10
906.2601813022233
 20
16.934651797849746
 10
906.4800017640241
 20
16.947674536998896
 10
906.7010336069777
 20
16.979179653707753
 10
906.9247074633109
 20
17.028994332621092
 10
907.1524567782303
 20
17.096942522997363
  0
LWPOLYLINE
  5
B1
330
17
100
AcDbEntity
  8
CUT
100
AcDbPolyline
 90
111
 70
1
 10
868.929035181889
 20
33.622460546854455
 10
870.451179800058
 20
34.0960883823854
 10
871.9250990735045
 20
34.508116120297885
 10
873.2192128866391
 20
34.90561447404647
 10
874.3167483854908
 20
35.25732697898688
 10
875.2278245872055
 20
35.556801248900356
 10
875.9657249145312
 20
35.804850634630384
 10
876.5442723166004
 20
36.004570620801644
 10
876.9774049679199
 20
36.15992701413657
 10
877.2790867505504
 20
36.27527066231622
 10
877.4632856226002
 20
36.35514218015406
 10
877.5439684336803
 20
36.404183111863816
 10
877.6107163184424
 20
36.480962977147016
 10
877.6643857821296
 20
36.55882643532691
 10
877.7050073980445
 20
36.63948362797356
 10
877.7326134546659
 20
36.724645922817714
 10
877.7472383223168
 20
36.816025418327
 10
877.7489189352666
 20
36.91533459308698
 10
877.7376953864393
 20
37.02428611597226
 10
877.7136116304139
 20
37.14459284702667
 10
877.6767162844355
 20
37.277968074680416
 10
877.6270635051767
 20
37.42612605205869
 10
877.5647138989223
 20
37.59078291242946
 10
877.4899679020668
 20
37.776078472156954
 10
877.4219842412393
 20
37.93579672299873
 10
877.3589167633513
 20
38.07243183400038
 10
877.298931242232
 20
38.1884765960035
 10
877.240203083917
 20
38.286423867634085
 10
877.1809153612097
 20
38.36876727288228
 10
877.119257241612
 20
38.43800136171204
 10
877.0534228296299
 20
38.49662139962285
 10
876.9816104252684
 20
38.54712290867481
 10
876.9020221975024
 20
38.592001046912415
 10
876.81286427903
 20
38.63374988792957
 10
876.7430882868107
 20
38.66360494804596
 10
876.6832101370012
 20
38.68731204001337
 10
876.6299948843363
 20
38.70474240982014
 10
876.5802100654429
 20
38.71576512468776
 10
876.5306251342652
 20
38.720247724854985
 10
876.4780110015282
 20
38.718056659367406
 10
876.4191397102852
 20
38.70905749730066
 10
876.35078427111
 20
38.69311490635128
 10
876.2697186779571
 20
38.67009238483156
 10
876.1727181303943
 20
38.63985172028367
 10
876.0565595017381
 20
38.60225212659283
 10
875.9386818192472
 20
38.56329533245278
 10
875.7322348485014
 20
38.494410120274495
 10
875.4449791149306
 20
38.39812950753932
 10
875.0846942674235
 20
38.276957917900646
 10
874.6591857086628
 20
38.13336428333851
 10
874.1762972786212
 20
37.96976899978148
 10
873.6439348237247
 20
37.78852122469854
 10
873.0701112577348
 20
37.59185968329187
 10
872.4630375731216
 20
37.38184400630274
 10
871.8313205152238
 20
37.16023299418896
 10
871.1844308831709
 20
36.92827575592911
 10
870.5092430481741
 20
36.677246021542175
 10
869.8055601392182
 20
36.39794511193266
 10
869.1245211588932
 20
36.103847564242244
 10
868.4819175784372
 20
35.878519996521064
 10
867.7445343894553
 20
35.70504601963134
 10
866.9441894552396
 20
35.494797554889814
 10
866.1420555332168
 20
35.2616991337666
 10
865.3634243798856
 20
35.02427822082784
 10
864.6242271785682
 20
34.79338877730231
 10
863.9383177785714
 20
34.57636595607843
 10
863.319015472922
 20
34.379047332840074
 10
862.303206430272
 20
34.0530645335423
 10
861.4703991873721
 20
33.78238407967608
 10
860.8014613067744
 20
33.56009697648659
 10
860.2772737444482
 20
33.37866972755178
 10
859.8787339554043
 20
33.23030450951855
 10
859.5867503496233
 20
33.107078671612584
 10
859.3822375753551
 20
33.001006232407036
 10
859.2461132871081
 20
32.90406715367317
 10
859.1592960523731
 20
32.808221205551035
 10
859.102704153338
 20
32.70541315921119
 10
859.0572552619527
 20
32.58757220637858
 10
859.0401836119023
 20
32.53552776899673
 10
859.0282085853099
 20
32.48531909360095
 10
859.0218543934652
 20
32.43427921602243
 10
859.0216441538907
 20
32.37974037314697
 10
859.0280996181361
 20
32.319034202830395
 10
859.0417407357174
 20
32.249491842145304
 10
859.0630850610793
 20
32.16844389996852
 10
859.0926470132022
 20
32.073220268313236
 10
859.1309370045484
 20
31.96114972194628
 10
859.1784604691487
 20
31.82955923852052
 10
859.2357168410277
 20
31.675772953433256
 10
859.3167390335042
 20
31.46985951819384
 10
859.3957510781061
 20
31.290765814472945
 10
859.4745411385186
 20
31.136741700235252
 10
859.5548890155294
 20
31.00603625106856
 10
859.6385677343774
 20
30.896897041896164
 10
859.7273448645274
 20
30.807569905215384
 10
859.8229835541956
 20
30.736299039765694
 10
859.9272432808935
 20
30.68132737563369
 10
860.0418803253774
 20
30.640897131185508
 10
860.1686479734327
 20
30.613250522305503
 10
860.3092964402057
 20
30.59663060502992
 10
860.4195613731823
 20
30.627358350520492
 10
860.7096064636005
 20
30.718994715105833
 10
861.1654501868436
 20
30.86705394051179
 10
861.7730465919036
 20
31.067141292814465
 10
862.5182454953103
 20
31.31499462846215
 10
863.3867001992492
 20
31.606573898050794
 10
864.3636424711407
 20
31.93825144043097
 10
865.4332641905256
 20
32.30723261654629
 10
866.5767086590929
 20
32.71247709256748
 10
867.7642102084374
 20
33.15565698777438
 10
868.929035181889
 20
33.622460546854455
  0
LWPOLYLINE
  5
B2
330
17
100
AcDbEntity
  8
CUT
100
AcDbPolyline
 90
335
 70
1
 10
847.7636021183421
 20
31.143647573666666
 10
847.9521676701454
 20
31.22091201379291
 10
848.1152926634711
 20
31.293477351293543
 10
848.2549439512741
 20
31.363038197479238
 10
848.3730855830479
 20
31.431290628429846
 10
848.4716789913816
 20
31.499931826030387
 10
848.5526832767983
 20
31.57065970539013
 10
848.6180555669506
 20
31.645172539841045
 10
848.6697514268516
 20
31.725168589435487
 10
848.7097252993982
 20
31.812345733721113
 10
848.7399309593139
 20
31.90840110477131
 10
848.7623219681964
 20
32.01503071197236
 10
848.7714717720303
 20
32.07750187528896
 10
848.7724061437524
 20
32.142541195254154
 10
848.7590275007805
 20
32.22452584773853
 10
848.7252389873381
 20
32.337820367407986
 10
848.6649423537112
 20
32.49676706764667
 10
848.5720338932515
 20
32.7156711628388
 10
848.4403958094653
 20
33.0087808330765
 10
848.2638783457253
 20
33.39026357398802
 10
848.0362652716374
 20
33.87418318698346
 10
847.7512128352139
 20
34.47448863454217
 10
847.4021537509174
 20
35.205038904348484
 10
847.3131509525417
 20
35.39295470873866
 10
847.2288220779004
 20
35.575143804555594
 10
847.1499677585155
 20
35.74967646740751
 10
847.0773916948219
 20
35.91462431510057
 10
847.0119003785675
 20
36.06805978581325
 10
846.9543026431832
 20
36.208055670741516
 10
846.9054090491281
 20
36.33268472463348
 10
846.8660311160188
 20
36.4400193656531
 10
846.8369804156409
 20
36.52813146171441
 10
846.8190675400641
 20
36.59509218444198
 10
846.813100957975
 20
36.638971894611686
 10
846.8183668786093
 20
36.717556832920096
 10
846.8323535742347
 20
36.79924871833701
 10
846.8543394122854
 20
36.882651003469746
 10
846.8836028002786
 20
36.96636846363444
 10
846.9194221535537
 20
37.04900731189524
 10
846.9610758573359
 20
37.12917527843828
 10
847.0078422183309
 20
37.20548164936059
 10
847.0589994009056
 20
37.276537258678076
 10
847.1138253430212
 20
37.3409544260889
 10
847.1715976476182
 20
37.39734683173694
 10
847.2315934462758
 20
37.44432931791074
 10
847.2623308998446
 20
37.46392644961165
 10
847.2984467047211
 20
37.484325421336735
 10
847.3391473243724
 20
37.50520117613728
 10
847.3836391660295
 20
37.5262287917955
 10
847.4311285856722
 20
37.547083464852435
 10
847.4808218933078
 20
37.56744049288453
 10
847.5319253587472
 20
37.58697525450992
 10
847.5836452180824
 20
37.60536318666057
 10
847.6351876810521
 20
37.62227975872953
 10
847.6857589394696
 20
37.637400443299725
 10
847.7345651768628
 20
37.65040068328689
 10
847.9967670086755
 20
37.724620743699234
 10
848.5239779725702
 20
37.88090817275494
 10
849.261842312948
 20
38.10286481160037
 10
850.1559643700417
 20
38.3741792511521
 10
851.1518810702531
 20
38.67867288351343
 10
852.194996998404
 20
39.00040034615445
 10
853.2304257037971
 20
39.32386084604768
 10
854.2025674584157
 20
39.63443934099345
 10
855.0539029712887
 20
39.919200748467446
 10
855.7219390623238
 20
40.1669055843612
 10
856.1404899938503
 20
40.35776975820994
 10
856.2518666321803
 20
40.42012000571967
 10
856.349161495691
 20
40.48020260169602
 10
856.4296960005731
 20
40.53094175929519
 10
856.4982753724859
 20
40.564529764781696
 10
856.5662410833747
 20
40.580139099425026
 10
856.640880915762
 20
40.58559070993263
 10
856.7202777637588
 20
40.588969997595356
 10
856.7982150215066
 20
40.59366397869886
 10
856.8687319476803
 20
40.59967988742093
 10
856.9272591236465
 20
40.60580753381795
 10
856.9703594270959
 20
40.6107050462395
 10
857.0237899878701
 20
40.61780312788524
 10
857.1140870913805
 20
40.63235131955281
 10
857.2392763042677
 20
40.65598829120135
 10
857.3966349572747
 20
40.68984226582748
 10
857.5827993676543
 20
40.73415694137459
 10
857.7941105152444
 20
40.78838796984009
 10
858.0268682108217
 20
40.85149449737362
 10
858.2774364007628
 20
40.92220000489269
 10
858.5422597173289
 20
40.99915372272875
 10
858.8178477150086
 20
41.08100978206021
 10
859.1007543445461
 20
41.1664577904488
 10
859.4250783474731
 20
41.26532151075611
 10
859.8209059705462
 20
41.38659667034608
 10
860.2788037312482
 20
41.52758940318341
 10
860.7893557790909
 20
41.685435690250486
 10
861.3431640178445
 20
41.857174854264656
 10
861.9308436027233
 20
42.03980169363321
 10
862.5430179239354
 20
42.23029658051988
 10
863.1703147432644
 20
42.425640417408744
 10
863.8033636922969
 20
42.62282091567634
 10
864.4327948258776
 20
42.81883445429641
 10
865.0492378653224
 20
43.01068592465772
 10
865.6530041910745
 20
43.19863151637138
 10
866.245623775361
 20
43.3833311387329
 10
866.8195536142154
 20
43.56240263422508
 10
867.367250462622
 20
43.7334658602869
 10
867.8811707859198
 20
43.89414258841262
 10
868.3537707407816
 20
44.04205635793281
 10
868.7775061704992
 20
44.17483233005733
 10
869.14483260448
 20
44.290097168308634
 10
869.4482052548824
 20
44.38547896190357
 10
869.6800790047276
 20
44.45860720563965
 10
869.832908381886
 20
44.507112851894604
 10
869.9512537730996
 20
44.54492911555407
 10
870.0830042056185
 20
44.58702462243809
 10
870.2256068974336
 20
44.63258452555682
 10
870.3765091001297
 20
44.68079384379307
 10
870.5331581032618
 20
44.730837445571126
 10
870.6930012363032
 20
44.78190004225294
 10
870.8534858685232
 20
44.83316618969171
 10
871.0120594071603
 20
44.883820296383846
 10
871.1661692942268
 20
44.933046636796576
 10
871.3132630022358
 20
44.98002936866145
 10
871.4507880290844
 20
45.0239525532827
 10
871.6005736083342
 20
45.07182628896717
 10
871.7832648896122
 20
45.13028041973885
 10
871.9945332726336
 20
45.197928516005334
 10
872.2300501958491
 20
45.27338399379532
 10
872.485487158052
 20
45.35526003270047
 10
872.7565157324126
 20
45.44216952398304
 10
873.0388075738169
 20
45.532725045026524
 10
873.3280344206452
 20
45.62553885530542
 10
873.6198680921914
 20
45.71922290886137
 10
873.9099804828645
 20
45.812388878641514
 10
874.1940435541533
 20
45.90364818875126
 10
874.5102879188848
 20
46.004979325006914
 10
874.8938363874113
 20
46.12739069063389
 10
875.3356993419495
 20
46.268038112946144
 10
875.8268873137234
 20
46.42407685559752
 10
876.3584110151858
 20
46.59266150769214
 10
876.9212813507229
 20
46.77094595295189
 10
877.5065094112397
 20
46.956083397464866
 10
878.1051064579714
 20
47.145226435329675
 10
878.7080839000876
 20
47.33552713496745
 10
879.3064532695735
 20
47.52413713329723
 10
879.8912261957823
 20
47.70820772926254
 10
880.4610560143963
 20
47.88750954235908
 10
881.016038613055
 20
48.062274454990515
 10
881.5493495410547
 20
48.23034534400978
 10
882.0541643837096
 20
48.3895649628398
 10
882.5236587518651
 20
48.53777597843016
 10
882.9510082722376
 20
48.67282100498383
 10
883.3293885784276
 20
48.79254263508585
 10
883.6519753023636
 20
48.89478346914004
 10
883.9119440658659
 20
48.97738614425353
 10
884.1024704719482
 20
49.0381933639584
 10
884.2167300953747
 20
49.075047930474554
 10
884.3007243916435
 20
49.10235132294828
 10
884.403376901123
 20
49.13542749782751
 10
884.5222462998186
 20
49.173503063775
 10
884.6548912664645
 20
49.215804619804885
 10
884.7988704833723
 20
49.26155875238099
 10
884.9517426370289
 20
49.30999203339003
 10
885.111066418458
 20
49.360331018940315
 10
885.2744005233618
 20
49.41180224892216
 10
885.4393036520636
 20
49.46363224725802
 10
885.6033345092715
 20
49.515047522768754
 10
885.7640518036824
 20
49.56527457058604
 10
886.5521056134438
 20
49.81181313059862
 10
887.2077915329248
 20
50.0191763850092
 10
887.7448254105657
 20
50.1928669014961
 10
888.1769228792164
 20
50.33838803103278
 10
888.5177994667774
 20
50.46124355596942
 10
888.7811706694539
 20
50.56693747906205
 10
888.9807519966947
 20
50.660973921500286
 10
889.1302589923862
 20
50.74885711340747
 10
889.2434072340384
 20
50.83609146893181
 10
889.333912309929
 20
50.92818174216379
 10
889.415489773169
 20
51.030633260741325
 10
889.4447150001064
 20
51.072362166820355
 10
889.4700610835093
 20
51.114460747893986
 10
889.4917416298636
 20
51.15787574873596
 10
889.5099702627388
 20
51.20355395069825
 10
889.5249606278062
 20
51.25244217102929
 10
889.5369263986801
 20
51.305487264379394
 10
889.5460812835382
 20
51.36363612650938
 10
889.5526390324674
 20
51.4278357002314
 10
889.5568134454634
 20
51.49903298362321
 10
889.558818380998
 20
51.57817504056746
 10
889.558867765041
 20
51.6662090136775
 10
889.5528571567946
 20
51.80794904461504
 10
889.5374757100913
 20
51.94073707320415
 10
889.5126463484553
 20
52.064713144248856
 10
889.4782920194294
 20
52.18001738648057
 10
889.4343356919945
 20
52.28679000627929
 10
889.3807003543712
 20
52.38517128161732
 10
889.3173090121717
 20
52.47530155620872
 10
889.244084686868
 20
52.557321233846096
 10
889.1609504145537
 20
52.63137077290479
 10
889.0678292449754
 20
52.69759068099381
 10
888.9646442408157
 20
52.756121509731315
 10
888.8705792987276
 20
52.78980352315733
 10
888.6527979189149
 20
52.81711062149708
 10
888.1885733176235
 20
52.83833713447625
 10
887.3552079621542
 20
52.85373075463815
 10
886.0300719423016
 20
52.86343594545018
 10
884.090683592138
 20
52.86738938430031
 10
881.41489484688
 20
52.865119132131895
 10
877.8813740672882
 20
52.85533784957303
 10
873.3710553555246
 20
52.835130051416456
 10
867.772075565336
 20
52.79903287599085
 10
860.9941577172656
 20
52.747219057919864
 10
833.4605247251837
 20
52.864594465001545
 10
832.791874680898
 20
52.6692502470369
 10
832.3123359146225
 20
52.50616997662878
 10
831.8573434121291
 20
52.30526410294691
 10
831.4288643344769
 20
52.068485748940006
 10
831.0288671208966
 20
51.79778925298096
 10
830.6593213573656
 20
51.49513002714016
 10
830.3221976615844
 20
51.16246445332524
 10
830.0194675809798
 20
50.801749810206644
 10
829.7531035009184
 20
50.41494422565327
 10
829.5250785607717
 20
50.004006650846776
 10
829.3373665758232
 20
49.57089685344097
 10
829.1919419632695
 20
49.11757542817307
 10
829.0315719420857
 20
48.517470487482925
 10
829.0397592833402
 20
43.142250193845214
 10
829.0406710499269
 20
41.8644624449654
 10
829.0419274058711
 20
40.80301366236084
 10
829.0442764073795
 20
39.93513438561155
 10
829.0484038357047
 20
39.23809624654736
 10
829.0549424401959
 20
38.68919002073763
 10
829.064483200757
 20
38.26571271561501
 10
829.0775860659098
 20
37.94496105419864
 10
829.0947890611443
 20
37.704228962887655
 10
829.1166154394707
 20
37.52080726214173
 10
829.1435788834752
 20
37.37198434515474
 10
829.1761868659565
 20
37.235047090189425
 10
829.370891742411
 20
36.634660293364405
 10
829.6342322503546
 20
36.07040887253257
 10
829.9605581876613
 20
35.54673666460788
 10
830.3442213860384
 20
35.06808237035746
 10
830.7795762056145
 20
34.63887942197745
 10
831.2609800032393
 20
34.263555682948905
 10
831.7827935738279
 20
33.946532952128564
 10
832.3393815563687
 20
33.6922262284027
 10
832.9251127853701
 20
33.505042674203
 10
833.5343605516915
 20
33.38938019524487
 10
834.1615027094762
 20
33.34962553012954
 10
834.3687683341589
 20
33.35076249177837
 10
834.5547166592534
 20
33.35711074504664
 10
834.7343694746852
 20
33.37271750115585
 10
834.9227478081103
 20
33.40163155699575
 10
835.1348721485364
 20
33.447902713327224
 10
835.385762642681
 20
33.51558130036821
 10
835.6904392518808
 20
33.608717826150595
 10
836.0639218630962
 20
33.73136275276269
 10
836.5212303507428
 20
33.88756640215607
 10
837.0773845861421
 20
34.08137899747993
 10
837.7474043874694
 20
34.31685086014066
 10
838.0786087856085
 20
34.433349522671946
 10
838.4249594577154
 20
34.555015567072076
 10
838.7808527022949
 20
34.67988895082058
 10
839.1406848075508
 20
34.80600966107443
 10
839.4988520511389
 20
34.931417715387326
 10
839.8497507002588
 20
35.05415316143858
 10
840.1877770122627
 20
35.17225607526376
 10
840.5073272359775
 20
35.283766557417096
 10
840.8027976139423
 20
35.38672472647923
 10
841.0685843857425
 20
35.47917070939073
 10
841.2990837925562
 20
35.55914462827886
 10
841.5075460951854
 20
35.631637164740354
 10
841.7093493743496
 20
35.7023610541753
 10
841.9020815952832
 20
35.77043951411282
 10
842.0833307056095
 20
35.834995810565815
 10
842.2506846306906
 20
35.89515327176484
 10
842.4017312692789
 20
35.95003530112581
 10
842.5340584897232
 20
35.998765388729794
 10
842.6452541270329
 20
36.04046712044595
 10
842.7329059811296
 20
36.07426418372705
 10
842.7946018166208
 20
36.09928036908212
 10
842.8279293643936
 20
36.11463956631131
 10
842.8844556670236
 20
36.14138189813481
 10
842.9455362292816
 20
36.161163280458865
 10
843.0108821159367
 20
36.174014762769616
 10
843.0802041397798
 20
36.179967403880426
 10
843.1532128708857
 20
36.17905224753818
 10
843.2296186463063
 20
36.171300295567605
 10
843.3091315805439
 20
36.15674247857369
 10
843.3914615771841
 20
36.135409624256
 10
843.4763183420865
 20
36.10733242343477
 10
843.5634113985403
 20
36.07254139394881
 10
843.6524501048087
 20
36.03106684265782
 10
843.7328703598866
 20
35.988657471099714
 10
843.8043907041508
 20
35.945045603041436
 10
843.86872142255
 20
35.89792574742616
 10
843.9275715719039
 20
35.84499286613688
 10
843.9826489788054
 20
35.78394207681244
 10
844.0356601390131
 20
35.71246835049905
 10
844.0883100193633
 20
35.62826619393401
 10
844.1423017675357
 20
35.5290293021137
 10
844.1993363399309
 20
35.41245016146887
 10
844.261112063956
 20
35.27621957776259
 10
844.3293241587303
 20
35.11802609627452
 10
844.3549233221343
 20
35.05852521246128
 10
844.3872867039523
 20
34.9848132881379
 10
844.425591458826
 20
34.89868552170752
 10
844.4690149641939
 20
34.80193706016004
 10
844.5167351437673
 20
34.69636315242033
 10
844.5679307273756
 20
34.58375930722944
 10
844.6217814460305
 20
34.46592145331354
 10
844.6774681626479
 20
34.34464609642127
 10
844.7341729405928
 20
34.2217304655086
 10
844.7910790539671
 20
34.09897263894932
 10
844.8473709451907
 20
33.97817164113631
 10
844.907086648726
 20
33.850201143619344
 10
844.9739262338344
 20
33.70661995106603
 10
845.0465692299404
 20
33.5502559688144
 10
845.1236971212908
 20
33.38393812387193
 10
845.2039936254463
 20
33.21049690404922
 10
845.2861447961288
 20
33.03276485397802
 10
845.3688389673033
 20
32.85357699756571
 10
845.4507665636979
 20
32.675771156029896
 10
845.5306198092295
 20
32.50218813408473
 10
845.6070923681948
 20
32.33567175310711
 10
845.6788789541318
 20
32.179068717922405
 10
845.8485348469411
 20
31.817437485863156
 10
846.0007432562762
 20
31.519774027940063
 10
846.1426674106725
 20
31.282621287136504
 10
846.2814531933205
 20
31.1025012656016
 10
846.4242357737455
 20
30.975917973835802
 10
846.5781433917379
 20
30.899361284523973
 10
846.7502988936661
 20
30.869311046238348
 10
846.947819419814
 20
30.882241175025765
 10
847.1778144051402
 20
30.934623652896416
 10
847.4473817996022
 20
31.02293246970854
 10
847.7636021183421
 20
31.143647573666666
  0
LWPOLYLINE
  5
B3
330
17
100
AcDbEntity
  8
CUT
100
AcDbPolyline
 90
524
 70
1
 10
1008.9299883448382
 20
2.624220975320542
 10
1008.628637810309
 20
2.6996967497139988
 10
1008.3373267371893
 20
2.7881903479199366
 10
1008.0553165762371
 20
2.8901136471025595
 10
1007.7818688596079
 20
3.0058784938510126
 10
1007.5162451886148
 20
3.1358966903395338
 10
1007.2577072210671
 20
3.280579980555835
 10
1007.0055166582371
 20
3.440340036480782
 10
1006.7589352314892
 20
3.615588444080055
 10
1006.5172246885874
 20
3.806736688945074
 10
1006.2796467796786
 20
4.014196141394356
 10
1006.0454632429316
 20
4.238378040819313
 10
1005.9018858763583
 20
4.383970034342246
 10
1005.7723132610502
 20
4.520721800505074
 10
1005.6525155070169
 20
4.65446360017115
 10
1005.538262644501
 20
4.7910255906141295
 10
1005.4253245950749
 20
4.936237781985744
 10
1005.3094711251082
 20
5.0959299720030025
 10
1005.1864717804264
 20
5.275931656811668
 10
1005.0520958004595
 20
5.482071914965125
 10
1004.9021120093662
 20
5.720179259959977
 10
1004.7322886804737
 20
5.996081454656673
 10
1004.538393368809
 20
6.315605277971322
 10
1004.3899726063099
 20
6.561289506215406
 10
1004.20848360407
 20
6.861635834136008
 10
1003.9982434979181
 20
7.209492634101206
 10
1003.7635694443658
 20
7.597708230683789
 10
1003.5087788267529
 20
8.019131167014748
 10
1003.2381894502447
 20
8.46661046617848
 10
1002.9561197263779
 20
8.932995890872117
 10
1002.6668888456652
 20
9.411138201135373
 10
1002.3748169345665
 20
9.893889406185206
 10
1002.0842251909314
 20
10.374103002134355
 10
1001.799435989891
 20
10.844634182639716
 10
1001.2669661858547
 20
11.725720717821325
 10
1000.6989347404995
 20
12.668184240954435
 10
1000.1069517060288
 20
13.652514470105675
 10
999.5026323202253
 20
14.659206287069011
 10
998.8975989446067
 20
15.668763170373804
 10
998.303482992779
 20
16.661701353506647
 10
997.7319266360018
 20
17.618554588354574
 10
997.1945839769542
 20
18.51987911922533
 10
996.703121318988
 20
19.346258083546058
 10
996.2692161729877
 20
20.07830409772076
 10
995.9045547762398
 20
20.696658392999126
 10
995.6847339674645
 20
21.064927583480547
 10
995.4725220390224
 20
21.407964951070255
 10
995.2654413100181
 20
21.729091236411392
 10
995.0610131308092
 20
22.03162499740028
 10
994.8567579792707
 20
22.318882669114977
 10
994.6501955399166
 20
22.59417862524263
 10
994.438844761001
 20
22.860825224649126
 10
994.2202238854163
 20
23.122132825774173
 10
993.9918504515657
 20
23.381409750190382
 10
993.7512412603223
 20
23.64196217443799
 10
993.4959123036888
 20
23.90709392550642
 10
992.9458172761264
 20
24.443374492294165
 10
992.3803981238125
 20
24.94647030783359
 10
991.7985919853579
 20
25.417056157032665
 10
991.1993385052451
 20
25.855811737881414
 10
990.5815809906895
 20
26.263423052088985
 10
989.9442680102338
 20
26.640584260018027
 10
989.2863556437266
 20
26.988000156011164
 10
988.6068107138167
 20
27.30638947762913
 10
987.9046155273799
 20
27.59648933737868
 10
987.1787749874093
 20
27.859061154761985
 10
986.4283275011287
 20
28.094898547417802
 10
985.852726781817
 20
28.249884512437912
 10
985.2745172028635
 20
28.380032174423246
 10
984.6962092269378
 20
28.485328070190423
 10
984.120340569321
 20
28.565754962733717
 10
983.5494790414183
 20
28.62128167296881
 10
982.9862222586075
 20
28.65184760325236
 10
982.4331909571999
 20
28.657341173654512
 10
981.8930113885538
 20
28.637573084043122
 10
981.3682819698846
 20
28.592248817482055
 10
980.8615219660792
 20
28.52095004134031
 10
980.3751075544297
 20
28.42313939663985
 10
980.2754095670342
 20
28.397191900776473
 10
980.1326499490355
 20
28.356133432443738
 10
979.9512954546933
 20
28.301287392566802
 10
979.7358137856371
 20
28.233948067845798
 10
979.4906529201911
 20
28.155381027287785
 10
979.2202209451855
 20
28.06682863656692
 10
978.9288691561344
 20
27.96952236428788
 10
978.6208821828646
 20
27.864701859325418
 10
978.3004787310969
 20
27.753638396795207
 10
977.9718246703503
 20
27.637658017745675
 10
977.6390569267626
 20
27.51815871580126
 10
976.9286631573025
 20
27.261742898119028
 10
976.066552847481
 20
26.951475804650865
 10
975.0689655101579
 20
26.59349905453924
 10
973.9527917425085
 20
26.195442746564222
 10
972.7363831708133
 20
25.76566017257392
 10
971.439443435691
 20
25.312366866985766
 10
970.0824439065083
 20
24.84324544630648
 10
968.6861023325052
 20
24.36546266485625
 10
967.2710988204567
 20
23.88583732172377
 10
965.8579737918888
 20
23.4109985350924
 10
964.4671172404618
 20
22.9474905912632
 10
963.787361933267
 20
22.722110557568605
 10
963.1556011106137
 20
22.51308318649331
 10
962.5501739043868
 20
22.31322213969116
 10
961.9493858808289
 20
22.115367093418893
 10
961.3315184399105
 20
21.912378152773137
 10
960.6748341198996
 20
21.69713278167399
 10
959.9575795749003
 20
21.462524351340242
 10
959.1579873614439
 20
21.201461598725544
 10
958.2542773084555
 20
20.906868403115087
 10
957.2246579865074
 20
20.57168339020154
 10
956.0473285607611
 20
20.1888589979058
 10
955.5067629447017
 20
20.01277586626963
 10
955.0437950877807
 20
19.86086228786449
 10
954.6496833188659
 20
19.729917635869437
 10
954.3156810140305
 20
19.61674703363732
 10
954.0330380042976
 20
19.51815982669219
 10
953.7930015769861
 20
19.43096845306397
 10
953.5868171996267
 20
19.351987600152622
 10
953.4057290479976
 20
19.278033574510655
 10
953.2409803902138
 20
19.205923836123585
 10
953.0838138599388
 20
19.132476665519494
 10
952.9254716397008
 20
19.05451094307407
 10
952.4224168761198
 20
18.787940984146672
 10
951.9377926903379
 20
18.500012464957567
 10
951.4614220862368
 20
18.18145734752247
 10
950.9831280532864
 20
17.82300602121906
 10
950.4927340539913
 20
17.415386353585742
 10
949.9800645122756
 20
16.949322829271264
 10
949.4349452969471
 20
16.41553583009744
 10
948.8472041829186
 20
15.804741116693517
 10
948.206671262632
 20
15.10764956975353
 10
947.5031792726539
 20
14.314967235516836
 10
946.7265637975859
 20
13.417395696076735
 10
946.1433804438062
 20
12.736585371435265
 10
945.6499258137513
 20
12.16027254382399
 10
945.2301579117742
 20
11.669669091413457
 10
944.8680398437405
 20
11.245975666031175
 10
944.5475383648347
 20
10.870385194222923
 10
944.2526228835513
 20
10.524085160137862
 10
943.967264821983
 20
10.188259028699019
 10
943.6754372658366
 20
9.844087027613252
 10
943.3611148573111
 20
9.472746430778493
 10
943.0082738930829
 20
9.055411449717266
 10
942.6008925905072
 20
8.573252829793848
 10
942.3879653882732
 20
8.32124230589779
 10
942.178114772338
 20
8.072961006683158
 10
941.9740609453764
 20
7.831622656255828
 10
941.7785239632966
 20
7.600441234469432
 10
941.5942237547392
 20
7.382630938857066
 10
941.42388014422
 20
7.181406141358259
 10
941.2702128786069
 20
6.999981340444137
 10
941.1359416567681
 20
6.841571108913406
 10
941.0237861623729
 20
6.709390037288099
 10
940.9364660999971
 20
6.606652672371698
 10
940.876701234868
 20
6.536573450137556
 10
940.8261935014244
 20
6.477206650713308
 10
940.7657513763863
 20
6.405571670717695
 10
940.6967545085532
 20
6.323330496156107
 10
940.6205825378821
 20
6.232145128534006
 10
940.5386150877296
 20
6.133677598533609
 10
940.4522317585928
 20
6.029589976942379
 10
940.3628121233305
 20
5.921544382887607
 10
940.2717357238228
 20
5.811202989471894
 10
940.1803820690191
 20
5.700228026932065
 10
940.0901306343192
 20
5.5902817834609735
 10
940.0023608622204
 20
5.483026603838155
 10
939.9133551054758
 20
5.375003773605236
 10
939.819515163024
 20
5.262828517628915
 10
939.7223995974267
 20
5.1482741731926644
 10
939.6235669363439
 20
5.0331141355517985
 10
939.5245756726133
 20
4.919121856973073
 10
939.4269842656504
 20
4.808070843661424
 10
939.3323511440925
 20
4.70173465072174
 10
939.2422347096253
 20
4.601886875287182
 10
939.1581933419302
 20
4.51030114792256
 10
939.0817854047115
 20
4.428751122380131
 10
939.0145692527742
 20
4.359010463749476
 10
938.8608257161476
 20
4.211166900236936
 10
938.6903849513274
 20
4.063124164726059
 10
938.5057746538596
 20
3.9164688954598006
 10
938.3095224709538
 20
3.7727877397862777
 10
938.1041560262423
 20
3.6336673289253323
 10
937.8922029421473
 20
3.500694255557658
 10
937.6761908598197
 20
3.3754550540878974
 10
937.4586474567017
 20
3.2595361833720204
 10
937.2421004618311
 20
3.1545240116546776
 10
937.0290776690666
 20
3.0620048034280885
 10
936.8221069484454
 20
2.983564707901861
 10
936.2379140430551
 20
2.7797227802237625
 10
932.0821664320475
 20
2.767972968726527
 10
930.9624792745017
 20
2.765520600470005
 10
930.033432342908
 20
2.765786693505305
 10
929.2723893830189
 20
2.77023493074236
 10
928.656701857337
 20
2.7803375025896795
 10
928.1637125746153
 20
2.7975729986098
 10
927.7707582925403
 20
2.8234247067159117
 10
927.455171577979
 20
2.8593792749846756
 10
927.1942821074651
 20
2.9069256952108606
 10
926.9654175232536
 20
2.9675545766671654
 10
926.7459039163193
 20
3.0427576885397407
 10
926.5130659805656
 20
3.1340277581787817
 10
926.2028798684588
 20
3.270923655944314
 10
925.904240605834
 20
3.4260366059975453
 10
925.6180662684113
 20
3.5985365419690485
 10
925.3452750542957
 20
3.7875933267058723
 10
925.0867852797751
 20
3.992376762480685
 10
924.843515374979
 20
4.212056600493165
 10
924.616383879395
 20
4.445802549801815
 10
924.4063094372366
 20
4.692784285819005
 10
924.2142107926478
 20
4.952171458496251
 10
924.0410067847318
 20
5.2231337003237
 10
923.8876163423799
 20
5.504840634265042
 10
923.8389174203821
 20
5.604306227459389
 10
923.7897894725896
 20
5.708276895461863
 10
923.7409325520521
 20
5.815072668722351
 10
923.6930467594447
 20
5.923013609996055
 10
923.6468322442713
 20
6.030419816282047
 10
923.6029892042396
 20
6.135611419361728
 10
923.5622178827554
 20
6.236908585012701
 10
923.5252185644788
 20
6.332631510970371
 10
923.4926915688995
 20
6.421100423701322
 10
923.4653372418852
 20
6.500635574038965
 10
923.4438559451752
 20
6.5695572317136595
 10
923.4151283507388
 20
6.721738288601209
 10
923.3914592820288
 20
7.027713111781285
 10
923.3724767772022
 20
7.585783294368174
 10
923.3577978154964
 20
8.494222881547447
 10
923.3470165202472
 20
9.851256606613756
 10
923.3396824075762
 20
11.755032590103411
 10
923.3352610462915
 20
14.303593799685785
 10
923.3330657838454
 20
17.59486031924124
 10
923.3321487641986
 20
21.72665137030309
 10
923.3311542368383
 20
26.796805012606985
 10
923.3281922571714
 20
32.90348021391961
 10
923.322838300009
 20
38.79891143845167
 10
923.3170678599297
 20
43.73982426255358
 10
923.3124229428655
 20
47.81198761671814
 10
923.31
 20
51.10084550684178
 10
923.3105339381133
 20
53.6917869703653
 10
923.3145156046928
 20
55.67026709407608
 10
923.3222865568606
 20
57.12184016368188
 10
923.3341021447387
 20
58.132152721830465
 10
923.3501697630275
 20
58.78692287023502
 10
923.3706709691594
 20
59.17191788982855
 10
923.395774000038
 20
59.37293500035581
 10
923.5235690691592
 20
59.88036812847574
 10
923.6985382582145
 20
60.362957424327945
 10
923.9188035979656
 20
60.81872186640861
 10
924.1824873623863
 20
61.24568049295537
 10
924.4877120867734
 20
61.64185242969937
 10
924.8326005868279
 20
62.00525691903921
 10
925.2152759789657
 20
62.33391335145048
 10
925.633861702137
 20
62.62584130000616
 10
926.0864815414524
 20
62.87906055897139
 10
926.5712596539332
 20
63.09159118755748
 10
927.0863205967255
 20
63.261453560075665
 10
927.2161287795285
 20
63.29578534021694
 10
927.3485980289773
 20
63.32410616905183
 10
927.5013417215455
 20
63.34694256767402
 10
927.6919725614172
 20
63.364820515760044
 10
927.9381023315947
 20
63.37826521661272
 10
928.2573414518727
 20
63.38780070765689
 10
928.6672983179756
 20
63.393949307211855
 10
929.1855783796631
 20
63.39723088321118
 10
929.8297828909616
 20
63.39816192339826
 10
930.617507229731
 20
63.3972543801589
 10
931.566338631396
 20
63.39501425830926
 10
935.5307940716156
 20
63.38411648107318
 10
935.7678518302232
 20
63.19022913116426
 10
935.8287351070335
 20
63.13829261132702
 10
935.8839596672196
 20
63.083794563371114
 10
935.9372578555755
 20
63.01932035052117
 10
935.9923620892044
 20
62.93745552211108
 10
936.0530048886518
 20
62.83078592948445
 10
936.122918929612
 20
62.69189789858092
 10
936.2058371150456
 20
62.51337846322019
 10
936.305492667383
 20
62.28781566551049
 10
936.425619240239
 20
62.007798933151264
 10
936.5699510486298
 20
61.665919547873486
 10
936.7422230158473
 20
61.254771225172775
 10
936.8741378610971
 20
60.94101200065282
 10
936.9891423063589
 20
60.671506502285226
 10
937.0892090942849
 20
60.44239353361057
 10
937.1763112710512
 20
60.24981280510282
 10
937.2524221301161
 20
60.08990480883456
 10
937.31951516248
 20
59.95881069434833
 10
937.3795640135386
 20
59.85267214962697
 10
937.4345424464684
 20
59.76763129044565
 10
937.486424311999
 20
59.699830560768405
 10
937.5371835243927
 20
59.64541264626264
 10
937.5887940434606
 20
59.600520402474515
 10
937.6764982960789
 20
59.53716560224839
 10
937.7639215962631
 20
59.48632163855609
 10
937.8532600700078
 20
59.44796785034494
 10
937.9467097861259
 20
59.42208358459298
 10
938.0464667312398
 20
59.40864819056792
 10
938.1547267801802
 20
59.407641011021994
 10
938.2736856616523
 20
59.41904137051331
 10
938.4055389189563
 20
59.44282856109024
 10
938.5524818654692
 20
59.47898182562699
 10
938.7167095344886
 20
59.52748033915081
 10
938.9004166229317
 20
59.58830318856654
 10
939.1987012302319
 20
59.69683381977822
 10
939.4434303197296
 20
59.801769242999015
 10
939.6366650598022
 20
59.90920760106843
 10
939.7804653978293
 20
60.025246691778406
 10
939.8768903181791
 20
60.155984097530066
 10
939.9279980954597
 20
60.30751735000631
 10
939.9358465395726
 20
60.4859441318999
 10
939.902493229093
 20
60.69736251494872
 10
939.829995729849
 20
60.94787123079723
 10
939.7204117963137
 20
61.243569968690096
 10
939.5757995545032
 20
61.59055969185992
 10
939.5241268075813
 20
61.71252916349762
 10
939.4747601234965
 20
61.833044597673094
 10
939.4282522709826
 20
61.95052653797997
 10
939.3851559892655
 20
62.06339544623428
 10
939.3460239911656
 20
62.17007170978667
 10
939.3114089671562
 20
62.268975651338536
 10
939.2818635903878
 20
62.358527541177764
 10
939.257940522686
 20
62.437147611780034
 10
939.2401924215371
 20
62.50325607475749
 10
939.2291719480763
 20
62.555273140178414
 10
939.2254317760951
 20
62.59161903832887
 10
939.229136230836
 20
62.66470064838508
 10
939.2397501726831
 20
62.73609738135825
 10
939.2571914000358
 20
62.80567043336775
 10
939.2813777041803
 20
62.87328098892483
 10
939.3122268701273
 20
62.938790221504334
 10
939.3496566774131
 20
63.002059294106644
 10
939.3935849008667
 20
63.062949359810915
 10
939.4439293113481
 20
63.12132156232087
 10
939.5006076764587
 20
63.17703703650362
 10
939.563537761226
 20
63.229956908923356
 10
939.6326373287692
 20
63.27994229837053
 10
939.86470243443
 20
63.435837154489334
 10
979.025473318306
 20
63.346589808435255
 10
986.1469192881223
 20
63.35696770050845
 10
992.5084908104009
 20
63.37273369225875
 10
998.1292968750608
 20
63.387801469569595
 10
1003.0265133684769
 20
63.39943881167072
 10
1007.2178293654762
 20
63.40693141959109
 10
1010.7218700636506
 20
63.41036896212128
 10
1013.5579966642106
 20
63.410060774598705
 10
1015.7460570763974
 20
63.40631753728857
 10
1017.3062079198985
 20
63.39938604317791
 10
1018.2588037617425
 20
63.38943868060706
 10
1018.6243317679312
 20
63.37657934909812
 10
1019.037114536749
 20
63.28243256259357
 10
1019.4436466304135
 20
63.15197062267275
 10
1019.8407147097023
 20
62.98751852740622
 10
1020.2251047495249
 20
62.79140164029157
 10
1020.5936020509561
 20
62.56594561688051
 10
1020.9429912596092
 20
62.31347634061382
 10
1021.2700563899301
 20
62.03631986559873
 10
1021.5715808552022
 20
61.73680236413854
 10
1021.8443475032166
 20
61.41725007689301
 10
1022.085138657708
 20
61.079989263603906
 10
1022.290736165797
 20
60.727346152356375
 10
1022.4286865377135
 20
60.45733222361959
 10
1022.5420155858351
 20
60.21355620068198
 10
1022.6330964426678
 20
59.97376673961524
 10
1022.7043034356506
 20
59.715714405307565
 10
1022.7580118989738
 20
59.417151906770314
 10
1022.7965981642144
 20
59.055834829640915
 10
1022.8224397786968
 20
58.60952286355601
 10
1022.83791602489
 20
58.055981526302034
 10
1022.8454088563907
 20
57.372984382542214
 10
1022.8473044292708
 20
56.538315734406424
 10
1022.8459954952173
 20
55.52977370993953
 10
1022.8438458822435
 20
54.57783375134636
 10
1022.84031686513
 20
53.79590210338088
 10
1022.8338008730151
 20
53.16620361985612
 10
1022.8226934364623
 20
52.670975543144834
 10
1022.8053933500837
 20
52.29246477720581
 10
1022.7803024234072
 20
52.012925487172694
 10
1022.7458249872792
 20
51.81461707404269
 10
1022.7003672915392
 20
51.67980253437203
 10
1022.6423368950593
 20
51.59074719594378
 10
1022.5701421171839
 20
51.52971781473657
 10
1022.4821915931112
 20
51.47898202068221
 10
1022.447017314394
 20
51.463401608309155
 10
1022.3862634808714
 20
51.440276671204984
 10
1022.3021756956031
 20
51.4103411682711
 10
1022.1969995735855
 20
51.374329032601395
 10
1022.0729807383569
 20
51.332974179197336
 10
1021.9323648188765
 20
51.28701051206674
 10
1021.7773974466385
 20
51.237171930783134
 10
1021.6103242529931
 20
51.18419233655938
 10
1021.4333908666559
 20
51.12880563786915
 10
1021.2488429113957
 20
51.07174575563067
 10
1021.0589260039006
 20
51.013746627949985
 10
1020.8567919589209
 20
50.9523651448453
 10
1020.6367722419992
 20
50.88548462173026
 10
1020.4028819251512
 20
50.81432868257416
 10
1020.15913605662
 20
50.74012100449673
 10
1019.9095496558762
 20
50.664085328623884
 10
1019.6581377096406
 20
50.58744546858901
 10
1019.4089151690623
 20
50.511425316413764
 10
1019.1658969482154
 20
50.43724884544508
 10
1018.9330979240976
 20
50.36614010998643
 10
1018.7145329383262
 20
50.29932324124323
 10
1018.5142168007224
 20
50.238022439212884
 10
1018.319025116569
 20
50.17825263741575
 10
1018.1153388617416
 20
50.11588063220036
 10
1017.906430863983
 20
50.051908500239406
 10
1017.6955739255794
 20
49.98733837376837
 10
1017.4860408211105
 20
49.92317244522495
 10
1017.2811042962016
 20
49.860412969682045
 10
1017.0840370674026
 20
49.80006226483772
 10
1016.8981118233172
 20
49.74312270831345
 10
1016.7266012271175
 20
49.69059673201713
 10
1016.5727779205549
 20
49.64348681335106
 10
1016.4399145295627
 20
49.60279546309292
 10
1016.3187441563479
 20
49.565094999740126
 10
1016.1988709864912
 20
49.52666882476093
 10
1016.0818742592462
 20
49.48808609934483
 10
1015.9693332093697
 20
49.449915995924684
 10
1015.8628270684292
 20
49.41272769536711
 10
1015.7639350663114
 20
49.37709038372631
 10
1015.674236432932
 20
49.343573248552175
 10
1015.5953104001479
 20
49.31274547475115
 10
1015.5287362038615
 20
49.2851762400103
 10
1015.4760930863065
 20
49.26143470980678
 10
1015.4389602984912
 20
49.24209003203883
 10
1015.3727693657942
 20
49.1965226915415
 10
1015.3105993026655
 20
49.140723947354886
 10
1015.2531805306888
 20
49.076227222450356
 10
1015.2012435236117
 20
49.00456587239907
 10
1015.1555187990833
 20
48.927273165210096
 10
1015.1167369101111
 20
48.84588226545688
 10
1015.0856284362227
 20
48.761926222929716
 10
1015.0629239743714
 20
48.67693796604834
 10
1015.0493541296531
 20
48.59245030025197
 10
1015.0456495059482
 20
48.509995911554725
 10
1015.0525406966218
 20
48.43110737541137
 10
1015.0801587321102
 20
48.301126106553184
 10
1015.1229090883829
 20
48.15109956803502
 10
1015.1780612761206
 20
47.98711811300004
 10
1015.2428843806604
 20
47.81527177775331
 10
1015.3146468967967
 20
47.64165031031371
 10
1015.3906166280882
 20
47.47234322436371
 10
1015.4680606530344
 20
47.313439873153044
 10
1015.5442453598272
 20
47.17102953714328
 10
1015.6164365504835
 20
47.0512015193855
 10
1015.6818996141424
 20
46.96004524380801
 10
1015.7378997682774
 20
46.903650353725936
 10
1015.8441753769614
 20
46.83100471436535
 10
1015.9509743207881
 20
46.77720367966489
 10
1016.071828985266
 20
46.744929825447684
 10
1016.2202720863373
 20
46.73686538183004
 10
1016.4098365543013
 20
46.7556924363612
 10
1016.6540554483663
 20
46.804093071932996
 10
1016.9664619000515
 20
46.88474943848955
 10
1017.360589084459
 20
47.00034375806193
 10
1017.849970218382
 20
47.15355826482512
 10
1018.448138583409
 20
47.34707508547231
 10
1019.1686275707802
 20
47.583576069728096
 10
1019.5673642661396
 20
47.71413722593681
 10
1019.9528302456532
 20
47.83891006288201
 10
1020.320448481224
 20
47.95649508461757
 10
1020.6656419269118
 20
48.0654928480882
 10
1020.9838335190492
 20
48.16450396235692
 10
1021.2704461767673
 20
48.25212908674618
 10
1021.5209028028481
 20
48.326968928106865
 10
1021.7306262848389
 20
48.38762423739038
 10
1021.8950394963769
 20
48.43269580565833
 10
1022.0095652986851
 20
48.460784459625714
 10
1022.0696265422171
 20
48.47049105679426
 10
1022.150354865794
 20
48.46646345688025
 10
1022.2300153845396
 20
48.454467208024326
 10
1022.3077288872382
 20
48.43501391514914
 10
1022.3826161458709
 20
48.4086152325314
 10
1022.4537979110178
 20
48.37578286237641
 10
1022.5203949082699
 20
48.3370285526927
 10
1022.5815278356046
 20
48.29286409448531
 10
1022.6363173616824
 20
48.243801318277505
 10
1022.6838841250205
 20
48.190352089962005
 10
1022.7233487340116
 20
48.13302830597419
 10
1022.7538317677505
 20
48.07234188777193
 10
1022.7690642216205
 20
47.90277612522445
 10
1022.7817243363402
 20
47.45848995145481
 10
1022.7918783552616
 20
46.71606001449179
 10
1022.7996205478524
 20
45.65208846935178
 10
1022.8050846424308
 20
44.243203789294896
 10
1022.8084592289838
 20
42.46605640232491
 10
1022.8100068314135
 20
40.29730525244099
 10
1022.8100841685317
 20
37.71358997688412
 10
1022.809157030709
 20
34.69148314356961
 10
1022.8077973063328
 20
31.207420354654413
 10
1022.8066446254369
 20
27.23761630023402
 10
1022.8066673421473
 20
22.363509601367042
 10
1022.807501373807
 20
18.317126482023586
 10
1022.8076046598551
 20
15.01988913302759
 10
1022.8059241170376
 20
12.39327254975618
 10
1022.801719729812
 20
10.358639255125926
 10
1022.7944305313433
 20
8.837203159424991
 10
1022.7835912005414
 20
7.750046495077115
 10
1022.768785214964
 20
7.0181516545008975
 10
1022.749620105367
 20
6.562432512244769
 10
1022.7257149055442
 20
6.303760210282308
 10
1022.6966939735148
 20
6.162982317650188
 10
1022.5269544607305
 20
5.676475812628409
 10
1022.3112706608683
 20
5.213742625379487
 10
1022.0527604646236
 20
4.777653452968847
 10
1021.7545412508266
 20
4.371079091148699
 10
1021.4197298394961
 20
3.9968903697367075
 10
1021.0514424470903
 20
3.657958087372702
 10
1020.6527946430718
 20
3.3571529429026317
 10
1020.2269013069722
 20
3.097345460552683
 10
1019.7768765852011
 20
2.881405905887817
 10
1019.3058338469349
 20
2.712204189294596
 10
1018.8168856385356
 20
2.592609753380051
 10
1018.4336757912272
 20
2.558440833333295
 10
1017.7359356702677
 20
2.5322771655581295
 10
1016.7941640154891
 20
2.513938801380254
 10
1015.6788589265271
 20
2.5032437194013912
 10
1014.4605060033596
 20
2.5
 10
1013.2095678778188
 20
2.5040003502679262
 10
1011.996475745206
 20
2.5150192847581696
 10
1010.8916243968189
 20
2.5328132464516813
 10
1009.9653728981491
 20
2.557123688470492
 10
1009.2880532003339
 20
2.587682753788286
 10
1008.9299883448382
 20
2.624220975320542
  0
LWPOLYLINE
  5
B4
330
17
100
AcDbEntity
  8
CUT
100
AcDbPolyline
 90
157
 70
1
 10
1011.6924567782303
 20
17.096942522997363
 10
1011.9934882531776
 20
17.210993382858305
 10
1012.2723885202838
 20
17.344627484596455
 10
1012.5292579040265
 20
17.498007403508588
 10
1012.7641987185399
 20
17.671290870702
 10
1012.9773150720507
 20
17.86463113611561
 10
1013.1687125906466
 20
18.07817714934168
 10
1013.3384980857061
 20
18.312073554950675
 10
1013.4867791820371
 20
18.566460492225698
 10
1013.6136639192212
 20
18.841473179612752
 10
1013.7192603369426
 20
19.137241251436066
 10
1013.8036760566912
 20
19.45388779770017
 10
1013.8283924396721
 20
19.586465191236773
 10
1013.8481136193573
 20
19.761031556690526
 10
1013.8627888467066
 20
20.00424906384354
 10
1013.8723237656958
 20
20.342679160024346
 10
1013.8765584095183
 20
20.802700521163448
 10
1013.8752518632515
 20
21.410362965974723
 10
1013.8681138082035
 20
22.191130732577914
 10
1013.8550119106703
 20
23.169458688768763
 10
1013.8367179765107
 20
24.368269297336507
 10
1013.8168885911715
 20
25.809178554862594
 10
1013.8048474568864
 20
27.516526203754555
 10
1013.8749509403201
 20
35.09969581208608
 10
1013.7190759234094
 20
35.54691555868877
 10
1013.6136012853934
 20
35.816048627907634
 10
1013.4904551437639
 20
36.0693587093148
 10
1013.3500767347305
 20
36.30642007137624
 10
1013.1929053890092
 20
36.526808997823466
 10
1013.0193806799562
 20
36.730103541703045
 10
1012.8299425738645
 20
36.91588334561261
 10
1012.6250315843042
 20
37.083729518599554
 10
1012.4050889325662
 20
37.23322456349949
 10
1012.1705567163511
 20
37.36395235124424
 10
1011.9218780888098
 20
37.475498141089545
 10
1011.6594974498992
 20
37.567448647980214
 10
1011.4308069645177
 20
37.632254295942715
 10
1011.2169386547698
 20
37.68056149326334
 10
1011.0102001356356
 20
37.7114502702765
 10
1010.8029113399423
 20
37.724011247318856
 10
1010.58740447114
 20
37.71734520707244
 10
1010.3560257359168
 20
37.69056353294839
 10
1010.1011386646537
 20
37.64279002184948
 10
1009.8151287806471
 20
37.57316470922332
 10
1009.4904091851289
 20
37.480850592044845
 10
1009.1194261408571
 20
37.36504448520344
 10
1008.6946627238344
 20
37.22499361136909
 10
1008.4825040947369
 20
37.15363930350168
 10
1008.2703953202589
 20
37.08201140608557
 10
1008.0612548731093
 20
37.011120869979166
 10
1007.8579954447899
 20
36.94197243250943
 10
1007.6635248792429
 20
36.87556411237735
 10
1007.4807473411332
 20
36.81288709093593
 10
1007.3125646056947
 20
36.754926051440236
 10
1007.1618773462031
 20
36.70266001579907
 10
1007.0315863046849
 20
36.657063683384166
 10
1006.9245932630481
 20
36.61910924505017
 10
1006.8438017836356
 20
36.58976862277984
 10
1006.6431916142457
 20
36.51622667159559
 10
1006.3772345300225
 20
36.419972666548006
 10
1006.056755514575
 20
36.30501263555229
 10
1005.692544470542
 20
36.175346289412346
 10
1005.295348906317
 20
36.034942722232074
 10
1004.8758782182567
 20
35.88771735802601
 10
1004.4448199060661
 20
35.73751438790919
 10
1004.0128646264975
 20
35.58809912450879
 10
1003.5907338594071
 20
35.44316268707209
 10
1003.1892027734484
 20
35.30633789582333
 10
1002.8191123975057
 20
35.18122190019733
 10
1002.4569042314694
 20
35.055808793141324
 10
1002.1403629452747
 20
34.93771220077389
 10
1001.8652965849826
 20
34.823934552861985
 10
1001.627489337666
 20
34.711512645017876
 10
1001.4227018892595
 20
34.59750664576407
 10
1001.2466739906962
 20
34.47899273975693
 10
1001.0951277849119
 20
34.35305863179407
 10
1000.9637710641757
 20
34.21680119530541
 10
1000.8482999887233
 20
34.06732569574656
 10
1000.7444009781497
 20
33.90174616055265
 10
1000.6477515474023
 20
33.71718656212515
 10
1000.5788220163755
 20
33.56379869148522
 10
1000.5199174814479
 20
33.40890683207073
 10
1000.4710482057407
 20
33.25253505137333
 10
1000.4322241524562
 20
33.09470788689346
 10
1000.4034549941825
 20
32.93545032820627
 10
1000.3847501250448
 20
32.774787806879075
 10
1000.3761186751317
 20
32.61274619457724
 10
1000.3775695267291
 20
32.44935180983636
 10
1000.3891113319755
 20
32.28463143416559
 10
1000.4107525316281
 20
32.11861233838616
 10
1000.4425013746742
 20
31.951322320414672
 10
1000.4767007755221
 20
31.80812835657405
 10
1000.5241072639708
 20
31.657954102402602
 10
1000.5996230326907
 20
31.47432785563335
 10
1000.7181707919765
 20
31.230877803247406
 10
1000.8947044537553
 20
30.901412074974683
 10
1001.1442155927044
 20
30.460083426606833
 10
1001.4816998094666
 20
29.881721131104424
 10
1001.9219407727104
 20
29.14250881019468
 10
1002.4785488447567
 20
28.221286761819723
 10
1003.1602896943436
 20
27.100919725218287
 10
1003.9623893029748
 20
25.761509258176392
 10
1004.1043937914702
 20
25.51788839785097
 10
1004.261540938009
 20
25.245193850725332
 10
1004.4305980590864
 20
24.94818534934831
 10
1004.6086086836978
 20
24.631607363007898
 10
1004.7928706261923
 20
24.30033297136874
 10
1004.980836102677
 20
23.959482597256184
 10
1005.1699747802055
 20
23.614470468233044
 10
1005.3576555322547
 20
23.270972364355334
 10
1005.5410822074307
 20
22.934845169120614
 10
1005.7172854151678
 20
22.612038201813075
 10
1005.8831510767186
 20
22.30852289781299
 10
1006.0444090178584
 20
22.014035397574602
 10
1006.2073947893236
 20
21.717190959938428
 10
1006.3697791566411
 20
21.422283773783175
 10
1006.5291864528217
 20
21.133618276246427
 10
1006.6832057880674
 20
20.855498673362685
 10
1006.8294020693978
 20
20.59222259051529
 10
1006.9653257053628
 20
20.348077884883573
 10
1007.0885206170465
 20
20.127341586366
 10
1007.1965306558752
 20
19.93428009233511
 10
1007.2869047852411
 20
19.773149962791823
 10
1007.3572014983713
 20
19.648198857875286
 10
1007.417141234502
 20
19.54163960348301
 10
1007.4774986507268
 20
19.433890057483683
 10
1007.5374210039056
 20
19.326499886714153
 10
1007.5960528069078
 20
19.22101948106075
 10
1007.6525361333836
 20
19.118999784744688
 10
1007.7060109837832
 20
19.021992135575225
 10
1007.7556156963707
 20
18.931548118107035
 10
1007.800487391825
 20
18.849219433103922
 10
1007.8397624450976
 20
18.776557782800726
 10
1007.8725769833508
 20
18.71511476907918
 10
1007.8980674140407
 20
18.666441799648332
 10
1007.9644904300799
 20
18.553255356572308
 10
1008.052197384481
 20
18.427729062259704
 10
1008.1574294318139
 20
18.293688048499003
 10
1008.2764192479043
 20
18.154959882407166
 10
1008.4053890714353
 20
18.015375586504444
 10
1008.5405498045197
 20
17.87876994591541
 10
1008.6781010064483
 20
17.748981312419975
 10
1008.8142316168353
 20
17.629851109200782
 10
1008.9451212569004
 20
17.525223207250743
 10
1009.0669419827371
 20
17.43894329985564
 10
1009.1758604020906
 20
17.374858356207472
 10
1009.4269763171762
 20
17.25393179658488
 10
1009.6693907513036
 20
17.152606065606463
 10
1009.9045046835495
 20
17.070733023033984
 10
1010.1337255657673
 20
17.00815973101572
 10
1010.358466306459
 20
16.964729248390636
 10
1010.5801444137799
 20
16.9402811442061
 10
1010.8001813022232
 20
16.934651797849746
 10
1011.0200017640241
 20
16.947674536998896
 10
1011.2410336069777
 20
16.979179653707753
 10
1011.4647074633109
 20
17.028994332621092
 10
1011.6924567782303
 20
17.096942522997363
  0
LWPOLYLINE
  5
B5
330
17
100
AcDbEntity
  8
CUT
100
AcDbPolyline
 90
111
 70
1
 10
973.469035181889
 20
33.622460546854455
 10
974.9911798000579
 20
34.0960883823854
 10
976.4650990735045
 20
34.508116120297885
 10
977.759212886639
 20
34.90561447404647
 10
978.8567483854907
 20
35.25732697898688
 10
979.7678245872055
 20
35.556801248900356
 10
980.5057249145311
 20
35.804850634630384
 10
981.0842723166004
 20
36.004570620801644
 10
981.5174049679199
 20
36.15992701413657
 10
981.8190867505504
 20
36.27527066231622
 10
982.0032856226002
 20
36.35514218015406
 10
982.0839684336803
 20
36.404183111863816
 10
982.1507163184424
 20
36.480962977147016
 10
982.2043857821295
 20
36.55882643532691
 10
982.2450073980444
 20
36.63948362797356
 10
982.2726134546658
 20
36.724645922817714
 10
982.2872383223167
 20
36.816025418327
 10
982.2889189352666
 20
36.91533459308698
 10
982.2776953864393
 20
37.02428611597226
 10
982.2536116304138
 20
37.14459284702667
 10
982.2167162844355
 20
37.277968074680416
 10
982.1670635051767
 20
37.42612605205869
 10
982.1047138989222
 20
37.59078291242946
 10
982.0299679020668
 20
37.776078472156954
 10
981.9619842412393
 20
37.93579672299873
 10
981.8989167633513
 20
38.07243183400038
 10
981.838931242232
 20
38.1884765960035
 10
981.780203083917
 20
38.286423867634085
 10
981.7209153612097
 20
38.36876727288228
 10
981.659257241612
 20
38.43800136171204
 10
981.5934228296298
 20
38.49662139962285
 10
981.5216104252684
 20
38.54712290867481
 10
981.4420221975024
 20
38.592001046912415
 10
981.35286427903
 20
38.63374988792957
 10
981.2830882868107
 20
38.66360494804596
 10
981.2232101370012
 20
38.68731204001337
 10
981.1699948843362
 20
38.70474240982014
 10
981.1202100654428
 20
38.71576512468776
 10
981.0706251342651
 20
38.720247724854985
 10
981.0180110015282
 20
38.718056659367406
 10
980.9591397102852
 20
38.70905749730066
 10
980.89078427111
 20
38.69311490635128
 10
980.8097186779571
 20
38.67009238483156
 10
980.7127181303943
 20
38.63985172028367
 10
980.596559501738
 20
38.60225212659283
 10
980.4786818192472
 20
38.56329533245278
 10
980.2722348485014
 20
38.494410120274495
 10
979.9849791149305
 20
38.39812950753932
 10
979.6246942674235
 20
38.276957917900646
 10
979.1991857086628
 20
38.13336428333851
 10
978.7162972786211
 20
37.96976899978148
 10
978.1839348237247
 20
37.78852122469854
 10
977.6101112577347
 20
37.59185968329187
 10
977.0030375731216
 20
37.38184400630274
 10
976.3713205152237
 20
37.16023299418896
 10
975.7244308831708
 20
36.92827575592911
 10
975.049243048174
 20
36.677246021542175
 10
974.3455601392182
 20
36.39794511193266
 10
973.6645211588932
 20
36.103847564242244
 10
973.0219175784372
 20
35.878519996521064
 10
972.2845343894553
 20
35.70504601963134
 10
971.4841894552395
 20
35.494797554889814
 10
970.6820555332167
 20
35.2616991337666
 10
969.9034243798856
 20
35.02427822082784
 10
969.1642271785681
 20
34.79338877730231
 10
968.4783177785714
 20
34.57636595607843
 10
967.859015472922
 20
34.379047332840074
 10
966.843206430272
 20
34.0530645335423
 10
966.0103991873721
 20
33.78238407967608
 10
965.3414613067744
 20
33.56009697648659
 10
964.8172737444481
 20
33.37866972755178
 10
964.4187339554043
 20
33.23030450951855
 10
964.1267503496233
 20
33.107078671612584
 10
963.9222375753551
 20
33.001006232407036
 10
963.786113287108
 20
32.90406715367317
 10
963.699296052373
 20
32.808221205551035
 10
963.642704153338
 20
32.70541315921119
 10
963.5972552619527
 20
32.58757220637858
 10
963.5801836119023
 20
32.53552776899673
 10
963.5682085853099
 20
32.48531909360095
 10
963.5618543934652
 20
32.43427921602243
 10
963.5616441538907
 20
32.37974037314697
 10
963.5680996181361
 20
32.319034202830395
 10
963.5817407357174
 20
32.249491842145304
 10
963.6030850610792
 20
32.16844389996852
 10
963.6326470132021
 20
32.073220268313236
 10
963.6709370045484
 20
31.96114972194628
 10
963.7184604691487
 20
31.82955923852052
 10
963.7757168410277
 20
31.675772953433256
 10
963.8567390335041
 20
31.46985951819384
 10
963.935751078106
 20
31.290765814472945
 10
964.0145411385186
 20
31.136741700235252
 10
964.0948890155294
 20
31.00603625106856
 10
964.1785677343773
 20
30.896897041896164
 10
964.2673448645273
 20
30.807569905215384
 10
964.3629835541956
 20
30.736299039765694
 10
964.4672432808935
 20
30.68132737563369
 10
964.5818803253774
 20
30.640897131185508
 10
964.7086479734327
 20
30.613250522305503
 10
964.8492964402056
 20
30.59663060502992
 10
964.9595613731823
 20
30.627358350520492
 10
965.2496064636005
 20
30.718994715105833
 10
965.7054501868436
 20
30.86705394051179
 10
966.3130465919036
 20
31.067141292814465
 10
967.0582454953103
 20
31.31499462846215
 10
967.9267001992491
 20
31.606573898050794
 10
968.9036424711406
 20
31.93825144043097
 10
969.9732641905256
 20
32.30723261654629
 10
971.1167086590929
 20
32.71247709256748
 10
972.3042102084373
 20
33.15565698777438
 10
973.469035181889
 20
33.622460546854455
  0
LWPOLYLINE
  5
B6
330
17
100
AcDbEntity
  8
CUT
100
AcDbPolyline
 90
335
 70
1
 10
952.303602118342
 20
31.143647573666666
 10
952.4921676701454
 20
31.22091201379291
 10
952.6552926634711
 20
31.293477351293543
 10
952.794943951274
 20
31.363038197479238
 10
952.9130855830479
 20
31.431290628429846
 10
953.0116789913816
 20
31.499931826030387
 10
953.0926832767983
 20
31.57065970539013
 10
953.1580555669506
 20
31.645172539841045
 10
953.2097514268515
 20
31.725168589435487
 10
953.2497252993982
 20
31.812345733721113
 10
953.2799309593139
 20
31.90840110477131
 10
953.3023219681963
 20
32.01503071197236
 10
953.3114717720302
 20
32.07750187528896
 10
953.3124061437524
 20
32.142541195254154
 10
953.2990275007804
 20
32.22452584773853
 10
953.2652389873381
 20
32.337820367407986
 10
953.2049423537112
 20
32.49676706764667
 10
953.1120338932515
 20
32.7156711628388
 10
952.9803958094652
 20
33.0087808330765
 10
952.8038783457253
 20
33.39026357398802
 10
952.5762652716373
 20
33.87418318698346
 10
952.2912128352139
 20
34.47448863454217
 10
951.9421537509173
 20
35.205038904348484
 10
951.8531509525417
 20
35.39295470873866
 10
951.7688220779004
 20
35.575143804555594
 10
951.6899677585154
 20
35.74967646740751
 10
951.6173916948219
 20
35.91462431510057
 10
951.5519003785674
 20
36.06805978581325
 10
951.4943026431831
 20
36.208055670741516
 10
951.4454090491281
 20
36.33268472463348
 10
951.4060311160188
 20
36.4400193656531
 10
951.3769804156409
 20
36.52813146171441
 10
951.3590675400641
 20
36.59509218444198
 10
951.353100957975
 20
36.638971894611686
 10
951.3583668786092
 20
36.717556832920096
 10
951.3723535742347
 20
36.79924871833701
 10
951.3943394122854
 20
36.882651003469746
 10
951.4236028002786
 20
36.96636846363444
 10
951.4594221535536
 20
37.04900731189524
 10
951.5010758573359
 20
37.12917527843828
 10
951.5478422183309
 20
37.20548164936059
 10
951.5989994009055
 20
37.276537258678076
 10
951.6538253430211
 20
37.3409544260889
 10
951.7115976476182
 20
37.39734683173694
 10
951.7715934462758
 20
37.44432931791074
 10
951.8023308998446
 20
37.46392644961165
 10
951.838446704721
 20
37.484325421336735
 10
951.8791473243724
 20
37.50520117613728
 10
951.9236391660295
 20
37.5262287917955
 10
951.9711285856722
 20
37.547083464852435
 10
952.0208218933078
 20
37.56744049288453
 10
952.0719253587472
 20
37.58697525450992
 10
952.1236452180824
 20
37.60536318666057
 10
952.1751876810521
 20
37.62227975872953
 10
952.2257589394695
 20
37.637400443299725
 10
952.2745651768628
 20
37.65040068328689
 10
952.5367670086755
 20
37.724620743699234
 10
953.0639779725701
 20
37.88090817275494
 10
953.801842312948
 20
38.10286481160037
 10
954.6959643700417
 20
38.3741792511521
 10
955.6918810702531
 20
38.67867288351343
 10
956.734996998404
 20
39.00040034615445
 10
957.7704257037971
 20
39.32386084604768
 10
958.7425674584157
 20
39.63443934099345
 10
959.5939029712887
 20
39.919200748467446
 10
960.2619390623238
 20
40.1669055843612
 10
960.6804899938503
 20
40.35776975820994
 10
960.7918666321802
 20
40.42012000571967
 10
960.8891614956909
 20
40.48020260169602
 10
960.9696960005731
 20
40.53094175929519
 10
961.0382753724858
 20
40.564529764781696
 10
961.1062410833747
 20
40.580139099425026
 10
961.1808809157619
 20
40.58559070993263
 10
961.2602777637587
 20
40.588969997595356
 10
961.3382150215066
 20
40.59366397869886
 10
961.4087319476803
 20
40.59967988742093
 10
961.4672591236465
 20
40.60580753381795
 10
961.5103594270959
 20
40.6107050462395
 10
961.5637899878701
 20
40.61780312788524
 10
961.6540870913805
 20
40.63235131955281
 10
961.7792763042677
 20
40.65598829120135
 10
961.9366349572747
 20
40.68984226582748
 10
962.1227993676542
 20
40.73415694137459
 10
962.3341105152443
 20
40.78838796984009
 10
962.5668682108217
 20
40.85149449737362
 10
962.8174364007627
 20
40.92220000489269
 10
963.0822597173288
 20
40.99915372272875
 10
963.3578477150086
 20
41.08100978206021
 10
963.640754344546
 20
41.1664577904488
 10
963.9650783474731
 20
41.26532151075611
 10
964.3609059705461
 20
41.38659667034608
 10
964.8188037312482
 20
41.52758940318341
 10
965.3293557790909
 20
41.685435690250486
 10
965.8831640178445
 20
41.857174854264656
 10
966.4708436027232
 20
42.03980169363321
 10
967.0830179239354
 20
42.23029658051988
 10
967.7103147432643
 20
42.425640417408744
 10
968.3433636922969
 20
42.62282091567634
 10
968.9727948258776
 20
42.81883445429641
 10
969.5892378653224
 20
43.01068592465772
 10
970.1930041910745
 20
43.19863151637138
 10
970.7856237753609
 20
43.3833311387329
 10
971.3595536142153
 20
43.56240263422508
 10
971.907250462622
 20
43.7334658602869
 10
972.4211707859198
 20
43.89414258841262
 10
972.8937707407815
 20
44.04205635793281
 10
973.3175061704992
 20
44.17483233005733
 10
973.68483260448
 20
44.290097168308634
 10
973.9882052548824
 20
44.38547896190357
 10
974.2200790047276
 20
44.45860720563965
 10
974.372908381886
 20
44.507112851894604
 10
974.4912537730995
 20
44.54492911555407
 10
974.6230042056185
 20
44.58702462243809
 10
974.7656068974336
 20
44.63258452555682
 10
974.9165091001297
 20
44.68079384379307
 10
975.0731581032618
 20
44.730837445571126
 10
975.2330012363032
 20
44.78190004225294
 10
975.3934858685232
 20
44.83316618969171
 10
975.5520594071603
 20
44.883820296383846
 10
975.7061692942268
 20
44.933046636796576
 10
975.8532630022357
 20
44.98002936866145
 10
975.9907880290843
 20
45.0239525532827
 10
976.1405736083342
 20
45.07182628896717
 10
976.3232648896121
 20
45.13028041973885
 10
976.5345332726336
 20
45.197928516005334
 10
976.7700501958491
 20
45.27338399379532
 10
977.025487158052
 20
45.35526003270047
 10
977.2965157324126
 20
45.44216952398304
 10
977.5788075738169
 20
45.532725045026524
 10
977.8680344206451
 20
45.62553885530542
 10
978.1598680921913
 20
45.71922290886137
 10
978.4499804828645
 20
45.812388878641514
 10
978.7340435541532
 20
45.90364818875126
 10
979.0502879188848
 20
46.004979325006914
 10
979.4338363874112
 20
46.12739069063389
 10
979.8756993419495
 20
46.268038112946144
 10
980.3668873137234
 20
46.42407685559752
 10
980.8984110151857
 20
46.59266150769214
 10
981.4612813507229
 20
46.77094595295189
 10
982.0465094112396
 20
46.956083397464866
 10
982.6451064579713
 20
47.145226435329675
 10
983.2480839000875
 20
47.33552713496745
 10
983.8464532695734
 20
47.52413713329723
 10
984.4312261957823
 20
47.70820772926254
 10
985.0010560143962
 20
47.88750954235908
 10
985.556038613055
 20
48.062274454990515
 10
986.0893495410546
 20
48.23034534400978
 10
986.5941643837095
 20
48.3895649628398
 10
987.0636587518651
 20
48.53777597843016
 10
987.4910082722375
 20
48.67282100498383
 10
987.8693885784276
 20
48.79254263508585
 10
988.1919753023635
 20
48.89478346914004
 10
988.4519440658659
 20
48.97738614425353
 10
988.6424704719482
 20
49.0381933639584
 10
988.7567300953747
 20
49.075047930474554
 10
988.8407243916434
 20
49.10235132294828
 10
988.943376901123
 20
49.13542749782751
 10
989.0622462998185
 20
49.173503063775
 10
989.1948912664644
 20
49.215804619804885
 10
989.3388704833723
 20
49.26155875238099
 10
989.4917426370289
 20
49.30999203339003
 10
989.651066418458
 20
49.360331018940315
 10
989.8144005233618
 20
49.41180224892216
 10
989.9793036520635
 20
49.46363224725802
 10
990.1433345092714
 20
49.515047522768754
 10
990.3040518036823
 20
49.56527457058604
 10
991.0921056134438
 20
49.81181313059862
 10
991.7477915329248
 20
50.0191763850092
 10
992.2848254105656
 20
50.1928669014961
 10
992.7169228792163
 20
50.33838803103278
 10
993.0577994667774
 20
50.46124355596942
 10
993.3211706694539
 20
50.56693747906205
 10
993.5207519966947
 20
50.660973921500286
 10
993.6702589923862
 20
50.74885711340747
 10
993.7834072340383
 20
50.83609146893181
 10
993.873912309929
 20
50.92818174216379
 10
993.955489773169
 20
51.030633260741325
 10
993.9847150001063
 20
51.072362166820355
 10
994.0100610835093
 20
51.114460747893986
 10
994.0317416298635
 20
51.15787574873596
 10
994.0499702627387
 20
51.20355395069825
 10
994.0649606278062
 20
51.25244217102929
 10
994.07692639868
 20
51.305487264379394
 10
994.0860812835382
 20
51.36363612650938
 10
994.0926390324673
 20
51.4278357002314
 10
994.0968134454633
 20
51.49903298362321
 10
994.098818380998
 20
51.57817504056746
 10
994.098867765041
 20
51.6662090136775
 10
994.0928571567946
 20
51.80794904461504
 10
994.0774757100912
 20
51.94073707320415
 10
994.0526463484553
 20
52.064713144248856
 10
994.0182920194294
 20
52.18001738648057
 10
993.9743356919945
 20
52.28679000627929
 10
993.9207003543712
 20
52.38517128161732
 10
993.8573090121716
 20
52.47530155620872
 10
993.7840846868679
 20
52.557321233846096
 10
993.7009504145536
 20
52.63137077290479
 10
993.6078292449754
 20
52.69759068099381
 10
993.5046442408157
 20
52.756121509731315
 10
993.4105792987276
 20
52.78980352315733
 10
993.1927979189148
 20
52.81711062149708
 10
992.7285733176235
 20
52.83833713447625
 10
991.8952079621541
 20
52.85373075463815
 10
990.5700719423015
 20
52.86343594545018
 10
988.630683592138
 20
52.86738938430031
 10
985.9548948468799
 20
52.865119132131895
 10
982.4213740672882
 20
52.85533784957303
 10
977.9110553555246
 20
52.835130051416456
 10
972.3120755653359
 20
52.79903287599085
 10
965.5341577172655
 20
52.747219057919864
 10
938.0005247251837
 20
52.864594465001545
 10
937.331874680898
 20
52.6692502470369
 10
936.8523359146225
 20
52.50616997662878
 10
936.3973434121291
 20
52.30526410294691
 10
935.9688643344768
 20
52.068485748940006
 10
935.5688671208966
 20
51.79778925298096
 10
935.1993213573655
 20
51.49513002714016
 10
934.8621976615843
 20
51.16246445332524
 10
934.5594675809798
 20
50.801749810206644
 10
934.2931035009184
 20
50.41494422565327
 10
934.0650785607717
 20
50.004006650846776
 10
933.8773665758232
 20
49.57089685344097
 10
933.7319419632695
 20
49.11757542817307
 10
933.5715719420857
 20
48.517470487482925
 10
933.5797592833402
 20
43.142250193845214
 10
933.5806710499269
 20
41.8644624449654
 10
933.581927405871
 20
40.80301366236084
 10
933.5842764073794
 20
39.93513438561155
 10
933.5884038357046
 20
39.23809624654736
 10
933.5949424401958
 20
38.68919002073763
 10
933.6044832007569
 20
38.26571271561501
 10
933.6175860659098
 20
37.94496105419864
 10
933.6347890611443
 20
37.704228962887655
 10
933.6566154394707
 20
37.52080726214173
 10
933.6835788834752
 20
37.37198434515474
 10
933.7161868659565
 20
37.235047090189425
 10
933.910891742411
 20
36.634660293364405
 10
934.1742322503545
 20
36.07040887253257
 10
934.5005581876612
 20
35.54673666460788
 10
934.8842213860383
 20
35.06808237035746
 10
935.3195762056145
 20
34.63887942197745
 10
935.8009800032393
 20
34.263555682948905
 10
936.3227935738279
 20
33.946532952128564
 10
936.8793815563687
 20
33.6922262284027
 10
937.46511278537
 20
33.505042674203
 10
938.0743605516915
 20
33.38938019524487
 10
938.7015027094761
 20
33.34962553012954
 10
938.9087683341588
 20
33.35076249177837
 10
939.0947166592533
 20
33.35711074504664
 10
939.2743694746852
 20
33.37271750115585
 10
939.4627478081103
 20
33.40163155699575
 10
939.6748721485363
 20
33.447902713327224
 10
939.925762642681
 20
33.51558130036821
 10
940.2304392518807
 20
33.608717826150595
 10
940.6039218630962
 20
33.73136275276269
 10
941.0612303507428
 20
33.88756640215607
 10
941.6173845861421
 20
34.08137899747993
 10
942.2874043874693
 20
34.31685086014066
 10
942.6186087856084
 20
34.433349522671946
 10
942.9649594577154
 20
34.555015567072076
 10
943.3208527022948
 20
34.67988895082058
 10
943.6806848075507
 20
34.80600966107443
 10
944.0388520511389
 20
34.931417715387326
 10
944.3897507002588
 20
35.05415316143858
 10
944.7277770122627
 20
35.17225607526376
 10
945.0473272359775
 20
35.283766557417096
 10
945.3427976139423
 20
35.38672472647923
 10
945.6085843857425
 20
35.47917070939073
 10
945.8390837925562
 20
35.55914462827886
 10
946.0475460951853
 20
35.631637164740354
 10
946.2493493743495
 20
35.7023610541753
 10
946.4420815952832
 20
35.77043951411282
 10
946.6233307056094
 20
35.834995810565815
 10
946.7906846306905
 20
35.89515327176484
 10
946.9417312692789
 20
35.95003530112581
 10
947.0740584897231
 20
35.998765388729794
 10
947.1852541270329
 20
36.04046712044595
 10
947.2729059811296
 20
36.07426418372705
 10
947.3346018166208
 20
36.09928036908212
 10
947.3679293643936
 20
36.11463956631131
 10
947.4244556670236
 20
36.14138189813481
 10
947.4855362292816
 20
36.161163280458865
 10
947.5508821159367
 20
36.174014762769616
 10
947.6202041397797
 20
36.179967403880426
 10
947.6932128708856
 20
36.17905224753818
 10
947.7696186463063
 20
36.171300295567605
 10
947.8491315805438
 20
36.15674247857369
 10
947.9314615771841
 20
36.135409624256
 10
948.0163183420865
 20
36.10733242343477
 10
948.1034113985403
 20
36.07254139394881
 10
948.1924501048087
 20
36.03106684265782
 10
948.2728703598866
 20
35.988657471099714
 10
948.3443907041508
 20
35.945045603041436
 10
948.40872142255
 20
35.89792574742616
 10
948.4675715719038
 20
35.84499286613688
 10
948.5226489788054
 20
35.78394207681244
 10
948.575660139013
 20
35.71246835049905
 10
948.6283100193633
 20
35.62826619393401
 10
948.6823017675357
 20
35.5290293021137
 10
948.7393363399309
 20
35.41245016146887
 10
948.801112063956
 20
35.27621957776259
 10
948.8693241587303
 20
35.11802609627452
 10
948.8949233221342
 20
35.05852521246128
 10
948.9272867039523
 20
34.9848132881379
 10
948.965591458826
 20
34.89868552170752
 10
949.0090149641939
 20
34.80193706016004
 10
949.0567351437672
 20
34.69636315242033
 10
949.1079307273756
 20
34.58375930722944
 10
949.1617814460304
 20
34.46592145331354
 10
949.2174681626478
 20
34.34464609642127
 10
949.2741729405927
 20
34.2217304655086
 10
949.3310790539671
 20
34.09897263894932
 10
949.3873709451907
 20
33.97817164113631
 10
949.447086648726
 20
33.850201143619344
 10
949.5139262338344
 20
33.70661995106603
 10
949.5865692299403
 20
33.5502559688144
 10
949.6636971212907
 20
33.38393812387193
 10
949.7439936254463
 20
33.21049690404922
 10
949.8261447961288
 20
33.03276485397802
 10
949.9088389673033
 20
32.85357699756571
 10
949.9907665636979
 20
32.675771156029896
 10
950.0706198092295
 20
32.50218813408473
 10
950.1470923681948
 20
32.33567175310711
 10
950.2188789541318
 20
32.179068717922405
 10
950.3885348469411
 20
31.817437485863156
 10
950.5407432562762
 20
31.519774027940063
 10
950.6826674106725
 20
31.282621287136504
 10
950.8214531933205
 20
31.1025012656016
 10
950.9642357737455
 20
30.975917973835802
 10
951.1181433917378
 20
30.899361284523973
 10
951.2902988936661
 20
30.869311046238348
 10
951.487819419814
 20
30.882241175025765
 10
951.7178144051402
 20
30.934623652896416
 10
951.9873817996022
 20
31.02293246970854
 10
952.303602118342
 20
31.143647573666666
  0
LWPOLYLINE
  5
B7
330
17
100
AcDbEntity
  8
SHEET_BORDER
 62
3
100
AcDbPolyline
 90
5
 70
0
 10
0.0
 20
0.0
 10
1200.0
 20
0.0
 10
1200.0
 20
600.0
 10
0.0
 20
600.0
 10
0.0
 20
0.0
  0
ENDSEC
  0
SECTION
  2
OBJECTS
  0
DICTIONARY
  5
A
330
0
100
AcDbDictionary
281
1
  3
ACAD_COLOR
350
B
  3
ACAD_GROUP
350
C
  3
ACAD_LAYOUT
350
D
  3
ACAD_MATERIAL
350
E
  3
ACAD_MLEADERSTYLE
350
F
  3
ACAD_MLINESTYLE
350
10
  3
ACAD_PLOTSETTINGS
350
11
  3
ACAD_PLOTSTYLENAME
350
12
  3
ACAD_SCALELIST
350
14
  3
ACAD_TABLESTYLE
350
15
  3
ACAD_VISUALSTYLE
350
16
  3
EZDXF_META
350
2D
  0
DICTIONARY
  5
B
330
A
100
AcDbDictionary
281
1
  0
DICTIONARY
  5
C
330
A
100
AcDbDictionary
281
1
  0
DICTIONARY
  5
D
330
A
100
AcDbDictionary
281
1
  3
Model
350
1A
  3
Layout1
350
1E
  0
DICTIONARY
  5
E
330
A
100
AcDbDictionary
281
1
  3
ByBlock
350
1F
  3
ByLayer
350
20
  3
Global
350
21
  0
DICTIONARY
  5
F
330
A
100
AcDbDictionary
281
1
  3
Standard
350
2C
  0
DICTIONARY
  5
10
330
A
100
AcDbDictionary
281
1
  3
Standard
350
22
  0
DICTIONARY
  5
11
330
A
100
AcDbDictionary
281
1
  0
ACDBDICTIONARYWDFLT
  5
12
330
A
100
AcDbDictionary
281
1
  3
Normal
350
13
100
AcDbDictionaryWithDefault
340
13
  0
ACDBPLACEHOLDER
  5
13
330
12
  0
DICTIONARY
  5
14
330
A
100
AcDbDictionary
281
1
  0
DICTIONARY
  5
15
330
A
100
AcDbDictionary
281
1
  0
DICTIONARY
  5
16
330
A
100
AcDbDictionary
281
1
  0
LAYOUT
  5
1A
330
D
100
AcDbPlotSettings
  1

  4
A3
  6

 40
7.5
 41
20.0
 42
7.5
 43
20.0
 44
420.0
 45
297.0
 46
0.0
 47
0.0
 48
0.0
 49
0.0
140
0.0
141
0.0
142
1.0
143
1.0
 70
1024
 72
1
 73
0
 74
5
  7

 75
16
 76
0
 77
2
 78
300
147
1.0
148
0.0
149
0.0
100
AcDbLayout
  1
Model
 70
1
 71
0
 10
0.0
 20
0.0
 11
420.0
 21
297.0
 12
0.0
 22
0.0
 32
0.0
 14
1e+20
 24
1e+20
 34
1e+20
 15
-1e+20
 25
-1e+20
 35
-1e+20
146
0.0
 13
0.0
 23
0.0
 33
0.0
 16
1.0
 26
0.0
 36
0.0
 17
0.0
 27
1.0
 37
0.0
 76
1
330
17
  0
LAYOUT
  5
1E
330
D
100
AcDbPlotSettings
  1

  4
A3
  6

 40
7.5
 41
20.0
 42
7.5
 43
20.0
 44
420.0
 45
297.0
 46
0.0
 47
0.0
 48
0.0
 49
0.0
140
0.0
141
0.0
142
1.0
143
1.0
 70
0
 72
1
 73
0
 74
5
  7

 75
16
 76
0
 77
2
 78
300
147
1.0
148
0.0
149
0.0
100
AcDbLayout
  1
Layout1
 70
1
 71
1
 10
0.0
 20
0.0
 11
420.0
 21
297.0
 12
0.0
 22
0.0
 32
0.0
 14
1e+20
 24
1e+20
 34
1e+20
 15
-1e+20
 25
-1e+20
 35
-1e+20
146
0.0
 13
0.0
 23
0.0
 33
0.0
 16
1.0
 26
0.0
 36
0.0
 17
0.0
 27
1.0
 37
0.0
 76
1
330
1B
  0
MATERIAL
  5
1F
102
{ACAD_REACTORS
330
E
102
}
330
E
100
AcDbMaterial
  1
ByBlock
  2

 70
0
 40
1.0
 71
1
 41
1.0
 91
-1023410177
 42
1.0
 72
1
  3

 73
1
 74
1
 75
1
 44
0.5
 73
0
 45
1.0
 46
1.0
 77
1
  4

 78
1
 79
1
170
1
 48
1.0
171
1
  6

172
1
173
1
174
1
140
1.0
141
1.0
175
1
  7

176
1
177
1
178
1
143
1.0
179
1
  8

270
1
271
1
272
1
145
1.0
146
1.0
273
1
  9

274
1
275
1
276
1
 42
1.0
 72
1
  3

 73
1
 74
1
 75
1
 94
63
  0
MATERIAL
  5
20
102
{ACAD_REACTORS
330
E
102
}
330
E
100
AcDbMaterial
  1
ByLayer
  2

 70
0
 40
1.0
 71
1
 41
1.0
 91
-1023410177
 42
1.0
 72
1
  3

 73
1
 74
1
 75
1
 44
0.5
 73
0
 45
1.0
 46
1.0
 77
1
  4

 78
1
 79
1
170
1
 48
1.0
171
1
  6

172
1
173
1
174
1
140
1.0
141
1.0
175
1
  7

176
1
177
1
178
1
143
1.0
179
1
  8

270
1
271
1
272
1
145
1.0
146
1.0
273
1
  9

274
1
275
1
276
1
 42
1.0
 72
1
  3

 73
1
 74
1
 75
1
 94
63
  0
MATERIAL
  5
21
102
{ACAD_REACTORS
330
E
102
}
330
E
100
AcDbMaterial
  1
Global
  2

 70
0
 40
1.0
 71
1
 41
1.0
 91
-1023410177
 42
1.0
 72
1
  3

 73
1
 74
1
 75
1
 44
0.5
 73
0
 45
1.0
 46
1.0
 77
1
  4

 78
1
 79
1
170
1
 48
1.0
171
1
  6

172
1
173
1
174
1
140
1.0
141
1.0
175
1
  7

176
1
177
1
178
1
143
1.0
179
1
  8

270
1
271
1
272
1
145
1.0
146
1.0
273
1
  9

274
1
275
1
276
1
 42
1.0
 72
1
  3

 73
1
 74
1
 75
1
 94
63
  0
MLINESTYLE
  5
22
102
{ACAD_REACTORS
330
10
102
}
330
10
100
AcDbMlineStyle
  2
Standard
 70
0
  3

 62
256
 51
90.0
 52
90.0
 71
2
 49
0.5
 62
256
  6
BYLAYER
 49
-0.5
 62
256
  6
BYLAYER
  0
MLEADERSTYLE
  5
2C
102
{ACAD_REACTORS
330
F
102
}
330
F
100
AcDbMLeaderStyle
179
2
170
2
171
1
172
0
 90
2
 40
0.0
 41
0.0
173
1
 91
-1056964608
 92
-2
290
1
 42
2.0
291
1
 43
8.0
  3
Standard
 44
4.0
300

342
29
174
1
175
1
176
0
178
1
 93
-1056964608
 45
4.0
292
0
297
0
 46
4.0
 94
-1056964608
 47
1.0
 49
1.0
140
1.0
294
1
141
0.0
177
0
142
1.0
295
0
296
0
143
3.75
271
0
272
9
273
9
  0
DICTIONARY
  5
2D
330
A
100
AcDbDictionary
280
1
281
1
  3
CREATED_BY_EZDXF
350
2E
  3
WRITTEN_BY_EZDXF
350
BA
  0
DICTIONARYVAR
  5
2E
330
2D
100
DictionaryVariables
280
0
  1
1.4.3 @ 2026-09-12T14:45:32.012873+00:00
  0
DICTIONARYVAR
  5
BA
330
2D
100
DictionaryVariables
280
0
  1
1.4.3 @ 2026-09-12T14:45:33.576419+00:00
  0
ENDSEC
  0
EOF
