  0
SECTION
  2
HEADER
  9
$ACADVER
  1
AC1024
  9
$ACADMAINTVER
 70
6
  9
$DWGCODEPAGE
  3
ANSI_1252
  9
$LASTSAVEDBY
  1
ezdxf
  9
$INSBASE
 10
0.0
 20
0.0
 30
0.0
  9
$EXTMIN
 10
1e+20
 20
1e+20
 30
1e+20
  9
$EXTMAX
 10
-1e+20
 20
-1e+20
 30
-1e+20
  9
$LIMMIN
 10
0.0
 20
0.0
  9
$LIMMAX
 10
420.0
 20
297.0
  9
$ORTHOMODE
 70
0
  9
$REGENMODE
 70
1
  9
$FILLMODE
 70
1
  9
$QTEXTMODE
 70
0
  9
$MIRRTEXT
 70
1
  9
$LTSCALE
 40
1.0
  9
$ATTMODE
 70
1
  9
$TEXTSIZE
 40
2.5
  9
$TRACEWID
 40
1.0
  9
$TEXTSTYLE
  7
Standard
  9
$CLAYER
  8
0
  9
$CELTYPE
  6
ByLayer
  9
$CECOLOR
 62
256
  9
$CELTSCALE
 40
1.0
  9
$DISPSILH
 70
0
  9
$DIMSCALE
 40
1.0
  9
$DIMASZ
 40
2.5
  9
$DIMEXO
 40
0.625
  9
$DIMDLI
 40
3.75
  9
$DIMRND
 40
0.0
  9
$DIMDLE
 40
0.0
  9
$DIMEXE
 40
1.25
  9
$DIMTP
 40
0.0
  9
$DIMTM
 40
0.0
  9
$DIMTXT
 40
2.5
  9
$DIMCEN
 40
2.5
  9
$DIMTSZ
 40
0.0
  9
$DIMTOL
 70
0
  9
$DIMLIM
 70
0
  9
$DIMTIH
 70
0
  9
$DIMTOH
 70
0
  9
$DIMSE1
 70
0
  9
$DIMSE2
 70
0
  9
$DIMTAD
 70
1
  9
$DIMZIN
 70
8
  9
$DIMBLK
  1

  9
$DIMASO
 70
1
  9
$DIMSHO
 70
1
  9
$DIMPOST
  1

  9
$DIMAPOST
  1

  9
$DIMALT
 70
0
  9
$DIMALTD
 70
3
  9
$DIMALTF
 40
0.03937007874
  9
$DIMLFAC
 40
1.0
  9
$DIMTOFL
 70
1
  9
$DIMTVP
 40
0.0
  9
$DIMTIX
 70
0
  9
$DIMSOXD
 70
0
  9
$DIMSAH
 70
0
  9
$DIMBLK1
  1

  9
$DIMBLK2
  1

  9
$DIMSTYLE
  2
ISO-25
  9
$DIMCLRD
 70
0
  9
$DIMCLRE
 70
0
  9
$DIMCLRT
 70
0
  9
$DIMTFAC
 40
1.0
  9
$DIMGAP
 40
0.625
  9
$DIMJUST
 70
0
  9
$DIMSD1
 70
0
  9
$DIMSD2
 70
0
  9
$DIMTOLJ
 70
0
  9
$DIMTZIN
 70
8
  9
$DIMALTZ
 70
0
  9
$DIMALTTZ
 70
0
  9
$DIMUPT
 70
0
  9
$DIMDEC
 70
2
  9
$DIMTDEC
 70
2
  9
$DIMALTU
 70
2
  9
$DIMALTTD
 70
3
  9
$DIMTXSTY
  7
Standard
  9
$DIMAUNIT
 70
0
  9
$DIMADEC
 70
0
  9
$DIMALTRND
 40
0.0
  9
$DIMAZIN
 70
0
  9
$DIMDSEP
 70
44
  9
$DIMATFIT
 70
3
  9
$DIMFRAC
 70
0
  9
$DIMLDRBLK
  1

  9
$DIMLUNIT
 70
2
  9
$DIMLWD
 70
-2
  9
$DIMLWE
 70
-2
  9
$DIMTMOVE
 70
0
  9
$DIMFXL
 40
1.0
  9
$DIMFXLON
 70
0
  9
$DIMJOGANG
 40
0.785398163397
  9
$DIMTFILL
 70
0
  9
$DIMTFILLCLR
 70
0
  9
$DIMARCSYM
 70
0
  9
$DIMLTYPE
  6

  9
$DIMLTEX1
  6

  9
$DIMLTEX2
  6

  9
$DIMTXTDIRECTION
 70
0
  9
$LUNITS
 70
2
  9
$LUPREC
 70
4
  9
$SKETCHINC
 40
1.0
  9
$FILLETRAD
 40
10.0
  9
$AUNITS
 70
0
  9
$AUPREC
 70
2
  9
$MENU
  1
.
  9
$ELEVATION
 40
0.0
  9
$PELEVATION
 40
0.0
  9
$THICKNESS
 40
0.0
  9
$LIMCHECK
 70
0
  9
$CHAMFERA
 40
0.0
  9
$CHAMFERB
 40
0.0
  9
$CHAMFERC
 40
0.0
  9
$CHAMFERD
 40
0.0
  9
$SKPOLY
 70
0
  9
$TDCREATE
 40
2461296.6844675927
  9
$TDUCREATE
 40
2458532.153996898
  9
$TDUPDATE
 40
2461296.6844675927
  9
$TDUUPDATE
 40
2458532.1544311
  9
$TDINDWG
 40
0.0
  9
$TDUSRTIMER
 40
0.0
  9
$USRTIMER
 70
1
  9
$ANGBASE
 50
0.0
  9
$ANGDIR
 70
0
  9
$PDMODE
 70
0
  9
$PDSIZE
 40
0.0
  9
$PLINEWID
 40
0.0
  9
$SPLFRAME
 70
0
  9
$SPLINETYPE
 70
6
  9
$SPLINESEGS
 70
8
  9
$HANDSEED
  5
70
  9
$SURFTAB1
 70
6
  9
$SURFTAB2
 70
6
  9
$SURFTYPE
 70
6
  9
$SURFU
 70
6
  9
$SURFV
 70
6
  9
$UCSBASE
  2

  9
$UCSNAME
  2

  9
$UCSORG
 10
0.0
 20
0.0
 30
0.0
  9
$UCSXDIR
 10
1.0
 20
0.0
 30
0.0
  9
$UCSYDIR
 10
0.0
 20
1.0
 30
0.0
  9
$UCSORTHOREF
  2

  9
$UCSORTHOVIEW
 70
0
  9
$UCSORGTOP
 10
0.0
 20
0.0
 30
0.0
  9
$UCSORGBOTTOM
 10
0.0
 20
0.0
 30
0.0
  9
$UCSORGLEFT
 10
0.0
 20
0.0
 30
0.0
  9
$UCSORGRIGHT
 10
0.0
 20
0.0
 30
0.0
  9
$UCSORGFRONT
 10
0.0
 20
0.0
 30
0.0
  9
$UCSORGBACK
 10
0.0
 20
0.0
 30
0.0
  9
$PUCSBASE
  2

  9
$PUCSNAME
  2

  9
$PUCSORG
 10
0.0
 20
0.0
 30
0.0
  9
$PUCSXDIR
 10
1.0
 20
0.0
 30
0.0
  9
$PUCSYDIR
 10
0.0
 20
1.0
 30
0.0
  9
$PUCSORTHOREF
  2

  9
$PUCSORTHOVIEW
 70
0
  9
$PUCSORGTOP
 10
0.0
 20
0.0
 30
0.0
  9
$PUCSORGBOTTOM
 10
0.0
 20
0.0
 30
0.0
  9
$PUCSORGLEFT
 10
0.0
 20
0.0
 30
0.0
  9
$PUCSORGRIGHT
 10
0.0
 20
0.0
 30
0.0
  9
$PUCSORGFRONT
 10
0.0
 20
0.0
 30
0.0
  9
$PUCSORGBACK
 10
0.0
 20
0.0
 30
0.0
  9
$USERI1
 70
0
  9
$USERI2
 70
0
  9
$USERI3
 70
0
  9
$USERI4
 70
0
  9
$USERI5
 70
0
  9
$USERR1
 40
0.0
  9
$USERR2
 40
0.0
  9
$USERR3
 40
0.0
  9
$USERR4
 40
0.0
  9
$USERR5
 40
0.0
  9
$WORLDVIEW
 70
1
  9
$SHADEDGE
 70
3
  9
$SHADEDIF
 70
70
  9
$TILEMODE
 70
1
  9
$MAXACTVP
 70
64
  9
$PINSBASE
 10
0.0
 20
0.0
 30
0.0
  9
$PLIMCHECK
 70
0
  9
$PEXTMIN
 10
1e+20
 20
1e+20
 30
1e+20
  9
$PEXTMAX
 10
-1e+20
 20
-1e+20
 30
-1e+20
  9
$PLIMMIN
 10
0.0
 20
0.0
  9
$PLIMMAX
 10
420.0
 20
297.0
  9
$UNITMODE
 70
0
  9
$VISRETAIN
 70
1
  9
$PLINEGEN
 70
0
  9
$PSLTSCALE
 70
1
  9
$TREEDEPTH
 70
3020
  9
$CMLSTYLE
  2
Standard
  9
$CMLJUST
 70
0
  9
$CMLSCALE
 40
20.0
  9
$PROXYGRAPHICS
 70
1
  9
$MEASUREMENT
 70
1
  9
$CELWEIGHT
370
-1
  9
$ENDCAPS
280
0
  9
$JOINSTYLE
280
0
  9
$LWDISPLAY
290
0
  9
$INSUNITS
 70
4
  9
$HYPERLINKBASE
  1

  9
$STYLESHEET
  1

  9
$XEDIT
290
1
  9
$CEPSNTYPE
380
0
  9
$PSTYLEMODE
290
1
  9
$FINGERPRINTGUID
  2
{E612907B-444B-4643-A6D2-4F73A9880854}
  9
$VERSIONGUID
  2
{78EF2644-8B32-45D9-9388-AAAB0C8E81DE}
  9
$EXTNAMES
290
1
  9
$PSVPSCALE
 40
0.0
  9
$OLESTARTUP
290
0
  9
$SORTENTS
280
127
  9
$INDEXCTL
280
0
  9
$HIDETEXT
280
1
  9
$XCLIPFRAME
280
1
  9
$HALOGAP
280
0
  9
$OBSCOLOR
 70
257
  9
$OBSLTYPE
280
0
  9
$INTERSECTIONDISPLAY
280
0
  9
$INTERSECTIONCOLOR
 70
257
  9
$DIMASSOC
280
2
  9
$PROJECTNAME
  1

  9
$CAMERADISPLAY
290
0
  9
$LENSLENGTH
 40
50.0
  9
$CAMERAHEIGHT
 40
0.0
  9
$STEPSPERSEC
 40
24.0
  9
$STEPSIZE
 40
100.0
  9
$3DDWFPREC
 40
2.0
  9
$PSOLWIDTH
 40
0.005
  9
$PSOLHEIGHT
 40
0.08
  9
$LOFTANG1
 40
1.570796326795
  9
$LOFTANG2
 40
1.570796326795
  9
$LOFTMAG1
 40
0.0
  9
$LOFTMAG2
 40
0.0
  9
$LOFTPARAM
 70
7
  9
$LOFTNORMALS
280
1
  9
$LATITUDE
 40
37.795
  9
$LONGITUDE
 40
-122.394
  9
$NORTHDIRECTION
 40
0.0
  9
$TIMEZONE
 70
-8000
  9
$LIGHTGLYPHDISPLAY
280
1
  9
$TILEMODELIGHTSYNCH
280
1
  9
$CMATERIAL
347
20
  9
$SOLIDHIST
280
0
  9
$SHOWHIST
280
1
  9
$DWFFRAME
280
2
  9
$DGNFRAME
280
2
  9
$REALWORLDSCALE
290
1
  9
$INTERFERECOLOR
 62
256
  9
$CSHADOW
280
0
  9
$SHADOWPLANELOCATION
 40
0.0
  0
ENDSEC
  0
SECTION
  2
CLASSES
  0
CLASS
  1
ACDBDICTIONARYWDFLT
  2
AcDbDictionaryWithDefault
  3
ObjectDBX Classes
 90
0
 91
0
280
0
281
0
  0
CLASS
  1
SUN
  2
AcDbSun
  3
SCENEOE
 90
1153
 91
0
280
0
281
0
  0
CLASS
  1
VISUALSTYLE
  2
AcDbVisualStyle
  3
ObjectDBX Classes
 90
4095
 91
0
280
0
281
0
  0
CLASS
  1
MATERIAL
  2
AcDbMaterial
  3
ObjectDBX Classes
 90
1153
 91
0
280
0
281
0
  0
CLASS
  1
SCALE
  2
AcDbScale
  3
ObjectDBX Classes
 90
1153
 91
0
280
0
281
0
  0
CLASS
  1
TABLESTYLE
  2
AcDbTableStyle
  3
ObjectDBX Classes
 90
4095
 91
0
280
0
281
0
  0
CLASS
  1
MLEADERSTYLE
  2
AcDbMLeaderStyle
  3
ACDB_MLEADERSTYLE_CLASS
 90
4095
 91
0
280
0
281
0
  0
CLASS
  1
DICTIONARYVAR
  2
AcDbDictionaryVar
  3
ObjectDBX Classes
 90
0
 91
0
280
0
281
0
  0
CLASS
  1
CELLSTYLEMAP
  2
AcDbCellStyleMap
  3
ObjectDBX Classes
 90
1152
 91
0
280
0
281
0
  0
CLASS
  1
MENTALRAYRENDERSETTINGS
  2
AcDbMentalRayRenderSettings
  3
SCENEOE
 90
1024
 91
0
280
0
281
0
  0
CLASS
  1
ACDBDETAILVIEWSTYLE
  2
AcDbDetailViewStyle
  3
ObjectDBX Classes
 90
1025
 91
0
280
0
281
0
  0
CLASS
  1
ACDBSECTIONVIEWSTYLE
  2
AcDbSectionViewStyle
  3
ObjectDBX Classes
 90
1025
 91
0
280
0
281
0
  0
CLASS
  1
RASTERVARIABLES
  2
AcDbRasterVariables
  3
ISM
 90
0
 91
0
280
0
281
0
  0
CLASS
  1
ACDBPLACEHOLDER
  2
AcDbPlaceHolder
  3
ObjectDBX Classes
 90
0
 91
0
280
0
281
0
  0
CLASS
  1
LAYOUT
  2
AcDbLayout
  3
ObjectDBX Classes
 90
0
 91
0
280
0
281
0
  0
ENDSEC
  0
SECTION
  2
TABLES
  0
TABLE
  2
VPORT
  5
8
330
0
100
AcDbSymbolTable
 70
1
  0
VPORT
  5
23
330
8
100
AcDbSymbolTableRecord
100
AcDbViewportTableRecord
  2
*Active
 70
0
 10
0.0
 20
0.0
 11
1.0
 21
1.0
 12
0.0
 22
0.0
 13
0.0
 23
0.0
 14
0.5
 24
0.5
 15
0.5
 25
0.5
 16
0.0
 26
0.0
 36
1.0
 17
0.0
 27
0.0
 37
0.0
 40
1000.0
 41
1.34
 42
50.0
 43
0.0
 44
0.0
 50
0.0
 51
0.0
 71
0
 72
1000
 73
1
 74
3
 75
0
 76
0
 77
0
 78
0
281
0
 65
0
146
0.0
  0
ENDTAB
  0
TABLE
  2
LTYPE
  5
2
330
0
100
AcDbSymbolTable
 70
3
  0
LTYPE
  5
24
330
2
100
AcDbSymbolTableRecord
100
AcDbLinetypeTableRecord
  2
ByBlock
 70
0
  3

 72
65
 73
0
 40
0.0
  0
LTYPE
  5
25
330
2
100
AcDbSymbolTableRecord
100
AcDbLinetypeTableRecord
  2
ByLayer
 70
0
  3

 72
65
 73
0
 40
0.0
  0
LTYPE
  5
26
330
2
100
AcDbSymbolTableRecord
100
AcDbLinetypeTableRecord
  2
Continuous
 70
0
  3

 72
65
 73
0
 40
0.0
  0
ENDTAB
  0
TABLE
  2
LAYER
  5
1
330
0
100
AcDbSymbolTable
 70
3
  0
LAYER
  5
27
330
1
100
AcDbSymbolTableRecord
100
AcDbLayerTableRecord
  2
0
 70
0
 62
7
  6
Continuous
370
-3
390
13
347
21
  0
LAYER
  5
28
330
1
100
AcDbSymbolTableRecord
100
AcDbLayerTableRecord
  2
Defpoints
 70
0
 62
7
  6
Continuous
290
0
370
-3
390
13
347
21
  0
LAYER
  5
2F
330
1
100
AcDbSymbolTableRecord
100
AcDbLayerTableRecord
  2
CUT
 70
0
 62
1
  6
Continuous
370
-3
390
13
347
21
  0
ENDTAB
  0
TABLE
  2
STYLE
  5
5
330
0
100
AcDbSymbolTable
 70
1
  0
STYLE
  5
29
330
5
100
AcDbSymbolTableRecord
100
AcDbTextStyleTableRecord
  2
Standard
 70
0
 40
0.0
 41
1.0
 50
0.0
 71
0
 42
2.5
  3
txt
  4

  0
ENDTAB
  0
TABLE
  2
VIEW
  5
7
330
0
100
AcDbSymbolTable
 70
0
  0
ENDTAB
  0
TABLE
  2
UCS
  5
6
330
0
100
AcDbSymbolTable
 70
0
  0
ENDTAB
  0
TABLE
  2
APPID
  5
3
330
0
100
AcDbSymbolTable
 70
3
  0
APPID
  5
2A
330
3
100
AcDbSymbolTableRecord
100
AcDbRegAppTableRecord
  2
ACAD
 70
0
  0
APPID
  5
6D
330
3
100
AcDbSymbolTableRecord
100
AcDbRegAppTableRecord
  2
HATCHBACKGROUNDCOLOR
 70
0
  0
APPID
  5
6E
330
3
100
AcDbSymbolTableRecord
100
AcDbRegAppTableRecord
  2
EZDXF
 70
0
  0
ENDTAB
  0
TABLE
  2
DIMSTYLE
  5
4
330
0
100
AcDbSymbolTable
 70
1
100
AcDbDimStyleTable
  0
DIMSTYLE
105
2B
330
4
100
AcDbSymbolTableRecord
100
AcDbDimStyleTableRecord
  2
Standard
 70
0
 40
1.0
 41
2.5
 42
0.625
 43
3.75
 44
1.25
 45
0.0
 46
0.0
 47
0.0
 48
0.0
 49
2.5
140
2.5
141
2.5
142
0.0
143
0.03937007874
144
1.0
145
0.0
146
1.0
147
0.625
148
0.0
 69
0
 70
0
 71
0
 72
0
 73
0
 74
0
 75
0
 76
0
 77
1
 78
8
 79
3
170
0
171
3
172
1
173
0
174
0
175
0
176
0
177
0
178
0
179
2
271
2
272
2
273
2
274
3
275
0
276
0
277
2
278
44
279
0
280
0
281
0
282
0
283
0
284
8
285
0
286
0
288
0
289
3
290
0
371
-2
372
-2
  0
ENDTAB
  0
TABLE
  2
BLOCK_RECORD
  5
9
330
0
100
AcDbSymbolTable
 70
2
  0
BLOCK_RECORD
  5
17
330
9
100
AcDbSymbolTableRecord
100
AcDbBlockTableRecord
  2
*Model_Space
340
1A
 70
0
280
1
281
0
  0
BLOCK_RECORD
  5
1B
330
9
100
AcDbSymbolTableRecord
100
AcDbBlockTableRecord
  2
*Paper_Space
340
1E
 70
0
280
1
281
0
  0
ENDTAB
  0
ENDSEC
  0
SECTION
  2
BLOCKS
  0
BLOCK
  5
18
330
17
100
AcDbEntity
  8
0
100
AcDbBlockBegin
  2
*Model_Space
 70
0
 10
0.0
 20
0.0
 30
0.0
  3
*Model_Space
  1

  0
ENDBLK
  5
19
330
17
100
AcDbEntity
  8
0
100
AcDbBlockEnd
  0
BLOCK
  5
1C
330
1B
100
AcDbEntity
  8
0
100
AcDbBlockBegin
  2
*Paper_Space
 70
0
 10
0.0
 20
0.0
 30
0.0
  3
*Paper_Space
  1

  0
ENDBLK
  5
1D
330
1B
100
AcDbEntity
  8
0
100
AcDbBlockEnd
  0
ENDSEC
  0
SECTION
  2
ENTITIES
  0
LWPOLYLINE
  5
30
330
17
100
AcDbEntity
  8
CUT
100
AcDbPolyline
 90
1428
 70
1
 10
57.95278018007442
 20
6.0910704447454975
 10
57.54616636374352
 20
6.274266467845422
 10
57.082668819274296
 20
6.522244349256226
 10
56.571803403452016
 20
6.828020999399087
 10
56.023085973061875
 20
7.184613328695207
 10
55.4460323848891
 20
7.585038247565706
 10
54.85015849571892
 20
8.022312666431674
 10
54.24498016233657
 20
8.489453495714372
 10
53.640013241527264
 20
8.97947764583489
 10
53.04477359007625
 20
9.485402027214434
 10
52.46877706476874
 20
10.000243550274064
 10
51.921539522389956
 20
10.517019125435013
 10
51.23849696752703
 20
11.153325412642857
 10
50.55281450564786
 20
11.734032273204065
 10
49.85957830747214
 20
12.261668525811956
 10
49.15387454371956
 20
12.738762989160108
 10
48.430789385109826
 20
13.167844481941927
 10
47.685409002362604
 20
13.551441822850848
 10
46.91281956619759
 20
13.89208383058022
 10
46.1081072473345
 20
14.192299323823534
 10
45.266358216493
 20
14.454617121274197
 10
44.3826586443928
 20
14.681566041625643
 10
43.45209470175356
 20
14.875674903571337
 10
42.03795913736057
 20
15.194262136900846
 10
40.74114632016717
 20
15.597989946957739
 10
39.56531337496526
 20
16.08356904064331
 10
38.514117426546754
 20
16.647710124858946
 10
37.5912155997036
 20
17.287123906505997
 10
36.800265019227695
 20
17.99852109248576
 10
36.14492280991098
 20
18.77861238969959
 10
35.62884609654537
 20
19.624108505048724
 10
35.25569200392279
 20
20.531720145434576
 10
35.02911765683517
 20
21.49815801775847
 10
34.95278018007442
 20
22.520132828921703
 10
34.91341809444322
 20
23.53922184205362
 10
34.7913152885265
 20
24.52447467781238
 10
34.580446938789535
 20
25.487193331974055
 10
34.2747882216976
 20
26.438679800315015
 10
33.868314313715985
 20
27.39023607861131
 10
33.35500039130995
 20
28.353164162639246
 10
32.728821630944786
 20
29.33876604817499
 10
31.98375320908577
 20
30.358343730994676
 10
31.113770302198184
 20
31.42319920687453
 10
30.1128480867473
 20
32.54463447159077
 10
28.9749617391984
 20
33.73395152091959
 10
27.971435124167023
 20
34.761381019264405
 10
27.147235390869163
 20
35.636893437031034
 10
26.48892983032954
 20
36.394147652704305
 10
25.98308573357285
 20
37.06680254476919
 10
25.6162703916238
 20
37.68851699171057
 10
25.375051095507104
 20
38.292949872013395
 10
25.245995136247473
 20
38.91376006416249
 10
25.215669804869627
 20
39.584606446642766
 10
25.27064239239826
 20
40.339147897939085
 10
25.397480189858094
 20
41.21104329653642
 10
25.58275048827383
 20
42.23395152091959
 10
25.805505612188306
 20
43.49787406526397
 10
25.98162376536486
 20
44.708301277103544
 10
26.110821665728885
 20
45.89229764063367
 10
26.192816031205723
 20
47.07692764005003
 10
26.22732357972076
 20
48.28925575954804
 10
26.214061029199364
 20
49.55634648332324
 10
26.15274509756688
 20
50.90526429557113
 10
26.0430925027487
 20
52.36307368048716
 10
25.884819962670186
 20
53.9568391222669
 10
25.67764419525669
 20
55.71362510510579
 10
25.4212819184336
 20
57.66049611319943
 10
25.279359043734964
 20
58.78006613519486
 10
25.182070427810977
 20
59.77228899433155
 10
25.13287873787001
 20
60.65774225008758
 10
25.13524664112036
 20
61.457003461941156
 10
25.192636804770366
 20
62.19065018937033
 10
25.30851189602837
 20
62.87925999185333
 10
25.486334582102707
 20
63.54341042886824
 10
25.729567530201713
 20
64.20367905989315
 10
26.04167340753372
 20
64.88064344440622
 10
26.426114881307058
 20
65.59488114188557
 10
26.88635461873006
 20
66.36696971180933
 10
27.90264020879672
 20
67.85736871376386
 10
29.133907579437448
 20
69.4000753326778
 10
30.556259017119856
 20
70.9750688144953
 10
32.145796808311566
 20
72.56232840516057
 10
33.878623239480184
 20
74.14183335061782
 10
35.73084059709333
 20
75.69356289681127
 10
37.678551167618615
 20
77.19749628968512
 10
39.69785723752367
 20
78.63361277518348
 10
41.7648610932761
 20
79.98189159925062
 10
43.85566502134353
 20
81.22231200783074
 10
45.946371308193555
 20
82.33485324686797
 10
52.7992111015585
 20
85.76318909277336
 10
47.12599564081646
 20
86.42398882254031
 10
44.638349970635616
 20
86.75424952617601
 10
42.34164402715369
 20
87.14676630369289
 10
40.21858293019317
 20
87.60877709333784
 10
38.25187179957646
 20
88.14751983335773
 10
36.424215755126035
 20
88.77023246199943
 10
34.7183199166643
 20
89.48415291750973
 10
33.116889404013726
 20
90.29651913813558
 10
31.602629336996763
 20
91.21456906212376
 10
30.158244835435845
 20
92.2455406277212
 10
28.76644101915341
 20
93.39667177317466
 10
27.40992300797192
 20
94.67520043673107
 10
25.229024128899837
 20
96.95348990044542
 10
23.35873075589494
 20
99.15256097882485
 10
21.771557421076352
 20
101.35480806692155
 10
20.440018656563208
 20
103.64262555978783
 10
19.33662899447465
 20
106.09840785247587
 10
18.433902966929807
 20
108.80454934003795
 10
17.704355106047828
 20
111.84344441752626
 10
17.12049994394783
 20
115.29748747999301
 10
16.654852012748968
 20
119.24907292249048
 10
16.279925844570364
 20
123.78059514007086
 10
15.968235971531165
 20
128.97444852778642
 10
15.767101378695624
 20
132.7037396055253
 10
15.570750500763957
 20
135.8757476917021
 10
15.357394092272063
 20
138.60640225710944
 10
15.105242907755827
 20
141.01163277254003
 10
14.792507701751127
 20
143.20736870878648
 10
14.397399228793855
 20
145.3095395366414
 10
13.898128243419904
 20
147.43407472689753
 10
13.272905500165166
 20
149.69690375034742
 10
12.499941753565516
 20
152.2139560777838
 10
11.557447758156854
 20
155.10116117999922
 10
10.423634268475062
 20
158.47444852778642
 10
9.358049310781567
 20
161.65440434411636
 10
8.458429841673063
 20
164.4253658405086
 10
7.708716475537592
 20
166.86464613767703
 10
7.092849826763214
 20
169.0495583563357
 10
6.594770509737982
 20
171.05741561719842
 10
6.19841913884995
 20
172.96553104097916
 10
5.887736328487168
 20
174.8512177483919
 10
5.646662693037694
 20
176.79178886015046
 10
5.45913884688958
 20
178.86455749696884
 10
5.3091054044308805
 20
181.14683677956094
 10
5.180502980049646
 20
183.71593982864073
 10
5.085972430710445
 20
186.03182483839035
 10
5.025096502422798
 20
188.08130476502296
 10
5.0
 20
189.89272836286696
 10
5.012807728255339
 20
191.49444438625082
 10
5.065644492002107
 20
192.91480158950293
 10
5.160635096053598
 20
194.18214872695174
 10
5.299904345223107
 20
195.32483455292564
 10
5.485577044323923
 20
196.37120782175305
 10
5.719777998169345
 20
197.34961728776244
 10
6.00463201157266
 20
198.2884117052822
 10
6.342263889347162
 20
199.21593982864073
 10
7.313057918436691
 20
201.49551016852428
 10
8.338466649070572
 20
203.49014823449085
 10
9.439099048698559
 20
205.21401855018945
 10
10.63556408477039
 20
206.6812856392691
 10
11.948470724735824
 20
207.9061140253788
 10
13.398427936044595
 20
208.9026682321675
 10
15.00604468614646
 20
209.6851127832843
 10
16.79192994249117
 20
210.2676122023781
 10
18.776692672528466
 20
210.66433101309792
 10
20.980941843708102
 20
210.8894337390928
 10
23.425286423479818
 20
210.95708490401168
 10
26.423349080362684
 20
210.89212262478375
 10
29.30729373885628
 20
210.7048471628205
 10
32.11777135940949
 20
210.3839292367629
 10
34.89543290247121
 20
209.918039565252
 10
37.68092932849033
 20
209.2958488669288
 10
40.51491159791573
 20
208.5060278604343
 10
43.43803067119632
 20
207.53724726440947
 10
46.490937508781016
 20
206.3781777974954
 10
49.71428307111868
 20
205.01749017833305
 10
53.14871831865821
 20
203.44385512556343
 10
56.8348942118485
 20
201.64594335782755
 10
62.81223049415137
 20
198.5692472602461
 10
68.33596645173654
 20
195.53421768219448
 10
73.47430172358978
 20
192.48811703777818
 10
78.29543594869693
 20
189.3782077411027
 10
82.86756876604375
 20
186.1517522062735
 10
87.25889981461606
 20
182.7560128473961
 10
91.53762873339969
 20
179.13825207857602
 10
95.77195516138042
 20
175.24573231391867
 10
100.03007873754407
 20
171.02571596752955
 10
104.38019910087644
 20
166.42546545351416
 10
108.8905158903633
 20
161.39224318597803
 10
110.44166552919344
 20
159.62148733794785
 10
111.95145229406194
 20
157.89861631844616
 10
113.40136402716587
 20
156.2447173181701
 10
114.77288857070232
 20
154.68087752781682
 10
116.04751376686832
 20
153.22818413808346
 10
117.20672745786098
 20
151.9077243396672
 10
118.23201748587735
 20
150.74058532326515
 10
119.10487169311452
 20
149.74785427957445
 10
119.8067779217696
 20
148.95061839929224
 10
120.31922401403963
 20
148.3699648731157
 10
120.62369781212166
 20
148.0269808917419
 10
120.90705565801912
 20
147.72873964401973
 10
121.1595987170794
 20
147.50912208318684
 10
121.38736771178316
 20
147.37256129567407
 10
121.59640336461072
 20
147.32349036791226
 10
121.79274639804268
 20
147.36634238633218
 10
121.98243753455944
 20
147.5055504373646
 10
122.17151749664151
 20
147.74554760744041
 10
122.3660270067694
 20
148.09076698299037
 10
122.57200678742359
 20
148.5456416504453
 10
122.79549756108455
 20
149.11460469623597
 10
123.04254005023276
 20
149.8020892067932
 10
123.29900559846132
 20
150.39347599555845
 10
123.72141203837222
 20
151.18619306210735
 10
124.29480227479209
 20
152.15823463481274
 10
125.0042192125475
 20
153.28759494204763
 10
125.83470575646501
 20
154.5522682121848
 10
126.77130481137127
 20
155.93024867359716
 10
127.79905928209283
 20
157.39953055465762
 10
128.9030120734563
 20
158.938108083739
 10
130.06820609028827
 20
160.52397548921422
 10
131.27968423741532
 20
162.13512699945616
 10
132.52248941966405
 20
163.7495568428377
 10
133.83243987155322
 20
165.4740898938876
 10
135.23887083605015
 20
167.4049203726011
 10
136.7171007306542
 20
169.50409652555084
 10
138.24244797286465
 20
171.73366659930946
 10
139.79023098018092
 20
174.05567884044956
 10
141.3357681701023
 20
176.43218149554383
 10
142.85437796012823
 20
178.8252228111649
 10
144.32137876775803
 20
181.19685103388542
 10
145.71208901049104
 20
183.50911441027802
 10
147.00182710582658
 20
185.72406118691532
 10
148.16591147126405
 20
187.80373961036995
 10
150.3149281190433
 20
191.66242834271986
 10
152.375008455121
 20
195.21014345403486
 10
154.3575104691463
 20
198.46223801132723
 10
156.2737921507683
 20
201.43406508160922
 10
158.13521148963613
 20
204.1409777318931
 10
159.95312647539893
 20
206.59832902919106
 10
161.73889509770586
 20
208.82147204051546
 10
163.50387534620606
 20
210.82575983287853
 10
165.25942521054864
 20
212.62654547329248
 10
167.01690268038277
 20
214.2391820287696
 10
168.78766574535754
 20
215.67902256632215
 10
171.8158820815406
 20
217.65833364979235
 10
174.55068232009123
 20
218.751673360702
 10
176.99296860102052
 20
218.95762559205485
 10
179.14364306433953
 20
218.27477423685468
 10
181.0036078500593
 20
216.70170318810517
 10
182.57376509819093
 20
214.23699633881012
 10
183.85501694874543
 20
210.8792375819732
 10
184.84826554173398
 20
206.62701081059825
 10
185.5544130171675
 20
201.47889991768892
 10
185.9743615150572
 20
195.43348879624904
 10
186.10901317541405
 20
188.4893613392823
 10
186.0739855823894
 20
183.75918342493844
 10
185.96054261503488
 20
179.50148381161037
 10
185.74047322974084
 20
175.55986580674426
 10
185.38556638289774
 20
171.7779327177863
 10
184.86761103089592
 20
167.99928785218276
 10
184.1583961301258
 20
164.06753451737976
 10
183.22971063697779
 20
159.8262760208235
 10
182.05334350784224
 20
155.1191156699602
 10
180.6010836991096
 20
149.78965677223607
 10
178.84472016717027
 20
143.68150263509727
 10
176.75604186841466
 20
136.63825656599002
 10
175.8877584601113
 20
133.71276071331607
 10
175.162039780448
 20
131.20443184865485
 10
174.57274065002986
 20
129.08007895994325
 10
174.1137158894619
 20
127.30651103511819
 10
173.77882031934928
 20
125.85053706211654
 10
173.5619087602971
 20
124.67896602887518
 10
173.45683603291042
 20
123.75860692333104
 10
173.45745695779445
 20
123.05626873342095
 10
173.5576263555542
 20
122.53876044708184
 10
173.7511990467948
 20
122.17289105225058
 10
174.03202985212138
 20
121.92546953686409
 10
174.31144158936286
 20
121.7783019120437
 10
174.57292340802056
 20
121.69615763039948
 10
174.81927652889678
 20
121.6816635314278
 10
175.05330217279376
 20
121.73744645462513
 10
175.27780156051386
 20
121.86613323948785
 10
175.49557591285932
 20
122.07035072551237
 10
175.7094264506325
 20
122.35272575219507
 10
175.92215439463564
 20
122.71588515903238
 10
176.13656096567112
 20
123.16245578552073
 10
176.35544738454118
 20
123.69506447115648
 10
176.58161487204814
 20
124.31633805543608
 10
177.67931304367625
 20
127.12400722068553
 10
179.00357147390037
 20
129.89642189379657
 10
180.522563925262
 20
132.59603557108431
 10
182.20446416030245
 20
135.185301748864
 10
184.01744594156312
 20
137.6266739234507
 10
185.92968303158554
 20
139.8826055911596
 10
187.909349192911
 20
141.91555024830586
 10
189.9246181880811
 20
143.68796139120457
 10
191.9436637796371
 20
145.1622925161709
 10
193.93465973012044
 20
146.30099711952005
 10
195.86577980207258
 20
147.0665286975671
 10
198.6814572612236
 20
147.53542249015987
 10
201.29656844079256
 20
147.28772584022556
 10
203.64203262256234
 20
146.4421037556907
 10
205.64876908831562
 20
145.11722124448204
 10
207.24769711983527
 20
143.4317433145261
 10
208.36973599890402
 20
141.50433497374956
 10
208.9458050073047
 20
139.45366123007906
 10
208.9068234268201
 20
137.39838709144118
 10
208.18371053923303
 20
135.4571775657626
 10
206.70738562632627
 20
133.7486976609699
 10
204.40876796988258
 20
132.3916123849897
 10
203.33607901993477
 20
131.99467009267477
 10
202.2860874310726
 20
131.7084309281386
 10
201.26212841848752
 20
131.5323504745374
 10
200.26753719737093
 20
131.46588431502732
 10
199.3056489829143
 20
131.50848803276463
 10
198.37979899030898
 20
131.65961721090554
 10
197.49332243474652
 20
131.9187274326062
 10
196.64955453141826
 20
132.28527428102282
 10
195.85183049551566
 20
132.75871333931164
 10
195.1034855422302
 20
133.33850019062882
 10
194.40785488675323
 20
134.0240904181306
 10
193.62232987869535
 20
135.1764313595226
 10
193.2347517914024
 20
136.38502481880465
 10
193.19760624192477
 20
137.5933052384511
 10
193.4633788473129
 20
138.74470706093643
 10
193.9845552246173
 20
139.78266472873497
 10
194.71362099088853
 20
140.6506126843211
 10
195.60306176317698
 20
141.29198537016924
 10
196.60536315853318
 20
141.65021722875372
 10
197.67301079400758
 20
141.66874270254897
 10
198.7584902866507
 20
141.29099623402936
 10
199.81428725351302
 20
140.46041226566928
 10
200.192477875398
 20
140.06097485164423
 10
200.49236333060492
 20
139.73598096887486
 10
200.7126416812739
 20
139.48277310921952
 10
200.85201098954497
 20
139.29869376453664
 10
200.90916931755834
 20
139.18108542668455
 10
200.88281472745416
 20
139.1272905875216
 10
200.77164528137254
 20
139.13465173890614
 10
200.5743590414536
 20
139.20051137269655
 10
200.28965406983752
 20
139.3222119807512
 10
199.91622842866443
 20
139.49709605492848
 10
199.45278018007443
 20
139.72250608708666
 10
198.72942285769068
 20
140.0361333821082
 10
198.05854462359787
 20
140.24336899790933
 10
197.44360354258527
 20
140.34585082066724
 10
196.88805767944197
 20
140.34521673655928
 10
196.39536509895726
 20
140.24310463176278
 10
195.9689838659203
 20
140.04115239245505
 10
195.6123720451203
 20
139.74099790481336
 10
195.32898770134656
 20
139.34427905501502
 10
195.12228889938817
 20
138.8526337292373
 10
194.9957337040344
 20
138.26769981365757
 10
194.95278018007443
 20
137.59111519445307
 10
194.99876258550438
 20
136.78556687576662
 10
195.13691988045193
 20
136.05796438374577
 10
195.36756718290357
 20
135.40804919943457
 10
195.69101961084576
 20
134.83556280387722
 10
196.10759228226502
 20
134.34024667811775
 10
196.61760031514774
 20
133.92184230320026
 10
197.2213588274805
 20
133.5800911601689
 10
197.91918293724976
 20
133.31473473006773
 10
198.711387762442
 20
133.12551449394084
 10
199.59828842104375
 20
133.01217193283236
 10
200.58020003104141
 20
132.97444852778642
 10
201.7959242594379
 20
133.06935273733768
 10
202.92023318897117
 20
133.34277717195044
 10
203.9401186425781
 20
133.77778954056316
 10
204.8425724431956
 20
134.35745755211437
 10
205.6145864137605
 20
135.06484891554254
 10
206.2431523772097
 20
135.8830313397861
 10
206.71526215648007
 20
136.7950725337836
 10
207.0179075745086
 20
137.78404020647352
 10
207.1380804542321
 20
138.83300206679428
 10
207.06277261858745
 20
139.92502582368445
 10
206.7789758905116
 20
141.0431791860824
 10
206.41450048548774
 20
141.95948341304648
 10
205.9932094241818
 20
142.77130270040382
 10
205.5091291729045
 20
143.48226489375116
 10
204.95628619796642
 20
144.09599783868532
 10
204.32870696567815
 20
144.6161293808031
 10
203.62041794235037
 20
145.04628736570132
 10
202.8254455942937
 20
145.39009963897672
 10
201.93781638781886
 20
145.65119404622615
 10
200.95155678923638
 20
145.83319843304636
 10
199.86069326485693
 20
145.9397406450342
 10
198.65925228099118
 20
145.9744485277864
 10
196.9826067974142
 20
145.7733077351871
 10
195.19618480444197
 20
145.19009333353173
 10
193.3319350795595
 20
144.25511728703412
 10
191.4218064002517
 20
142.99869155990814
 10
189.49774754400354
 20
141.45112811636756
 10
187.59170728830014
 20
139.64273892062627
 10
185.73563441062637
 20
137.60383593689807
 10
183.9614776884673
 20
135.36473112939677
 10
182.3011858993079
 20
132.95573646233623
 10
180.78670782063315
 20
130.40716389993028
 10
179.44999222992803
 20
127.74932540639274
 10
178.5095229694364
 20
125.63648627028985
 10
177.73245836036298
 20
123.75796325582517
 10
177.11729875318125
 20
122.10232174489067
 10
176.66254449836433
 20
120.65812711937832
 10
176.36669594638562
 20
119.41394476118009
 10
176.22825344771852
 20
118.35834005218796
 10
176.2457173528363
 20
117.47987837429386
 10
176.41758801221238
 20
116.76712510938982
 10
176.74236577632004
 20
116.20864563936776
 10
177.21855099563265
 20
115.79300534611968
 10
177.84464402062352
 20
115.50876961153755
 10
178.5726577673467
 20
115.14908833141867
 10
179.35381002923052
 20
114.53054149569422
 10
180.1711339452073
 20
113.68137018652091
 10
181.0076626542094
 20
112.62981548605555
 10
181.84642929516932
 20
111.40411847645485
 10
182.67046700701934
 20
110.03252023987555
 10
183.46280892869189
 20
108.54326185847444
 10
184.20648819911943
 20
106.96458441440822
 10
184.88453795723424
 20
105.32472898983363
 10
185.47999134196883
 20
103.65193666690746
 10
185.97588149225552
 20
101.97444852778642
 10
186.16585144782107
 20
101.28228931488226
 10
186.377076939921
 20
100.5633931926507
 10
186.60547849288136
 20
99.8291324358133
 10
186.8469766310279
 20
99.09087931909173
 10
187.09749187868658
 20
98.3600061172074
 10
187.3529447601833
 20
97.64788510488188
 10
187.609255799844
 20
96.9658885568368
 10
187.86234552199457
 20
96.32538874779362
 10
188.10813445096088
 20
95.73775795247394
 10
188.34254311106892
 20
95.21436844559923
 10
188.56149202664452
 20
94.76659250189115
 10
189.14493130535828
 20
93.50170048032868
 10
189.62888583745166
 20
92.16888617382935
 10
190.01238299215916
 20
90.78629269133987
 10
190.29445013871535
 20
89.37206314180682
 10
190.47411464635465
 20
87.94434063417683
 10
190.55040388431166
 20
86.52126827739653
 10
190.52234522182087
 20
85.1209891804125
 10
190.3889660281168
 20
83.7616464521713
 10
190.14929367243403
 20
82.46138320161964
 10
189.80235552400697
 20
81.23834253770406
 10
189.3471789520702
 20
80.11066756937123
 10
188.11719924421388
 20
77.86672900216757
 10
186.61489238470372
 20
75.7212168073128
 10
184.8651878969058
 20
73.6909821368267
 10
182.89301530418604
 20
71.79287614272911
 10
180.7233041299103
 20
70.04374997703962
 10
178.38098389744457
 20
68.46045479177803
 10
175.8909841301548
 20
67.05984173896408
 10
173.27823435140698
 20
65.85876197061748
 10
170.56766408456699
 20
64.87406663875794
 10
167.78420285300083
 20
64.1226068954052
 10
164.95278018007443
 20
63.62123389257903
 10
164.04857427200164
 20
63.51131069930207
 10
163.36725527830419
 20
63.44841838208191
 10
162.9165158031298
 20
63.43713935100084
 10
162.70404845062632
 20
63.48205601614126
 10
162.7375458249415
 20
63.587750787585435
 10
163.02470053022316
 20
63.75880607541572
 10
163.57320517061902
 20
63.999804289714376
 10
164.390752350277
 20
64.3153278405637
 10
165.48503467334487
 20
64.70995913804606
 10
166.86374474397036
 20
65.18828059224373
 10
168.53457516630132
 20
65.75487461323902
 10
170.90916304691254
 20
66.60323258092396
 10
173.1313419466099
 20
67.49729320050426
 10
175.19386886506928
 20
68.43221952886395
 10
177.08950080196658
 20
69.40317462288692
 10
178.81099475697778
 20
70.40532153945716
 10
180.35110772977882
 20
71.43382333545861
 10
181.70259672004565
 20
72.48384306777518
 10
182.85821872745424
 20
73.55054379329087
 10
183.8107307516805
 20
74.62908856888961
 10
184.55288979240035
 20
75.71464045145532
 10
185.07745284928973
 20
76.802362497872
 10
185.23549189891568
 20
77.19647606211595
 10
185.40738728929398
 20
77.5859950071177
 10
185.59000870185346
 20
77.96580854610434
 10
185.78022581802279
 20
78.33080589230298
 10
185.97490831923076
 20
78.67587625894072
 10
186.17092588690613
 20
78.99590885924462
 10
186.36514820247763
 20
79.2857929064418
 10
186.5544449473741
 20
79.54041761375927
 10
186.7356858030242
 20
79.75467219442419
 10
186.9057404508568
 20
79.92344586166362
 10
187.06147857230053
 20
80.04162782870463
 10
187.20950525643212
 20
80.19458753549776
 10
187.3571701448965
 20
80.46433657125891
 10
187.50245974797443
 20
80.84072737311294
 10
187.6433605759467
 20
81.31361237818507
 10
187.77785913909423
 20
81.87284402360032
 10
187.90394194769786
 20
82.50827474648372
 10
188.01959551203848
 20
83.20975698396038
 10
188.1228063423969
 20
83.96714317315528
 10
188.21156094905402
 20
84.77028575119351
 10
188.28384584229062
 20
85.60903715520013
 10
188.3376475323876
 20
86.4732498223002
 10
188.38620408184048
 20
87.65272640839663
 10
188.40451476077206
 20
88.69807446765415
 10
188.3900538938863
 20
89.62181094032002
 10
188.3402958058872
 20
90.43645276664134
 10
188.25271482147872
 20
91.15451688686534
 10
188.12478526536492
 20
91.7885202412391
 10
187.95398146224974
 20
92.35097977000976
 10
187.7377777368373
 20
92.85441241342454
 10
187.4736484138315
 20
93.31133511173056
 10
187.15906781793635
 20
93.73426480517497
 10
186.7915102738559
 20
94.13571843400496
 10
186.52074310752892
 20
94.42231409859914
 10
186.26199468787055
 20
94.72701974426096
 10
186.01816609166286
 20
95.044641891011
 10
185.79215839568795
 20
95.36998705886992
 10
185.5868726767278
 20
95.69786176785823
 10
185.40521001156458
 20
96.02307253799663
 10
185.2500714769803
 20
96.34042588930572
 10
185.12435814975711
 20
96.644728341806
 10
185.03097110667701
 20
96.93078641551818
 10
184.97281142452206
 20
97.19340663046282
 10
184.95278018007443
 20
97.42739550666053
 10
184.90207767986
 20
98.02832618036803
 10
184.76005656679072
 20
98.72446829778846
 10
184.5418464222275
 20
99.48370177532257
 10
184.26257682753138
 20
100.2739065293712
 10
183.93737736406308
 20
101.0629624763352
 10
183.58137761318375
 20
101.81874953261533
 10
183.2097071562542
 20
102.50914761461243
 10
182.83749557463548
 20
103.10203663872727
 10
182.4798724496885
 20
103.56529652136066
 10
182.15196736277412
 20
103.86680717891346
 10
181.86890989525332
 20
103.97444852778642
 10
181.77081684086465
 20
103.9444898501005
 10
181.7048171398301
 20
103.85750637902609
 10
181.67005187545465
 20
103.71783695753851
 10
181.66566213104304
 20
103.52982042861285
 10
181.69078898990034
 20
103.29779563522442
 10
181.7445735353313
 20
103.0261014203484
 10
181.8261568506409
 20
102.71907662695997
 10
181.9346800191341
 20
102.38106009803437
 10
182.06928412411574
 20
102.01639067654673
 10
182.22911024889072
 20
101.62940720547238
 10
182.41329947676397
 20
101.22444852778642
 10
183.00261968283593
 20
99.9245447033681
 10
183.49101390193246
 20
98.71544804925063
 10
183.87870854689882
 20
97.59489720327755
 10
184.16593003057983
 20
96.56063080329247
 10
184.35290476582068
 20
95.61038748713878
 10
184.43985916546643
 20
94.7419058926601
 10
184.42701964236213
 20
93.95292465769998
 10
184.31461260935285
 20
93.24118242010186
 10
184.10286447928368
 20
92.6044178177093
 10
183.79200166499973
 20
92.04036948836591
 10
183.382250579346
 20
91.5467760699151
 10
182.8408695485082
 20
91.0319520478483
 10
182.34704630527955
 20
90.62703404942826
 10
181.88835053310768
 20
90.33344308584671
 10
181.45235191544023
 20
90.15260016829575
 10
181.0266201357248
 20
90.08592630796727
 10
180.59872487740913
 20
90.13484251605328
 10
180.15623582394076
 20
90.30076980374574
 10
179.68672265876742
 20
90.58512918223653
 10
179.17775506533675
 20
90.9893416627176
 10
178.6169027270964
 20
91.51482825638098
 10
177.99173532749396
 20
92.16300997441857
 10
177.28111969343362
 20
93.09529509233371
 10
176.7147656548681
 20
94.18451086529069
 10
176.29242006976813
 20
95.39000864853222
 10
176.0138297961043
 20
96.67113979730118
 10
175.8787416918473
 20
97.98725566684027
 10
175.88690261496788
 20
99.29770761239234
 10
176.03805942343664
 20
100.5618469892002
 10
176.33195897522435
 20
101.73902515250654
 10
176.76834812830165
 20
102.78859345755421
 10
177.3469737406392
 20
103.669903259586
 10
178.06758267020774
 20
104.34230591384465
 10
178.39409405409893
 20
104.55464289812261
 10
178.7355060162081
 20
104.74627530486586
 10
179.08629639274872
 20
104.91570471044912
 10
179.44094301993408
 20
105.06143269124695
 10
179.79392373397755
 20
105.181960823634
 10
180.1397163710925
 20
105.2757906839849
 10
180.4727987674923
 20
105.34142384867428
 10
180.78764875939035
 20
105.37736189407678
 10
181.07874418300005
 20
105.38210639656697
 10
181.34056287453473
 20
105.35415893251951
 10
181.56758267020777
 20
105.292021078309
 10
181.7715636709094
 20
105.2268484800345
 10
181.96649041290638
 20
105.1900897935667
 10
182.150177385477
 20
105.18068610993768
 10
182.32043907789938
 20
105.19757852017975
 10
182.47508997945172
 20
105.23970811532499
 10
182.6119445794123
 20
105.30601598640564
 10
182.72881736705918
 20
105.3954432244538
 10
182.82352283167063
 20
105.5069309205017
 10
182.89387546252487
 20
105.6394201655815
 10
182.9376897489001
 20
105.79185205072531
 10
182.95278018007443
 20
105.9631676669654
 10
182.8627271151068
 20
106.76636068356552
 10
182.60072334014467
 20
107.62682238226822
 10
182.17900198509898
 20
108.53051996898056
 10
181.60979617988062
 20
109.46342064960962
 10
180.90533905440057
 20
110.41149163006244
 10
180.07786373856973
 20
111.3607001162461
 10
179.139603362299
 20
112.29701331406764
 10
178.1027910554994
 20
113.20639842943409
 10
176.97965994808183
 20
114.07482266825254
 10
175.78244316995725
 20
114.88825323643003
 10
174.52337385103655
 20
115.63265733987363
 10
173.63352139062727
 20
116.13091087948011
 10
172.86403326145245
 20
116.58389336284951
 10
172.2139867070009
 20
116.99247586309161
 10
171.6824589707614
 20
117.3575294533162
 10
171.26852729622252
 20
117.67992520663309
 10
170.97126892687317
 20
117.96053419615198
 10
170.78976110620204
 20
118.20022749498271
 10
170.72308107769783
 20
118.39987617623501
 10
170.77030608484935
 20
118.56035131301869
 10
170.93051337114528
 20
118.68252397844347
 10
171.20278018007443
 20
118.7672652456192
 10
171.46048115678363
 20
118.82946494127407
 10
171.70674336564917
 20
118.90856765578745
 10
171.93880572477767
 20
119.0025530543469
 10
172.15390715227582
 20
119.10940080214016
 10
172.34928656625027
 20
119.22709056435473
 10
172.52218288480773
 20
119.35360200617826
 10
172.6698350260549
 20
119.48691479279837
 10
172.78948190809848
 20
119.62500858940263
 10
172.87836244904514
 20
119.76586306117869
 10
172.93371556700157
 20
119.90745787331412
 10
172.95278018007443
 20
120.04777269099657
 10
172.82898267734166
 20
120.35382437007588
 10
172.47876672841687
 20
120.59569788276455
 10
171.93389717221018
 20
120.77376855126478
 10
171.22613884763157
 20
120.88841169777882
 10
170.38725659359125
 20
120.9400026445089
 10
169.4490152489993
 20
120.92891671365723
 10
168.44317965276585
 20
120.85552922742608
 10
167.40151464380097
 20
120.72021550801759
 10
166.3557850610148
 20
120.52335087763407
 10
165.3377557433175
 20
120.26531065847769
 10
164.37919152961908
 20
119.94647017275071
 10
163.54109939193353
 20
119.65206393251756
 10
162.82363865767027
 20
119.45080375310165
 10
162.22841765582433
 20
119.34151677682729
 10
161.75704471539075
 20
119.32303014601887
 10
161.41112816536454
 20
119.39417100300075
 10
161.19227633474085
 20
119.55376649009723
 10
161.10209755251464
 20
119.80064374963271
 10
161.142200147681
 20
120.13362992393152
 10
161.314192449235
 20
120.551552155318
 10
161.6196827861717
 20
121.05323758611652
 10
162.0602794874861
 20
121.63751335865143
 10
162.36729872024506
 20
122.02001916134546
 10
162.6074906178901
 20
122.33415424581676
 10
162.77898119595773
 20
122.58272793348422
 10
162.87989646998415
 20
122.76854954576672
 10
162.90836245550585
 20
122.89442840408313
 10
162.8625051680592
 20
122.9631738298524
 10
162.74045062318055
 20
122.97759514449334
 10
162.54032483640637
 20
122.94050166942482
 10
162.26025382327305
 20
122.85470272606577
 10
161.89836359931695
 20
122.72300763583502
 10
161.45278018007443
 20
122.5482257201515
 10
161.13920016504815
 20
122.42483712268348
 10
160.80240452267392
 20
122.29624811086113
 10
160.44830985700906
 20
122.1645158676706
 10
160.0828327721105
 20
122.03169757609825
 10
159.71188987203536
 20
121.89985041913032
 10
159.34139776084078
 20
121.77103157975301
 10
158.9772730425838
 20
121.64729824095264
 10
158.6254323213216
 20
121.53070758571539
 10
158.29179220111124
 20
121.42331679702757
 10
157.98226928600982
 20
121.32718305787542
 10
157.70278018007443
 20
121.24436355124519
 10
157.44507920336517
 20
121.15301743216686
 10
157.19881699449965
 20
121.03212711480326
 10
156.96675463537122
 20
120.88498467084005
 10
156.75165320787303
 20
120.71488217196287
 10
156.5562737938986
 20
120.52511168985738
 10
156.38337747534115
 20
120.3189652962092
 10
156.23572533409396
 20
120.09973506270396
 10
156.1160784520504
 20
119.87071306102732
 10
156.02719791110374
 20
119.63519136286486
 10
155.9718447931473
 20
119.39646203990226
 10
155.95278018007443
 20
119.15781716382517
 10
155.94521827027947
 20
118.86818621294404
 10
155.9219080493258
 20
118.6289844268611
 10
155.8819127798601
 20
118.43980494220983
 10
155.82429572452898
 20
118.30024089562372
 10
155.74812014597921
 20
118.20988542373627
 10
155.65244930685745
 20
118.16833166318094
 10
155.53634646981038
 20
118.1751727505912
 10
155.39887489748472
 20
118.23000182260057
 10
155.23909785252712
 20
118.3324120158425
 10
155.0560785975843
 20
118.48199646695046
 10
154.8488803953029
 20
118.67834831255797
 10
154.60985558048793
 20
118.87481753434842
 10
154.32872812398193
 20
119.02476380738136
 10
154.00061874248777
 20
119.12779480835462
 10
153.62064815270824
 20
119.1835182139661
 10
153.18393707134624
 20
119.1915417009135
 10
152.68560621510463
 20
119.15147294589471
 10
152.1207763006863
 20
119.06291962560756
 10
151.48456804479406
 20
118.92548941674981
 10
150.77210216413087
 20
118.73878999601932
 10
149.97849937539954
 20
118.5024290401139
 10
149.0988803953029
 20
118.21601422573136
 10
147.37355057060972
 20
117.61023516135333
 10
145.85577043101142
 20
117.01768425176503
 10
144.5173226906542
 20
116.41621556934838
 10
143.3299900636843
 20
115.78368318648525
 10
142.265555264248
 20
115.09794117555747
 10
141.29580100649147
 20
114.33684360894698
 10
140.392510004561
 20
113.4782445590356
 10
139.52746497260284
 20
112.4999980982052
 10
138.67244862476323
 20
111.37995829883768
 10
137.79924367518836
 20
110.09597923331488
 10
136.87963283802452
 20
108.6259149740187
 10
136.39624147204822
 20
107.84849949415359
 10
135.88864787056494
 20
107.06892884330458
 10
135.36517495384592
 20
106.29805680378675
 10
134.8341456421625
 20
105.54673715791523
 10
134.3038828557859
 20
104.82582368800502
 10
133.78270951498752
 20
104.14617017637119
 10
133.27894854003858
 20
103.51863040532885
 10
132.8009228512105
 20
102.954058157193
 10
132.3569553687745
 20
102.46330721427873
 10
131.9553690130019
 20
102.0572313589011
 10
131.604486704164
 20
101.74668437337522
 10
131.24563739840895
 20
101.44888092521325
 10
130.94480674599492
 20
101.17841103051498
 10
130.70205291339215
 20
100.93541100739711
 10
130.5174340670706
 20
100.72001717397666
 10
130.39100837350048
 20
100.5323658483704
 10
130.32283399915192
 20
100.37259334869523
 10
130.312969110495
 20
100.24083599306798
 10
130.36147187399988
 20
100.13723009960549
 10
130.46840045613666
 20
100.0619119864246
 10
130.63381302337552
 20
100.01501797164224
 10
130.8577677421865
 20
99.99668437337522
 10
131.12066383131454
 20
99.97999015525704
 10
131.32490659941277
 20
99.9373918943609
 10
131.46994785143275
 20
99.86625038536096
 10
131.5552393923261
 20
99.76392642293135
 10
131.58023302704433
 20
99.62778080174627
 10
131.5443805605391
 20
99.45517431647983
 10
131.44713379776195
 20
99.24346776180619
 10
131.28794454366457
 20
98.99002193239946
 10
131.06626460319848
 20
98.6921976229338
 10
130.78154578131532
 20
98.34735562808339
 10
130.4332398829666
 20
97.95285674252233
 10
130.16141639078472
 20
97.6308853608353
 10
129.89695790361563
 20
97.27591907441882
 10
129.64310046592448
 20
96.89466336787092
 10
129.40308012217648
 20
96.49382372578964
 10
129.18013291683695
 20
96.08010563277304
 10
128.97749489437106
 20
95.66021457341915
 10
128.79840209924407
 20
95.24085603232609
 10
128.64609057592125
 20
94.8287354940918
 10
128.52379636886772
 20
94.4305584433144
 10
128.43475552254884
 20
94.05303036459188
 10
128.3822040814298
 20
93.70285674252233
 10
128.34173342040353
 20
93.35019482660331
 10
128.28776849421618
 20
92.9654421153937
 10
128.2217957171127
 20
92.55566446708343
 10
128.1453015033379
 20
92.12792773986274
 10
128.05977226713665
 20
91.68929779192149
 10
127.96669442275396
 20
91.24684048144985
 10
127.86755438443458
 20
90.80762166663783
 10
127.76383856642354
 20
90.37870720567537
 10
127.65703338296566
 20
89.96716295675265
 10
127.54862524830585
 20
89.58005477805966
 10
127.44010057668902
 20
89.22444852778642
 10
127.330920374067
 20
88.85193468164235
 10
127.25134682889035
 20
88.50977774992555
 10
127.20119002787882
 20
88.19905665393355
 10
127.18026005775229
 20
87.92085031496381
 10
127.18836700523062
 20
87.67623765431381
 10
127.22532095703363
 20
87.46629759328101
 10
127.2909319998812
 20
87.29210905316287
 10
127.38501022049311
 20
87.15475095525687
 10
127.50736570558928
 20
87.05530222086048
 10
127.65780854188955
 20
86.99484177127118
 10
127.83614881611376
 20
86.97444852778642
 10
128.00058138360907
 20
86.93631930164068
 10
128.15771515856764
 20
86.82561306572782
 10
128.30578836348053
 20
86.64785198383453
 10
128.44303922083893
 20
86.40855821974733
 10
128.5677059531338
 20
86.113253937253
 10
128.67802678285645
 20
85.76746130013805
 10
128.7722399324979
 20
85.37670247218915
 10
128.84858362454932
 20
84.9464996171929
 10
128.9052960815018
 20
84.48237489893592
 10
128.94061552584645
 20
83.98985048120488
 10
128.95278018007443
 20
83.47444852778642
 10
128.9633627623076
 20
82.95904657436799
 10
128.99408874244673
 20
82.46652215663693
 10
129.0434254706512
 20
82.00239743837997
 10
129.10984029708027
 20
81.57219458338372
 10
129.19180057189322
 20
81.18143575543482
 10
129.2877736452495
 20
80.83564311831984
 10
129.39622686730834
 20
80.54033883582551
 10
129.51562758822914
 20
80.30104507173834
 10
129.64444315817119
 20
80.12328398984502
 10
129.78114092729382
 20
80.01257775393216
 10
129.92418824575637
 20
79.97444852778642
 10
130.07641010522477
 20
79.93904281779396
 10
130.2397456796127
 20
79.83624417016063
 10
130.41133359245106
 20
79.67118030840251
 10
130.5883124672707
 20
79.44897895603583
 10
130.76782092760257
 20
79.17476783657679
 10
130.9469975969775
 20
78.85367467354149
 10
131.12298109892643
 20
78.49082719044608
 10
131.29291005698022
 20
78.09135311080672
 10
131.45392309466982
 20
77.66038015813953
 10
131.6031588355261
 20
77.20303605596072
 10
131.73775590307991
 20
76.72444852778642
 10
131.87370878175776
 20
76.24586099961215
 10
132.02688105008448
 20
75.78851689743334
 10
132.19421497273862
 20
75.35754394476615
 10
132.3726528143985
 20
74.95806986512679
 10
132.5591368397426
 20
74.59522238203135
 10
132.7506093134494
 20
74.27412921899602
 10
132.94401250019726
 20
73.99991809953701
 10
133.13628866466473
 20
73.77771674717036
 10
133.32438007153021
 20
73.61265288541227
 10
133.50522898547217
 20
73.50985423777891
 10
133.67577767116902
 20
73.47444852778642
 10
133.860327397572
 20
73.4449855499904
 10
134.08182760901252
 20
73.35944131790674
 10
134.33519283323912
 20
73.22208288349205
 10
134.61533759800042
 20
73.03717729870314
 10
134.91717643104496
 20
72.80899161549658
 10
135.23562386012136
 20
72.54179288582904
 10
135.5655944129782
 20
72.23984816165725
 10
135.9020026173641
 20
71.90742449493777
 10
136.23976300102763
 20
71.54878893762736
 10
136.57379009171737
 20
71.16820854168265
 10
136.8989984171819
 20
70.76995035906035
 10
137.24668207552008
 20
70.35206569827625
 10
137.60108043444146
 20
69.97224773995143
 10
137.95853738117287
 20
69.63267861401027
 10
138.31539680294117
 20
69.33554045037752
 10
138.66800258697324
 20
69.08301537897768
 10
139.01269862049602
 20
68.87728552973527
 10
139.3458287907363
 20
68.7205330325749
 10
139.6637369849211
 20
68.61494001742108
 10
139.9627670902772
 20
68.56268861419835
 10
140.23926299403146
 20
68.56596095283135
 10
140.48956858341086
 20
68.62693916324457
 10
140.70503775917797
 20
68.69988114023528
 10
140.91094274193912
 20
68.75061092414595
 10
141.1049749333825
 20
68.7796534321939
 10
141.28482573519628
 20
68.78753358159673
 10
141.44818654906874
 20
68.7747762895718
 10
141.592748776688
 20
68.7419064733366
 10
141.71620381974233
 20
68.68944905010855
 10
141.81624307991996
 20
68.61792893710506
 10
141.89055795890903
 20
68.52787105154366
 10
141.93683985839778
 20
68.4198003106417
 10
141.95278018007443
 20
68.2942416316167
 10
141.8627989232735
 20
67.89100324731464
 10
141.6106058272293
 20
67.5912813449037
 10
141.22282690347998
 20
67.39169702466535
 10
140.7260881635634
 20
67.2888713868812
 10
140.1470156190176
 20
67.27942553183271
 10
139.5122352813806
 20
67.35998055980144
 10
138.84837316219037
 20
67.52715757106887
 10
138.18205527298497
 20
67.77757766591654
 10
137.53990762530233
 20
68.10786194462597
 10
136.9485562306805
 20
68.51463150747867
 10
136.43462710065748
 20
68.99450745475616
 10
136.01692016784494
 20
69.43581935598147
 10
135.64065044659952
 20
69.75626770228263
 10
135.2782187585828
 20
69.93448250756904
 10
134.90202592545631
 20
69.94909378575008
 10
134.4844727688817
 20
69.77873155073513
 10
133.9979601105204
 20
69.40202581643354
 10
133.41488877203415
 20
68.79760659675469
 10
132.70765957508445
 20
67.9441039056079
 10
131.84867334133284
 20
66.82014775690254
 10
130.810330892441
 20
65.40436816454806
 10
129.56503305007038
 20
63.675395142453766
 10
128.71320381587137
 20
62.49172104780814
 10
127.72190527848437
 20
61.1204598214172
 10
126.61247034987855
 20
59.590827072999446
 10
125.40623194202297
 20
57.93203841227344
 10
124.12452296688681
 20
56.17330944895784
 10
122.78867633643915
 20
54.343855792771194
 10
121.42002496264917
 20
52.47289305343202
 10
120.03990175748595
 20
50.589636840658954
 10
118.66963963291863
 20
48.72330276417051
 10
117.33057150091634
 20
46.90310643368528
 10
116.04403027344821
 20
45.15826345892185
 10
107.689584909817
 20
33.84207839005731
 10
108.19213723727924
 20
27.581335380848202
 10
108.54560526963095
 20
24.550104598669662
 10
109.09606244555866
 20
21.80110590899494
 10
109.842419130645
 20
19.33565824954303
 10
110.78358569047268
 20
17.15508055803295
 10
111.9184724906244
 20
15.260691772183549
 10
113.24598989668286
 20
13.653810829713848
 10
114.76504827423076
 20
12.33575666834281
 10
116.47455798885082
 20
11.307848225789343
 10
118.37342940612572
 20
10.57140443977238
 10
120.46057289163821
 20
10.127744248010941
 10
122.73489881097089
 20
9.978186588223963
 10
124.05744224769867
 20
10.022623384336924
 10
125.38343324904375
 20
10.15438974658008
 10
126.69682776789455
 20
10.367724626752448
 10
127.98158175713945
 20
10.65686697665322
 10
129.2216511696669
 20
11.016055748081527
 10
130.4009919583653
 20
11.439529892836362
 10
131.50356007612308
 20
11.921528362716913
 10
132.5133114758287
 20
12.456290109522172
 10
133.41420211037052
 20
13.038054085051328
 10
134.19018793263703
 20
13.661059241103487
 10
134.82522489551658
 20
14.319544529477696
 10
135.12439642593085
 20
14.694456477887854
 10
135.34134536167576
 20
15.008689703339257
 10
135.46783581315916
 20
15.26750603812593
 10
135.49563189078896
 20
15.476167314542096
 10
135.41649770497298
 20
15.639935364881865
 10
135.22219736611925
 20
15.76407202143929
 10
134.90449498463556
 20
15.853839116508595
 10
134.45515467092991
 20
15.914498482383834
 10
133.86594053541015
 20
15.951311951359116
 10
133.12861668848416
 20
15.969541355728609
 10
132.23494724055988
 20
15.974448527786421
 10
130.82503893954075
 20
16.088065202700477
 10
129.20262569484987
 20
16.412050349854326
 10
127.42137384600431
 20
16.921106652865575
 10
125.53494973252117
 20
17.58993679535206
 10
123.59701969391764
 20
18.393243460931302
 10
121.66125006971075
 20
19.305729333221052
 10
119.78130719941768
 20
20.302097095838974
 10
118.01085742255552
 20
21.35704943240262
 10
116.40356707864143
 20
22.445289026529764
 10
115.01310250719246
 20
23.541518561838046
 10
113.8931300477258
 20
24.6204407219451
 10
113.34038952441244
 20
25.23260922199313
 10
112.9173216636936
 20
25.717393340174908
 10
112.63249450646663
 20
26.07257510916449
 10
112.49447609362886
 20
26.295936561635898
 10
112.51183446607766
 20
26.3852597302631
 10
112.69313766471043
 20
26.338326647720066
 10
113.04695373042452
 20
26.152919346680847
 10
113.58185070411727
 20
25.826819859819352
 10
114.30639662668611
 20
25.357810219809664
 10
115.22915953902839
 20
24.743672459325666
 10
116.35870748204141
 20
23.982188611041465
 10
119.03623757629185
 20
22.27077471465884
 10
121.64488914793841
 20
20.802097789352587
 10
124.17428803735532
 20
19.57837095825124
 10
126.6140600849167
 20
18.601807344483376
 10
128.9538311309967
 20
17.874620071177503
 10
131.1832270159695
 20
17.399022261462193
 10
133.29187358020926
 20
17.177227038465958
 10
135.26939666409015
 20
17.211447525317254
 10
137.10542210798636
 20
17.50389684514471
 10
138.78957575227201
 20
18.056788121076806
 10
140.3114834373213
 20
18.872334476242145
 10
141.03080547911225
 20
19.40175579710092
 10
141.80447324225713
 20
20.067638003055038
 10
142.60657781338705
 20
20.838303099206655
 10
143.41121027913312
 20
21.682073090657866
 10
144.19246172612654
 20
22.567269982510908
 10
144.9244232409984
 20
23.462215779867876
 10
145.58118591037987
 20
24.335232487830893
 10
146.13684082090214
 20
25.15464211150214
 10
146.5654790591963
 20
25.888766655983716
 10
146.84119171189352
 20
26.50592812637774
 10
146.9380698656249
 20
26.97444852778642
 10
146.87926428058782
 20
27.049738672967635
 10
146.70896470775784
 20
27.12492278728365
 10
146.4356575641867
 20
27.19897138889317
 10
146.06782926692628
 20
27.27085499595495
 10
145.6139662330284
 20
27.339544126627715
 10
145.08255487954486
 20
27.404009299070168
 10
144.48208162352753
 20
27.463221031441066
 10
143.82103288202822
 20
27.516149841898994
 10
143.10789507209873
 20
27.561766248602765
 10
142.35115461079093
 20
27.59904076971111
 10
141.55929791515663
 20
27.62694392338267
 10
139.81348634948313
 20
27.735452834155012
 10
138.08265795507165
 20
27.96164620938464
 10
136.3663807407174
 20
28.305704232766544
 10
134.66422271521537
 20
28.767807087995976
 10
132.9757518873608
 20
29.3481349587681
 10
131.30053626594867
 20
30.046868028777908
 10
129.63814385977415
 20
30.864186481720623
 10
127.98814267763245
 20
31.80027050129138
 10
126.35010072831861
 20
32.85530027118523
 10
124.72358602062772
 20
34.02945597509739
 10
123.10816656335496
 20
35.322917796722976
 10
121.76423777121695
 20
36.472048760921865
 10
120.73261453765235
 20
37.39530228080696
 10
120.00913604808713
 20
38.09230082683169
 10
119.58964148794715
 20
38.56266686944949
 10
119.46997004265836
 20
38.8060228791137
 10
119.64596089764666
 20
38.82199132627787
 10
120.11345323833797
 20
38.61019468139537
 10
120.86828625015823
 20
38.17025541491958
 10
121.90629911853335
 20
37.50179599730393
 10
123.22333102888925
 20
36.60443889900188
 10
124.81522116665181
 20
35.47780659046683
 10
126.46713689946486
 20
34.34387062106006
 10
128.11406016412576
 20
33.319424690153255
 10
129.7568654574871
 20
32.404153558251124
 10
131.3964272764014
 20
31.597741985858733
 10
133.0336201177212
 20
30.899874733480743
 10
134.66931847829915
 20
30.310236561622048
 10
136.30439685498774
 20
29.828512230787425
 10
137.9397297446396
 20
29.454386501481736
 10
139.5761916441073
 20
29.18754413420976
 10
141.21465705024337
 20
29.027669889476414
 10
142.8560004599004
 20
28.97444852778642
 10
144.52524156799578
 20
29.028842267176856
 10
146.02134877300946
 20
29.191249051651454
 10
147.34275179097918
 20
29.460507230664916
 10
148.48788033794253
 20
29.835455153672285
 10
149.4551641299372
 20
30.314931170128318
 10
150.2430328830009
 20
30.89777362948803
 10
150.84991631317135
 20
31.582820881206146
 10
151.2742441364862
 20
32.36891127473751
 10
151.51444606898312
 20
33.25488315953709
 10
151.56895182669984
 20
34.23957488505971
 10
151.436191125674
 20
35.321824800760254
 10
151.12067126585703
 20
36.8568866326963
 10
150.83452586607305
 20
38.13770672131332
 10
150.56293265080694
 20
39.18747486893727
 10
150.29106934454367
 20
40.02938087789411
 10
150.00411367176824
 20
40.68661455050972
 10
149.68724335696552
 20
41.18236568911004
 10
149.3256361246206
 20
41.53982409602099
 10
148.90446969921834
 20
41.782179573568555
 10
148.40892180524375
 20
41.932621924078546
 10
147.82417016718176
 20
42.01434094987701
 10
147.13539250951735
 20
42.05052645328979
 10
146.70222795912602
 20
42.07662437089522
 10
146.2140211301969
 20
42.130576600056855
 10
145.6805267078478
 20
42.21010592176941
 10
145.11149937719654
 20
42.312935117027564
 10
144.51669382336092
 20
42.43678696682599
 10
143.90586473145876
 20
42.57938425215937
 10
143.28876678660794
 20
42.73844975402241
 10
142.67515467392627
 20
42.911706253409704
 10
142.0747830785316
 20
43.096876531315985
 10
141.49740668554168
 20
43.2916833687359
 10
140.95278018007443
 20
43.493849546664194
 10
140.09953743706743
 20
43.82893712697489
 10
139.42869974903297
 20
44.1011153882761
 10
138.9499846441504
 20
44.31378002647986
 10
138.67310965059897
 20
44.47032673749834
 10
138.60779229655802
 20
44.57415121724358
 10
138.76375011020687
 20
44.62864916162775
 10
139.1507006197248
 20
44.63721626656297
 10
139.77836135329125
 20
44.603248227961274
 10
140.65644983908544
 20
44.53014074173484
 10
141.79468360528674
 20
44.42128950379572
 10
143.20278018007443
 20
44.28009021005602
 10
148.95278018007443
 20
43.69908570557686
 10
148.95278018007443
 20
46.771667455507156
 10
148.9911018015359
 20
47.81976982145579
 10
149.10060242974123
 20
48.87498693142018
 10
149.27308571042153
 20
49.91478753767899
 10
149.5003552893079
 20
50.91664039251094
 10
149.7742148121315
 20
51.85801424819462
 10
150.08646792462355
 20
52.71637785700864
 10
150.42891827251518
 20
53.46919997123172
 10
150.79336950153748
 20
54.093949343142356
 10
151.17162525742165
 20
54.56809472501925
 10
151.5554891858989
 20
54.86910486914107
 10
151.93676493270027
 20
54.97444852778642
 10
152.10489817700574
 20
54.92604402106679
 10
152.24681609159802
 20
54.78201048541379
 10
152.36239411213057
 20
54.544117897586545
 10
152.45150767425687
 20
54.21413623434415
 10
152.51403221363037
 20
53.79383547244572
 10
152.5498431659047
 20
53.28498558865033
 10
152.55881596673314
 20
52.68935655971703
 10
152.54082605176933
 20
52.00871836240489
 10
152.49574885666678
 20
51.244840973473
 10
152.4234598170789
 20
50.3994943696805
 10
152.3238343686592
 20
49.47444852778642
 10
152.18674023679083
 20
48.255843511222366
 10
152.0877804021438
 20
47.22849021913447
 10
152.03019049814196
 20
46.37654507780155
 10
152.0172061582092
 20
45.68416451350265
 10
152.05206301576933
 20
45.135504952516555
 10
152.13799670424635
 20
44.71472282112211
 10
152.27824285706404
 20
44.40597454559827
 10
152.47603710764636
 20
44.19341655222394
 10
152.7346150894172
 20
44.0612052672779
 10
153.05721243580035
 20
43.993497117039084
 10
153.44706478021976
 20
43.97444852778642
 10
153.74632543027025
 20
43.99834570137119
 10
154.10761845513315
 20
44.06772990881373
 10
154.52255180693555
 20
44.17914018014662
 10
154.98273343780437
 20
44.32911554540243
 10
155.47977129986654
 20
44.51419503461375
 10
156.00527334524907
 20
44.73091767781315
 10
156.55084752607888
 20
44.97582250503311
 10
157.10810179448302
 20
45.24544854630625
 10
157.66864410258844
 20
45.5363348316651
 10
158.22408240252207
 20
45.845020391142214
 10
158.76602464641093
 20
46.168044254770194
 10
159.60626947379538
 20
46.68443895808565
 10
160.29779152749092
 20
47.09924049647432
 10
160.85151885285248
 20
47.413402096206
 10
161.27837949523482
 20
47.62787698355041
 10
161.58930149999276
 20
47.743618384777164
 10
161.79521291248116
 20
47.761579526156
 10
161.9070417780549
 20
47.68271363395658
 10
161.93571614206874
 20
47.507973934448614
 10
161.89216404987764
 20
47.23831365390174
 10
161.78731354683637
 20
46.87468601858569
 10
161.63209267829973
 20
46.418044254770194
 10
161.49846751915743
 20
46.0222942327662
 10
161.4070561031171
 20
45.71059419435008
 10
161.3606877782083
 20
45.48383922667358
 10
161.36219189246046
 20
45.34292441688848
 10
161.41439779390316
 20
45.288744852146465
 10
161.52013483056584
 20
45.322195619599285
 10
161.68223235047813
 20
45.44417180639866
 10
161.90351970166952
 20
45.65556849969627
 10
162.18682623216947
 20
45.957280786643935
 10
162.5349812900076
 20
46.350203754393306
 10
162.95081422321334
 20
46.83523249009616
 10
163.24561912745435
 20
47.198010318164705
 10
163.527338303803
 20
47.57416421097267
 10
163.79281312828533
 20
47.95777756446293
 10
164.03888497692733
 20
48.34293377457837
 10
164.26239522575494
 20
48.723716237261954
 10
164.46018525079418
 20
49.09420834845653
 10
164.62909642807102
 20
49.448493504105045
 10
164.76597013361152
 20
49.78065510015034
 10
164.86764774344155
 20
50.084776532535386
 10
164.9309706335872
 20
50.354941197203004
 10
164.95278018007443
 20
50.58523249009616
 10
164.99187050694638
 20
51.016263559931815
 10
165.10123335449367
 20
51.36573887232811
 10
165.2690065231134
 20
51.63295200867094
 10
165.48332781320252
 20
51.817196550346125
 10
165.73233502515805
 20
51.91776607873945
 10
166.00416595937702
 20
51.93395417523675
 10
166.2869584162565
 20
51.865054421223874
 10
166.56885019619355
 20
51.71036039808655
 10
166.8379790995851
 20
51.46916568721065
 10
167.08248292682825
 20
51.14076386998201
 10
167.29049947832004
 20
50.72444852778642
 10
167.36563425365054
 20
50.58122914386462
 10
167.4391092164143
 20
50.523941390295874
 10
167.5100040059803
 20
50.54864086437547
 10
167.5773982617173
 20
50.65138316339872
 10
167.64037162299428
 20
50.82822388466096
 10
167.6980037291801
 20
51.07521862545735
 10
167.74937421964367
 20
51.38842298308319
 10
167.7935627337539
 20
51.763892554833774
 10
167.82964891087968
 20
52.197682938004306
 10
167.85671239038987
 20
52.685849729890094
 10
167.8738328116534
 20
53.22444852778642
 10
167.89533258610223
 20
53.7766649064491
 10
167.93511129106773
 20
54.304369639732386
 10
167.99161431476787
 20
54.801646123579076
 10
168.06328704542054
 20
55.26257775393219
 10
168.14857487124357
 20
55.681247926734585
 10
168.24592318045495
 20
56.051740037929164
 10
168.35377736127262
 20
56.36813748345884
 10
168.47058280191447
 20
56.624523659266515
 10
168.5947848905984
 20
56.814981961295075
 10
168.72482901554235
 20
56.93359578548737
 10
168.8591605649642
 20
56.97444852778642
 10
168.98648885094602
 20
56.997940182499576
 10
169.09619936272944
 20
57.06614698687349
 10
169.1877517542722
 20
57.1756667012601
 10
169.26060567953158
 20
57.32309708601139
 10
169.31422079246522
 20
57.50503590147912
 10
169.34805674703057
 20
57.71808090801531
 10
169.36157319718515
 20
57.95882986597172
 10
169.3542297968865
 20
58.223880535700346
 10
169.32548620009212
 20
58.509830677553055
 10
169.27480206075953
 20
58.813278051881724
 10
169.20163703284618
 20
59.13082041903829
 10
169.10465654818486
 20
59.52956510655417
 10
169.0380656152422
 20
59.87012832226597
 10
169.00244674034386
 20
60.153652853899445
 10
168.99838242981505
 20
60.38128148918062
 10
169.02645518998145
 20
60.55415701583519
 10
169.08724752716853
 20
60.67342222158905
 10
169.1813419477017
 20
60.740219894168035
 10
169.30932095790652
 20
60.75569282129794
 10
169.47176706410843
 20
60.72098379070465
 10
169.669262772633
 20
60.63723559011399
 10
169.9023905898056
 20
60.50559100725178
 10
170.1373071209052
 20
60.371829441130444
 10
170.3342951114303
 20
60.28543618267085
 10
170.49391288714494
 20
60.247682434386235
 10
170.6167187738131
 20
60.25983939878989
 10
170.70327109719878
 20
60.32317827839509
 10
170.754128183066
 20
60.43897027571501
 10
170.76984835717886
 20
60.60848659326297
 10
170.7509899453013
 20
60.83299843355218
 10
170.69811127319744
 20
61.113776999095876
 10
170.6117706666312
 20
61.452093492407386
 10
170.4925264513666
 20
61.849219115999915
 10
170.29029987907293
 20
62.57114110776169
 10
170.1849959605965
 20
63.13722166983598
 10
170.1664428328959
 20
63.549524273252416
 10
170.22446863292967
 20
63.81011238904085
 10
170.3489014976564
 20
63.92104948823095
 10
170.5295695640347
 20
63.88439904185242
 10
170.7563009690231
 20
63.70222452093503
 10
171.01892384958023
 20
63.376589396508535
 10
171.30726634266463
 20
62.90955713960261
 10
171.61115658523497
 20
62.30319122124703
 10
171.92042271424972
 20
61.559555112471486
 10
172.0611940871897
 20
61.13168363298519
 10
172.17231998517286
 20
60.66908683287855
 10
172.25384597530734
 20
60.175440747750486
 10
172.30581762470135
 20
59.65442141320017
 10
172.32828050046302
 20
59.10970486482648
 10
172.32128016970057
 20
58.544967138228515
 10
172.28486219952222
 20
57.963884269005234
 10
172.21907215703618
 20
57.3701322927557
 10
172.1239556093506
 20
56.76738724507885
 10
171.99955812357365
 20
56.159325161573776
 10
171.84592526681357
 20
55.549622077839445
 10
171.65531101946215
 20
54.81584002260183
 10
171.51022729656913
 20
54.15159257559236
 10
171.4115812871559
 20
53.547422684247096
 10
171.36028018024402
 20
52.99387329600248
 10
171.3572311648549
 20
52.48148735829463
 10
171.40334143001002
 20
52.00080781855979
 10
171.49951816473092
 20
51.542377624234234
 10
171.6466685580391
 20
51.09673972275411
 10
171.84569979895602
 20
50.65443706155571
 10
172.09751907650315
 20
50.206012588075254
 10
172.403033579702
 20
49.742009249749
 10
172.91711542027033
 20
48.82509746729758
 10
173.3300769326787
 20
47.724463293439385
 10
173.64165426482364
 20
46.497217033703976
 10
173.85158356460153
 20
45.20046899362083
 10
173.9596009799089
 20
43.891329478719626
 10
173.96544265864216
 20
42.62690879452981
 10
173.8688447486979
 20
41.464317246581004
 10
173.66954339797255
 20
40.46066514040268
 10
173.3672747543625
 20
39.673062781524436
 10
172.9617749657643
 20
39.15862047547586
 10
172.45278018007443
 20
38.97444852778642
 10
172.1779250516823
 20
39.00183708550762
 10
171.93311057947304
 20
39.08544402979757
 10
171.71746317282685
 20
39.22743126734588
 10
171.53010924112397
 20
39.42996070484216
 10
171.37017519374464
 20
39.695194248976065
 10
171.23678744006915
 20
40.02529380643713
 10
171.12907238947767
 20
40.422421283915014
 10
171.04615645135053
 20
40.88873858809927
 10
170.98716603506793
 20
41.4264076256795
 10
170.95122755001015
 20
42.03759030334538
 10
170.93746740555738
 20
42.72444852778642
 10
170.9242859154519
 20
43.2930060033687
 10
170.8904063628896
 20
43.868156266328896
 10
170.837435375969
 20
44.44161607098704
 10
170.7669795827885
 20
45.0051021716632
 10
170.68064561144664
 20
45.55033132267749
 10
170.58004009004185
 20
46.06902027834991
 10
170.46676964667262
 20
46.55288579300057
 10
170.34244090943744
 20
46.99364462094945
 10
170.20866050643482
 20
47.38301351651671
 10
170.06703506576324
 20
47.71270923402233
 10
169.91917121552112
 20
47.97444852778642
 10
169.69653631104214
 20
48.292416909652616
 10
169.49534659270418
 20
48.541627179941514
 10
169.30975243314998
 20
48.72077051402414
 10
169.13390420502193
 20
48.82853808727154
 10
168.96195228096272
 20
48.86362107505482
 10
168.78804703361496
 20
48.82471065274498
 10
168.6063388356212
 20
48.710497995713155
 10
168.41097805962406
 20
48.5196742793303
 10
168.1961150782661
 20
48.250930678967535
 10
167.95590026418995
 20
47.90295836999587
 10
167.68448399003816
 20
47.47444852778642
 10
167.22944170255343
 20
46.69946519950588
 10
166.8223369880959
 20
45.928109965034054
 10
166.46157514885488
 20
45.15477840892612
 10
166.14556148701942
 20
44.37386611573726
 10
165.87270130477884
 20
43.57976867002267
 10
165.64139990432236
 20
42.7668816563376
 10
165.45006258783926
 20
41.92960065923728
 10
165.29709465751873
 20
41.06232126327677
 10
165.18090141555004
 20
40.15943905301131
 10
165.0998881641224
 20
39.215349612996135
 10
165.05246020542504
 20
38.22444852778642
 10
165.02225992429538
 20
37.63109049912663
 10
164.96945778369798
 20
37.10258868664681
 10
164.89311786185067
 20
36.63718458383397
 10
164.79230423697138
 20
36.23311968417519
 10
164.66608098727812
 20
35.88863548115745
 10
164.51351219098873
 20
35.60197346826777
 10
164.3336619263213
 20
35.371375138993216
 10
164.1255942714936
 20
35.19508198682075
 10
163.88837330472376
 20
35.07133550523747
 10
163.6210631042296
 20
34.99837718773037
 10
163.32272774822903
 20
34.97444852778642
 10
162.9847901296557
 20
34.9958852765038
 10
162.7011785006636
 20
35.066571614322186
 10
162.46952374679375
 20
35.19607167874108
 10
162.2874567535872
 20
35.39394960726017
 10
162.15260840658487
 20
35.66976953737881
 10
162.06260959132783
 20
36.033095606596675
 10
162.01509119335705
 20
36.493491952413166
 10
162.00768409821356
 20
37.060522712327895
 10
162.03801919143837
 20
37.74375202384036
 10
162.10372735857246
 20
38.55274402445011
 10
162.20243948515687
 20
39.497062851656636
 10
162.29471068374104
 20
40.37456519355379
 10
162.3586383008506
 20
41.1267990564933
 10
162.39331429178378
 20
41.75837676887588
 10
162.3978306118387
 20
42.27391065910234
 10
162.3712792163137
 20
42.6780130555733
 10
162.31275206050688
 20
42.97529628668957
 10
162.22134109971662
 20
43.170372680851756
 10
162.09613828924108
 20
43.267854566460585
 10
161.93623558437847
 20
43.27235427191681
 10
161.74072494042704
 20
43.18848412562113
 10
161.50869831268503
 20
43.02085645597424
 10
161.2908057666585
 20
42.855684597970566
 10
161.07584630034503
 20
42.724301903673165
 10
160.86376840568926
 20
42.62670932959472
 10
160.65452057463574
 20
42.56290783224824
 10
160.44805129912908
 20
42.532898368146334
 10
160.2443090711139
 20
42.536681893801926
 10
160.0432423825348
 20
42.57425936572781
 10
159.84479972533634
 20
42.64563174043667
 10
159.64892959146323
 20
42.75079997444146
 10
159.45558047285996
 20
42.88976502425484
 10
159.2647008614712
 20
43.06252784638974
 10
158.80339178926155
 20
43.395786164723546
 10
158.31887426959327
 20
43.511484354382674
 10
157.82111811678024
 20
43.42265199848012
 10
157.32009314513624
 20
43.14231868012891
 10
156.82576916897509
 20
42.68351398244204
 10
156.34811600261057
 20
42.05926748853247
 10
155.89710346035653
 20
41.28260878151332
 10
155.48270135652686
 20
40.366567444497434
 10
155.1148795054353
 20
39.32417306059787
 10
154.80360772139574
 20
38.16845521292768
 10
154.55885581872192
 20
36.912443484599805
 10
154.42346978291732
 20
36.19724427593326
 10
154.248161168321
 20
35.49022061899271
 10
154.0347266325015
 20
34.794989017083566
 10
153.78496283302724
 20
34.115165973511296
 10
153.50066642746677
 20
33.45436799158145
 10
153.18363407338862
 20
32.816211574599436
 10
152.83566242836122
 20
32.20431322587069
 10
152.45854814995315
 20
31.622289448700656
 10
152.05408789573286
 20
31.07375674639485
 10
151.62407832326892
 20
30.562331622258682
 10
151.17031609012975
 20
30.09163057959762
 10
150.74858580531253
 20
29.662894050961114
 10
150.3035950403356
 20
29.17089970855386
 10
149.84275276988626
 20
28.625906921259258
 10
149.3734679686515
 20
28.038175057960842
 10
148.90314961131858
 20
27.417963487542067
 10
148.4392066725746
 20
26.775531578886472
 10
147.9890481271068
 20
26.12113870087748
 10
147.56008294960228
 20
25.465044222398518
 10
147.15972011474824
 20
24.817507512333123
 10
146.79536859723189
 20
24.188787939564776
 10
146.4744373717403
 20
23.589144872976902
 10
146.14458607250796
 20
22.993774391946943
 10
145.75433558226854
 20
22.37746005035018
 10
145.3123867484578
 20
21.74984242881675
 10
144.8274404185116
 20
21.12056210797701
 10
144.3081974398657
 20
20.499259668461264
 10
143.76335865995594
 20
19.895575690899705
 10
143.20162492621816
 20
19.31915075592258
 10
142.63169708608817
 20
18.77962544416016
 10
142.0622759870018
 20
18.286640336242783
 10
141.50206247639485
 20
17.84983601280061
 10
140.95975740170317
 20
17.47885305446397
 10
140.42361679403237
 20
17.131575113826898
 10
139.88130149456885
 20
16.76359708315374
 10
139.34061956586956
 20
16.381126402580435
 10
138.8093790704914
 20
15.990370512242777
 10
138.2953880709913
 20
15.597536852276676
 10
137.8064546299262
 20
15.208832862817872
 10
137.35038680985306
 20
14.83046598400233
 10
136.9349926733288
 20
14.468643655965764
 10
136.5680802829103
 20
14.129573318844109
 10
136.25745770115458
 20
13.819462412773191
 10
136.01093299061853
 20
13.544518377888835
 10
134.6317026559861
 20
12.187504765843784
 10
132.9495078147176
 20
11.031813947563165
 10
131.02433163178392
 20
10.084708430183241
 10
128.91615727215594
 20
9.3534507208403
 10
126.6849679008046
 20
8.845303326670603
 10
124.39074668270078
 20
8.567528754810382
 10
122.09347678281537
 20
8.527389512395871
 10
119.85314136611933
 20
8.73214810656333
 10
117.7297235975835
 20
9.18906704444899
 10
115.78320664217884
 20
9.905408833189142
 10
114.07357366487619
 20
10.888435979920018
 10
112.92351272805834
 20
11.809208379733263
 10
111.86087389547336
 20
12.866820023330348
 10
110.8901639737145
 20
14.051125347998749
 10
110.01588976937487
 20
15.351978791026426
 10
109.24255808904772
 20
16.75923478970094
 10
108.57467573932621
 20
18.262747781310054
 10
108.01674952680352
 20
19.852372203141442
 10
107.57328625807293
 20
21.51796249248281
 10
107.24879273972755
 20
23.24937308662186
 10
107.04777577836063
 20
25.036458422846238
 10
106.97474218056533
 20
26.869072938443736
 10
106.95278018007443
 20
32.26369734910105
 10
100.91768626904093
 20
25.67745629225152
 10
98.93618603736158
 20
23.58583940807435
 10
96.86206581090406
 20
21.53053608507986
 10
94.7160873846521
 20
19.527768218071657
 10
92.51901255358928
 20
17.59375770185335
 10
90.2916031126993
 20
15.744726431228656
 10
88.05462085696587
 20
13.996896301001044
 10
85.8288275813726
 20
12.366489205974261
 10
83.63498508090314
 20
10.869727040951773
 10
81.49385515054121
 20
9.5228317007373
 10
79.42619958527038
 20
8.34202508013442
 10
77.45278018007443
 20
7.3435290739467405
 10
75.89315533461675
 20
6.702355379366111
 10
74.17408754584065
 20
6.159141100141284
 10
72.33451763303432
 20
5.7163873524335145
 10
70.41338641548592
 20
5.376595252404172
 10
68.4496347124836
 20
5.142265916214626
 10
66.48220334331549
 20
5.015900460026103
 10
64.55003312726981
 20
5.0
 10
62.69206488363469
 20
5.097065652297545
 10
60.947239431698314
 20
5.309598533080106
 10
59.35449759074884
 20
5.640099758508995
 10
57.95278018007442
 20
6.0910704447454975
  0
LWPOLYLINE
  5
31
330
17
100
AcDbEntity
  8
CUT
100
AcDbPolyline
 90
58
 70
1
 10
80.92476958470701
 20
11.960158588317597
 10
82.26613078338985
 20
12.669735637614622
 10
83.36798640332464
 20
13.308065588658309
 10
84.23065107636893
 20
13.8759213675161
 10
84.85443943438034
 20
14.374075900255576
 10
85.23966610921642
 20
14.803302112944152
 10
85.38664573273473
 20
15.164372931649353
 10
85.29569293679285
 20
15.458061282438678
 10
84.96712235324841
 20
15.685140091379537
 10
84.40124861395893
 20
15.846382284539459
 10
83.598386350782
 20
15.94256078798594
 10
82.55885019557522
 20
15.974448527786421
 10
80.87563247148947
 20
16.05858143049005
 10
79.31076324863864
 20
16.306408144531474
 10
77.87253558162666
 20
16.71107067880638
 10
76.56924252505749
 20
17.26571104221071
 10
75.40917713353508
 20
17.96347124364027
 10
74.40063246166335
 20
18.797493291990833
 10
73.55190156404632
 20
19.760919196158227
 10
72.8712774952879
 20
20.846890965038256
 10
72.36705330999209
 20
22.04855060752675
 10
72.04752206276277
 20
23.359040132519453
 10
71.92097680820396
 20
24.771501548912255
 10
71.90830711016741
 20
25.137603706151168
 10
71.88250052302178
 20
25.427531218726017
 10
71.83923072703783
 20
25.640468503035493
 10
71.77417140248622
 20
25.775599975478144
 10
71.68299622963772
 20
25.83211005245252
 10
71.56137888876302
 20
25.809183150357285
 10
71.40499306013285
 20
25.706003685590986
 10
71.20951242401793
 20
25.521756074552115
 10
70.97061066068903
 20
25.255624733639365
 10
70.68396145041683
 20
24.906794079251284
 10
70.34523847347202
 20
24.47444852778642
 10
70.08951102974842
 20
24.132053433072258
 10
69.78987244267958
 20
23.711594697259358
 10
69.45286759513067
 20
23.223162142842398
 10
69.08504136996694
 20
22.676845592316198
 10
68.6929386500536
 20
22.082734868175294
 10
68.28310431825582
 20
21.450919792914306
 10
67.86208325743885
 20
20.791490189028053
 10
67.43642035046787
 20
20.114535879011044
 10
67.01266048020813
 20
19.430146685357983
 10
66.59734852952482
 20
18.748412430563576
 10
66.19702938128316
 20
18.079422937122445
 10
63.59275525195576
 20
13.68439734645844
 10
65.88355167832489
 20
11.829422937122445
 10
66.80984374762917
 20
11.217798817682024
 10
67.90507507982716
 20
10.731578146760427
 10
69.14233867906964
 20
10.370527053427281
 10
70.49472754950745
 20
10.134411666752413
 10
71.93533469529132
 20
10.022998115805535
 10
73.43725312057205
 20
10.036052529656416
 10
74.9735758295005
 20
10.173341037374769
 10
76.51739582622741
 20
10.434629768030334
 10
78.04180611490361
 20
10.819684850692823
 10
79.51989969967988
 20
11.328272414431979
 10
80.92476958470701
 20
11.960158588317597
  0
LWPOLYLINE
  5
32
330
17
100
AcDbEntity
  8
CUT
100
AcDbPolyline
 90
34
 70
1
 10
59.95278018007442
 20
13.852003812344265
 10
59.88619098832374
 20
14.24899992907072
 10
59.70012513546687
 20
14.657439973624975
 10
59.415135205096554
 20
15.063264165926086
 10
59.05177378080551
 20
15.452412725893282
 10
58.63059344618649
 20
15.81082587344548
 10
58.172146784832215
 20
16.124443828501853
 10
57.696986380335424
 20
16.3792068109814
 10
57.22566481628885
 20
16.56105504080324
 10
56.77873467628522
 20
16.65592873788637
 10
56.376748543917294
 20
16.649768122149908
 10
56.04025900277778
 20
16.52851341351294
 10
55.688109742653815
 20
16.2283935447702
 10
55.4755010896151
 20
15.866672052458398
 10
55.39163557974138
 20
15.462351015163875
 10
55.42571574911238
 20
15.034432511472914
 10
55.56694413380783
 20
14.601918619971855
 10
55.80452326990743
 20
14.183811419247064
 10
56.12765569349096
 20
13.799112987884712
 10
56.52554394063812
 20
13.466825404471138
 10
56.98739054742865
 20
13.205950747592738
 10
57.50239804994229
 20
13.03549109583571
 10
58.05976898425876
 20
12.974448527786421
 10
58.338529460877744
 20
12.984008671757977
 10
58.60491638572842
 20
13.011766055289087
 10
58.8559430394185
 20
13.056336105804519
 10
59.08862270255556
 20
13.116334250729182
 10
59.2999686557473
 20
13.190375917487927
 10
59.486994179601375
 20
13.277076533505493
 10
59.646712554725404
 20
13.375051526206676
 10
59.77613706172708
 20
13.482916323016354
 10
59.87228098121404
 20
13.599286351359297
 10
59.93215759379394
 20
13.722777038660297
 10
59.95278018007442
 20
13.852003812344265
  0
LWPOLYLINE
  5
33
330
17
100
AcDbEntity
  8
CUT
100
AcDbPolyline
 90
69
 70
1
 10
64.85400430938788
 20
18.53160870954821
 10
65.47178898699948
 20
19.58607497770967
 10
65.97160952376896
 20
20.461328853882236
 10
66.3557041795537
 20
21.17004915159586
 10
66.62631121421097
 20
21.724914684380593
 10
66.78566888759812
 20
22.138604265766503
 10
66.83601545957248
 20
22.423796709283522
 10
66.77958918999136
 20
22.59317082846181
 10
66.61862833871211
 20
22.65940543683118
 10
66.35537116559209
 20
22.63517934792179
 10
65.99205593048862
 20
22.533171375263606
 10
65.53092089325898
 20
22.366060332386667
 10
64.905447897231
 20
22.212759628171682
 10
64.23399967603865
 20
22.20482080829973
 10
63.53141267359157
 20
22.33229608688822
 10
62.81252333379937
 20
22.585237678054852
 10
62.09216810057172
 20
22.953697795917236
 10
61.38518341781825
 20
23.427728654592954
 10
60.70640572944861
 20
23.997382468199504
 10
60.07067147937246
 20
24.652711450854554
 10
59.4928171114994
 20
25.38376781667563
 10
58.98767906973911
 20
26.180603779780313
 10
58.5700937980012
 20
27.033271554286216
 10
57.3501683006204
 20
29.934620081805463
 10
54.18103540198143
 20
25.811211837712648
 10
53.71993852128022
 20
25.194975797102245
 10
53.29018218686018
 20
24.588499413156
 10
52.89595805585917
 20
23.999596582859425
 10
52.541457785415005
 20
23.436081203198228
 10
52.23087303266551
 20
22.90576717115806
 10
51.96839545474854
 20
22.41646838372455
 10
51.75821670880193
 20
21.975998737883288
 10
51.604528451963525
 20
21.59217213061993
 10
51.511522341371155
 20
21.27280245892007
 10
51.48339003416266
 20
21.025703619769388
 10
51.524323187475865
 20
20.85868951015351
 10
51.64302935325443
 20
20.723638578344662
 10
51.84070696499704
 20
20.56934317268889
 10
52.11028400217418
 20
20.398988040282433
 10
52.44468844425626
 20
20.21575792822179
 10
52.83684827071373
 20
20.022837583603234
 10
53.279691461017016
 20
19.82341175352309
 10
53.76614599463658
 20
19.620665185077712
 10
54.28913985104287
 20
19.417782625363373
 10
54.8416010097063
 20
19.217948821476455
 10
55.41645745009733
 20
19.024348520513342
 10
56.00663715168641
 20
18.840166469570306
 10
56.60333312609985
 20
18.650438899522413
 10
57.19710922758782
 20
18.440737470675543
 10
57.77994969955659
 20
18.21505007427217
 10
58.34383878541234
 20
17.977364601554882
 10
58.880760728561306
 20
17.731668943766294
 10
59.382699772409715
 20
17.48195099214894
 10
59.84164016036379
 20
17.232198637945316
 10
60.24956613582973
 20
16.9863997723981
 10
60.59846194221381
 20
16.74854228674974
 10
60.8803118229222
 20
16.52261407224279
 10
61.08710002136116
 20
16.312603020119923
 10
61.45382077189122
 20
15.871459161651586
 10
61.76037999358177
 20
15.526309685403561
 10
62.025213202301764
 20
15.288014573863478
 10
62.26675591392004
 20
15.167433809519025
 10
62.50344364430554
 20
15.175427374857861
 10
62.753711909327116
 20
15.322855252367617
 10
63.03599622485368
 20
15.620577424536009
 10
63.368732106754145
 20
16.079453873850554
 10
63.7703550708974
 20
16.710344582799053
 10
64.25930063315235
 20
17.524109533869023
 10
64.85400430938788
 20
18.53160870954821
  0
LWPOLYLINE
  5
34
330
17
100
AcDbEntity
  8
CUT
100
AcDbPolyline
 90
80
 70
1
 10
97.5969248596025
 20
31.22444852778642
 10
100.76494585059831
 20
35.432235438992365
 10
103.9704077796066
 20
39.587601384239775
 10
107.17331062605953
 20
43.64350709421751
 10
110.33365436938908
 20
47.552913299614374
 10
113.41143898902729
 20
51.26878073111925
 10
116.36666446440628
 20
54.744070119420854
 10
119.15933077495802
 20
57.9317421952081
 10
121.74943790011466
 20
60.78475768916974
 10
124.0969858193082
 20
63.25607733199462
 10
126.16197451197073
 20
65.29866185437152
 10
127.90440395753424
 20
66.86547198698929
 10
128.91916276393832
 20
67.74691512587651
 10
129.78478302796788
 20
68.56699903632551
 10
130.50201886971456
 20
69.32733429973112
 10
131.07162440927013
 20
70.02953149748828
 10
131.49435376672625
 20
70.67520121099184
 10
131.77096106217462
 20
71.26595402163676
 10
131.90220041570697
 20
71.80340051081785
 10
131.88882594741503
 20
72.28915125993007
 10
131.73159177739046
 20
72.72481685036823
 10
131.431252025725
 20
73.11200786352728
 10
130.98856081251031
 20
73.45233488080208
 10
130.76720032023917
 20
73.47344481628974
 10
130.4010623396454
 20
73.36380629270707
 10
129.90316339965463
 20
73.13213096877999
 10
129.28652002919247
 20
72.78713050323458
 10
128.5641487571845
 20
72.33751655479682
 10
127.74906611255642
 20
71.7920007821927
 10
126.85428862423376
 20
71.15929484414823
 10
125.89283282114224
 20
70.4481103993894
 10
124.87771523220741
 20
69.66715910664215
 10
123.82195238635487
 20
68.82515262463258
 10
122.73856081251031
 20
67.93080261208664
 10
121.54923677232983
 20
66.96693277676488
 10
120.22108658287601
 20
65.95283187101592
 10
118.77833346222758
 20
64.90412640220129
 10
117.2452006284633
 20
63.8364428776824
 10
115.64591129966198
 20
62.76540780482074
 10
114.00468869390235
 20
61.70664769097786
 10
112.34575602926324
 20
60.67578904351521
 10
110.69333652382338
 20
59.688458369794205
 10
109.07165339566157
 20
58.76028217717635
 10
107.50492986285656
 20
57.90688697302315
 10
106.01738914348715
 20
57.143899264696046
 10
104.11890674072944
 20
56.18138183893359
 10
102.34607809964021
 20
55.231699941874325
 10
100.67501409424113
 20
54.277958342414024
 10
99.0818255985539
 20
53.30326180944843
 10
97.54262348660026
 20
52.29071511187334
 10
96.03351863240195
 20
51.223423018584555
 10
94.53062190998062
 20
50.08449029847782
 10
93.01004419335806
 20
48.85702172044887
 10
91.44789635655593
 20
47.524122053393455
 10
89.82028927359596
 20
46.06889606620737
 10
88.10333381849989
 20
44.47444852778642
 10
85.29097915626014
 20
41.785090119248025
 10
82.84797785445016
 20
39.3664072310892
 10
80.75294150593399
 20
37.188807008429364
 10
78.9844817035758
 20
35.22269659638789
 10
77.5212100402396
 20
33.43848314008409
 10
76.34173810878954
 20
31.806573784637436
 10
75.42467750208968
 20
30.297375675167245
 10
74.74863981300416
 20
28.881295956792826
 10
74.29223663439703
 20
27.528741774633573
 10
74.03407955913244
 20
26.210120273808883
 10
73.95278018007443
 20
24.89583859943812
 10
74.0046526569908
 20
23.546555563156403
 10
74.16751569601394
 20
22.367934687038
 10
74.45223770955462
 20
21.35109296816441
 10
74.8696871100237
 20
20.48714740361737
 10
75.43073230983205
 20
19.767214990478465
 10
76.14624172139045
 20
19.182412725829295
 10
77.0270837571098
 20
18.723857606751523
 10
78.08412682940096
 20
18.382666630326753
 10
79.32823935067472
 20
18.149956793636505
 10
80.77028973334197
 20
18.016845093762527
 10
82.42114638981352
 20
17.97444852778642
 10
87.74665545669546
 20
17.97444852778642
 10
97.5969248596025
 20
31.22444852778642
  0
LWPOLYLINE
  5
35
330
17
100
AcDbEntity
  8
CUT
100
AcDbPolyline
 90
34
 70
1
 10
102.32131274187569
 20
30.97444852778642
 10
104.45457202958383
 20
33.560781109307015
 10
106.8029754603264
 20
36.478663054148484
 10
109.29235634831704
 20
39.63000422061762
 10
111.8485480077693
 20
42.916714467021336
 10
114.39738375289687
 20
46.240703651666365
 10
116.86469689791343
 20
49.50388163285962
 10
119.17632075703253
 20
52.6081582689078
 10
121.25808864446785
 20
55.45544341811777
 10
123.03583387443302
 20
57.94764693879631
 10
124.43538976114169
 20
59.986678689250255
 10
125.38258961880746
 20
61.47444852778642
 10
126.02953303884706
 20
62.86057686085675
 10
125.45338870960288
 20
62.68949398330878
 10
123.84335541494391
 20
61.18262433993186
 10
121.38863193873902
 20
58.561392375515425
 10
118.27841706485702
 20
55.04722253484883
 10
114.70190957716687
 20
50.861539262721465
 10
110.84830825953745
 20
46.225767003922726
 10
106.90681189583762
 20
41.36133020324195
 10
103.0666192699363
 20
36.48965330546852
 10
99.51692916570232
 20
31.83216075539184
 10
96.44694036700466
 20
27.610276997801293
 10
94.96652064910023
 20
25.435668541401412
 10
93.95419778298637
 20
23.79449118148443
 10
93.38823638941057
 20
22.674297368012873
 10
93.24690108912034
 20
22.062639550949342
 10
93.50845650286317
 20
21.947070180256446
 10
94.15116725138662
 20
22.315141705896707
 10
95.15329795543818
 20
23.154406577832816
 10
96.49311323576535
 20
24.452417246027238
 10
98.14887771311564
 20
26.19672616044261
 10
100.0988560082366
 20
28.37488577104145
 10
102.32131274187569
 20
30.97444852778642
  0
LWPOLYLINE
  5
36
330
17
100
AcDbEntity
  8
CUT
100
AcDbPolyline
 90
69
 70
1
 10
56.29555584492264
 20
31.22444852778642
 10
56.20148492052267
 20
31.334891803518985
 10
56.06053066699595
 20
31.44043275017563
 10
55.87721651973313
 20
31.539888046944952
 10
55.65606591412482
 20
31.63207437301557
 10
55.40160228556163
 20
31.71580840757605
 10
55.118349069434224
 20
31.789906829814953
 10
54.810829701133194
 20
31.853186318920905
 10
54.4835676160492
 20
31.90446355408244
 10
54.14108624957286
 20
31.942555214488152
 10
53.78790903709479
 20
31.966277979326605
 10
53.428559414005626
 20
31.97444852778642
 10
53.037035023575285
 20
32.00710604519546
 10
52.590440038334215
 20
32.10192545781041
 10
52.09795768756386
 20
32.254177056213564
 10
51.56877120054561
 20
32.45913113098709
 10
51.01206380656088
 20
32.712057972713126
 10
50.43701873489112
 20
33.00822787197376
 10
49.85281921481771
 20
33.342911119351186
 10
49.26864847562209
 20
33.71137800542749
 10
48.69368974658568
 20
34.10889882078493
 10
48.13712625698989
 20
34.530743856005586
 10
47.60814123611614
 20
34.97218340167166
 10
46.89635731219959
 20
35.585658689337436
 10
46.27171023771578
 20
36.096568361731556
 10
45.725144445999995
 20
36.50821346412255
 10
45.24760437038744
 20
36.82389504177911
 10
44.830034444213425
 20
37.046914139969886
 10
44.463379100813164
 20
37.18057180396346
 10
44.13858277352194
 20
37.228169079028504
 10
43.84658989567499
 20
37.193007010433575
 10
43.57834490060758
 20
37.078386643447374
 10
43.32479222165499
 20
36.887609023338484
 10
43.07687629215244
 20
36.62397519537552
 10
42.87136457664979
 20
36.34918592944683
 10
42.72151883552471
 20
36.08319199496728
 10
42.628694313025626
 20
35.82169765752246
 10
42.594246253400904
 20
35.560407182698015
 10
42.619529900898954
 20
35.29502483607959
 10
42.70590049976817
 20
35.02125488325282
 10
42.854713294256946
 20
34.73480158980328
 10
43.06732352861369
 20
34.43136922131663
 10
43.34508644708679
 20
34.10666204337852
 10
43.68935729392465
 20
33.75638432157453
 10
44.101491313375654
 20
33.376240321490314
 10
44.4383462450995
 20
33.04815906068191
 10
44.80208980027268
 20
32.64109036276079
 10
45.18623197297495
 20
32.164990547316336
 10
45.584282757286026
 20
31.62981593393792
 10
45.98975214728568
 20
31.045522842214922
 10
46.39615013705366
 20
30.422067591736777
 10
46.79698672066971
 20
29.769406502092806
 10
47.18577189221359
 20
29.097495892872473
 10
47.55601564576505
 20
28.41629208366504
 10
47.90122797540384
 20
27.735751394060003
 10
48.21491887520971
 20
27.065830143646735
 10
50.18669787242744
 20
22.65721175950702
 10
53.4715316854741
 20
26.565830143646735
 10
53.950228670733274
 20
27.149574849350273
 10
54.39789905898808
 20
27.72332332669768
 10
54.81008721482544
 20
28.279725388906968
 10
55.182337502832205
 20
28.811430849196427
 10
55.51019428759529
 20
29.311089520784066
 10
55.789201933701584
 20
29.771351216888036
 10
56.01490480573799
 20
30.18486575072643
 10
56.182847268291404
 20
30.544282935517344
 10
56.28857368594873
 20
30.8422525844789
 10
56.32762842329684
 20
31.071424510829218
 10
56.29555584492264
 20
31.22444852778642
  0
LWPOLYLINE
  5
37
330
17
100
AcDbEntity
  8
CUT
100
AcDbPolyline
 90
34
 70
1
 10
45.95278018007442
 20
25.774448527786433
 10
45.90841634521872
 20
26.346892108897407
 10
45.78083896963524
 20
26.90937737712008
 10
45.578319246799374
 20
27.452515410131014
 10
45.30912837018653
 20
27.966917285606854
 10
44.981537533272075
 20
28.443194081224135
 10
44.60381792953145
 20
28.871956874659446
 10
44.18424075244002
 20
29.24381674358935
 10
43.73107719547321
 20
29.549384765690434
 10
43.252598452106405
 20
29.77927201863926
 10
42.75707571581501
 20
29.924089580112366
 10
42.25278018007442
 20
29.97444852778642
 10
41.813180077376416
 20
29.91423410602951
 10
41.469040290151945
 20
29.743036703912452
 10
41.219492408401386
 20
29.475025116165966
 10
41.06366802212512
 20
29.12436813752069
 10
41.0006987213235
 20
28.705234562707346
 10
41.029716095996946
 20
28.23179318645657
 10
41.14985173614579
 20
27.718212803499085
 10
41.36023723177045
 20
27.17866220856547
 10
41.66000417287128
 20
26.627310196386475
 10
42.04828414944867
 20
26.078325561692765
 10
42.52420875150299
 20
25.545877099214977
 10
43.07269923306173
 20
25.032576361803535
 10
43.582208431982345
 20
24.626650226119352
 10
44.04994329781951
 20
24.327912488799257
 10
44.47311078012791
 20
24.13617694648036
 10
44.84891782846222
 20
24.051257395799553
 10
45.174571392377125
 20
24.072967633393887
 10
45.4472784214273
 20
24.201121455900307
 10
45.66424586516744
 20
24.43553265995581
 10
45.82268067315221
 20
24.776015042197315
 10
45.919789794936314
 20
25.222382399261875
 10
45.95278018007442
 20
25.774448527786433
  0
LWPOLYLINE
  5
38
330
17
100
AcDbEntity
  8
CUT
100
AcDbPolyline
 90
89
 70
1
 10
74.05718737279403
 20
31.221005969077765
 10
75.06707556980899
 20
32.355352649724836
 10
76.16476116921066
 20
33.570311551722
 10
77.3302924468102
 20
34.844711813734705
 10
78.54371767841886
 20
36.157382574428254
 10
79.78508513984775
 20
37.48715297246807
 10
81.03444310690813
 20
38.81285214651936
 10
82.2718398554112
 20
40.113309235247584
 10
83.47732366116816
 20
41.36735337731801
 10
84.63094279999024
 20
42.553813711396
 10
85.71274554768857
 20
43.651519376146894
 10
86.70278018007443
 20
44.639299510236015
 10
87.62314081117884
 20
45.553711859711285
 10
88.50264869998423
 20
46.438397956721246
 10
89.3314428397288
 20
47.28281261908208
 10
90.09966222365068
 20
48.076410664610194
 10
90.79744584498803
 20
48.80864691112197
 10
91.41493269697901
 20
49.468976176433614
 10
91.9422617728618
 20
50.04685327836154
 10
92.36957206587456
 20
50.53173303472195
 10
92.6870025692555
 20
50.913070263331235
 10
92.88469227624273
 20
51.18031978200571
 10
92.95278018007443
 20
51.322936408561645
 10
92.91744639146322
 20
51.38818414603233
 10
92.81485656384041
 20
51.43079709708678
 10
92.65012800452209
 20
51.451435228994995
 10
92.42837802082434
 20
51.45075850902708
 10
92.15472392006325
 20
51.42942690445307
 10
91.83428300955498
 20
51.38810038254297
 10
91.47217259661556
 20
51.32743891056691
 10
91.07350998856111
 20
51.24810245579482
 10
90.6434124927078
 20
51.15075098549687
 10
90.18699741637164
 20
51.03604446694305
 10
89.70938206686876
 20
50.904642867403396
 10
89.19539900656474
 20
50.76766458748986
 10
88.63339216300591
 20
50.636766465919465
 10
88.03374589127961
 20
50.51341612711974
 10
87.40684454647311
 20
50.39908119551842
 10
86.76307248367371
 20
50.29522929554312
 10
86.11281405796873
 20
50.203328051621526
 10
85.46645362444548
 20
50.12484508818133
 10
84.83437553819124
 20
50.06124802965002
 10
84.22696415429331
 20
50.014004500455314
 10
83.65460382783903
 20
49.9845821250249
 10
83.12767891391567
 20
49.97444852778642
 10
81.92290383630396
 20
49.840609674254466
 10
80.60453878950952
 20
49.45680367189047
 10
79.20661917611895
 20
48.84959635804253
 10
77.7631803987187
 20
48.04555357005876
 10
76.30825785989535
 20
47.071241145287104
 10
74.87588696223537
 20
45.95322492107567
 10
73.50010310832533
 20
44.71807073477245
 10
72.21494170075175
 20
43.39234442372552
 10
71.05443814210113
 20
42.00261182528291
 10
70.05262783496002
 20
40.57543877679265
 10
69.24354618191492
 20
39.13739111560281
 10
68.9088667912221
 20
38.51068819495646
 10
68.52234363545426
 20
37.89158636728047
 10
68.08695922597445
 20
37.28304202611804
 10
67.60569607414575
 20
36.68801156501246
 10
67.08153669133122
 20
36.10945137750687
 10
66.517463588894
 20
35.55031785714465
 10
65.9164592781971
 20
35.01356739746896
 10
65.28150627060361
 20
34.50215639202298
 10
64.61558707747662
 20
34.01904123435
 10
63.9216842101792
 20
33.56717831799324
 10
63.20278018007442
 20
33.14952403649593
 10
62.0419799420626
 20
32.49162297644642
 10
61.084178563626885
 20
31.890024410231376
 10
60.32277343452542
 20
31.32768412714978
 10
59.75116194451636
 20
30.787557916500788
 10
59.3627414833578
 20
30.25260156758344
 10
59.150909440807915
 20
29.705770869696835
 10
59.109063206624846
 20
29.130021612140013
 10
59.230600170566724
 20
28.508309584211986
 10
59.50891772239171
 20
27.823590575211938
 10
59.93741325185791
 20
27.058820374438852
 10
60.50948414872348
 20
26.196954771191827
 10
61.3416319044912
 20
25.167837121658835
 10
62.21120448596688
 20
24.420140674148996
 10
63.13235772646379
 20
23.95911499976205
 10
64.11924745929517
 20
23.790009669597993
 10
65.1860295177743
 20
23.918074254756675
 10
66.34685973521437
 20
24.348558326337923
 10
67.61589394492876
 20
25.086711455441616
 10
69.00728798023064
 20
26.137783213167523
 10
70.5351976744333
 20
27.50702317061564
 10
72.21377886085003
 20
29.19968089888576
 10
74.05718737279403
 20
31.221005969077765
  0
LWPOLYLINE
  5
39
330
17
100
AcDbEntity
  8
CUT
100
AcDbPolyline
 90
78
 70
1
 10
136.63663630251037
 20
37.237823565422104
 10
136.09904959396493
 20
38.8499874605138
 10
135.6310758850943
 20
40.38014905294952
 10
135.23509147023952
 20
41.81323530492577
 10
134.9134726437416
 20
43.134173178639145
 10
134.66859569994162
 20
44.32788963628633
 10
134.50283693318065
 20
45.379311640063804
 10
134.41857263779968
 20
46.273366152168165
 10
134.41817910813984
 20
46.99498013479604
 10
134.50403263854216
 20
47.52908055014396
 10
134.67850952334769
 20
47.860594360408584
 10
134.94398605689744
 20
47.97444852778642
 10
135.06744651615674
 20
48.00168368931912
 10
135.1987414520888
 20
48.08075957211403
 10
135.33563133046738
 20
48.20773177346638
 10
135.47587661706612
 20
48.37865589067147
 10
135.61723777765877
 20
48.58958752102458
 10
135.75747527801906
 20
48.83658226182098
 10
135.89434958392064
 20
49.115695710355965
 10
136.0256211611373
 20
49.42298346392465
 10
136.14905047544275
 20
49.75450111982249
 10
136.26239799261063
 20
50.106304275344655
 10
136.36342417841473
 20
50.47444852778642
 10
136.47195604691692
 20
50.842592780228244
 10
136.60709592557382
 20
51.19439593575041
 10
136.7655172502511
 20
51.52591359164819
 10
136.94389345681452
 20
51.833201345216935
 10
137.13889798112973
 20
52.112314793751835
 10
137.3472042590625
 20
52.35930953454826
 10
137.5654857264785
 20
52.570241164901404
 10
137.7904158192435
 20
52.74116528210649
 10
138.01866797322313
 20
52.86813748345884
 10
138.2469156242832
 20
52.94721336625372
 10
138.47183220828933
 20
52.97444852778642
 10
138.92107354364975
 20
52.97501448543713
 10
139.28037204371572
 20
52.95985004042234
 10
139.5495745467522
 20
52.90366171579171
 10
139.72852789102424
 20
52.78115603459517
 10
139.81707891479675
 20
52.56703951988243
 10
139.81507445633477
 20
52.23601869470315
 10
139.72236135390332
 20
51.76280008210716
 10
139.53878644576739
 20
51.12209020514416
 10
139.26419657019196
 20
50.28859558686395
 10
138.89843856544204
 20
49.23702275031627
 10
138.44135926978265
 20
47.94207821855085
 10
138.11409038523095
 20
46.991777210087605
 10
137.85156057735284
 20
46.1678724858543
 10
137.6535672304384
 20
45.45231548623951
 10
137.51990772877784
 20
44.82705765163186
 10
137.45037945666124
 20
44.274050422419805
 10
137.44477979837882
 20
43.775245238992
 10
137.5029061382207
 20
43.31259354173696
 10
137.62455586047707
 20
42.868046771043225
 10
137.80952634943807
 20
42.42355636729934
 10
138.05761498939384
 20
41.96107377089393
 10
138.36861916463457
 20
41.462550422215514
 10
138.5879278703987
 20
41.09949410974008
 10
138.81201699142716
 20
40.67518125614609
 10
139.03753739563882
 20
40.19882898889546
 10
139.26113995095247
 20
39.67965443545009
 10
139.47947552528694
 20
39.12687472327198
 10
139.68919498656098
 20
38.549706979823014
 10
139.8869492026935
 20
37.957368332565125
 10
140.06938904160324
 20
37.359075908960165
 10
140.23316537120908
 20
36.76404683647013
 10
140.37492905942983
 20
36.181498242556955
 10
140.49133097418425
 20
35.620647254682524
 10
140.69282730613938
 20
34.2241416080461
 10
140.7230984970267
 20
33.161864975050634
 10
140.60242471918295
 20
32.425309129474755
 10
140.35108614494467
 20
32.00596584509731
 10
139.98936294664858
 20
31.895326895696883
 10
139.53753529663132
 20
32.08488405505233
 10
139.01588336722952
 20
32.56612909694235
 10
138.44468733077989
 20
33.33055379514559
 10
137.84422735961905
 20
34.36964992344082
 10
137.23478362608367
 20
35.674909255606735
 10
136.63663630251037
 20
37.237823565422104
  0
LWPOLYLINE
  5
3A
330
17
100
AcDbEntity
  8
CUT
100
AcDbPolyline
 90
34
 70
1
 10
65.21852632119732
 20
36.77865620737086
 10
66.67980359111556
 20
38.5392176058871
 10
67.7463260177955
 20
40.46251093365234
 10
68.42832492242826
 20
42.49714528479444
 10
68.7360316262048
 20
44.591729753441456
 10
68.67967745031618
 20
46.69487343372114
 10
68.26949371595336
 20
48.75518541976152
 10
67.51571174430742
 20
50.721274805690484
 10
66.42856285656941
 20
52.54175068563592
 10
65.01827837393031
 20
54.16522215372575
 10
63.29508961758116
 20
55.54029830408794
 10
61.269227908712985
 20
56.615588230850335
 10
58.43256875859796
 20
57.44447834523447
 10
55.67223111436807
 20
57.59593159869331
 10
53.057195805444564
 20
57.141829679440264
 10
50.65644366124865
 20
56.154054275688935
 10
48.53895551120157
 20
54.70448707565282
 10
46.77371218472455
 20
52.86500976754539
 10
45.429694511238786
 20
50.70750403958013
 10
44.575883320165545
 20
48.30385157997051
 10
44.28125944092603
 20
45.725934076930116
 10
44.61480370294149
 20
43.04563321867232
 10
45.64549693563311
 20
40.33483069341074
 10
46.86920852495081
 20
38.38296234376463
 10
48.33178727909623
 20
36.733601873337705
 10
49.990654457690894
 20
35.39448530639061
 10
51.80323132035625
 20
34.37334866718402
 10
53.726939126713766
 20
33.677927979978705
 10
55.71919913638494
 20
33.31595926903529
 10
57.737432608991234
 20
33.29517855861451
 10
59.73906080415416
 20
33.62332187297693
 10
61.68150498149516
 20
34.308125236383376
 10
63.52218640063571
 20
35.35732467309444
 10
65.21852632119732
 20
36.77865620737086
  0
LWPOLYLINE
  5
3B
330
17
100
AcDbEntity
  8
CUT
100
AcDbPolyline
 90
34
 70
1
 10
36.32109754046655
 20
42.22909467332903
 10
36.08934696353393
 20
42.647533977690046
 10
35.84260325387253
 20
43.03840223322396
 10
35.585090044959145
 20
43.397835659429376
 10
35.321030970270535
 20
43.72197047580477
 10
35.05464966328352
 20
44.00694290184876
 10
34.79016975747488
 20
44.24888915705981
 10
34.531814886321406
 20
44.443945460936504
 10
34.2838086832999
 20
44.588248032977276
 10
34.05037478188715
 20
44.677933092680746
 10
33.83573681555994
 20
44.709136859545396
 10
33.64411841779508
 20
44.67799555306979
 10
33.24513514611573
 20
44.42712621967797
 10
32.95860512923443
 20
44.01956182227045
 10
32.7798170987072
 20
43.48514671241537
 10
32.704059786090106
 20
42.85372524168102
 10
32.72662192293917
 20
42.15514176163549
 10
32.84279224081043
 20
41.419240623846974
 10
33.04785947125995
 20
40.6758661798836
 10
33.33711234584376
 20
39.95486278131355
 10
33.705839596117904
 20
39.28607477970499
 10
34.14932995363843
 20
38.69934652662607
 10
34.66287214996136
 20
38.224522373645016
 10
35.30616991464685
 20
37.81712250299981
 10
35.868132266930466
 20
37.605489206712264
 10
36.343034344152
 20
37.57579708652244
 10
36.72515128365126
 20
37.71422074417046
 10
37.00875822276806
 20
38.00693478139627
 10
37.188130298842204
 20
38.44011379993998
 10
37.257542649213505
 20
38.999932401541685
 10
37.21127041122178
 20
39.67256518794136
 10
37.04358872220684
 20
40.44418676087912
 10
36.7487727195085
 20
41.30097172209497
 10
36.32109754046655
 20
42.22909467332903
  0
LWPOLYLINE
  5
3C
330
17
100
AcDbEntity
  8
CUT
100
AcDbPolyline
 90
56
 70
1
 10
43.01609738021747
 20
42.75367435326075
 10
42.779487111942665
 20
43.78979657232816
 10
42.646637802100706
 20
44.86897517279988
 10
42.614260015552844
 20
45.976623008729774
 10
42.679064317160275
 20
47.09815293417191
 10
42.83776127178422
 20
48.21897780318011
 10
43.08706144428594
 20
49.32451046980833
 10
43.423675399526665
 20
50.40016378811055
 10
43.84431370236762
 20
51.43135061214065
 10
44.345686917670044
 20
52.40348379595258
 10
44.92450561029516
 20
53.30197619360027
 10
45.5774803451042
 20
54.112240659137655
 10
46.11543007933308
 20
54.72503926325112
 10
46.49678774956162
 20
55.206414725212426
 10
46.71365256346579
 20
55.55493796286612
 10
46.75812372872156
 20
55.76917989405678
 10
46.622300453004826
 20
55.84771143662894
 10
46.29828194399159
 20
55.78910350842719
 10
45.77816740935777
 20
55.591927027296094
 10
45.054056056779366
 20
55.254752911080175
 10
44.1180470939323
 20
54.776152077623976
 10
42.96223972849253
 20
54.154695444772074
 10
41.57873316813601
 20
53.38895393036904
 10
40.23730488342425
 20
52.60193580958969
 10
39.140592472139794
 20
51.858507360552665
 10
38.28205281370849
 20
51.12707311216741
 10
37.65514278755618
 20
50.376037593343455
 10
37.253319273108744
 20
49.57380533299013
 10
37.07003914979203
 20
48.68878086001695
 10
37.0987592970319
 20
47.68936870333329
 10
37.332936594254214
 20
46.543973391848624
 10
37.76602792088484
 20
45.22099945447229
 10
38.39149015634962
 20
43.68885142011382
 10
39.20278018007442
 20
41.91593381768263
 10
39.659756345619336
 20
40.9728272568679
 10
40.07222899829395
 20
40.17047767736878
 10
40.44574036189608
 20
39.503227900644106
 10
40.78583266022344
 20
38.965420748153065
 10
41.09804811707383
 20
38.5513990413545
 10
41.38792895624499
 20
38.255505601707426
 10
41.661017401534714
 20
38.07208325067077
 10
41.922855676740745
 20
37.99547480970358
 10
42.178986005660875
 20
38.02002310026472
 10
42.43495061209285
 20
38.140070943813214
 10
42.69629171983444
 20
38.34996116180804
 10
42.91921017909368
 20
38.59137890461926
 10
43.1027245854943
 20
38.8558365536629
 10
43.24704660882877
 20
39.14624879486462
 10
43.3523879188895
 20
39.46553031415027
 10
43.41896018546899
 20
39.816595797445586
 10
43.44697507835969
 20
40.20235993067621
 10
43.43664426735406
 20
40.625737399767985
 10
43.38817942224457
 20
41.08964289064659
 10
43.30179221282366
 20
41.59699108923775
 10
43.17769430888381
 20
42.150696681467196
 10
43.01609738021747
 20
42.75367435326075
  0
LWPOLYLINE
  5
3D
330
17
100
AcDbEntity
  8
CUT
100
AcDbPolyline
 90
34
 70
1
 10
153.63589421516215
 20
41.16194852778642
 10
153.5509523975459
 20
41.353938709590295
 10
153.4705710864096
 20
41.49510299798999
 10
153.39523128460596
 20
41.58592239583837
 10
153.32541399498788
 20
41.626877905988266
 10
153.26160022040818
 20
41.61845053129255
 10
153.20427096371972
 20
41.56112127460409
 10
153.1539072277753
 20
41.45537113877572
 10
153.11099001542786
 20
41.30168112666024
 10
153.07600032953016
 20
41.1005322411105
 10
153.0494191729351
 20
40.852405484979386
 10
153.03172754849547
 20
40.557781861119736
 10
153.0266837712273
 20
40.28211976495146
 10
153.03468420290383
 20
40.03151401739328
 10
153.0549001729567
 20
39.80803542986504
 10
153.0865030108177
 20
39.6137548137869
 10
153.12866404591858
 20
39.45074298057881
 10
153.18055460769116
 20
39.32107074166069
 10
153.2413460255672
 20
39.2268089084526
 10
153.3102096289784
 20
39.17002829237444
 10
153.38631674735663
 20
39.152799704846245
 10
153.46883871013364
 20
39.17719395728804
 10
153.5569468467411
 20
39.245281861119736
 10
153.64019326811007
 20
39.3485485152645
 10
153.70859949216003
 20
39.475082449649705
 10
153.76204095880564
 20
39.62185962220164
 10
153.8003931079614
 20
39.785855990846784
 10
153.82353137954195
 20
39.964047513511446
 10
153.83133121346182
 20
40.15341014812199
 10
153.82366804963564
 20
40.350919852604875
 10
153.800417327978
 20
40.55355258488635
 10
153.76145448840347
 20
40.75828430289286
 10
153.7066549708267
 20
40.962090964550754
 10
153.63589421516215
 20
41.16194852778642
  0
LWPOLYLINE
  5
3E
330
17
100
AcDbEntity
  8
CUT
100
AcDbPolyline
 90
60
 70
1
 10
74.52323465080639
 20
50.87170177729496
 10
73.50607682940534
 20
51.55895550305186
 10
72.68100918704047
 20
52.28151512574257
 10
72.04737594739805
 20
53.04936969974389
 10
71.60452133416436
 20
53.87250827943237
 10
71.35178957102579
 20
54.76091991918469
 10
71.28852488166865
 20
55.72459367337743
 10
71.41407148977922
 20
56.773518596387305
 10
71.72777361904389
 20
57.917683742590896
 10
72.22897549314897
 20
59.16707816636483
 10
72.91702133578076
 20
60.5316909220858
 10
73.79125537062558
 20
62.02151106413038
 10
74.23886853565105
 20
62.75086924810981
 10
74.65535310668929
 20
63.44785285963707
 10
75.03668851056207
 20
64.10464734674093
 10
75.37885417409103
 20
64.71343815745027
 10
75.677829524098
 20
65.26641073979383
 10
75.92959398740459
 20
65.75575054180044
 10
76.13012699083254
 20
66.17364301149883
 10
76.27540796120365
 20
66.51227359691785
 10
76.36141632533955
 20
66.76382774608624
 10
76.38413151006202
 20
66.92049090703284
 10
76.33953294219273
 20
66.97444852778642
 10
76.1586826052158
 20
66.94039056659199
 10
75.78579782583952
 20
66.84150503788263
 10
75.2365910457219
 20
66.68272447396913
 10
74.52677470652091
 20
66.46898140716266
 10
73.67206124989454
 20
66.20520836977391
 10
72.68816311750084
 20
65.89633789411394
 10
71.59079275099774
 20
65.54730251249362
 10
70.39566259204327
 20
65.16303475722384
 10
69.11848508229545
 20
64.74846716061558
 10
67.77497266341226
 20
64.30853225497972
 10
66.38083777705168
 20
63.84816257262722
 10
63.99737310983438
 20
63.03443989901348
 10
61.95896435593898
 20
62.28906564312379
 10
60.26829974237808
 20
61.613967516413226
 10
58.928067496164225
 20
61.011073230336876
 10
57.94095584431003
 20
60.48231049634981
 10
57.30965301382809
 20
60.029607025907126
 10
57.03684723173098
 20
59.65489053046386
 10
57.12522672503132
 20
59.36008872147508
 10
57.57747972074167
 20
59.14712931039588
 10
58.39629444587465
 20
59.01794000868128
 10
59.58435912744283
 20
58.97444852778642
 10
60.67388339857147
 20
58.79105192400644
 10
61.91123272679301
 20
58.27641409215116
 10
63.24339666319903
 20
57.48386300144742
 10
64.61736475888105
 20
56.466726621122405
 10
65.98012656493066
 20
55.27833292040302
 10
67.2786716324394
 20
53.97200986851627
 10
68.45998951249882
 20
52.60108543468914
 10
69.47106975620048
 20
51.21888758814862
 10
70.25890191463594
 20
49.87874429812169
 10
70.77047553889673
 20
48.63398353383539
 10
70.95278018007443
 20
47.53793326451665
 10
70.95278018007443
 20
44.83826010651006
 10
74.06394879902479
 20
47.05360756665678
 10
77.17511741797517
 20
49.268955026803496
 10
74.52323465080639
 20
50.87170177729496
  0
LWPOLYLINE
  5
3F
330
17
100
AcDbEntity
  8
CUT
100
AcDbPolyline
 90
67
 70
1
 10
96.95278018007443
 20
55.02759124777873
 10
99.3022418245042
 20
56.078679616838116
 10
101.72383678953454
 20
57.234311906700384
 10
104.19547099384656
 20
58.481657786782336
 10
106.69505035612116
 20
59.80788692650077
 10
109.2004807950394
 20
61.20016899527238
 10
111.68966822928229
 20
62.645673662513985
 10
114.14051857753086
 20
64.13157059764225
 10
116.53093775846614
 20
65.64502947007395
 10
118.83883169076915
 20
67.17321994922591
 10
121.0421062931209
 20
68.70331170451482
 10
123.1186674842024
 20
70.22247440535745
 10
124.71443804498739
 20
71.42850393580446
 10
126.02188699101006
 20
72.43634971781336
 10
127.06061645893328
 20
73.27336361338286
 10
127.85022858541996
 20
73.96689748451175
 10
128.41032550713305
 20
74.54430319319874
 10
128.76050936073545
 20
75.03293260144258
 10
128.92038228289007
 20
75.46013757124194
 10
128.90954641025982
 20
75.8532699645956
 10
128.74760387950766
 20
76.23968164350225
 10
128.45415682729646
 20
76.64672446996067
 10
128.04880739028917
 20
77.10175030596955
 10
127.60355954803106
 20
77.5458905687803
 10
127.12530956373237
 20
77.90389157425443
 10
126.53700106134346
 20
78.17745087185833
 10
125.76157766481447
 20
78.3682660110585
 10
124.7219829980956
 20
78.47803454132125
 10
123.34116068513708
 20
78.50845401211308
 10
121.54205434988916
 20
78.46122197290038
 10
119.24760761630202
 20
78.33803597314952
 10
116.3807641083259
 20
78.14059356232696
 10
112.86446744991105
 20
77.87059228989904
 10
108.62166126500762
 20
77.52972970533222
 10
103.66302468991796
 20
77.12455542405567
 10
99.58373113978456
 20
76.75634403817972
 10
96.24628604539532
 20
76.37117648776541
 10
93.51319483753807
 20
75.91513371287363
 10
91.2469629470007
 20
75.33429665356542
 10
89.31009580457103
 20
74.57474624990161
 10
87.56509884103707
 20
73.58256344194325
 10
85.8744774871866
 20
72.30382916975122
 10
84.10073717380757
 20
70.68462437338653
 10
82.1063833316878
 20
68.67102999291006
 10
79.7539213916152
 20
66.2091269683828
 10
78.09251291770747
 20
64.40923750324234
 10
76.67551828598388
 20
62.749998946895346
 10
75.50072011307009
 20
61.225876487758086
 10
74.56590101559172
 20
59.8313353142471
 10
73.86884361017451
 20
58.5608406147787
 10
73.40733051344407
 20
57.408857577769226
 10
73.17914434202606
 20
56.36985139163508
 10
73.1820677125462
 20
55.438287244792605
 10
73.41388324163012
 20
54.608630325658226
 10
73.87237354590349
 20
53.875345822648285
 10
74.55532124199198
 20
53.23289892417918
 10
75.57378553559121
 20
52.71680189410952
 10
77.00576294490926
 20
52.353380542190195
 10
78.78126032051563
 20
52.13702636754897
 10
80.83028451297963
 20
52.06213086931385
 10
83.08284237287077
 20
52.12308554661263
 10
85.4689407507584
 20
52.31428189857317
 10
87.918586497212
 20
52.630111424323445
 10
90.36178646280098
 20
53.064965622991224
 10
92.72854749809477
 20
53.61323599370448
 10
94.94887645366279
 20
54.26931403559101
 10
96.95278018007443
 20
55.02759124777873
  0
LWPOLYLINE
  5
40
330
17
100
AcDbEntity
  8
CUT
100
AcDbPolyline
 90
38
 70
1
 10
42.81732070965875
 20
58.83073393507948
 10
42.6522765613146
 20
59.32344491321348
 10
42.535511513725055
 20
59.812926353967754
 10
42.468129643111105
 20
60.30606958487249
 10
42.45123502569367
 20
60.80976593345798
 10
42.48593173769374
 20
61.33090672725436
 10
42.573323855332255
 20
61.876383293791974
 10
42.7145154548302
 20
62.4530869606009
 10
42.91061061240853
 20
63.06790905521143
 10
43.162713404288205
 20
63.72774090515372
 10
43.47192790669019
 20
64.43947383795808
 10
43.83935819583544
 20
65.20999918115464
 10
45.78876461048018
 20
69.15009930000559
 10
43.1207723952773
 20
68.4992232794057
 10
41.846850649371476
 20
68.13811171172887
 10
40.74883706759978
 20
67.71176444658735
 10
39.819233894215195
 20
67.20711509909785
 10
39.050543373470674
 20
66.61109728437717
 10
38.43526774961922
 20
65.91064461754206
 10
37.965909266913826
 20
65.09269071370915
 10
37.63497016960748
 20
64.14416918799532
 10
37.43495270195316
 20
63.05201365551713
 10
37.358359108203864
 20
61.80315773139142
 10
37.39769163261256
 20
60.384535030734924
 10
37.54545251943225
 20
58.783079168664386
 10
38.200500718604545
 20
53.20964122491236
 10
40.97259517836567
 20
54.80060501638383
 10
41.56948780639159
 20
55.15492721233875
 10
42.0662338552408
 20
55.48040055470028
 10
42.46760283083891
 20
55.78744487201891
 10
42.77836423911153
 20
56.08647999284506
 10
43.00328758598431
 20
56.38792574572929
 10
43.147142377382835
 20
56.70220195922204
 10
43.21469811923276
 20
57.03972846187372
 10
43.210724317459686
 20
57.41092508223488
 10
43.13999047798925
 20
57.82621164885586
 10
43.00726610674706
 20
58.29600799028728
 10
42.81732070965875
 20
58.83073393507948
  0
LWPOLYLINE
  5
41
330
17
100
AcDbEntity
  8
CUT
100
AcDbPolyline
 90
34
 70
1
 10
34.766138664162554
 20
57.22444852778642
 10
34.61842933561487
 20
58.12533101823584
 10
34.374365857882566
 20
58.895975973368934
 10
34.053887890648035
 20
59.528473961553345
 10
33.67693509359362
 20
60.014915551156605
 10
33.263447126401715
 20
60.34739131054647
 10
32.833363648754684
 20
60.51799180809036
 10
32.40662432033491
 20
60.51880761215605
 10
32.00316880082477
 20
60.34192929111106
 10
31.642936749906625
 20
59.97944741332299
 10
31.345867827262857
 20
59.42345254715951
 10
31.131901692575845
 20
58.666035260988224
 10
31.031133806706023
 20
57.96297501696287
 10
31.003335126379866
 20
57.295212470092395
 10
31.045160152293832
 20
56.66941854527107
 10
31.153263385144363
 20
56.09226416739318
 10
31.324299325627912
 20
55.57042026135309
 10
31.554922474440936
 20
55.11055775204508
 10
31.841787332279864
 20
54.71934756436343
 10
32.18154839984118
 20
54.40346062320245
 10
32.57086017782131
 20
54.169567853456385
 10
33.006377166916714
 20
54.024340180019635
 10
33.48475386782385
 20
53.97444852778642
 10
33.78965303473227
 20
53.99516905283454
 10
34.05251350132876
 20
54.05978621961248
 10
34.27478752505275
 20
54.171983415570736
 10
34.45792736334361
 20
54.33544402815983
 10
34.60338527364077
 20
54.5538514448302
 10
34.71261351338361
 20
54.830889053032365
 10
34.78706434001156
 20
55.17024024021677
 10
34.828190010964036
 20
55.57558839383387
 10
34.837442783680416
 20
56.050616901334195
 10
34.816274915600125
 20
56.59900915016823
 10
34.766138664162554
 20
57.22444852778642
  0
LWPOLYLINE
  5
42
330
17
100
AcDbEntity
  8
CUT
100
AcDbPolyline
 90
34
 70
1
 10
126.03172754849547
 20
55.557781861119736
 10
126.04941917293507
 20
55.852405484979414
 10
126.07600032953013
 20
56.10053224111056
 10
126.11099001542786
 20
56.30168112666024
 10
126.15390722777533
 20
56.45537113877569
 10
126.2042709637197
 20
56.56112127460409
 10
126.26160022040818
 20
56.61845053129258
 10
126.32541399498788
 20
56.626877905988266
 10
126.39523128460596
 20
56.58592239583834
 10
126.47057108640959
 20
56.49510299798993
 10
126.55095239754596
 20
56.35393870959027
 10
126.63589421516215
 20
56.16194852778642
 10
126.70665497082666
 20
55.96209096455081
 10
126.76145448840344
 20
55.75828430289289
 10
126.80041732797798
 20
55.55355258488635
 10
126.82366804963564
 20
55.350919852604875
 10
126.83133121346182
 20
55.15341014812199
 10
126.82353137954192
 20
54.964047513511446
 10
126.80039310796141
 20
54.78585599084681
 10
126.76204095880564
 20
54.62185962220164
 10
126.70859949216006
 20
54.475082449649676
 10
126.6401932681101
 20
54.3485485152645
 10
126.55694684674111
 20
54.245281861119736
 10
126.46883871013358
 20
54.17719395728804
 10
126.38631674735663
 20
54.15279970484633
 10
126.31020962897841
 20
54.17002829237444
 10
126.2413460255672
 20
54.22680890845257
 10
126.18055460769116
 20
54.32107074166069
 10
126.12866404591861
 20
54.45074298057878
 10
126.0865030108177
 20
54.6137548137869
 10
126.05490017295668
 20
54.80803542986507
 10
126.03468420290383
 20
55.03151401739322
 10
126.02668377122737
 20
55.28211976495143
 10
126.03172754849547
 20
55.557781861119736
  0
LWPOLYLINE
  5
43
330
17
100
AcDbEntity
  8
CUT
100
AcDbPolyline
 90
58
 70
1
 10
64.95278018007443
 20
64.59151593706056
 10
66.37232951788715
 20
65.07786172142093
 10
67.76899596516668
 20
65.54350383396127
 10
69.12480717267493
 20
65.98317055275993
 10
70.42179079117378
 20
66.39159015589533
 10
71.64197447142516
 20
66.76349092144588
 10
72.76738586419094
 20
67.09360112748996
 10
73.7800526202331
 20
67.37664905210588
 10
74.66200239031355
 20
67.60736297337209
 10
75.39526282519418
 20
67.78047116936696
 10
75.9618615756369
 20
67.89070191816887
 10
76.34382629240363
 20
67.93278349785624
 10
76.99317143662364
 20
68.09998861448923
 10
77.96949719668692
 20
68.54427437639825
 10
79.19087765398663
 20
69.20995556363533
 10
80.57538688991593
 20
70.04134695625231
 10
82.04109898586793
 20
70.98276333430124
 10
83.50608802323586
 20
71.97851947783403
 10
84.88842808341283
 20
72.97293016690259
 10
86.10619324779202
 20
73.91031018155886
 10
87.07745759776657
 20
74.73497430185478
 10
87.72029521472965
 20
75.39123730784232
 10
87.95278018007443
 20
75.82341397957342
 10
87.5468032996082
 20
75.94544518606347
 10
86.40696588973483
 20
75.97896553146916
 10
84.65040779774239
 20
75.93318813273316
 10
82.39426887091884
 20
75.81732610679825
 10
79.75568895655215
 20
75.64059257060717
 10
76.85180790193033
 20
75.41220064110263
 10
73.7997655543414
 20
75.1413634352273
 10
70.71670176107335
 20
74.83729406992393
 10
67.71975636941417
 20
74.50920566213523
 10
64.92606922665186
 20
74.16631132880391
 10
62.45278018007442
 20
73.81782418687271
 10
59.11045366365207
 20
73.19785508846249
 10
56.06683790178652
 20
72.4128716653108
 10
53.33529209586422
 20
71.47331575786819
 10
50.92917544727166
 20
70.38962920658537
 10
48.86184715739536
 20
69.17225385191287
 10
47.146666427621795
 20
67.83163153430121
 10
45.79699245933747
 20
66.37820409420107
 10
44.82618445392887
 20
64.82241337206293
 10
44.24760161278248
 20
63.17470120833741
 10
44.07460313728483
 20
61.44550944347509
 10
44.32054822882238
 20
59.64527991792656
 10
44.98078865366442
 20
57.014672533719846
 10
50.21678441686942
 20
59.15329296995745
 10
51.091318729106966
 20
59.504167381828324
 10
52.12862301644602
 20
59.90948434220158
 10
53.305447398268484
 20
60.36066363452497
 10
54.5985419939562
 20
60.849125042246385
 10
55.98465692289103
 20
61.36628834881367
 10
57.44054230445486
 20
61.903573337674715
 10
58.94294825802955
 20
62.45239979227739
 10
60.468624902996986
 20
63.00418749606942
 10
61.99432235873903
 20
63.55035623249873
 10
63.49679074463756
 20
64.08232578501315
 10
64.95278018007443
 20
64.59151593706056
  0
LWPOLYLINE
  5
44
330
17
100
AcDbEntity
  8
CUT
100
AcDbPolyline
 90
34
 70
1
 10
41.95278018007442
 20
72.58295644948495
 10
41.871926679802925
 20
73.16287146789011
 10
41.649047232077464
 20
73.56704878950592
 10
41.31366341653156
 20
73.80663942769988
 10
40.89529681279875
 20
73.89279439583973
 10
40.423469000512526
 20
73.83666470729304
 10
39.927701559306435
 20
73.64940137542735
 10
39.43751606881397
 20
73.34215541361036
 10
38.98243410866869
 20
72.92607783520958
 10
38.5919772585041
 20
72.41231965359265
 10
38.295667097953725
 20
71.81203188212717
 10
38.123025206651086
 20
71.13636553418075
 10
38.05579280591572
 20
70.62050742379438
 10
38.017897141871686
 20
70.19688298569349
 10
38.01464752294361
 20
69.86183759360975
 10
38.05135325755615
 20
69.61171662127475
 10
38.13332365413394
 20
69.44286544242016
 10
38.26586802110162
 20
69.35162943077756
 10
38.45429566688384
 20
69.3343539600786
 10
38.70391589990525
 20
69.3873844040549
 10
39.0200380285905
 20
69.50706613643808
 10
39.407971361364226
 20
69.68974453095979
 10
39.873025206651086
 20
69.93176496135163
 10
40.179285142632274
 20
70.1124269059174
 10
40.47195088757757
 20
70.31770878342428
 10
40.74774108503003
 20
70.54342764712166
 10
41.003374378532705
 20
70.78540055025897
 10
41.23556941162865
 20
71.03944454608552
 10
41.44104482786094
 20
71.30137668785076
 10
41.61651927077261
 20
71.56701402880407
 10
41.75871138390674
 20
71.83217362219472
 10
41.86433981080638
 20
72.09267252127219
 10
41.930123195014595
 20
72.3443277792858
 10
41.95278018007442
 20
72.58295644948495
  0
LWPOLYLINE
  5
45
330
17
100
AcDbEntity
  8
CUT
100
AcDbPolyline
 90
67
 70
1
 10
51.09861351340775
 20
72.6026886056436
 10
51.59337960980789
 20
72.73048496704504
 10
52.040786023436546
 20
72.88783985563231
 10
52.44313314399996
 20
73.07721079665183
 10
52.80272136120433
 20
73.30105531534997
 10
53.12185106475589
 20
73.56183093697328
 10
53.40282264436086
 20
73.86199518676807
 10
53.64793648972549
 20
74.20400558998088
 10
53.859492990556
 20
74.590319671858
 10
54.039792536558615
 20
75.0233949576459
 10
54.19113551743956
 20
75.505688972591
 10
54.31582232290507
 20
76.03965924193972
 10
54.458114626320025
 20
76.60308084383792
 10
54.657585507213874
 20
77.14100315499539
 10
54.920003162763614
 20
77.65929863962424
 10
55.25113579014626
 20
78.16383976193669
 10
55.656751586538824
 20
78.66049898614486
 10
56.14261874911832
 20
79.15514877646098
 10
56.71450547506176
 20
79.65366159709708
 10
57.37817996154616
 20
80.1619099122654
 10
58.13941040574853
 20
80.68576618617811
 10
59.003965004845874
 20
81.23110288304736
 10
59.97761195601522
 20
81.80379246708526
 10
61.7027369263353
 20
82.85797717863773
 10
62.89466345575014
 20
83.73008437752438
 10
63.58531066868219
 20
84.41523571438955
 10
63.80659768955386
 20
84.90855283987767
 10
63.59044364278757
 20
85.2051574046331
 10
62.96876765280579
 20
85.30017105930014
 10
61.97348884403093
 20
85.18871545452319
 10
60.63652634088543
 20
84.86591224094656
 10
58.989799267791746
 20
84.3268830692146
 10
57.06522674917229
 20
83.56674958997175
 10
54.8947279094495
 20
82.58063345386228
 10
53.30706411329307
 20
81.75293525776888
 10
51.781945225612766
 20
80.83744919716517
 10
50.338052361936825
 20
79.8527347459617
 10
48.994066637793445
 20
78.81735137806933
 10
47.76866916871089
 20
77.74985856739875
 10
46.68054107021742
 20
76.66881578786067
 10
45.74836345784124
 20
75.59278251336588
 10
44.99081744711062
 20
74.54031821782505
 10
44.42658415355378
 20
73.5299823751489
 10
44.07434469269897
 20
72.5803344592482
 10
43.95278018007442
 20
71.70993394403368
 10
43.97729182545383
 20
71.57425819871631
 10
44.04846011996923
 20
71.45820045538872
 10
44.162735101186364
 20
71.36227828811172
 10
44.31656680667096
 20
71.28700927094621
 10
44.50640527398877
 20
71.23291097795294
 10
44.728700540705525
 20
71.20050098319277
 10
44.97990264438696
 20
71.19029686072642
 10
45.256461622598835
 20
71.20281618461476
 10
45.554827512906876
 20
71.2385765289186
 10
45.87145035287683
 20
71.29809546769872
 10
46.20278018007442
 20
71.38189057501597
 10
46.562933886560764
 20
71.48255886061636
 10
46.963245369155295
 20
71.59106819979101
 10
47.39599017256127
 20
71.70549246491828
 10
47.853443841481884
 20
71.82390552837666
 10
48.32788192062037
 20
71.94438126254454
 10
48.81157995467997
 20
72.06499353980044
 10
49.29681348836392
 20
72.18381623252264
 10
49.77585806637544
 20
72.29892321308964
 10
50.240989233417764
 20
72.40838835387984
 10
50.68448253419413
 20
72.51028552727169
 10
51.09861351340775
 20
72.6026886056436
  0
LWPOLYLINE
  5
46
330
17
100
AcDbEntity
  8
CUT
100
AcDbPolyline
 90
60
 70
1
 10
69.72541506594098
 20
75.9154562080858
 10
71.22302104818749
 20
76.07189080258931
 10
73.06793876860615
 20
76.24443298285402
 10
75.2156321890754
 20
76.4298195206901
 10
77.62156527147374
 20
76.62478718790774
 10
80.2412019776798
 20
76.82607275631707
 10
83.03000626957203
 20
77.03041299772832
 10
85.94344210902895
 20
77.23454468395164
 10
88.93697345792913
 20
77.43520458679711
 10
91.9660642781511
 20
77.62912947807496
 10
94.98617853157336
 20
77.81305612959534
 10
97.95278018007443
 20
77.98372131316842
 10
103.71722870899379
 20
78.31309854464126
 10
108.72440993741967
 20
78.61823849953205
 10
113.01820730601284
 20
78.90375978923728
 10
116.64250425543409
 20
79.17428102515353
 10
119.64118422634417
 20
79.43442081867738
 10
122.0581306594039
 20
79.6887977812053
 10
123.93722699527405
 20
79.94203052413388
 10
125.3223566746154
 20
80.19873765885961
 10
126.2574031380887
 20
80.46353779677912
 10
126.7862498263548
 20
80.7410495492889
 10
126.95278018007443
 20
81.03589152778551
 10
126.84641569925898
 20
81.42988585195567
 10
126.46972017081589
 20
81.77268039591755
 10
125.73629046574999
 20
82.07245285177669
 10
124.55972345506609
 20
82.33738091163869
 10
122.85361600976898
 20
82.57564226760897
 10
120.53156500086354
 20
82.79541461179309
 10
117.50716729935453
 20
83.00487563629653
 10
113.69401977624685
 20
83.2122030332248
 10
109.00571930254523
 20
83.42557449468336
 10
103.35586274925458
 20
83.65316771277782
 10
96.65804698737966
 20
83.90316037961361
 10
69.8633137946849
 20
84.87847602648918
 10
63.854015418550055
 20
82.2723168176044
 10
62.74847048448806
 20
81.77565480845851
 10
61.73822766185558
 20
81.28513292149049
 10
60.81942860125326
 20
80.79789305872168
 10
59.98821495328172
 20
80.31107712217371
 10
59.24072836854162
 20
79.82182701386805
 10
58.57311049763364
 20
79.32728463582606
 10
57.98150299115837
 20
78.82459189006929
 10
57.462047499716526
 20
78.31089067861916
 10
57.010885673908724
 20
77.78332290349721
 10
56.624159164335616
 20
77.23903046672487
 10
56.298009621597835
 20
76.67515527032361
 10
54.75130220078048
 20
73.68415293192763
 10
57.874676076294
 20
74.30882770703033
 10
58.42969341194807
 20
74.41151334560769
 10
59.14526816640991
 20
74.53047791152758
 10
60.00270270490996
 20
74.66318652886793
 10
60.98329939267868
 20
74.80710432170676
 10
62.06836059494652
 20
74.95969641412208
 10
63.23918867694393
 20
75.11842793019179
 10
64.47708600390143
 20
75.28076399399393
 10
65.76335494104941
 20
75.44416972960639
 10
67.07929785361836
 20
75.6061102611072
 10
68.40621710683874
 20
75.76405071257435
 10
69.72541506594098
 20
75.9154562080858
  0
LWPOLYLINE
  5
47
330
17
100
AcDbEntity
  8
CUT
100
AcDbPolyline
 90
67
 70
1
 10
166.85278018007443
 20
83.07444852778642
 10
166.45210615160016
 20
83.48945204596316
 10
166.1180069006438
 20
83.86845186683658
 10
165.84931927750011
 20
84.21547929132632
 10
165.64488013246395
 20
84.53456562035197
 10
165.5035263158301
 20
84.82974215483321
 10
165.42409467789335
 20
85.10504019568964
 10
165.40542206894852
 20
85.3644910438409
 10
165.44634533929045
 20
85.61212600020656
 10
165.5457013392139
 20
85.85197636570629
 10
165.70232691901373
 20
86.08807344125967
 10
165.9150589289847
 20
86.32444852778642
 10
166.1461049889703
 20
86.53594427743437
 10
166.36232567107118
 20
86.69638133532456
 10
166.5662881221806
 20
86.80504318509668
 10
166.76055948919182
 20
86.86121331039044
 10
166.94770691899808
 20
86.8641751948455
 10
167.1302975584927
 20
86.8132123221016
 10
167.31089855456898
 20
86.70760817579838
 10
167.49207705412013
 20
86.54664623957555
 10
167.6764002040395
 20
86.32960999707285
 10
167.86643515122034
 20
86.05578293192988
 10
168.06474904255592
 20
85.72444852778642
 10
168.4369211528114
 20
85.18940486976533
 10
168.88373559879952
 20
84.75504029111403
 10
169.39118516512272
 20
84.42194952439547
 10
169.94526263638355
 20
84.19072730217272
 10
170.53196079718452
 20
84.06196835700877
 10
171.1372724321281
 20
84.0362674214665
 10
171.7471903258169
 20
84.11421922810908
 10
172.34770726285342
 20
84.29641850949932
 10
172.9248160278402
 20
84.58345999820031
 10
173.4645094053797
 20
84.97593842677503
 10
173.95278018007443
 20
85.47444852778642
 10
174.37820939387584
 20
85.94635904702656
 10
174.79023996924258
 20
86.32524244541418
 10
175.1831579895814
 20
86.61099072236684
 10
175.5512495382987
 20
86.80349587730208
 10
175.88880069880125
 20
86.90264990963755
 10
176.19009755449554
 20
86.90834481879065
 10
176.44942618878818
 20
86.820472604179
 10
176.66107268508583
 20
86.63892526522011
 10
176.81932312679498
 20
86.36359480133154
 10
176.91846359732233
 20
85.99437321193079
 10
176.95278018007443
 20
85.53115249643548
 10
176.86237451392665
 20
85.02576773760245
 10
176.6067495133692
 20
84.4872300984274
 10
176.20929317523093
 20
83.93266646859112
 10
175.69339349634058
 20
83.37920373777439
 10
175.08243847352693
 20
82.84396879565796
 10
174.39981610361883
 20
82.34408853192252
 10
173.668914383445
 20
81.89668983624884
 10
172.91312130983434
 20
81.51889959831766
 10
172.1558248796156
 20
81.22784470780965
 10
171.42041308961754
 20
81.04065205440571
 10
170.730273936669
 20
80.97444852778642
 10
170.44564675688494
 20
80.99732606347388
 10
170.12909185034087
 20
81.06374980502162
 10
169.78672697578122
 20
81.17040645415759
 10
169.42466989195034
 20
81.31398271260983
 10
169.04903835759276
 20
81.49116528210646
 10
168.6659501314529
 20
81.69864086437545
 10
168.28152297227516
 20
81.93309616114479
 10
167.901874638804
 20
82.19121787414255
 10
167.53312288978387
 20
82.46969270509669
 10
167.1813854839592
 20
82.7652073557353
 10
166.85278018007443
 20
83.07444852778642
  0
LWPOLYLINE
  5
48
330
17
100
AcDbEntity
  8
CUT
100
AcDbPolyline
 90
78
 70
1
 10
125.15223054569148
 20
87.22444852778642
 10
125.19788445811272
 20
87.58029000036348
 10
125.23332997791755
 20
87.96808113484883
 10
125.25864130121346
 20
88.38072200637396
 10
125.27389262410782
 20
88.81111269007042
 10
125.2791581427081
 20
89.25215326106968
 10
125.27451205312184
 20
89.69674379450319
 10
125.2600285514564
 20
90.13778436550243
 10
125.23578183381935
 20
90.56817504919889
 10
125.20184609631804
 20
90.98081592072407
 10
125.15829553506
 20
91.3686070552094
 10
125.1052043461527
 20
91.72444852778642
 10
124.99368706436974
 20
92.28083878422368
 10
124.81352615182456
 20
92.73705223290955
 10
124.48280093259513
 20
93.10308832960303
 10
123.91959073075913
 20
93.38894653006315
 10
123.0419748703944
 20
93.60462629004891
 10
121.76803267557875
 20
93.76012706531932
 10
120.01584347038997
 20
93.86544831163332
 10
117.70348657890588
 20
93.93058948474993
 10
114.74904132520427
 20
93.96555004042816
 10
111.07058703336298
 20
93.98032943442698
 10
106.58620302745979
 20
93.98492712250541
 10
103.23187913454214
 20
94.00714254515051
 10
99.78662560890189
 20
94.07002029947716
 10
96.24901984311148
 20
94.17364461726643
 10
92.6176392297433
 20
94.31809973029956
 10
88.89106116136983
 20
94.50346987035755
 10
85.0678630305635
 20
94.72983926922166
 10
81.14662222989674
 20
94.99729215867296
 10
77.12591615194202
 20
95.30591277049263
 10
73.00432218927176
 20
95.65578533646175
 10
68.78041773445841
 20
96.04699408836149
 10
64.45278018007443
 20
96.479623257973
 10
56.9829954901842
 20
97.25664726825542
 10
50.98166298064558
 20
97.87801508488238
 10
46.2989323625322
 20
98.34224968524134
 10
42.784953346917646
 20
98.64787404671983
 10
40.28987564487556
 20
98.79341114670538
 10
38.66384896747956
 20
98.77738396258542
 10
37.75702302580327
 20
98.59831547174744
 10
37.41954753092032
 20
98.254728651579
 10
37.50157219390433
 20
97.74514647946751
 10
37.85324672582892
 20
97.06809193280051
 10
38.32472083776771
 20
96.22208798896551
 10
39.108365274622884
 20
94.78713000462352
 10
39.89385985339066
 20
93.57372369395475
 10
40.74455543763508
 20
92.55572640956933
 10
41.723802890920226
 20
91.70699550407753
 10
42.89495307681013
 20
91.0013883300895
 10
44.321356858868874
 20
90.41276224021544
 10
46.0663651006605
 20
89.91497458706553
 10
48.193328665749085
 20
89.4818827232499
 10
50.765598417698676
 20
89.08734400137882
 10
53.84652522007334
 20
88.70521577406245
 10
57.49945993643713
 20
88.30935539391098
 10
62.22586953003597
 20
87.84184010478086
 10
67.11818799969012
 20
87.40299001862965
 10
72.13713216708402
 20
86.99509730438604
 10
77.24341885390211
 20
86.62045413097866
 10
82.3977648818288
 20
86.28135266733611
 10
87.56088707254855
 20
85.980085082387
 10
92.69350224774581
 20
85.71894354506
 10
97.75632722910501
 20
85.50022022428368
 10
102.71007883831058
 20
85.32620728898672
 10
107.51547389704697
 20
85.19919690809769
 10
112.1332292269986
 20
85.12148125054523
 10
115.23163284832268
 20
85.08823336885101
 10
117.78124563034447
 20
85.07308595014311
 10
119.83734064970494
 20
85.08496728843139
 10
121.45519098304499
 20
85.13280567772577
 10
122.69006970700553
 20
85.22552941203608
 10
123.59724989822752
 20
85.37206678537223
 10
124.23200463335186
 20
85.58134609174414
 10
124.6496069890195
 20
85.86229562516161
 10
124.90533004187137
 20
86.22384367963454
 10
125.05444686854838
 20
86.67491854917287
 10
125.15223054569148
 20
87.22444852778642
  0
LWPOLYLINE
  5
49
330
17
100
AcDbEntity
  8
CUT
100
AcDbPolyline
 90
78
 70
1
 10
149.83435912744287
 20
88.72444852778642
 10
149.81808011649574
 20
88.84267029521402
 10
149.80478201736275
 20
88.97079569017146
 10
149.79448375692223
 20
89.1065148516708
 10
149.7872042620524
 20
89.2475179187241
 10
149.7829624596316
 20
89.39149503034344
 10
149.78177727653812
 20
89.53613632554087
 10
149.7836676396503
 20
89.67913194332846
 10
149.7886524758464
 20
89.81817202271822
 10
149.7967507120047
 20
89.95094670272223
 10
149.8079812750035
 20
90.07514612235255
 10
149.82236309172114
 20
90.18846042062125
 10
149.82376503037753
 20
90.28812827119671
 10
149.79730918879852
 20
90.37270593580035
 10
149.74489433827137
 20
90.44185993552401
 10
149.66841925008313
 20
90.49525679145944
 10
149.56978269552098
 20
90.53256302469842
 10
149.4508834458722
 20
90.55344515633274
 10
149.31362027242378
 20
90.55756970745415
 10
149.15989194646303
 20
90.54460319915444
 10
148.99159723927713
 20
90.51421215252535
 10
148.81063492215313
 20
90.46606308865864
 10
148.61890376637825
 20
90.39982252864615
 10
148.18467708324226
 20
90.3517384548679
 10
147.7342712583253
 20
90.51556449253113
 10
147.27980885360392
 20
90.86749743423877
 10
146.83341243105482
 20
91.38373407259357
 10
146.4072045526547
 20
92.0404712001984
 10
146.01330778038013
 20
92.81390560965605
 10
145.66384467620782
 20
93.68023409356937
 10
145.37093780211447
 20
94.6156534445411
 10
145.14670972007667
 20
95.59636045517414
 10
145.0032829920711
 20
96.59855191807128
 10
144.95278018007443
 20
97.59842462583532
 10
145.07335430494334
 20
98.55177799323863
 10
145.4148421749531
 20
99.556812642464
 10
145.9468920332081
 20
100.58350836963436
 10
146.63915212281273
 20
101.60184497087286
 10
147.46127068687142
 20
102.58180224230253
 10
148.38289596848855
 20
103.49335998004645
 10
149.3736762107686
 20
104.30649798022768
 10
150.40325965681595
 20
104.9911960389692
 10
151.44129454973498
 20
105.51743395239413
 10
152.45742913263018
 20
105.85519151662552
 10
153.4213116486059
 20
105.97444852778642
 10
153.8359762860804
 20
105.94789023258804
 10
154.28336978881276
 20
105.8707244652224
 10
154.7557074566546
 20
105.74671490303402
 10
155.2452045894575
 20
105.57962522336734
 10
155.74407648707322
 20
105.37321910356678
 10
156.24453844935334
 20
105.1312602209768
 10
156.7388057761496
 20
104.85751225294183
 10
157.21909376731364
 20
104.55573887680632
 10
157.67761772269708
 20
104.22970376991472
 10
158.10659294215165
 20
103.88317060961145
 10
158.498234725529
 20
103.51990307324098
 10
159.73727835767718
 20
101.95370980241117
 10
160.556436863562
 20
100.21439048539077
 10
160.97973570979468
 20
98.36985181293218
 10
161.03120036298648
 20
96.48800047578794
 10
160.73485628974862
 20
94.63674316471051
 10
160.11472895669237
 20
92.8839865704523
 10
159.19484383042894
 20
91.29763738376585
 10
157.99922637756967
 20
89.94560229540355
 10
156.55190206472574
 20
88.89578799611789
 10
154.87689635850842
 20
88.21610117666137
 10
152.998234725529
 20
87.97444852778642
 10
152.54847800413734
 20
87.98261907624624
 10
152.11617209678988
 20
88.00634184108472
 10
151.70630884327332
 20
88.04443350149043
 10
151.3238800833741
 20
88.09571073665194
 10
150.97387765687895
 20
88.15899022575786
 10
150.6612934035744
 20
88.2330886479968
 10
150.3911191632471
 20
88.31682268255727
 10
150.16834677568372
 20
88.40900900862789
 10
149.9979680806708
 20
88.50846430539724
 10
149.88497491799498
 20
88.61400525205389
 10
149.83435912744287
 20
88.72444852778642
  0
LWPOLYLINE
  5
4A
330
17
100
AcDbEntity
  8
CUT
100
AcDbPolyline
 90
45
 70
1
 10
148.43827342350696
 20
94.04049735780623
 10
148.26278254433876
 20
95.16860001189323
 10
148.22394480586277
 20
96.29919712371785
 10
148.31436439605628
 20
97.41567605816891
 10
148.52664550289657
 20
98.50142418013539
 10
148.85339231436097
 20
99.5398288545062
 10
149.28720901842672
 20
100.51427744617024
 10
149.82069980307114
 20
101.40815732001647
 10
150.44646885627154
 20
102.2048558409337
 10
151.15712036600516
 20
102.88776037381095
 10
151.94525852024935
 20
103.44025828353708
 10
152.80348750698138
 20
103.84573693500101
 10
153.41510811239016
 20
104.07197134063347
 10
153.90740302626259
 20
104.26084191503779
 10
154.281792727678
 20
104.41608318233489
 10
154.53969769571583
 20
104.54142966664574
 10
154.68253840945542
 20
104.64061589209129
 10
154.71173534797614
 20
104.71737638279245
 10
154.62870899035732
 20
104.7754456628702
 10
154.43487981567839
 20
104.81855825644539
 10
154.1316683030187
 20
104.85044868763904
 10
153.72049493145758
 20
104.87485148057203
 10
153.20278018007443
 20
104.89550115936538
 10
151.95583524967685
 20
104.770340789263
 10
150.77113010434718
 20
104.33399456778574
 10
149.67226990307753
 20
103.62886971624164
 10
148.68285980485985
 20
102.69737345593879
 10
147.82650496868612
 20
101.5819130081853
 10
147.12681055354844
 20
100.32489559428919
 10
146.60738171843886
 20
98.9687284355586
 10
146.29182362234934
 20
97.55581875330154
 10
146.20374142427195
 20
96.12857376882607
 10
146.36674028319877
 20
94.72940070344035
 10
146.8044253581217
 20
93.40070677845239
 10
147.20792828110098
 20
92.57069627171012
 10
147.5748147207507
 20
91.92395054409337
 10
147.90029208613598
 20
91.45859288833918
 10
148.17956778632185
 20
91.1727465971847
 10
148.40784923037342
 20
91.0645349633669
 10
148.58034382735573
 20
91.1320812796229
 10
148.6922589863339
 20
91.3735088386897
 10
148.73880211637302
 20
91.78694093330438
 10
148.7151806265382
 20
92.37050085620399
 10
148.61660192589446
 20
93.12231190012557
 10
148.43827342350696
 20
94.04049735780623
  0
LWPOLYLINE
  5
4B
330
17
100
AcDbEntity
  8
CUT
100
AcDbPolyline
 90
34
 70
1
 10
36.19848378778119
 20
93.22444852778642
 10
36.34712687844562
 20
93.733684680848
 10
36.42035538778138
 20
94.23474167425857
 10
36.422312897817115
 20
94.71912409042494
 10
36.357142990581494
 20
95.17833651175403
 10
36.22898924810316
 20
95.60388352065263
 10
36.041995252410786
 20
95.98726969952753
 10
35.800304585533006
 20
96.31999963078562
 10
35.50806082949849
 20
96.59357789683372
 10
35.1694075663359
 20
96.79950908007868
 10
34.788488378073886
 20
96.92929776292729
 10
34.36944684674109
 20
96.97444852778642
 10
34.16083177035742
 20
96.95447607599581
 10
33.96147664889485
 20
96.89648709527955
 10
33.77361664388609
 20
96.80337414762116
 10
33.5994869168638
 20
96.67802979500405
 10
33.44132262936067
 20
96.52334659941178
 10
33.30135894290938
 20
96.34221712282775
 10
33.18183101904261
 20
96.1375339272355
 10
33.08497401929305
 20
95.9121895746184
 10
33.013023105193376
 20
95.66907662695999
 10
32.96821343827627
 20
95.41108764624374
 10
32.95278018007442
 20
95.1411151944531
 10
33.00796994889483
 20
94.36561835821325
 10
33.16219294653107
 20
93.68022118742766
 10
33.398429709745656
 20
93.09497408774484
 10
33.699660775301034
 20
92.61992746481312
 10
34.048866679959744
 20
92.26513172428088
 10
34.42902796048425
 20
92.0406372717965
 10
34.82312515363705
 20
91.95649451300841
 10
35.21413879618066
 20
92.02275385356498
 10
35.58504942487756
 20
92.24946569911458
 10
35.91883757649024
 20
92.64668045530559
 10
36.19848378778119
 20
93.22444852778642
  0
LWPOLYLINE
  5
4C
330
17
100
AcDbEntity
  8
CUT
100
AcDbPolyline
 90
108
 70
1
 10
126.59642292635252
 20
96.20686737350172
 10
126.99316545413626
 20
96.93178252156997
 10
127.27239828783317
 20
97.63169143197067
 10
127.43437848384139
 20
98.30578593275743
 10
127.47936309855916
 20
98.95325785198403
 10
127.40760918838473
 20
99.5732990177041
 10
127.2193738097163
 20
100.16510125797137
 10
126.91491401895203
 20
100.72785640083953
 10
126.49448687249028
 20
101.26075627436217
 10
125.9583494267292
 20
101.76299270659308
 10
125.306758738067
 20
102.23375752558593
 10
124.53997186290192
 20
102.67224255939436
 10
123.951715565395
 20
102.98585882174996
 10
123.12925492661074
 20
103.44300865689866
 10
122.09681606988141
 20
104.02949077523209
 10
120.87862511853936
 20
104.7311038871419
 10
119.49890819591681
 20
105.53364670301977
 10
117.98189142534616
 20
106.42291793325728
 10
116.3518009301597
 20
107.38471628824615
 10
114.6328628336897
 20
108.40484047837796
 10
112.84930325926848
 20
109.46908921404437
 10
111.02534833022838
 20
110.56326120563706
 10
109.18522416990166
 20
111.67315516354765
 10
96.91766815972889
 20
119.09329634932594
 10
79.68522416990166
 20
118.60320699828853
 10
62.45278018007442
 20
118.11311764725112
 10
77.45278018007443
 20
119.10387194447485
 10
79.66978432474218
 20
119.25779686587441
 10
81.80423334916625
 20
119.42052803830161
 10
83.83128213897785
 20
119.58933950785006
 10
85.72608557980817
 20
119.76150532061332
 10
87.46379855728836
 20
119.93429952268501
 10
89.01957595704963
 20
120.10499616015868
 10
90.36857266472313
 20
120.2708692791279
 10
91.48594356594012
 20
120.42919292568621
 10
92.34684354633177
 20
120.57724114592727
 10
92.92642749152921
 20
120.7122879859446
 10
93.19985028716371
 20
120.8316074918318
 10
93.22312616411668
 20
121.01176019068804
 10
93.0764214695561
 20
121.32343305994642
 10
92.77111926354289
 20
121.75508982120161
 10
92.318602606138
 20
122.2951941960482
 10
91.7302545574023
 20
122.93220990608086
 10
91.01745817739675
 20
123.65460067289416
 10
90.19159652618228
 20
124.45083021808273
 10
89.26405266381983
 20
125.30936226324118
 10
88.24620965037028
 20
126.21866052996413
 10
87.14945054589458
 20
127.1671887398462
 10
85.98515841045364
 20
128.143410614482
 10
78.02339642665427
 20
134.718232486999
 10
64.9643726989867
 20
135.97333437158017
 10
60.3333734954745
 20
136.3687392110138
 10
56.262604157735076
 20
136.6038454586111
 10
52.71860329672119
 20
136.67122721963025
 10
49.667909523385546
 20
136.56345859932964
 10
47.07706144868092
 20
136.27311370296735
 10
44.91259768356003
 20
135.79276663580177
 10
43.141056838975615
 20
135.11499150309106
 10
41.72897752588043
 20
134.23236241009346
 10
40.64289835522722
 20
133.13745346206724
 10
39.849357937968705
 20
131.8228387642706
 10
39.31489488505765
 20
130.28109242196186
 10
39.0967363517415
 20
128.65061836738704
 10
39.25822219404409
 20
127.0842156959277
 10
39.77606264531366
 20
125.60004581950227
 10
40.62696793889849
 20
124.21627015002935
 10
41.787648308146856
 20
122.9510500994274
 10
43.23481398640702
 20
121.82254707961495
 10
44.945175207027255
 20
120.84892250251048
 10
46.89544220335585
 20
120.04833778003248
 10
49.06232520874106
 20
119.43895432409947
 10
51.42253445653116
 20
119.03893354662995
 10
53.95278018007442
 20
118.86643685954243
 10
59.45278018007442
 20
118.75531719314
 10
54.954288320483464
 20
117.87460782224048
 10
52.723605311853575
 20
117.30651047565448
 10
50.708856356309504
 20
116.53256563441023
 10
48.92845312696876
 20
115.57832436797806
 10
47.400807296948834
 20
114.46933774582831
 10
46.14433053936722
 20
113.23115683743139
 10
45.177434527341426
 20
111.8893327122576
 10
44.51853093398894
 20
110.46941643977733
 10
44.186031432427285
 20
108.99695908946089
 10
44.19834769577394
 20
107.49751173077863
 10
44.57389139714641
 20
105.99662543320093
 10
45.331074209662205
 20
104.51985126619812
 10
46.24428312072413
 20
103.2026496469988
 10
47.186879133401135
 20
102.09885836593742
 10
48.281163308615554
 20
101.17961946640528
 10
49.649436707289695
 20
100.41607499179378
 10
51.41400039034591
 20
99.77936698549425
 10
53.69715541870654
 20
99.24063749089802
 10
56.62120285329389
 20
98.77102855139648
 10
60.30844375503033
 20
98.3416822103809
 10
64.88117918483817
 20
97.92374051124264
 10
70.46171020363974
 20
97.48834549737307
 10
77.17233787235739
 20
97.00663921216352
 10
85.42666210729257
 20
96.44866534171996
 10
92.94020915970339
 20
95.98755936708389
 10
99.70915638418708
 20
95.62338314562987
 10
105.72968113534091
 20
95.35619853473253
 10
110.99796076776215
 20
95.18606739176639
 10
115.51017263604805
 20
95.11305157410607
 10
119.26249409479593
 20
95.13721293912616
 10
122.25110249860305
 20
95.25861334420114
 10
124.47217520206667
 20
95.47731464670571
 10
125.92188955978409
 20
95.79337870401437
 10
126.59642292635252
 20
96.20686737350172
  0
LWPOLYLINE
  5
4D
330
17
100
AcDbEntity
  8
CUT
100
AcDbPolyline
 90
34
 70
1
 10
154.79656040321828
 20
99.535362451302
 10
154.6343716706593
 20
100.14143177031053
 10
154.40912414093938
 20
100.65149288801229
 10
154.1330268065467
 20
101.06232332396743
 10
153.81828865996934
 20
101.37070059773606
 10
153.4771186936955
 20
101.57340222887836
 10
153.1217259002133
 20
101.66720573695446
 10
152.76431927201085
 20
101.64888864152451
 10
152.41710780157638
 20
101.51522846214863
 10
152.09230048139798
 20
101.26300271838701
 10
151.80210630396377
 20
100.88898892979972
 10
151.55873426176197
 20
100.38996461594698
 10
151.41213139205902
 20
99.81254750293479
 10
151.3925539260303
 20
99.21897941432945
 10
151.4834665840519
 20
98.63153777068669
 10
151.66833408649987
 20
98.07249999256209
 10
151.93062115375017
 20
97.5641435005113
 10
152.2537925061789
 20
97.12874571508999
 10
152.62131286416215
 20
96.78858405685381
 10
153.0166469480759
 20
96.56593594635834
 10
153.42325947829625
 20
96.48307880415928
 10
153.8246151751992
 20
96.56229005081224
 10
154.20417875916084
 20
96.82584710687286
 10
154.33829063950333
 20
96.98302317854174
 10
154.4591546292347
 20
97.1708528548138
 10
154.5658360916513
 20
97.38506116782776
 10
154.65740039004953
 20
97.62137314972247
 10
154.73291288772577
 20
97.8755138326367
 10
154.7914389479764
 20
98.14320824870913
 10
154.83204393409773
 20
98.42018143007863
 10
154.85379320938623
 20
98.70215840888386
 10
154.85575213713824
 20
98.98486421726366
 10
154.83698608065012
 20
99.26402388735679
 10
154.79656040321828
 20
99.535362451302
  0
LWPOLYLINE
  5
4E
330
17
100
AcDbEntity
  8
CUT
100
AcDbPolyline
 90
34
 70
1
 10
179.95278018007443
 20
99.41543153341149
 10
179.94263887681234
 20
99.63389504807256
 10
179.91319412734097
 20
99.85486985140915
 10
179.86591467213293
 20
100.07517468498267
 10
179.8022692516605
 20
100.29162829035462
 10
179.72372660639616
 20
100.50104940908639
 10
179.63175547681237
 20
100.70025678273944
 10
179.5278246033815
 20
100.88606915287522
 10
179.41340272657615
 20
101.05530526105508
 10
179.2899585868686
 20
101.20478384884058
 10
179.1589609247314
 20
101.33132365779304
 10
179.02187848063693
 20
101.43174342947395
 10
178.69898280894284
 20
101.56986634606517
 10
178.3848458717688
 20
101.592946839528
 10
178.08856478238422
 20
101.51523149342523
 10
177.81923665405876
 20
101.35096689131981
 10
177.58595860006184
 20
101.11439961677456
 10
177.39782773366304
 20
100.81977625335233
 10
177.26394116813188
 20
100.481343384616
 10
177.19339601673792
 20
100.11334759412836
 10
177.19528939275065
 20
99.73003546545232
 10
177.27871840943965
 20
99.34565358215073
 10
177.45278018007443
 20
98.97444852778642
 10
177.71826968761567
 20
98.61216964188716
 10
178.0064269012995
 20
98.3357110713217
 10
178.30714813372722
 20
98.1432905943152
 10
178.61032969749994
 20
98.03312598909295
 10
178.90586790521897
 20
98.0034350338801
 10
179.18365906948551
 20
98.05243550690182
 10
179.4335995029008
 20
98.17834518638338
 10
179.64558551806613
 20
98.37938185054992
 10
179.8095134275827
 20
98.65376327762664
 10
179.91527954405169
 20
98.99970724583878
 10
179.95278018007443
 20
99.41543153341149
  0
LWPOLYLINE
  5
4F
330
17
100
AcDbEntity
  8
CUT
100
AcDbPolyline
 90
38
 70
1
 10
44.50948414872347
 20
102.19695477119186
 10
43.95446854481854
 20
103.15825478442997
 10
43.52309289548955
 20
104.25717319088577
 10
43.21406765722166
 20
105.46004708472512
 10
43.02610328649998
 20
106.73321356011397
 10
42.957910239809664
 20
108.04300971121812
 10
43.00819897363583
 20
109.35577263220353
 10
43.17567994446363
 20
110.63783941723601
 10
43.45906360877821
 20
111.85554716048145
 10
43.8570604230647
 20
112.97523295610571
 10
44.36838084380823
 20
113.9632338982747
 10
44.991735327493956
 20
114.78588708115429
 10
47.03069047491349
 20
116.97444852778642
 10
39.719021297816376
 20
116.97444852778642
 10
32.40735212071926
 20
116.97444852778642
 10
33.01768103078345
 20
110.72444852778642
 10
33.27178013156277
 20
108.29303257883528
 10
33.54083209503244
 20
106.2762396482349
 10
33.861953924594886
 20
104.63363029042779
 10
34.27226262365251
 20
103.32476505985633
 10
34.80887519560772
 20
102.30920451096301
 10
35.50890864386294
 20
101.54650919819022
 10
36.409479971820566
 20
100.99623967598043
 10
37.547706182883026
 20
100.61795649877604
 10
38.960704280452724
 20
100.37122022101948
 10
40.68559126793207
 20
100.21559139715322
 10
42.75948414872347
 20
100.11063058161969
 10
43.56112616122308
 20
100.08045433930533
 10
44.2123671320648
 20
100.06814859863286
 10
44.720504001574014
 20
100.08241266423698
 10
45.09283371007611
 20
100.13194584075248
 10
45.33665319789645
 20
100.22544743281395
 10
45.45925940536045
 20
100.37161674505614
 10
45.467949272793454
 20
100.57915308211375
 10
45.37001974052089
 20
100.8567557486214
 10
45.17276774886812
 20
101.21312404921383
 10
44.88349023816051
 20
101.65695728852577
 10
44.50948414872347
 20
102.19695477119186
  0
LWPOLYLINE
  5
50
330
17
100
AcDbEntity
  8
CUT
100
AcDbPolyline
 90
34
 70
1
 10
29.18453309534481
 20
105.004204163505
 10
29.072345196551204
 20
105.68499867404188
 10
28.89952428827928
 20
106.35272814080946
 10
28.673432096452224
 20
106.99648397081192
 10
28.4014303469932
 20
107.60535757105345
 10
28.09088076582541
 20
108.16844034853814
 10
27.74914507887201
 20
108.67482371027022
 10
27.383585012056187
 20
109.11359906325382
 10
27.00156229130112
 20
109.47385781449306
 10
26.610438642529992
 20
109.74469137099214
 10
26.217575791665972
 20
109.91519113975521
 10
25.83033546463225
 20
109.97444852778642
 10
25.529884129763865
 20
109.91553245583285
 10
25.29620283964926
 20
109.74423879307702
 10
25.128851416698907
 20
109.46874936917624
 10
25.027389683323236
 20
109.09724601378802
 10
24.991377461932693
 20
108.63791055656972
 10
25.020374574937755
 20
108.0989248271787
 10
25.113940844748846
 20
107.48847065527238
 10
25.271636093776458
 20
106.81472987050813
 10
25.49302014443102
 20
106.08588430254332
 10
25.777652819122984
 20
105.31011578103539
 10
26.125093940262808
 20
104.49560613564171
 10
26.521229841612723
 20
103.73982232080212
 10
26.934890114649086
 20
103.15127914771455
 10
27.352366297538474
 20
102.72769773574106
 10
27.75994992844737
 20
102.4667992042437
 10
28.143932545542327
 20
102.3663046725845
 10
28.49060568698986
 20
102.42393526012555
 10
28.786260890956505
 20
102.6374120862288
 10
29.0171896956088
 20
103.00445627025636
 10
29.169683639113266
 20
103.5227889315702
 10
29.23003425963642
 20
104.1901311895324
 10
29.18453309534481
 20
105.004204163505
  0
LWPOLYLINE
  5
51
330
17
100
AcDbEntity
  8
CUT
100
AcDbPolyline
 90
69
 70
1
 10
131.82172545333836
 20
104.79039913575139
 10
133.82685914787865
 20
107.60634974371632
 10
130.26679260375724
 20
114.04039913575137
 10
125.99459313680015
 20
121.30925577493812
 10
121.43702447838584
 20
128.2303184869329
 10
116.66738835057515
 20
134.73246128308958
 10
111.758986475429
 20
140.74455817476195
 10
106.7851205750083
 20
146.19548317330396
 10
101.81909237137393
 20
151.01411029006925
 10
96.93420358658679
 20
155.12931353641187
 10
92.20375594270777
 20
158.4699669236855
 10
87.7010511617978
 20
160.964944463244
 10
83.4993909659178
 20
162.5431201664412
 10
79.67207707712859
 20
163.13336804463103
 10
79.0051697770106
 20
163.13871392828042
 10
78.32145519469799
 20
163.12909262180824
 10
77.631274194409
 20
163.10546103761197
 10
76.94496764036197
 20
163.06877608808907
 10
76.27287639677516
 20
163.01999468563702
 10
75.62534132786695
 20
162.96007374265326
 10
75.01270329785558
 20
162.88997017153523
 10
74.44530317095939
 20
162.8106408846804
 10
73.93348181139666
 20
162.72304279448625
 10
73.48758008338575
 20
162.6281328133502
 10
73.11793885114488
 20
162.52686785366976
 10
72.46961356170797
 20
162.23378639709415
 10
71.81185762108004
 20
161.7761286350925
 10
71.15986537670801
 20
161.1782753762816
 10
70.5288311760387
 20
160.46460742927817
 10
69.93394936651893
 20
159.65950560269897
 10
69.39041429559558
 20
158.78735070516075
 10
68.91342031071554
 20
157.87252354528027
 10
68.51816175932564
 20
156.93940493167426
 10
68.21983298887272
 20
156.01237567295948
 10
68.03362834680368
 20
155.11581657775267
 10
67.97474218056533
 20
154.27410845467062
 10
68.48645407955152
 20
151.44529268984792
 10
69.91530535787555
 20
148.20203041133007
 10
72.19709323521667
 20
144.6060512041076
 10
75.26761493125414
 20
140.71908465317094
 10
79.0626676656673
 20
136.6028603435107
 10
83.51804865813534
 20
132.31910786011736
 10
88.56955512833764
 20
127.92955678798138
 10
94.15298429595339
 20
123.49593671209331
 10
100.20413338066194
 20
119.07997721744363
 10
106.65879960214252
 20
114.74340788902288
 10
113.45278018007443
 20
110.54795831182153
 10
114.94714531906766
 20
109.66343204834695
 10
116.4176186473922
 20
108.79104347976201
 10
117.84526703206541
 20
107.94213725758772
 10
119.2111573401045
 20
107.12805803334511
 10
120.4963564385267
 20
106.36015045855521
 10
121.6819311943494
 20
105.64975918473903
 10
122.74894847458984
 20
105.00822886341763
 10
123.67847514626527
 20
104.44690414611193
 10
124.45157807639299
 20
103.97712968434303
 10
125.04932413199029
 20
103.61025012963194
 10
125.45278018007443
 20
103.35761013349963
 10
126.22878713637024
 20
102.88841697215287
 10
126.9264228910225
 20
102.53034653737981
 10
127.55867704914883
 20
102.28632103412289
 10
128.13853921586676
 20
102.1592626673247
 10
128.67899899629398
 20
102.15209364192768
 10
129.19304599554812
 20
102.26773616287437
 10
129.6936698187467
 20
102.50911243510731
 10
130.1938600710074
 20
102.87914466356895
 10
130.70660635744787
 20
103.38075505320182
 10
131.24489828318562
 20
104.01686580894847
 10
131.82172545333836
 20
104.79039913575139
  0
LWPOLYLINE
  5
52
330
17
100
AcDbEntity
  8
CUT
100
AcDbPolyline
 90
113
 70
1
 10
137.4619772047054
 20
113.00342578646453
 10
137.43058608229921
 20
115.17726683823201
 10
136.36526701450396
 20
118.33680518020823
 10
134.3663820766215
 20
122.34499022601881
 10
131.53429334395358
 20
127.06477138928928
 10
127.96936289180192
 20
132.35909808364522
 10
123.7719527954684
 20
138.09091972271227
 10
119.04242513025474
 20
144.12318572011588
 10
113.8811419714628
 20
150.3188454894817
 10
108.3884653943943
 20
156.54084844443528
 10
102.66475747435109
 20
162.65214399860218
 10
96.81038028663491
 20
168.51568156560796
 10
93.45137481177176
 20
171.72437611641294
 10
90.30434676564491
 20
174.6391375891768
 10
87.31446082595431
 20
177.30144285058248
 10
84.42688167040001
 20
179.75276876731283
 10
81.58677397668191
 20
182.03459220605077
 10
78.73930242250003
 20
184.1883900334792
 10
75.82963168555435
 20
186.255639116281
 10
72.80292644354483
 20
188.27781632113906
 10
69.60435137417147
 20
190.29639851473624
 10
66.17907115513424
 20
192.35286256375548
 10
62.47225046413309
 20
194.48868533487962
 10
60.18622365929556
 20
195.77509018142283
 10
58.23948643678738
 20
196.84366049455602
 10
56.57223461155285
 20
197.714402604047
 10
55.12466399853627
 20
198.4073228396636
 10
53.83697041268197
 20
198.94242753117373
 10
52.649349668934256
 20
199.33972300834517
 10
51.50199758223746
 20
199.61921560094578
 10
50.33510996753588
 20
199.80091163874346
 10
49.08888263977382
 20
199.90481745150595
 10
47.70351141389563
 20
199.95093936900116
 10
46.119192104845595
 20
199.95928372099695
 10
39.45278018007442
 20
199.94411891420748
 10
49.5906105022225
 20
194.54263791105993
 10
52.87301019274455
 20
192.78261929430622
 10
55.79309255338199
 20
191.18928368766325
 10
58.41380089253813
 20
189.72297717699973
 10
60.79807851861627
 20
188.34404584818438
 10
63.00886874001966
 20
187.01283578708592
 10
65.10911486515167
 20
185.68969307957303
 10
67.16176020241554
 20
184.33496381151446
 10
69.2297480602146
 20
182.9089940687789
 10
71.37602174695212
 20
181.37212993723506
 10
73.66352457103145
 20
179.68471750275165
 10
76.15519984085583
 20
177.80710285119739
 10
79.0296410600501
 20
175.5826737510701
 10
81.79223019413931
 20
173.36544600180815
 10
84.40461135585201
 20
171.19167546776018
 10
86.82842865791659
 20
169.0976180132749
 10
89.02532621306159
 20
167.11952950270106
 10
90.95694813401548
 20
165.29366580038737
 10
92.58493853350672
 20
163.6562827706825
 10
93.87094152426383
 20
162.2436362779352
 10
94.77660121901528
 20
161.09198218649414
 10
95.26356173048953
 20
160.23757636070803
 10
95.2934671714151
 20
159.71667466492562
 10
95.20919796146984
 20
159.5689195137225
 10
95.1508837684971
 20
159.44145219550677
 10
95.11789795421933
 20
159.33491050418775
 10
95.10961388035898
 20
159.24993223367463
 10
95.12540490863844
 20
159.18715517787666
 10
95.16464440078025
 20
159.1472171307031
 10
95.22670571850679
 20
159.13075588606313
 10
95.31096222354054
 20
159.13840923786603
 10
95.41678727760396
 20
159.17081498002105
 10
95.5435542424195
 20
159.22861090643738
 10
95.69063647970958
 20
159.31243481102427
 10
96.60513420641871
 20
159.08203910608984
 10
98.24439662015476
 20
157.8588362241352
 10
100.48040039990158
 20
155.78935796827267
 10
103.18512222464298
 20
153.0201361416145
 10
106.23053877336281
 20
149.69770254727302
 10
109.48862672504492
 20
145.96858898836047
 10
112.83136275867315
 20
141.97932726798913
 10
116.13072355323135
 20
137.87644918927126
 10
119.25868578770337
 20
133.80648655531917
 10
122.08722614107302
 20
129.9159711692451
 10
124.48832129232417
 20
126.35143483416137
 10
125.02557886801429
 20
125.49756993582704
 10
125.60425018027098
 20
124.55232408780745
 10
126.21408549045228
 20
123.53374723277929
 10
126.84483505991616
 20
122.45988931341934
 10
127.48624915002077
 20
121.34880027240422
 10
128.12807802212407
 20
120.21853005241069
 10
128.76007193758412
 20
119.0871285961154
 10
129.37198115775902
 20
117.97264584619512
 10
129.95355594400678
 20
116.8931317453265
 10
130.49454655768545
 20
115.86663623618625
 10
130.98470326015305
 20
114.9112092614511
 10
131.63015554374837
 20
113.65178474132516
 10
132.20051521086836
 20
112.58493221408453
 10
132.70495302008624
 20
111.7005782326083
 10
133.1526397299752
 20
110.98864934977554
 10
133.5527460991085
 20
110.43907211846532
 10
133.91444288605942
 20
110.04177309155672
 10
134.24690084940116
 20
109.78667882192879
 10
134.55929074770697
 20
109.66371586246056
 10
134.86078333955012
 20
109.66281076603116
 10
135.16054938350382
 20
109.7738900855196
 10
135.4677596381413
 20
109.98688037380496
 10
135.68142594533072
 20
110.17903983882677
 10
135.89805668888863
 20
110.40189185493594
 10
136.1145054699496
 20
110.65067703417861
 10
136.32762588964826
 20
110.92063598860099
 10
136.5342715491193
 20
111.20700933024919
 10
136.73129604949733
 20
111.50503767116935
 10
136.91555299191705
 20
111.80996162340762
 10
137.08389597751304
 20
112.11702179901013
 10
137.23317860742
 20
112.42145881002301
 10
137.36025448277258
 20
112.71851326849244
 10
137.4619772047054
 20
113.00342578646453
  0
LWPOLYLINE
  5
53
330
17
100
AcDbEntity
  8
CUT
100
AcDbPolyline
 90
89
 70
1
 10
144.64561999831264
 20
118.15511785345808
 10
145.20960299355977
 20
118.47852715998806
 10
145.75507601414506
 20
118.7920395625244
 10
146.275547194127
 20
119.09188298203904
 10
146.7645246675642
 20
119.37428533950394
 10
147.21551656851523
 20
119.63547455589102
 10
147.62203103103863
 20
119.87167855217223
 10
147.97757618919292
 20
120.0791252493195
 10
148.27566017703674
 20
120.25404256830475
 10
148.50979112862862
 20
120.39265843009994
 10
148.67347717802713
 20
120.49120075567697
 10
148.7602264592908
 20
120.5458974660078
 10
148.76823524776773
 20
120.63522151698162
 10
148.70330234914414
 20
120.83430253504618
 10
148.57033969298558
 20
121.13435344701129
 10
148.37425920885772
 20
121.52658717968689
 10
148.119972826326
 20
122.0022166598828
 10
147.8123924749562
 20
122.55245481440885
 10
147.45643008431378
 20
123.16851457007492
 10
147.05699758396443
 20
123.84160885369081
 10
146.61900690347372
 20
124.56295059206641
 10
146.1473699724073
 20
125.32375271201157
 10
145.64699872033069
 20
126.11522814033613
 10
145.11411005939266
 20
126.96212031822358
 10
144.54806051363212
 20
127.88382210414095
 10
143.9584714304497
 20
128.86352055082347
 10
143.35496415724612
 20
129.88440271100637
 10
142.74716004142203
 20
130.92965563742487
 10
142.1446804303782
 20
131.98246638281424
 10
141.5571466715153
 20
133.0260219999097
 10
140.99418011223403
 20
134.04350954144638
 10
140.46540209993506
 20
135.01811606015963
 10
139.98043398201918
 20
135.9330286087846
 10
139.548897105887
 20
136.77143424005658
 10
138.7922042825475
 20
138.22148544936442
 10
138.0929280518558
 20
139.44945090058644
 10
137.43369875099333
 20
140.46789235488387
 10
136.79714671714152
 20
141.28937157341798
 10
136.16590228748177
 20
141.92645031734997
 10
135.5225957991956
 20
142.39169034784118
 10
134.8498575894644
 20
142.69765342605274
 10
134.1303179954696
 20
142.85690131314593
 10
133.34660735439266
 20
142.881995770282
 10
132.481356003415
 20
142.78549855862224
 10
131.51719427971804
 20
142.57997143932778
 10
130.44986378582263
 20
142.23733740519097
 10
129.6136386595271
 20
141.78966437170925
 10
129.01053171328073
 20
141.2171467891745
 10
128.64255575953285
 20
140.49997910787874
 10
128.51172361073287
 20
139.61835577811382
 10
128.62004807933002
 20
138.55247125017172
 10
128.96954197777367
 20
137.28251997434438
 10
129.56221811851327
 20
135.78869640092364
 10
130.40008931399805
 20
134.05119498020147
 10
131.48516837667736
 20
132.05021016246985
 10
132.8194681190006
 20
129.76593639802064
 10
133.565598361724
 20
128.51499227888775
 10
134.30491383768143
 20
127.26122016912451
 10
135.02760917993075
 20
126.02204089857878
 10
135.7238790215298
 20
124.81487529709844
 10
136.3839179955364
 20
123.65714419453136
 10
136.99792073500848
 20
122.56626842072534
 10
137.55608187300385
 20
121.55966880552829
 10
138.04859604258044
 20
120.65476617878801
 10
138.46565787679603
 20
119.86898137035236
 10
138.7974620087085
 20
119.21973521006922
 10
139.03420307137574
 20
118.72444852778642
 10
139.21982043488865
 20
118.31948985010048
 10
139.40318955063586
 20
117.9325063790261
 10
139.5819091736217
 20
117.56783695753849
 10
139.75357805885054
 20
117.22982042861287
 10
139.9157949613267
 20
116.92279563522442
 10
140.0661586360545
 20
116.65110142034841
 10
140.20226783803832
 20
116.41907662695999
 10
140.3217213222825
 20
116.23106009803436
 10
140.42211784379143
 20
116.09139067654675
 10
140.5010561575694
 20
116.00440720547236
 10
140.55613501862075
 20
115.97444852778642
 10
140.63918496830507
 20
115.99820488032005
 10
140.79933589114842
 20
116.06718022112454
 10
141.0301355569048
 20
116.17793397500539
 10
141.3251317353283
 20
116.32702556676806
 10
141.677872196173
 20
116.51101442121804
 10
142.08190470919288
 20
116.72645996316079
 10
142.53077704414207
 20
116.96992161740184
 10
143.01803697077457
 20
117.23795880874658
 10
143.53723225884445
 20
117.52713096200057
 10
144.0819106781058
 20
117.83399750196924
 10
144.64561999831264
 20
118.15511785345808
  0
LWPOLYLINE
  5
54
330
17
100
AcDbEntity
  8
CUT
100
AcDbPolyline
 90
60
 70
1
 10
40.40732563461987
 20
121.42899398233187
 10
39.65355932625459
 20
122.34882485620848
 10
39.027070791344705
 20
123.44620123361959
 10
38.53070448089905
 20
124.67731988250742
 10
38.16730484592643
 20
125.99837757081418
 10
37.939716337435684
 20
127.36557106648205
 10
37.8507834064356
 20
128.73509713745318
 10
37.90335050393502
 20
130.0631525516698
 10
38.10026208094276
 20
131.30593407707403
 10
38.444362588467634
 20
132.41963848160813
 10
38.93849647751846
 20
133.36046253321425
 10
39.58550819910407
 20
134.08460299983457
 10
39.94982943461167
 20
134.39459456840234
 10
40.234912145812714
 20
134.65977937373015
 10
40.43833563723008
 20
134.88668607893345
 10
40.557679213386685
 20
135.08184334712763
 10
40.59052217880539
 20
135.25177984142812
 10
40.5344438380091
 20
135.40302422495031
 10
40.387023495520715
 20
135.54210516080963
 10
40.14584045586313
 20
135.67555131212146
 10
39.808474023559235
 20
135.8098913420012
 10
39.37250350313191
 20
135.9516539135643
 10
38.83550819910407
 20
136.10736768992615
 10
38.449227438976486
 20
136.20678063857434
 10
38.01112829700484
 20
136.30389606494714
 10
37.530097872242465
 20
136.39750319390825
 10
37.01502326374265
 20
136.48639125032156
 10
36.47479157055873
 20
136.56934945905087
 10
35.918289891744
 20
136.64516704495998
 10
35.35440532635179
 20
136.7126332329127
 10
34.79202497343541
 20
136.77053724777284
 10
34.24003593204818
 20
136.8176683144042
 10
33.707325301243415
 20
136.8528156576706
 10
33.20278018007442
 20
136.8747685024358
 10
29.95278018007442
 20
136.97444852778642
 10
29.95278018007442
 20
131.123671793013
 10
29.964739958112126
 20
130.22779202038987
 10
29.99946455503543
 20
129.30485228944391
 10
30.055221865059544
 20
128.3690524499121
 10
30.130279782399676
 20
127.4345923515315
 10
30.222906201271087
 20
126.5156718440392
 10
30.33136901588899
 20
125.62649077717217
 10
30.453936120468605
 20
124.78124900066751
 10
30.588875409225174
 20
123.9941463642622
 10
30.734454776373916
 20
123.27938271769332
 10
30.888942116130053
 20
122.65115791069792
 10
31.050605322708826
 20
122.12367179301299
 10
31.321789156237664
 20
121.37329895584293
 10
31.580900309419526
 20
120.75242849823506
 10
31.85300254410177
 20
120.24883161453918
 10
32.16315962213172
 20
119.85027949910521
 10
32.53643530535673
 20
119.54454334628295
 10
32.99789335562415
 20
119.31939435042223
 10
33.57259753478131
 20
119.16260370587293
 10
34.28561160467556
 20
119.06194260698484
 10
35.16199932715424
 20
119.00518224810784
 10
36.2268244640647
 20
118.98009382359174
 10
37.50515077725428
 20
118.97444852778642
 10
42.861871089165334
 20
118.97444852778642
 10
40.40732563461987
 20
121.42899398233187
  0
LWPOLYLINE
  5
55
330
17
100
AcDbEntity
  8
CUT
100
AcDbPolyline
 90
47
 70
1
 10
152.10588372479438
 20
132.47444852778642
 10
152.45278018007443
 20
142.47444852778642
 10
148.49234470147954
 20
149.72444852778642
 10
147.61826825643226
 20
151.30546455096905
 10
146.8509451417247
 20
152.64400027046622
 10
146.17249724642045
 20
153.75942077990032
 10
145.565046459583
 20
154.67109117289377
 10
145.0107146702758
 20
155.39837654306882
 10
144.49162376756257
 20
155.96064198404792
 10
143.9898956405067
 20
156.37725258945343
 10
143.48765217817183
 20
156.66757345290767
 10
142.9670152696215
 20
156.85096966803297
 10
142.41010680391926
 20
156.94680632845177
 10
141.7990486701286
 20
156.97444852778642
 10
140.51935597113066
 20
156.8267801046978
 10
139.37940755450245
 20
156.40090864982824
 10
138.38890741753113
 20
155.72253488477236
 10
137.55755955750382
 20
154.81735953112462
 10
136.89506797170768
 20
153.71108331047958
 10
136.4111366574299
 20
152.42940694443183
 10
136.11546961195756
 20
150.9980311545759
 10
136.0177708325779
 20
149.4426566625063
 10
136.12774431657797
 20
147.78898418981757
 10
136.45509406124503
 20
146.06271445810427
 10
137.00952406386617
 20
144.28954818896096
 10
137.76069542189822
 20
142.5650196470306
 10
138.88349006219195
 20
140.34137845475686
 10
140.2887316429684
 20
137.76285260897131
 10
141.88724382244843
 20
134.97367010650566
 10
143.58985025885295
 20
132.11805894419157
 10
145.30737461040297
 20
129.3402471188606
 10
146.95064053531942
 20
126.78446262734445
 10
148.43047169182327
 20
124.59493346647471
 10
149.6576917381354
 20
122.91588763308305
 10
150.54312433247682
 20
121.89155312400108
 10
150.99759313306842
 20
121.66615793606044
 10
151.11349339553644
 20
121.89412559644985
 10
151.2316101968314
 20
122.32417279992866
 10
151.3501949191903
 20
122.93924664623941
 10
151.46749894484998
 20
123.72229423512475
 10
151.58177365604743
 20
124.65626266632721
 10
151.69127043501962
 20
125.72409903958939
 10
151.79424066400344
 20
126.90875045465387
 10
151.8889357252359
 20
128.19316401126324
 10
151.97360700095393
 20
129.56028680916006
 10
152.0465058733944
 20
130.99306594808692
 10
152.10588372479438
 20
132.47444852778642
  0
LWPOLYLINE
  5
56
330
17
100
AcDbEntity
  8
CUT
100
AcDbPolyline
 90
144
 70
1
 10
160.9701273285015
 20
123.67420519685055
 10
162.02575756218525
 20
124.06184865757515
 10
162.9290709779892
 20
124.42725441296379
 10
163.6965464632024
 20
124.78591550649683
 10
164.34466290511386
 20
125.1533249816547
 10
164.8898991910127
 20
125.5449758819178
 10
165.348734208188
 20
125.97636125076642
 10
165.73764684392887
 20
126.46297413168104
 10
166.07311598552442
 20
127.02030756814196
 10
166.3716205202637
 20
127.66385460362959
 10
166.64963933543578
 20
128.40910828162433
 10
166.92365131832977
 20
129.2715616456065
 10
167.25538137013615
 20
130.37065212784137
 10
167.51524678454453
 20
131.26196962643024
 10
167.69011212730496
 20
131.97418391488327
 10
167.76684196416755
 20
132.5359647667105
 10
167.73230086088242
 20
132.97598195542207
 10
167.57335338319962
 20
133.322905254528
 10
167.27686409686928
 20
133.60540443753848
 10
166.8296975676415
 20
133.85214927796352
 10
166.21871836126635
 20
134.09180954931327
 10
165.43079104349397
 20
134.35305502509775
 10
164.45278018007443
 20
134.6645554788271
 10
163.4534712288944
 20
135.1033040101797
 10
162.61049657359442
 20
135.70612802845466
 10
161.92962757074437
 20
136.4396377646169
 10
161.4166355769143
 20
137.27044344963136
 10
161.07729194867417
 20
138.165155314463
 10
160.91736804259406
 20
139.09038359007664
 10
160.94263521524383
 20
140.01273850743732
 10
161.1588648231935
 20
140.8988302975099
 10
161.57182822301317
 20
141.71526919125932
 10
162.1872967712727
 20
142.42866541965049
 10
163.01104182454216
 20
143.00562921364838
 10
163.47309442568354
 20
143.24029195259274
 10
163.88776504920165
 20
143.4205876468339
 10
164.26312541233662
 20
143.54518360485116
 10
164.6072472323283
 20
143.61274713512404
 10
164.9282022264167
 20
143.62194554613188
 10
165.23406211184175
 20
143.57144614635416
 10
165.53289860584346
 20
143.4599162442703
 10
165.8327834256618
 20
143.28602314835962
 10
166.1417882885367
 20
143.0484341671016
 10
166.46798491170816
 20
142.74581660897564
 10
166.81944501241614
 20
142.37683778246114
 10
167.19810279820098
 20
141.95984543712518
 10
167.49981826100534
 20
141.62310570872086
 10
167.72398375796976
 20
141.36503979930896
 10
167.86999164623472
 20
141.18406891095037
 10
167.93723428294084
 20
141.07861424570584
 10
167.9251040252286
 20
141.04709700563626
 10
167.83299323023857
 20
141.08793839280239
 10
167.66029425511138
 20
141.19955960926504
 10
167.40639945698754
 20
141.38038185708504
 10
167.07070119300752
 20
141.62882633832322
 10
166.65259182031198
 20
141.9433142550404
 10
166.25659462922684
 20
142.23053114387733
 10
165.90323083247776
 20
142.45690812380795
 10
165.58357972136602
 20
142.6216165718351
 10
165.288720587193
 20
142.7238278649616
 10
165.0097327212601
 20
142.7627133801902
 10
164.73769541486863
 20
142.73744449452383
 10
164.46368795932003
 20
142.64719258496524
 10
164.1787896459156
 20
142.4911290285172
 10
163.8740797659568
 20
142.26842520218258
 10
163.54063761074497
 20
141.9782524829642
 10
163.16954247158142
 20
141.61978224786483
 10
162.66703703881672
 20
141.01098270166707
 10
162.34408549126786
 20
140.38348111812928
 10
162.1929456923024
 20
139.75103381708422
 10
162.2058755052877
 20
139.1273971183648
 10
162.37513279359132
 20
138.52632734180386
 10
162.69297542058075
 20
137.9615808072342
 10
163.1516612496234
 20
137.44691383448873
 10
163.7434481440869
 20
136.9960827434002
 10
164.4605939673386
 20
136.6228438538015
 10
165.29535658274605
 20
136.34095348552546
 10
166.23999385367674
 20
136.1641679584049
 10
166.80859154446082
 20
136.11082516206648
 10
167.30032344391103
 20
136.10355258506456
 10
167.72498715864504
 20
136.15176179525503
 10
168.09238029528044
 20
136.26486436049373
 10
168.41230046043486
 20
136.45227184863649
 10
168.69454526072596
 20
136.72339582753915
 10
168.9489123027713
 20
137.0876478650575
 10
169.18519919318865
 20
137.55443952904744
 10
169.41320353859552
 20
138.13318238736474
 10
169.64272294560962
 20
138.8332880078653
 10
169.88355502084858
 20
139.6641679584049
 10
170.26578218924115
 20
141.10299162951836
 10
170.5552506279906
 20
142.35430129384764
 10
170.74860570492248
 20
143.4387123019946
 10
170.84249278786228
 20
144.37684000456088
 10
170.8335572446355
 20
145.1892997521482
 10
170.71844444306768
 20
145.8967068953583
 10
170.49379975098432
 20
146.51967678479292
 10
170.15626853621103
 20
147.07882477105372
 10
169.70249616657324
 20
147.59476620474243
 10
169.1291280098965
 20
148.08811643646078
 10
168.43280943400637
 20
148.57949081681048
 10
167.85742814590998
 20
148.94391957968952
 10
167.3398346170639
 20
149.2376454827138
 10
166.8613425994067
 20
149.46138053747433
 10
166.40326584487698
 20
149.61583675556238
 10
165.94691810541343
 20
149.70172614856898
 10
165.47361313295468
 20
149.71976072808525
 10
164.9646646794393
 20
149.67065250570232
 10
164.40138649680603
 20
149.5551134930113
 10
163.76509233699343
 20
149.3738557016033
 10
163.03709595194016
 20
149.12759114306945
 10
162.19871109358485
 20
148.81703182900085
 10
160.61566204856712
 20
148.12663297049642
 10
159.22664546823634
 20
147.32422487262923
 10
158.022545128495
 20
146.39120811572758
 10
156.99424480524547
 20
145.30898328011966
 10
156.1326282743902
 20
144.05895094613373
 10
155.42857931183167
 20
142.62251169409805
 10
154.8729816934722
 20
140.98106610434084
 10
154.4567191952143
 20
139.11601475719033
 10
154.17067559296046
 20
137.00875823297474
 10
154.005734662613
 20
134.6406971120223
 10
153.95278018007443
 20
131.9932319746613
 10
153.96295356277832
 20
129.9982601247935
 10
153.99529676407215
 20
128.26623439595554
 10
154.05254436372897
 20
126.78178430478391
 10
154.1374309415219
 20
125.52953936791525
 10
154.25269107722406
 20
124.49412910198605
 10
154.40105935060848
 20
123.66018302363288
 10
154.58527034144825
 20
123.01233064949227
 10
154.80805862951658
 20
122.53520149620078
 10
155.0721587945865
 20
122.21342508039496
 10
155.38030541643113
 20
122.03163091871131
 10
155.73523307482353
 20
121.97444852778642
 10
155.85350592762236
 20
121.99296578676572
 10
156.0680823426467
 20
122.04672969042282
 10
156.3707029074753
 20
122.13305842883658
 10
156.7531082096868
 20
122.2492701920859
 10
157.2070388368599
 20
122.39268317024961
 10
157.72423537657338
 20
122.56061555340658
 10
158.29643841640595
 20
122.75038553163569
 10
158.91538854393636
 20
122.95931129501577
 10
159.57282634674326
 20
123.18471103362569
 10
160.26049241240537
 20
123.42390293754433
 10
160.9701273285015
 20
123.67420519685055
  0
LWPOLYLINE
  5
57
330
17
100
AcDbEntity
  8
CUT
100
AcDbPolyline
 90
100
 70
1
 10
168.35653570598484
 20
122.57588965829682
 10
168.9305635376184
 20
123.10160174593898
 10
169.63395095473095
 20
124.25326531257879
 10
170.44683853311338
 20
125.97141608282564
 10
171.34936684855666
 20
128.196589781289
 10
172.32167647685168
 20
130.8693221325783
 10
173.34390799378951
 20
133.93014886130294
 10
174.39620197516098
 20
137.31960569207237
 10
175.4586989967572
 20
140.978228349496
 10
176.51153963436897
 20
144.84655255818328
 10
177.53486446378741
 20
148.8651140427436
 10
178.50881406080336
 20
152.97444852778642
 10
179.40103570232475
 20
157.17242733233996
 10
180.19906452394403
 20
161.49669427757445
 10
180.89674757713757
 20
165.8767101643802
 10
181.48793191338143
 20
170.2419357936476
 10
181.96646458415177
 20
174.52183196626706
 10
182.32619264092483
 20
178.64585948312893
 10
182.56096313517682
 20
182.5434791451236
 10
182.66462311838387
 20
186.1441517531414
 10
182.6310196420222
 20
189.37733810807276
 10
182.45399975756806
 20
192.172499010808
 10
182.12741051649752
 20
194.45909526223755
 10
181.8218835136075
 20
195.8758778084165
 10
181.49863585547754
 20
197.17515071421676
 10
181.15941516645992
 20
198.35323704789596
 10
180.80596907090685
 20
199.40645987771182
 10
180.4400451931706
 20
200.33114227192198
 10
180.06339115760338
 20
201.12360729878407
 10
179.6777545885575
 20
201.78017802655583
 10
179.28488311038518
 20
202.29717752349487
 10
178.88652434743872
 20
202.67092885785888
 10
178.48442592407034
 20
202.89775509790553
 10
178.08033546463227
 20
202.97397931189246
 10
177.98784730664144
 20
202.7696516164118
 10
177.89931682578234
 20
202.1765313082617
 10
177.815745133674
 20
201.22420140772763
 10
177.7381333419353
 20
199.9422449350951
 10
177.66748256218543
 20
198.3602449106496
 10
177.60479390604326
 20
196.50778435467663
 10
177.5510684851278
 20
194.41444628746171
 10
177.50730741105806
 20
192.10981372929035
 10
177.47451179545308
 20
189.62346970044803
 10
177.4536827499318
 20
186.98499722122023
 10
177.44582138611327
 20
184.22397931189246
 10
177.43398729929842
 20
180.39182819152919
 10
177.39930460195416
 20
176.96982543598816
 10
177.3384902344984
 20
173.9115829936007
 10
177.24826113734912
 20
171.17071281269813
 10
177.12533425092417
 20
168.70082684161173
 10
176.96642651564164
 20
166.4555370286728
 10
176.76825487191937
 20
164.3884553222127
 10
176.52753626017542
 20
162.4531936705627
 10
176.24098762082767
 20
160.6033640220541
 10
175.9053258942941
 20
158.79257832501824
 10
175.51726802099262
 20
156.97444852778642
 10
175.2366711787511
 20
155.67302400763333
 10
174.97315114106152
 20
154.3324930027249
 10
174.7293960844545
 20
152.97346934638733
 10
174.5080941854605
 20
151.61656687194696
 10
174.31193362061012
 20
150.28239941272994
 10
174.14360256643397
 20
148.99158080206257
 10
174.00578919946255
 20
147.76472487327112
 10
173.90118169622653
 20
146.62244545968176
 10
173.83246823325638
 20
145.5853563946208
 10
173.80233698708275
 20
144.67407151141444
 10
173.81347613423614
 20
143.909204643389
 10
173.8414803391213
 20
143.00793259866094
 10
173.83416391035118
 20
142.17846409975556
 10
173.78909176549436
 20
141.41191325724807
 10
173.7038288221194
 20
140.69939418171384
 10
173.57593999779482
 20
140.03202098372816
 10
173.40299021008929
 20
139.40090777386638
 10
173.1825443765713
 20
138.7971686627037
 10
172.9121674148095
 20
138.21191776081557
 10
172.58942424237242
 20
137.63626917877718
 10
172.21187977682862
 20
137.0613370271639
 10
171.7770989357467
 20
136.478235416551
 10
171.4260625728258
 20
136.00101294222407
 10
171.05342175761376
 20
135.437409221571
 10
170.6654979531347
 20
134.7999434039853
 10
170.26861262241283
 20
134.10113463886057
 10
169.8690872284724
 20
133.3535020755903
 10
169.4732432343376
 20
132.56956486356796
 10
169.0874021030326
 20
131.76184215218706
 10
168.7178852975816
 20
130.94285309084117
 10
168.3710142810089
 20
130.12511682892375
 10
168.05311051633865
 20
129.32115251582835
 10
167.770495466595
 20
128.54347930094843
 10
167.17328398661095
 20
126.80628434561694
 10
166.69878898371738
 20
125.38318771996128
 10
166.349470823243
 20
124.24913576782279
 10
166.12778987051655
 20
123.3790748330429
 10
166.0362064908667
 20
122.74795125946291
 10
166.07718104962217
 20
122.33071139092417
 10
166.2531739121117
 20
122.10230157126806
 10
166.56664544366404
 20
122.03766814433592
 10
167.02005600960783
 20
122.11175745396909
 10
167.61586597527187
 20
122.29951584400894
 10
168.35653570598484
 20
122.57588965829682
  0
LWPOLYLINE
  5
58
330
17
100
AcDbEntity
  8
CUT
100
AcDbPolyline
 90
34
 70
1
 10
26.345791375890094
 20
124.55623599602221
 10
26.614718067652518
 20
125.36962806301763
 10
26.806603584999742
 20
126.19112875562874
 10
26.923903151058127
 20
127.0027073186189
 10
26.96907198895402
 20
127.78633299675145
 10
26.944565321813783
 20
128.52397503478971
 10
26.852838372763756
 20
129.19760267749706
 10
26.6963463649303
 20
129.78918516963682
 10
26.477544521439782
 20
130.28069175597227
 10
26.198888065418544
 20
130.65409168126678
 10
25.862832219992946
 20
130.89135419028372
 10
25.471832208289335
 20
130.97444852778642
 10
25.02816774601211
 20
130.87526675771306
 10
24.606802138719672
 20
130.59591394390895
 10
24.216799558554186
 20
130.1636788309978
 10
23.867224177657775
 20
129.60585016360358
 10
23.567140168172592
 20
128.9497166863501
 10
23.3256117022408
 20
128.22256714386117
 10
23.151702952004527
 20
127.45169028076072
 10
23.05447808960593
 20
126.66437484167255
 10
23.043001287187153
 20
125.88790957122052
 10
23.126336716890343
 20
125.14958321402845
 10
23.313548550857647
 20
124.47668451472023
 10
23.536292894024783
 20
123.9920270876904
 10
23.790027652157953
 20
123.60628293388949
 10
24.06795029329996
 20
123.3192735875662
 10
24.3632582854936
 20
123.13082058296925
 10
24.669149096781666
 20
123.0407454543474
 10
24.97882019520698
 20
123.04886973594938
 10
25.285469048812317
 20
123.15501496202394
 10
25.582293125640497
 20
123.35900266681975
 10
25.862489893734327
 20
123.66065438458557
 10
26.119256821136588
 20
124.05979164957014
 10
26.345791375890094
 20
124.55623599602221
  0
LWPOLYLINE
  5
59
330
17
100
AcDbEntity
  8
CUT
100
AcDbPolyline
 90
67
 70
1
 10
72.00781605462285
 20
141.63724019793187
 10
71.41068079435874
 20
142.48523620350693
 10
70.84005102779005
 20
143.32306837449536
 10
70.30232463270534
 20
144.13975919385746
 10
69.80389948689307
 20
144.9243311445536
 10
69.35117346814184
 20
145.66580670954417
 10
68.95054445424017
 20
146.35320837178944
 10
68.6084103229766
 20
146.9755586142498
 10
68.3311689521397
 20
147.52187991988555
 10
68.12521821951805
 20
147.98119477165704
 10
67.99695600290008
 20
148.34252565252464
 10
67.95278018007443
 20
148.5948950454487
 10
67.7092149979915
 20
149.00979120235831
 10
67.01730519585166
 20
149.50880655243168
 10
65.93522938981823
 20
150.07238289155208
 10
64.52116619605442
 20
150.68096201560263
 10
62.83329423072363
 20
151.31498572046655
 10
60.92979210998913
 20
151.95489580202698
 10
58.868838450014216
 20
152.58113405616712
 10
56.70861186696222
 20
153.17414227877012
 10
54.50729097699642
 20
153.71436226571916
 10
52.32305439628014
 20
154.18223581289743
 10
50.21408074097669
 20
154.5582047161881
 10
48.15134944429365
 20
154.74955392021064
 10
46.22098186838213
 20
154.66718304491587
 10
44.44528732854911
 20
154.32983963123547
 10
42.846575140101514
 20
153.75627122010104
 10
41.447154618346325
 20
152.9652253524443
 10
40.26933507859049
 20
151.9754495691968
 10
39.33542583614095
 20
150.80569141129024
 10
38.667736206304696
 20
149.47469841965622
 10
38.28857550438867
 20
148.00121813522642
 10
38.22025304569983
 20
146.40399809893245
 10
38.485078145545124
 20
144.70178585170598
 10
38.864088548490635
 20
143.4200909905523
 10
39.337714524479495
 20
142.32446642600328
 10
39.950571194556595
 20
141.3965159097719
 10
40.74727367976675
 20
140.61784319357105
 10
41.772437101154836
 20
139.97005202911376
 10
43.070676579765696
 20
139.43474616811292
 10
44.6866072366442
 20
138.99352936228155
 10
46.6648441928352
 20
138.62800536333253
 10
49.050002569383544
 20
138.31977792297886
 10
51.88669748733409
 20
138.0504507929335
 10
55.21954406773168
 20
137.80162772490937
 10
57.0482174546732
 20
137.6752494290831
 10
58.84876976409604
 20
137.54710676107345
 10
60.5979554694518
 20
137.41906149353068
 10
62.272529044192034
 20
137.292975399105
 10
63.8492449617684
 20
137.17071025044663
 10
65.30485769563245
 20
137.05412782020585
 10
66.61612171923582
 20
136.94508988103289
 10
67.75979150603013
 20
136.84545820557793
 10
68.71262152946693
 20
136.75709456649125
 10
69.45136626299782
 20
136.68186073642306
 10
69.95278018007443
 20
136.6216184880236
 10
71.5233805134699
 20
136.4061510836888
 10
72.78864269896053
 20
136.25521074345153
 10
73.75809419316437
 20
136.19205064690095
 10
74.44126245269925
 20
136.23992397362647
 10
74.8476749341832
 20
136.4220839032173
 10
74.98685909423418
 20
136.7617836152627
 10
74.86834238947011
 20
137.28227628935184
 10
74.50165227650899
 20
138.00681510507408
 10
73.89631621196878
 20
138.95865324201867
 10
73.0618616524674
 20
140.16104387977484
 10
72.00781605462285
 20
141.63724019793187
  0
LWPOLYLINE
  5
5A
330
17
100
AcDbEntity
  8
CUT
100
AcDbPolyline
 90
40
 70
1
 10
39.142479298428846
 20
140.2725230695617
 10
38.27304052916794
 20
141.28815432373483
 10
37.563248014534864
 20
142.31481333456418
 10
37.01303184562462
 20
143.35355134475412
 10
36.622322113532235
 20
144.40541959700914
 10
36.39104890935274
 20
145.47146933403357
 10
36.319142324181165
 20
146.5527517985319
 10
36.406532449112525
 20
147.6503182332085
 10
36.65314937524186
 20
148.76521988076786
 10
37.05892319366418
 20
149.89850798391433
 10
37.62378399547452
 20
151.0512337853524
 10
38.34766187176789
 20
152.22444852778642
 10
40.89250657947196
 20
155.97444852778642
 10
34.499758127362774
 20
155.97444852778642
 10
28.107009675253593
 20
155.97444852778642
 10
28.6117196233947
 20
148.22444852778642
 10
28.690255770803148
 20
147.0695837644506
 10
28.773513512103456
 20
145.93945604093443
 10
28.860086272571543
 20
144.84826520697501
 10
28.94856747748331
 20
143.81021111230933
 10
29.037550552114702
 20
142.83949360667447
 10
29.125628921741622
 20
141.95031253980744
 10
29.211396011639984
 20
141.15686776144534
 10
29.293445247085735
 20
140.47335912132513
 10
29.37037005335477
 20
139.91398646918387
 10
29.440763855723027
 20
139.4929496547586
 10
29.50322007946641
 20
139.22444852778642
 10
29.61831807240013
 20
139.01304648710664
 10
29.82602943914734
 20
138.820200362381
 10
30.124734033338143
 20
138.6462425600944
 10
30.512811708602626
 20
138.49150548673168
 10
30.98864231857089
 20
138.35632154877763
 10
31.55060571687303
 20
138.2410231527171
 10
32.19708175713914
 20
138.14594270503494
 10
32.92645029299931
 20
138.07141261221597
 10
33.73709117808365
 20
138.01776528074498
 10
34.62738426602224
 20
137.98533311710688
 10
35.59570941044519
 20
137.97444852778642
 10
41.30140823349338
 20
137.97444852778642
 10
39.142479298428846
 20
140.2725230695617
  0
LWPOLYLINE
  5
5B
330
17
100
AcDbEntity
  8
CUT
100
AcDbPolyline
 90
67
 70
1
 10
130.7234469066697
 20
143.85734996704468
 10
131.06848898847062
 20
144.02887722302728
 10
131.4189967335507
 20
144.17994721530295
 10
131.7698424183939
 20
144.3096064621102
 10
132.1158983194839
 20
144.41690148168743
 10
132.45203671330464
 20
144.50087879227306
 10
132.77312987633994
 20
144.56058491210547
 10
133.07405008507365
 20
144.59506635942313
 10
133.34966961598965
 20
144.60336965246444
 10
133.59486074557176
 20
144.5845413094678
 10
133.80449575030383
 20
144.5376278486716
 10
133.9734469066697
 20
144.46167578831435
 10
134.11766127300126
 20
144.37725154143584
 10
134.25547428735788
 20
144.30573952529164
 10
134.38534079581464
 20
144.24741326444405
 10
134.50571564444652
 20
144.2025462834552
 10
134.61505367932853
 20
144.17141210688732
 10
134.7118097465357
 20
144.15428425930259
 10
134.79443869214302
 20
144.15143626526316
 10
134.86139536222555
 20
144.16314164933127
 10
134.91113460285825
 20
144.18967393606906
 10
134.9421112601162
 20
144.2313066500388
 10
134.95278018007443
 20
144.28831331580258
 10
134.85465396483826
 20
144.78966920985766
 10
134.58366863367706
 20
145.57912725070298
 10
134.17491415841155
 20
146.58588683342674
 10
133.66348051086246
 20
147.73914735311732
 10
133.08445766285064
 20
148.9681082048629
 10
132.4729355861968
 20
150.20196878375174
 10
131.8640042527217
 20
151.36992848487213
 10
131.29275363424622
 20
152.40118670331236
 10
130.79427370259103
 20
153.22494283416063
 10
130.40365442957696
 20
153.77039627250528
 10
130.15598578702475
 20
153.96674641343452
 10
129.7527344145919
 20
153.77975843537115
 10
129.2455684022822
 20
153.26574393004358
 10
128.66447480878074
 20
152.48391245847085
 10
128.03944069277253
 20
151.49347358167188
 10
127.40045311294276
 20
150.3536368606658
 10
126.77749912797637
 20
149.12361185647148
 10
126.20056579655855
 20
147.86260813010801
 10
125.69964017737436
 20
146.62983524259437
 10
125.3047093291089
 20
145.48450275494952
 10
125.04576031044724
 20
144.48582022819247
 10
124.95278018007443
 20
143.69299722334225
 10
124.98082211208302
 20
142.904429380867
 10
125.06190485990558
 20
142.21575077524182
 10
125.19146385123716
 20
141.6314617804328
 10
125.36493451377277
 20
141.15606277040598
 10
125.57775227520747
 20
140.79405411912728
 10
125.82535256323635
 20
140.54993620056277
 10
126.10317080555444
 20
140.42820938867843
 10
126.40664242985682
 20
140.43337405744023
 10
126.73120286383855
 20
140.5699305808142
 10
127.07228753519462
 20
140.84237933276637
 10
127.42533187162016
 20
141.25522068726272
 10
127.60136833742982
 20
141.4734605712093
 10
127.81777415062524
 20
141.70768053474023
 10
128.06934567366062
 20
141.9537750395478
 10
128.3508792689899
 20
142.20763854732436
 10
128.65717129906724
 20
142.46516551976217
 10
128.98301812634674
 20
142.72225041855356
 10
129.32321611328248
 20
142.9747877053908
 10
129.67256162232857
 20
143.21867184196623
 10
130.02585101593905
 20
143.44979728997217
 10
130.37788065656807
 20
143.66405851110088
 10
130.7234469066697
 20
143.85734996704468
  0
LWPOLYLINE
  5
5C
330
17
100
AcDbEntity
  8
CUT
100
AcDbPolyline
 90
34
 70
1
 10
24.766138664162554
 20
146.14743681484094
 10
24.608507207103223
 20
147.19490359681183
 10
24.371735342281433
 20
148.0752425196822
 10
24.075661311942625
 20
148.78085909473566
 10
23.740123358332248
 20
149.30415883325583
 10
23.38495972369578
 20
149.63754724652625
 10
23.03000865027866
 20
149.7734298458306
 10
22.695108380326353
 20
149.7042121424524
 10
22.400097156084318
 20
149.4222996476753
 10
22.164813219798013
 20
148.9200978727829
 10
22.009094813712895
 20
148.1900123290587
 10
21.95278018007442
 20
147.22444852778642
 10
21.960042889816467
 20
146.78768419019565
 10
21.9811297918951
 20
146.35616027334117
 10
22.01498904558907
 20
145.9355304210997
 10
22.0605688101771
 20
145.53144827734815
 10
22.11681724493793
 20
145.14956748596322
 10
22.182682509150304
 20
144.79554169082172
 10
22.25711276209295
 20
144.47502453580046
 10
22.33905616304462
 20
144.19366966477617
 10
22.427460871284037
 20
143.95713072162565
 10
22.52127504608995
 20
143.7710613502257
 10
22.619446846741088
 20
143.64111519445308
 10
23.020710925645666
 20
143.28785727661761
 10
23.388684893946333
 20
143.06008118970092
 10
23.72072477002304
 20
142.95470001258812
 10
24.014186572255653
 20
142.96862682416435
 10
24.266426319024106
 20
143.09877470331472
 10
24.47480002870831
 20
143.34205672892438
 10
24.63666371968818
 20
143.69538597987844
 10
24.74937341034363
 20
144.155675535062
 10
24.810285119054562
 20
144.71983847336017
 10
24.816754864200902
 20
145.38478787365813
 10
24.766138664162554
 20
146.14743681484094
  0
LWPOLYLINE
  5
5D
330
17
100
AcDbEntity
  8
CUT
100
AcDbPolyline
 90
45
 70
1
 10
156.3467201040676
 20
158.21598158583032
 10
156.20697180078736
 20
160.0369308236729
 10
155.80380484185574
 20
161.7394550786184
 10
155.17513415448983
 20
163.29157367042473
 10
154.35887466590646
 20
164.6613059188498
 10
153.39294130332266
 20
165.8166711436515
 10
152.3152489939553
 20
166.72568866458778
 10
151.1637126650214
 20
167.3563778014165
 10
149.97624724373793
 20
167.6767578738956
 10
148.79076765732182
 20
167.654848201783
 10
147.64518883299002
 20
167.2586681048366
 10
146.57742569795946
 20
166.4562369028143
 10
145.8645238611265
 20
165.50893858036483
 10
145.39724102435244
 20
164.34786580318917
 10
145.1727076474958
 20
162.98424830581774
 10
145.18805419041504
 20
161.42931582278106
 10
145.4404111129686
 20
159.6942980886096
 10
145.92690887501504
 20
157.79042483783377
 10
146.64467793641288
 20
155.7289258049841
 10
147.59084875702052
 20
153.52103072459104
 10
148.7625517966965
 20
151.177969331185
 10
150.15691751529928
 20
148.71097135929654
 10
151.77107637268742
 20
146.13126654345604
 10
152.1505482793218
 20
145.559038941064
 10
152.469568781823
 20
145.11644599331555
 10
152.741475896509
 20
144.81660647367084
 10
152.97960763969795
 20
144.6726391555899
 10
153.1973020277078
 20
144.69766281253283
 10
153.40789707685667
 20
144.90479621795973
 10
153.62473080346254
 20
145.30715814533062
 10
153.86114122384353
 20
145.91786736810565
 10
154.1304663543177
 20
146.75004265974482
 10
154.44604421120306
 20
147.81680279370826
 10
154.82121281081768
 20
149.13126654345604
 10
155.04460029514672
 20
149.958851741255
 10
155.2582674369632
 20
150.82909706613006
 10
155.45980735022962
 20
151.72766900824732
 10
155.6468131489086
 20
152.64023405777283
 10
155.81687794696262
 20
153.5524587048726
 10
155.96759485835437
 20
154.45000943971274
 10
156.09655699704626
 20
155.31855275245925
 10
156.201357477001
 20
156.14375513327823
 10
156.27958941218108
 20
156.9112830723357
 10
156.3288459165491
 20
157.6068030597977
 10
156.3467201040676
 20
158.21598158583032
  0
LWPOLYLINE
  5
5E
330
17
100
AcDbEntity
  8
CUT
100
AcDbPolyline
 90
58
 70
1
 10
165.39232702039635
 20
150.97444852778642
 10
165.87061939652725
 20
150.9615572179943
 10
166.3527916054987
 20
150.92412796680472
 10
166.83199019003405
 20
150.8640277914979
 10
167.3013616928565
 20
150.7831237093542
 10
167.7540526566893
 20
150.68328273765368
 10
168.18320962425582
 20
150.56637189367672
 10
168.58197913827925
 20
150.43425819470355
 10
168.94350774148288
 20
150.28880865801432
 10
169.26094197659003
 20
150.13189030088935
 10
169.5274283863239
 20
149.96537014060885
 10
169.7361135134078
 20
149.79111519445308
 10
170.18369763478947
 20
149.39047772734267
 10
170.57898766883403
 20
149.13993813258838
 10
170.92402048100612
 20
149.04332525943994
 10
171.22083293677048
 20
149.10446795714722
 10
171.47146190159185
 20
149.32719507495995
 10
171.6779442409349
 20
149.71533546212794
 10
171.8423168202644
 20
150.27271796790095
 10
171.96661650504504
 20
151.0031714415287
 10
172.05288016074155
 20
151.91052473226108
 10
172.10314465281868
 20
152.99860668934775
 10
172.1194468467411
 20
154.2712461620386
 10
172.07620889896006
 20
155.64705514958274
 10
171.94749386232576
 20
156.9262654845797
 10
171.73479994690123
 20
158.10603492517322
 10
171.4396253627495
 20
159.18352122950722
 10
171.06346831993358
 20
160.1558821557256
 10
170.6078270285166
 20
161.02027546197218
 10
170.0741996985615
 20
161.77385890639079
 10
169.4640845401315
 20
162.41379024712532
 10
168.77897976328953
 20
162.9372272423196
 10
168.02038357809863
 20
163.3413276501175
 10
167.1897941946219
 20
163.6232492286629
 10
166.13414265544608
 20
163.74461239508415
 10
165.0690703920421
 20
163.58416589734856
 10
164.00417561218762
 20
163.15311754486697
 10
162.9490565236602
 20
162.46267514705042
 10
161.9133113342375
 20
161.5240465133097
 10
160.90653825169707
 20
160.34843945305573
 10
159.93833548381647
 20
158.94706177569947
 10
159.01830123837343
 20
157.3311212906517
 10
158.15603372314547
 20
155.51182580732342
 10
157.3611311459102
 20
153.5003831351255
 10
156.64319171444524
 20
151.30800108346884
 10
155.1102052097236
 20
146.14155363915125
 10
158.67103953522093
 20
148.55800108346884
 10
159.22982999248072
 20
148.9138415786501
 10
159.83088134273473
 20
149.25388711307585
 10
160.46358900016864
 20
149.574325110012
 10
161.11734837896807
 20
149.87134299272452
 10
161.78155489331877
 20
150.1411281844793
 10
162.44560395740638
 20
150.37986810854224
 10
163.0988909854165
 20
150.58375018817924
 10
163.73081139153493
 20
150.74896184665627
 10
164.33076058994723
 20
150.87169050723918
 10
164.88813399483917
 20
150.94812359319394
 10
165.39232702039635
 20
150.97444852778642
  0
LWPOLYLINE
  5
5F
330
17
100
AcDbEntity
  8
CUT
100
AcDbPolyline
 90
47
 70
1
 10
139.59315474251824
 20
158.0440522732009
 10
140.36982597792337
 20
158.4350464233422
 10
140.9974756384787
 20
158.7670838294003
 10
141.48194317011675
 20
159.05796410402542
 10
141.8290680187698
 20
159.32548685986774
 10
142.04468963037039
 20
159.58745170957746
 10
142.13464745085093
 20
159.86165826580472
 10
142.10478092614386
 20
160.16590614119977
 10
141.96092950218159
 20
160.51799494841276
 10
141.70893262489662
 20
160.93572430009388
 10
141.35462974022133
 20
161.43689380889333
 10
140.90386029408813
 20
162.03930308746126
 10
139.0741912832142
 20
164.46495015630717
 10
135.97674665281542
 20
161.49740986591002
 10
135.03496569227713
 20
160.54275492179056
 10
134.23037207700662
 20
159.61334402921813
 10
133.5620140066691
 20
158.70609521757774
 10
133.02893968092985
 20
157.81792651625432
 10
132.6301972994541
 20
156.9457559546329
 10
132.36483506190706
 20
156.08650156209842
 10
132.231901167954
 20
155.23708136803583
 10
132.23044381726018
 20
154.39441340183015
 10
132.3595112094908
 20
153.5554156928663
 10
132.61815154431108
 20
152.71700627052928
 10
133.00541302138632
 20
151.87610316420407
 10
133.30741204669897
 20
151.31740168670706
 10
133.56098594164203
 20
150.87637319333948
 10
133.77629485213657
 20
150.55805138929418
 10
133.96349892410325
 20
150.3674699797639
 10
134.1327583034631
 20
150.30966266994153
 10
134.29423313613694
 20
150.3896631650198
 10
134.45808356804565
 20
150.6125051701916
 10
134.63446974511012
 20
150.9832223906497
 10
134.83355181325123
 20
151.50684853158688
 10
135.0654899183899
 20
152.188417298196
 10
135.3404442064469
 20
153.0329623956698
 10
135.5567714825001
 20
153.6322057462262
 10
135.8097215939615
 20
154.20573507351776
 10
136.09843911387372
 20
154.752542403611
 10
136.42206861527941
 20
155.27161976257244
 10
136.77975467122118
 20
155.76195917646862
 10
137.1706418547417
 20
156.22255267136606
 10
137.5938747388836
 20
156.65239227333132
 10
138.04859789668956
 20
157.0504700084309
 10
138.53395590120223
 20
157.41577790273132
 10
139.04909332546424
 20
157.74730798229916
 10
139.59315474251824
 20
158.0440522732009
  0
LWPOLYLINE
  5
60
330
17
100
AcDbEntity
  8
CUT
100
AcDbPolyline
 90
80
 70
1
 10
66.75278018007441
 20
155.40813663172395
 10
66.75911711954612
 20
155.92402703123076
 10
66.77751609552948
 20
156.4369901237477
 10
66.80705934437688
 20
156.94012339704148
 10
66.84682910244067
 20
157.42652433887895
 10
66.89590760607325
 20
157.8892904370268
 10
66.95337709162698
 20
158.3215191792518
 10
67.01831979545423
 20
158.7163080533207
 10
67.08981795390739
 20
159.0667545470002
 10
67.16695380333883
 20
159.36595614805708
 10
67.2488095801009
 20
159.60701034425813
 10
67.33446752054601
 20
159.78301462337006
 10
67.12917054985184
 20
160.22802382511736
 10
66.1833584560508
 20
160.88289467839843
 10
64.60675797313093
 20
161.70566916878334
 10
62.509095835080466
 20
162.65438928184227
 10
60.0000987758875
 20
163.6870970031452
 10
57.18949352954022
 20
164.76183431826234
 10
54.18700683002678
 20
165.8366432127637
 10
51.10236541133533
 20
166.86956567221944
 10
48.04529600745401
 20
167.81864368219965
 10
45.12552535237099
 20
168.6419192282744
 10
42.45278018007442
 20
169.29743429601376
 10
41.35210544885381
 20
169.5339351131123
 10
40.164190288802025
 20
169.77499184227742
 10
38.910198250334076
 20
170.01703406519692
 10
37.61129288386499
 20
170.25649136355867
 10
36.28863773980977
 20
170.48979331905053
 10
34.96339636858345
 20
170.71336951336025
 10
33.65673232060105
 20
170.92364952817576
 10
32.38980914627759
 20
171.11706294518478
 10
31.183790396028094
 20
171.29003934607522
 10
30.05983962026758
 20
171.43900831253484
 10
29.039120369411073
 20
171.56039942625154
 10
27.702348031104457
 20
171.70191368506693
 10
26.56327498924444
 20
171.80697968614498
 10
25.609448685840107
 20
171.8741412398234
 10
24.82841656290055
 20
171.90194215643976
 10
24.20772606243485
 20
171.88892624633172
 10
23.7349246264521
 20
171.83363731983695
 10
23.397559696961387
 20
171.734619187293
 10
23.1831787159718
 20
171.59041565903755
 10
23.079329125492436
 20
171.3995705454082
 10
23.07355836753237
 20
171.16062765674263
 10
23.153413884100708
 20
170.8721308033784
 10
23.248872736930338
 20
170.60508134280963
 10
23.374597690601178
 20
170.23061964324182
 10
23.527190334295057
 20
169.7598187038663
 10
23.70325225719376
 20
169.20375152387447
 10
23.899385048479097
 20
168.57349110245775
 10
24.112190297332866
 20
167.88011043880744
 10
24.33826959293686
 20
167.134682532115
 10
24.57422452447291
 20
166.3482803815717
 10
24.8166566811228
 20
165.531976986369
 10
25.06216765206834
 20
164.6968453456982
 10
25.30735902649132
 20
163.85395845875072
 10
26.93335084352894
 20
158.23346838971503
 10
36.693065511801684
 20
157.51115661185216
 10
38.222858205251306
 20
157.380124409541
 10
39.86511557367166
 20
157.2068626599919
 10
41.59102814989265
 20
156.9960833492433
 10
43.371786466744204
 20
156.75249846333347
 10
45.17858105705625
 20
156.48081998830088
 10
46.9826024536587
 20
156.18575991018386
 10
48.75504118938148
 20
155.8720302150208
 10
50.46708779705453
 20
155.54434288885003
 10
52.08993280950775
 20
155.20740991770995
 10
53.59476675957108
 20
154.8659432876389
 10
54.95278018007442
 20
154.52465498467532
 10
57.90548516495149
 20
153.74053096611237
 10
60.319335809294294
 20
153.11710159976738
 10
62.2486183791376
 20
152.65843137036308
 10
63.74761914051616
 20
152.36858476262216
 10
64.87062435946476
 20
152.25162626126752
 10
65.67192030201815
 20
152.31162035102176
 10
66.20579323421114
 20
152.55263151660776
 10
66.52652942207848
 20
152.97872424274823
 10
66.68841513165498
 20
153.5939630141659
 10
66.74573662897535
 20
154.40241231558355
 10
66.75278018007441
 20
155.40813663172395
  0
LWPOLYLINE
  5
61
330
17
100
AcDbEntity
  8
CUT
100
AcDbPolyline
 90
67
 70
1
 10
175.7784304654806
 20
169.22444852778642
 10
176.10035947367032
 20
172.2605844233604
 10
176.36503359106487
 20
175.29522836850364
 10
176.57219843291736
 20
178.30677165062448
 10
176.72159961448068
 20
181.2736055571313
 10
176.81298275100778
 20
184.17412137543243
 10
176.84609345775164
 20
186.98671039293617
 10
176.8206773499652
 20
189.6897638970509
 10
176.73648004290143
 20
192.26167317518497
 10
176.5932471518133
 20
194.68082951474668
 10
176.39072429195383
 20
196.92562420314437
 10
176.12865707857588
 20
198.97444852778642
 10
175.97608215119803
 20
199.9190343866133
 10
175.81867864735565
 20
200.73123730555318
 10
175.64991974349888
 20
201.42149734598482
 10
175.46327861607773
 20
202.00025456928705
 10
175.25222844154226
 20
202.47794903683862
 10
175.01024239634256
 20
202.8650208100184
 10
174.73079365692877
 20
203.17190995020513
 10
174.40735539975097
 20
203.40905651877767
 10
174.0334008012592
 20
203.58690057711476
 10
173.60240303790357
 20
203.71588218659525
 10
173.10783528613413
 20
203.80644140859792
 10
172.22546250087095
 20
203.86346932769965
 10
171.2753564191794
 20
203.80628618829843
 10
170.28949508248607
 20
203.6483539560167
 10
169.29985653221766
 20
203.4031345964769
 10
168.3384188098008
 20
203.0840900753014
 10
167.4371599566621
 20
202.70468235811265
 10
166.6280580142283
 20
202.27837341053305
 10
165.94309102392597
 20
201.81862519818506
 10
165.41423702718177
 20
201.33889968669104
 10
165.07347406542237
 20
200.85265884167347
 10
164.95278018007443
 20
200.3733646287547
 10
164.96856676298654
 20
200.13225020502782
 10
165.01440228992453
 20
199.8218344515298
 10
165.08800042819084
 20
199.45020919942417
 10
165.18707484508778
 20
199.02546627987425
 10
165.3093392079177
 20
198.55569752404355
 10
165.452507183983
 20
198.04899476309546
 10
165.61429244058607
 20
197.51344982819342
 10
165.7924086450293
 20
196.95715455050086
 10
165.98456946461508
 20
196.38820076118122
 10
166.18848856664573
 20
195.81468029139788
 10
166.40187961842366
 20
195.24468497231433
 10
167.01988674118982
 20
193.57736846492003
 10
167.57805743943453
 20
191.93777979890086
 10
168.08265464263752
 20
190.2958899673549
 10
168.53994128027836
 20
188.62166996338019
 10
168.9561802818368
 20
186.88509078007473
 10
169.3376345767924
 20
185.05612341053657
 10
169.6905670946248
 20
183.10473884786376
 10
170.02124076481377
 20
181.0009080851543
 10
170.33591851683892
 20
178.71460211550624
 10
170.64086328017984
 20
176.2157919320176
 10
170.94233798431623
 20
173.47444852778642
 10
171.44590221993298
 20
168.94654447903102
 10
171.91990204331196
 20
165.26169537861247
 10
172.36993096089236
 20
162.4149856045779
 10
172.80158247911325
 20
160.4014995349745
 10
173.22045010441374
 20
159.21632154784947
 10
173.63212734323304
 20
158.85453602125
 10
174.0422077020102
 20
159.3112273332232
 10
174.45628468718442
 20
160.58147986181626
 10
174.8799518051948
 20
162.66037798507637
 10
175.3188025624805
 20
165.5430060810507
 10
175.7784304654806
 20
169.22444852778642
  0
LWPOLYLINE
  5
62
330
17
100
AcDbEntity
  8
CUT
100
AcDbPolyline
 90
34
 70
1
 10
19.780957849745228
 20
164.60262619745723
 10
19.6169578445871
 20
165.47479164108398
 10
19.355786447208036
 20
166.19267896185974
 10
19.018616294534738
 20
166.7530048697924
 10
18.626620023493906
 20
167.15248607488985
 10
18.200970271012245
 20
167.38783928715998
 10
17.762839674016462
 20
167.45578121661066
 10
17.333400869433255
 20
167.35302857324973
 10
16.933826494189333
 20
167.07629806708513
 10
16.585289185211394
 20
166.62230640812467
 10
16.30896157942615
 20
165.9877703063763
 10
16.126016313760296
 20
165.16940647184785
 10
16.079589555451385
 20
164.4219691457937
 10
16.141735684043397
 20
163.68269618993702
 10
16.29791982349861
 20
162.97227613947342
 10
16.533607097779278
 20
162.3113975295987
 10
16.834262630847686
 20
161.72074889550845
 10
17.1853515466661
 20
161.2210187723984
 10
17.572338969196792
 20
160.83289569546423
 10
17.980690022402037
 20
160.5770681999016
 10
18.395869830244102
 20
160.47422482090616
 10
18.803343516685274
 20
160.54505409367368
 10
19.188576205687802
 20
160.8102445533998
 10
19.320560465102155
 20
160.977089819576
 10
19.439722358091004
 20
161.19746884254232
 10
19.545127247950724
 20
161.46539815013307
 10
19.635840497977693
 20
161.77489427018259
 10
19.71092747146829
 20
162.11997373052515
 10
19.76945353171889
 20
162.49465305899514
 10
19.810484042025877
 20
162.89294878342685
 10
19.83308436568563
 20
163.3088774316546
 10
19.83631986599452
 20
163.73645553151266
 10
19.819255906248927
 20
164.16969961083544
 10
19.780957849745228
 20
164.60262619745723
  0
LWPOLYLINE
  5
63
330
17
100
AcDbEntity
  8
CUT
100
AcDbPolyline
 90
89
 70
1
 10
87.45942225446717
 20
166.55831854734106
 10
84.68109717067932
 20
169.0608154756479
 10
81.76699713792141
 20
171.53971355202975
 10
78.7243491478473
 20
173.99002816994386
 10
75.56038019211081
 20
176.40677472284762
 10
72.28231726236581
 20
178.78496860419835
 10
68.89738735026617
 20
181.11962520745337
 10
65.4128174474657
 20
183.40575992607003
 10
61.83583454561832
 20
185.63838815350562
 10
58.17366563637784
 20
187.8125252832175
 10
54.43353771139814
 20
189.92318670866297
 10
50.62267776233307
 20
191.96538782329935
 10
48.081785546834595
 20
193.28097153806323
 10
45.868305832432306
 20
194.40135786197362
 10
43.95153169919788
 20
195.3380843340348
 10
42.300756227202974
 20
196.10268849325092
 10
40.88527249651928
 20
196.70670787862616
 10
39.67437358721846
 20
197.1616800291648
 10
38.6373525793722
 20
197.47914248387102
 10
37.74350255305216
 20
197.670632781749
 10
36.96211658833003
 20
197.74768846180297
 10
36.26248776527748
 20
197.7218470630371
 10
35.61390916396618
 20
197.60464612445563
 10
34.69891728476333
 20
197.25400855561284
 10
33.638760286836735
 20
196.65216765148458
 10
32.489006946419785
 20
195.85353519870685
 10
31.30522603974582
 20
194.91252298391566
 10
30.14298634304825
 20
193.8835427937471
 10
29.05785663256043
 20
192.82100641483711
 10
28.10540568451576
 20
191.77932563382177
 10
27.3412022751476
 20
190.8129122373371
 10
26.820815180689337
 20
189.97617801201906
 10
26.59981317737435
 20
189.32353474450375
 10
26.73376504143601
 20
188.90939422142714
 10
26.928827697537535
 20
188.7973927076035
 10
27.288944145486838
 20
188.6451871818959
 10
27.80006391713824
 20
188.4570881053129
 10
28.448136544346056
 20
188.23740593886308
 10
29.219111558964634
 20
187.99045114355508
 10
30.09893849284829
 20
187.72053418039752
 10
31.073566877851363
 20
187.43196551039892
 10
32.12894624582818
 20
187.129055594568
 10
33.251026128633065
 20
186.81611489391324
 10
34.425756058120356
 20
186.4974538694433
 10
35.639085566144374
 20
186.1773829821668
 10
38.78599011295531
 20
185.32037333193068
 10
41.895494249688674
 20
184.39626574318186
 10
44.96308141363705
 20
183.40687986979967
 10
47.984235042093026
 20
182.3540353656636
 10
50.95443857234917
 20
181.23955188465303
 10
53.869175441698076
 20
180.0652490806474
 10
56.72392908743232
 20
178.83294660752608
 10
59.51418294684449
 20
177.54446411916854
 10
62.235420457227185
 20
176.20162126945417
 10
64.88312505587297
 20
174.80623771226234
 10
67.45278018007443
 20
173.36013310147257
 10
68.66897101403384
 20
172.65578194946326
 10
69.90544734761761
 20
171.94524239654083
 10
71.14406492838395
 20
171.23863979109092
 10
72.3666795038911
 20
170.5460994814992
 10
73.55514682169726
 20
169.87774681615122
 10
74.69132262936068
 20
169.24370714343263
 10
75.75706267443957
 20
168.6541058117291
 10
76.73422270449214
 20
168.11906816942613
 10
77.60465846707669
 20
167.64871956490944
 10
78.35022570975136
 20
167.2531853465646
 10
78.95278018007443
 20
166.94259086277728
 10
80.46791425042136
 20
166.18880136795036
 10
82.12317237409735
 20
165.38310971794073
 10
83.86174668621209
 20
164.5514950675277
 10
85.62682932187505
 20
163.7199365714906
 10
87.3616124161959
 20
162.91441338460868
 10
89.00928810428425
 20
162.16090466166128
 10
90.51304852124966
 20
161.48538955742762
 10
91.8160858022018
 20
160.9138472266871
 10
92.86159208225024
 20
160.47225682421893
 10
93.59275949650456
 20
160.18659750480245
 10
93.95278018007443
 20
160.08284842321694
 10
93.95022293745885
 20
160.15158001055357
 10
93.79938118789607
 20
160.3549513351079
 10
93.5104998988119
 20
160.68274565213116
 10
93.09382403763215
 20
161.12474621687448
 10
92.55959857178263
 20
161.67073628458917
 10
91.9180684686892
 20
162.31049911052628
 10
91.17947869577768
 20
163.0338179499371
 10
90.3540742204739
 20
163.8304760580728
 10
89.45210001020365
 20
164.69025669018455
 10
88.48380103239282
 20
165.60294310152358
 10
87.45942225446717
 20
166.55831854734106
  0
LWPOLYLINE
  5
64
330
17
100
AcDbEntity
  8
CUT
100
AcDbPolyline
 90
40
 70
1
 10
159.9243081385824
 20
175.41560739530215
 10
159.42334538179784
 20
176.9870189151935
 10
158.92127398504186
 20
178.50805384380462
 10
158.42506878443888
 20
179.9605416238678
 10
157.94170461611293
 20
181.32631169811532
 10
157.47815631618838
 20
182.58719350927944
 10
157.04139872078937
 20
183.72501650009244
 10
156.63840666604025
 20
184.72161011328654
 10
156.27615498806523
 20
185.55880379159402
 10
155.96161852298852
 20
186.21842697774716
 10
155.70177210693438
 20
186.68230911447822
 10
155.50359057602705
 20
186.93227964451944
 10
155.28750346913415
 20
187.04923489047817
 10
155.0435352466135
 20
187.06404575375336
 10
154.77128225926066
 20
186.97626512640528
 10
154.47034085787146
 20
186.7854459004942
 10
154.14030739324153
 20
186.4911409680804
 10
153.78077821616657
 20
186.09290322122413
 10
153.3913496774423
 20
185.59028555198563
 10
152.97161812786445
 20
184.98284085242517
 10
152.52117991822874
 20
184.27012201460303
 10
152.0396313993309
 20
183.45168193057944
 10
151.52656892196651
 20
182.5270734924147
 10
148.64970822096714
 20
177.2088148451516
 10
150.83485838141345
 20
174.14005442306205
 10
151.18417149856717
 20
173.62589898065147
 10
151.57160902028173
 20
173.01329963225174
 10
151.98973577413807
 20
172.31611465617075
 10
152.43111658771704
 20
171.54820233071635
 10
152.8883162885996
 20
170.72342093419638
 10
153.35389970436663
 20
169.85562874491876
 10
153.820431662599
 20
168.9586840411913
 10
154.28047699087767
 20
168.0464451013218
 10
154.72660051678352
 20
167.13277020361824
 10
155.1513670678975
 20
166.23151762638838
 10
155.54734147180048
 20
165.3565456479401
 10
158.07467440174116
 20
159.6417972949077
 10
160.6597695749089
 20
162.22689246807542
 10
163.2448647480766
 20
164.81198764124315
 10
159.9243081385824
 20
175.41560739530215
  0
LWPOLYLINE
  5
65
330
17
100
AcDbEntity
  8
CUT
100
AcDbPolyline
 90
38
 70
1
 10
147.6712996661083
 20
168.45839322673794
 10
148.60380286257288
 20
169.04802490241065
 10
149.3565453832738
 20
169.54366851011477
 10
149.9363032305829
 20
169.96939031584537
 10
150.34985240687183
 20
170.34925658559763
 10
150.60396891451242
 20
170.7073335853667
 10
150.70542875587643
 20
171.0676875811477
 10
150.6610079333356
 20
171.45438483893582
 10
150.47748244926186
 20
171.89149162472614
 10
150.16162830602684
 20
172.40307420451387
 10
149.72022150600236
 20
173.0131988442941
 10
149.1600380515602
 20
173.74593181006196
 10
147.4117676142236
 20
176.0174150923375
 10
143.80475820184708
 20
171.18596908745266
 10
142.9296573512746
 20
170.00721937064242
 10
142.21814470785958
 20
169.02032127093713
 10
141.6617652123299
 20
168.1928076650754
 10
141.2520638054135
 20
167.49221142979582
 10
140.98058542783838
 20
166.88606544183693
 10
140.83887502033244
 20
166.34190257793728
 10
140.81847752362359
 20
165.82725571483545
 10
140.91093787843982
 20
165.30965772926993
 10
141.10780102550908
 20
164.75664149797933
 10
141.40061190555923
 20
164.13573989770222
 10
141.7809154593183
 20
163.41448580517712
 10
143.364082129166
 20
160.47444852778642
 10
143.9154707799224
 20
163.45839322673794
 10
144.03639436295302
 20
163.9778104062517
 10
144.20509465516693
 20
164.4891438094985
 10
144.42034711394447
 20
164.99076324690282
 10
144.68092719666618
 20
165.481038528889
 10
144.9856103607124
 20
165.95833946588152
 10
145.33317206346354
 20
166.42103586830484
 10
145.72238776230003
 20
166.86749754658337
 10
146.15203291460236
 20
167.29609431114147
 10
146.6208829777509
 20
167.70519597240366
 10
147.12771340912607
 20
168.09317234079435
 10
147.6712996661083
 20
168.45839322673794
  0
LWPOLYLINE
  5
66
330
17
100
AcDbEntity
  8
CUT
100
AcDbPolyline
 90
80
 70
1
 10
71.39390981517931
 20
163.5062518996569
 10
71.69946205317444
 20
163.722455159697
 10
72.02983547392367
 20
163.9290616423782
 10
72.3791134733699
 20
164.12375488420003
 10
72.74137944745601
 20
164.30421842166209
 10
73.11071679212492
 20
164.46813579126393
 10
73.4812089033195
 20
164.61319052950512
 10
73.84693917698269
 20
164.73706617288525
 10
74.20199100905737
 20
164.83744625790388
 10
74.54044779548641
 20
164.91201432106055
 10
74.85639293221277
 20
164.95845389885488
 10
75.14390981517931
 20
164.97444852778642
 10
75.97457699886047
 20
165.01586390463152
 10
76.52324857764555
 20
165.1474721966118
 10
76.77693159787671
 20
165.3803166458947
 10
76.72263310589597
 20
165.72544049464773
 10
76.3473601480454
 20
166.19388698503838
 10
75.63811977066715
 20
166.79669935923408
 10
74.58191902010324
 20
167.5449208594024
 10
73.16576494269583
 20
168.44959472771072
 10
71.37666458478694
 20
169.52176420632657
 10
69.2016249927187
 20
170.7724725374174
 10
66.62765321283317
 20
172.21276296315068
 10
63.55975721435944
 20
173.8836536931533
 10
60.655747886173536
 20
175.401926512823
 10
57.8691643125596
 20
176.78633969421256
 10
55.15354557780183
 20
178.0556515093747
 10
52.46243076618445
 20
179.2286202303622
 10
49.74935896199159
 20
180.32400412922772
 10
46.967869249507466
 20
181.36056147802404
 10
44.07150071301629
 20
182.35705054880387
 10
41.01379243680223
 20
183.33222961361997
 10
37.74828350514947
 20
184.30485694452503
 10
34.22851300234222
 20
185.29369081357183
 10
25.00424582461001
 20
187.82037312252805
 10
23.9840899367449
 20
184.14741082515724
 10
23.833803370576298
 20
183.5716267748686
 10
23.69006934598164
 20
182.95339750474983
 10
23.554506224288325
 20
182.30357430210458
 10
23.428732366823724
 20
181.6330084542367
 10
23.314366134915254
 20
180.95255124844988
 10
23.213025889890304
 20
180.27305397204793
 10
23.126329993076254
 20
179.6053679123346
 10
23.055896805800522
 20
178.96034435661363
 10
23.003344689390488
 20
178.34883459218878
 10
22.970292005173548
 20
177.7816899063638
 10
22.958357114477103
 20
177.26976158644248
 10
22.93667136503463
 20
176.39445616707624
 10
22.930968894231675
 20
175.6899329276529
 10
23.02521264742758
 20
175.12534304410562
 10
23.30336556998168
 20
174.66983769236754
 10
23.84939060725332
 20
174.29256804837183
 10
24.747250704601825
 20
173.9626852880516
 10
26.08090880738655
 20
173.64934058734002
 10
27.93432786096683
 20
173.3216851221702
 10
30.39147081070201
 20
172.9488700684753
 10
33.536300601951424
 20
172.50004660218846
 10
37.45278018007442
 20
171.94436589924283
 10
39.8564350672204
 20
171.55512196624835
 10
42.3815911808779
 20
171.06198186278897
 10
44.98717025458037
 20
170.47734241475075
 10
47.63209402186127
 20
169.81360044801977
 10
50.275284216254086
 20
169.08315278848204
 10
52.875662571292274
 20
168.29839626202354
 10
55.39215082050932
 20
167.47172769453033
 10
57.7836706974387
 20
166.61554391188847
 10
60.00914393561387
 20
165.74224173998394
 10
62.0274922685683
 20
164.8642180047028
 10
63.79763742983547
 20
163.99386953193107
 10
64.91215038056077
 20
163.41496788078572
 10
65.86727111374489
 20
162.94776972113291
 10
66.68786751964316
 20
162.5906787408407
 10
67.39880748851093
 20
162.3420986277772
 10
68.02495891060352
 20
162.20043306981052
 10
68.59118967617624
 20
162.16408575480872
 10
69.1223676754845
 20
162.23146037063998
 10
69.64336079878359
 20
162.4009606051723
 10
70.17903693632886
 20
162.67099014627382
 10
70.75426397837566
 20
163.03995268181265
 10
71.39390981517931
 20
163.5062518996569
  0
LWPOLYLINE
  5
67
330
17
100
AcDbEntity
  8
CUT
100
AcDbPolyline
 90
69
 70
1
 10
169.0268211146068
 20
179.9351935179424
 10
168.84974789166256
 20
181.00198651997306
 10
168.6353103367906
 20
182.16784594944693
 10
168.38851946148887
 20
183.41126057493835
 10
168.11438627725514
 20
184.7107191650216
 10
167.8179217955872
 20
186.04471048827097
 10
167.50413702798306
 20
187.39172331326077
 10
167.1780429859405
 20
188.73024640856536
 10
166.84465068095736
 20
190.038768542759
 10
166.50897112453154
 20
191.29577848441602
 10
166.17601532816096
 20
192.4797650021107
 10
165.85079430334335
 20
193.56921686441734
 10
163.71957229084262
 20
200.46931102533347
 10
159.8361762354585
 20
196.0932710292967
 10
158.7463872484535
 20
194.84257291965457
 10
157.85592967007463
 20
193.75401115790152
 10
157.15764786927517
 20
192.7937778509694
 10
156.64438621500807
 20
191.92806510579027
 10
156.30898907622654
 20
191.12306502929601
 10
156.14430082188363
 20
190.34496972841856
 10
156.14316582093258
 20
189.55997131008994
 10
156.2984284423264
 20
188.73426188124205
 10
156.60293305501833
 20
187.83403354880681
 10
157.04952402796138
 20
186.8254784197162
 10
157.63104573010875
 20
185.67478860090222
 10
157.90698072554258
 20
185.1118382527673
 10
158.2267603335133
 20
184.3953069181201
 10
158.5835659840404
 20
183.54352112869475
 10
158.97057910714315
 20
182.57480741622547
 10
159.3809811328409
 20
181.5074923124464
 10
159.80795349115294
 20
180.35990234909178
 10
160.2446776120987
 20
179.15036405789576
 10
160.68433492569753
 20
177.8972039705925
 10
161.12010686196876
 20
176.61874861891621
 10
161.54517485093174
 20
175.33332453460108
 10
161.9527203226058
 20
174.05925824938123
 10
162.45532370564766
 20
172.4972960613551
 10
162.92824371590228
 20
171.1084876596066
 10
163.3746155909076
 20
169.88667038374638
 10
163.79757456820127
 20
168.82568157338505
 10
164.20025588532104
 20
167.91935856813325
 10
164.58579477980473
 20
167.16153870760155
 10
164.95732648919008
 20
166.54605933140056
 10
165.31798625101487
 20
166.06675777914086
 10
165.6709093028169
 20
165.7174713904331
 10
166.01923088213388
 20
165.4920375048879
 10
166.3660862265036
 20
165.3842934621158
 10
166.6338983142265
 20
165.3387632273658
 10
166.9037933074168
 20
165.28108066979604
 10
167.17193988875223
 20
165.2127094804399
 10
167.43450674091073
 20
165.13511335033064
 10
167.68766254657015
 20
165.04975597050162
 10
167.92757598840834
 20
164.9581010319862
 10
168.1504157491032
 20
164.86161222581765
 10
168.35235051133256
 20
164.76175324302932
 10
168.52954895777432
 20
164.65998777465455
 10
168.67817977110636
 20
164.55777951172664
 10
168.79441163400654
 20
164.45659214527893
 10
169.0864945569959
 20
164.39437187608678
 10
169.32716131685257
 20
164.81082764499163
 10
169.51548698206162
 20
165.64435849586283
 10
169.65054662110782
 20
166.8333634725697
 10
169.7314153024761
 20
168.31624161898162
 10
169.75716809465152
 20
170.03139197896792
 10
169.72688006611887
 20
171.91721359639794
 10
169.63962628536316
 20
173.91210551514106
 10
169.4944818208693
 20
175.9544667790666
 10
169.2905217411222
 20
177.98269643204395
 10
169.0268211146068
 20
179.9351935179424
  0
LWPOLYLINE
  5
68
330
17
100
AcDbEntity
  8
CUT
100
AcDbPolyline
 90
34
 70
1
 10
17.45278018007442
 20
181.98814357081858
 10
17.385069089996588
 20
183.24178299078264
 10
17.198059963352158
 20
184.23068600611148
 10
16.915939015524735
 20
184.95740314712833
 10
16.5628924618979
 20
185.42448494415652
 10
16.163106517855248
 20
185.63448192751932
 10
15.740767398780381
 20
185.58994462753998
 10
15.320061320056883
 20
185.29342357454175
 10
14.925174497068362
 20
184.74746929884793
 10
14.580293145198407
 20
183.9546323307818
 10
14.30960347983061
 20
182.9174632006666
 10
14.137291716348567
 20
181.63851243882564
 10
14.077191398449095
 20
180.8171750635351
 10
14.045329283120907
 20
180.1224109110637
 10
14.045390233124447
 20
179.54565561120643
 10
14.08105911122016
 20
179.07834479375828
 10
14.156020780168493
 20
178.7119140885143
 10
14.273960102729895
 20
178.43779912526946
 10
14.438561941664808
 20
178.24743553381882
 10
14.65351115973369
 20
178.1322589439573
 10
14.922492619696975
 20
178.08370498547995
 10
15.24919118431512
 20
178.09320928818178
 10
15.637291716348567
 20
178.1522074818578
 10
15.981595549438808
 20
178.24171580732127
 10
16.284788066558733
 20
178.37195413697293
 10
16.54862241121198
 20
178.54662667856135
 10
16.774851726902185
 20
178.76943763983508
 10
16.965229157132995
 20
179.04409122854267
 10
17.12150784540805
 20
179.3742916524327
 10
17.24544093523098
 20
179.76374311925372
 10
17.33878157010545
 20
180.21614983675425
 10
17.403282893535085
 20
180.73521601268286
 10
17.440698049023528
 20
181.32464585478812
 10
17.45278018007442
 20
181.98814357081858
  0
LWPOLYLINE
  5
69
330
17
100
AcDbEntity
  8
CUT
100
AcDbPolyline
 90
34
 70
1
 10
23.675942827644064
 20
194.94716738582588
 10
24.482408202402
 20
195.51347996147754
 10
25.236878464198668
 20
196.18527221017277
 10
25.92642048025759
 20
196.93666055904373
 10
26.538101117802242
 20
197.7417614352227
 10
27.058987244056112
 20
198.57469126584186
 10
27.4761457262427
 20
199.40956647803347
 10
27.77664343158549
 20
200.2205034989297
 10
27.947547227307986
 20
200.98161875566282
 10
27.975923980633674
 20
201.66702867536503
 10
27.84884055878605
 20
202.25084968516853
 10
27.55336382898861
 20
202.70719821220558
 10
26.806037048482956
 20
203.09238771871333
 10
25.8307678820561
 20
203.0685013400722
 10
24.697183631524815
 20
202.69679618985404
 10
23.47491159870586
 20
202.03852938163075
 10
22.23357908541598
 20
201.1549580289742
 10
21.04281339347195
 20
200.10733924545627
 10
19.972241824690524
 20
198.95693014464885
 10
19.09149168088847
 20
197.76498784012378
 10
18.470190263882543
 20
196.59276944545297
 10
18.1779648754895
 20
195.50153207420828
 10
18.284442817526113
 20
194.5525328399616
 10
18.498223608141885
 20
194.04894256430282
 10
18.72302465791333
 20
193.6500065455696
 10
18.973596252051255
 20
193.35680444101772
 10
19.264688675766457
 20
193.17041590790296
 10
19.611052214269733
 20
193.0919206034811
 10
20.027437152771896
 20
193.12239818500797
 10
20.52859377648374
 20
193.26292830973938
 10
21.12927237061608
 20
193.51459063493104
 10
21.844223220379714
 20
193.87846481783885
 10
22.68819661098544
 20
194.3556305157185
 10
23.675942827644064
 20
194.94716738582588
  0
LWPOLYLINE
  5
6A
330
17
100
AcDbEntity
  8
CUT
100
AcDbPolyline
 90
34
 70
1
 10
159.95278018007443
 20
199.65591023760354
 10
159.94538828153304
 20
199.97270872980317
 10
159.92124706591375
 20
200.23015882241916
 10
159.87740825322373
 20
200.42890933204643
 10
159.81092356347017
 20
200.56960907527997
 10
159.71884471666024
 20
200.65290686871475
 10
159.59822343280112
 20
200.67945152894578
 10
159.4461114319
 20
200.649891872568
 10
159.25956043396414
 20
200.56487671617637
 10
159.03562215900064
 20
200.42505487636592
 10
158.77134832701674
 20
200.23107516973158
 10
158.4637906580196
 20
199.9835864128684
 10
158.25060532902273
 20
199.79177508572343
 10
158.0587253589636
 20
199.5893161993261
 10
157.88961948831474
 20
199.37958420062165
 10
157.7447564575484
 20
199.1659535365554
 10
157.62560500713707
 20
198.9517986540726
 10
157.53363387755329
 20
198.74049400011856
 10
157.47031180926942
 20
198.53541402163847
 10
157.43710754275793
 20
198.3399331655777
 10
157.43548981849125
 20
198.15742587888147
 10
157.46692737694184
 20
197.99126660849504
 10
157.5328889585821
 20
197.84482980136374
 10
157.7670648759596
 20
197.55722187459298
 10
158.03184856873796
 20
197.38509492676388
 10
158.3160917246948
 20
197.32010540508213
 10
158.60864603160746
 20
197.3539097567533
 10
158.89836317725366
 20
197.47816442898295
 10
159.17409484941078
 20
197.68452586897675
 10
159.42469273585644
 20
197.96465052394026
 10
159.63900852436808
 20
198.3101948410791
 10
159.80589390272328
 20
198.71281526759884
 10
159.91420055869958
 20
199.16416825070513
 10
159.95278018007443
 20
199.65591023760354
  0
LWPOLYLINE
  5
6B
330
17
100
AcDbEntity
  8
CUT
100
AcDbPolyline
 90
34
 70
1
 10
169.49389869601208
 20
206.0409796841405
 10
169.69648351021183
 20
206.42961422763474
 10
169.805657126412
 20
206.78065546274368
 10
169.8265577896466
 20
207.0902047363932
 10
169.76432374494962
 20
207.35436339550918
 10
169.62409323735503
 20
207.56923278701754
 10
169.41100451189678
 20
207.7309142578442
 10
169.13019581360888
 20
207.83550915491506
 10
168.7868053875254
 20
207.879118825156
 10
168.3859714786802
 20
207.85784461549295
 10
167.93283233210732
 20
207.76778787285178
 10
167.4325261928408
 20
207.60504994415845
 10
167.20273566055852
 20
207.5032981309414
 10
166.99635222963224
 20
207.38469312874025
 10
166.81492859221652
 20
207.25179649356866
 10
166.6600174404657
 20
207.10716978144032
 10
166.53317146653433
 20
206.95337454836897
 10
166.4359433625768
 20
206.7929723503683
 10
166.3698858207476
 20
206.628524743452
 10
166.33655153320117
 20
206.46259328363374
 10
166.33749319209198
 20
206.29773952692727
 10
166.3742634895745
 20
206.13652502934627
 10
166.4484151178031
 20
205.98151134690443
 10
166.68332961858468
 20
205.65699941580618
 10
166.94243072164133
 20
205.39877957862515
 10
167.2204527357275
 20
205.20674901362725
 10
167.51212996959762
 20
205.08080489907832
 10
167.81219673200613
 20
205.02084441324425
 10
168.11538733170744
 20
205.0267647343909
 10
168.41643607745604
 20
205.09846304078414
 10
168.71007727800637
 20
205.23583651068986
 10
168.99104524211288
 20
205.4387823223739
 10
169.25407427852997
 20
205.70719765410215
 10
169.49389869601208
 20
206.0409796841405
  0
LWPOLYLINE
  5
6C
330
17
100
AcDbEntity
  8
CUT
100
AcDbPolyline
 90
34
 70
1
 10
177.21721251144635
 20
207.57221419249169
 10
177.45707981268762
 20
207.90374089023652
 10
177.573368952039
 20
208.27743092486364
 10
177.576909247408
 20
208.67774767292804
 10
177.47853001670202
 20
209.0891545109847
 10
177.28906057782865
 20
209.49611481558867
 10
177.01933024869527
 20
209.883091963295
 10
176.68016834720936
 20
210.23454933065858
 10
176.28240419127843
 20
210.53495029423453
 10
175.8368670988099
 20
210.76875823057782
 10
175.35438638771134
 20
210.92043651624343
 10
174.84579137589012
 20
210.97444852778642
 10
174.30178172020126
 20
210.94840823109743
 10
173.85268190995322
 20
210.87144726135895
 10
173.498922572525
 20
210.7453054990637
 10
173.24093433529538
 20
210.5717228247044
 10
173.07914782564325
 20
210.35243911877384
 10
173.01399367094743
 20
210.0891942617647
 10
173.04590249858686
 20
209.78372813416976
 10
173.17530493594043
 20
209.43778061648172
 10
173.40263161038692
 20
209.05309158919334
 10
173.7283131493053
 20
208.6314009327973
 10
174.15278018007442
 20
208.1744485277864
 10
174.50428840190037
 20
207.8399558661768
 10
174.8337447134066
 20
207.56287950874085
 10
175.14363818707113
 20
207.34273029313226
 10
175.4364578953719
 20
207.1790190570047
 10
175.71469291078697
 20
207.07125663801187
 10
175.98083230579434
 20
207.0189538738075
 10
176.237365152872
 20
207.02162160204526
 10
176.48678052449807
 20
207.07877066037886
 10
176.73156749315044
 20
207.189911886462
 10
176.9742151313072
 20
207.3545561179484
 10
177.21721251144635
 20
207.57221419249169
  0
ENDSEC
  0
SECTION
  2
OBJECTS
  0
DICTIONARY
  5
A
330
0
100
AcDbDictionary
281
1
  3
ACAD_COLOR
350
B
  3
ACAD_GROUP
350
C
  3
ACAD_LAYOUT
350
D
  3
ACAD_MATERIAL
350
E
  3
ACAD_MLEADERSTYLE
350
F
  3
ACAD_MLINESTYLE
350
10
  3
ACAD_PLOTSETTINGS
350
11
  3
ACAD_PLOTSTYLENAME
350
12
  3
ACAD_SCALELIST
350
14
  3
ACAD_TABLESTYLE
350
15
  3
ACAD_VISUALSTYLE
350
16
  3
EZDXF_META
350
2D
  0
DICTIONARY
  5
B
330
A
100
AcDbDictionary
281
1
  0
DICTIONARY
  5
C
330
A
100
AcDbDictionary
281
1
  0
DICTIONARY
  5
D
330
A
100
AcDbDictionary
281
1
  3
Model
350
1A
  3
Layout1
350
1E
  0
DICTIONARY
  5
E
330
A
100
AcDbDictionary
281
1
  3
ByBlock
350
1F
  3
ByLayer
350
20
  3
Global
350
21
  0
DICTIONARY
  5
F
330
A
100
AcDbDictionary
281
1
  3
Standard
350
2C
  0
DICTIONARY
  5
10
330
A
100
AcDbDictionary
281
1
  3
Standard
350
22
  0
DICTIONARY
  5
11
330
A
100
AcDbDictionary
281
1
  0
ACDBDICTIONARYWDFLT
  5
12
330
A
100
AcDbDictionary
281
1
  3
Normal
350
13
100
AcDbDictionaryWithDefault
340
13
  0
ACDBPLACEHOLDER
  5
13
330
12
  0
DICTIONARY
  5
14
330
A
100
AcDbDictionary
281
1
  0
DICTIONARY
  5
15
330
A
100
AcDbDictionary
281
1
  0
DICTIONARY
  5
16
330
A
100
AcDbDictionary
281
1
  0
LAYOUT
  5
1A
330
D
100
AcDbPlotSettings
  1

  4
A3
  6

 40
7.5
 41
20.0
 42
7.5
 43
20.0
 44
420.0
 45
297.0
 46
0.0
 47
0.0
 48
0.0
 49
0.0
140
0.0
141
0.0
142
1.0
143
1.0
 70
1024
 72
1
 73
0
 74
5
  7

 75
16
 76
0
 77
2
 78
300
147
1.0
148
0.0
149
0.0
100
AcDbLayout
  1
Model
 70
1
 71
0
 10
0.0
 20
0.0
 11
420.0
 21
297.0
 12
0.0
 22
0.0
 32
0.0
 14
1e+20
 24
1e+20
 34
1e+20
 15
-1e+20
 25
-1e+20
 35
-1e+20
146
0.0
 13
0.0
 23
0.0
 33
0.0
 16
1.0
 26
0.0
 36
0.0
 17
0.0
 27
1.0
 37
0.0
 76
1
330
17
  0
LAYOUT
  5
1E
330
D
100
AcDbPlotSettings
  1

  4
A3
  6

 40
7.5
 41
20.0
 42
7.5
 43
20.0
 44
420.0
 45
297.0
 46
0.0
 47
0.0
 48
0.0
 49
0.0
140
0.0
141
0.0
142
1.0
143
1.0
 70
0
 72
1
 73
0
 74
5
  7

 75
16
 76
0
 77
2
 78
300
147
1.0
148
0.0
149
0.0
100
AcDbLayout
  1
Layout1
 70
1
 71
1
 10
0.0
 20
0.0
 11
420.0
 21
297.0
 12
0.0
 22
0.0
 32
0.0
 14
1e+20
 24
1e+20
 34
1e+20
 15
-1e+20
 25
-1e+20
 35
-1e+20
146
0.0
 13
0.0
 23
0.0
 33
0.0
 16
1.0
 26
0.0
 36
0.0
 17
0.0
 27
1.0
 37
0.0
 76
1
330
1B
  0
MATERIAL
  5
1F
102
{ACAD_REACTORS
330
E
102
}
330
E
100
AcDbMaterial
  1
ByBlock
  2

 70
0
 40
1.0
 71
1
 41
1.0
 91
-1023410177
 42
1.0
 72
1
  3

 73
1
 74
1
 75
1
 44
0.5
 73
0
 45
1.0
 46
1.0
 77
1
  4

 78
1
 79
1
170
1
 48
1.0
171
1
  6

172
1
173
1
174
1
140
1.0
141
1.0
175
1
  7

176
1
177
1
178
1
143
1.0
179
1
  8

270
1
271
1
272
1
145
1.0
146
1.0
273
1
  9

274
1
275
1
276
1
 42
1.0
 72
1
  3

 73
1
 74
1
 75
1
 94
63
  0
MATERIAL
  5
20
102
{ACAD_REACTORS
330
E
102
}
330
E
100
AcDbMaterial
  1
ByLayer
  2

 70
0
 40
1.0
 71
1
 41
1.0
 91
-1023410177
 42
1.0
 72
1
  3

 73
1
 74
1
 75
1
 44
0.5
 73
0
 45
1.0
 46
1.0
 77
1
  4

 78
1
 79
1
170
1
 48
1.0
171
1
  6

172
1
173
1
174
1
140
1.0
141
1.0
175
1
  7

176
1
177
1
178
1
143
1.0
179
1
  8

270
1
271
1
272
1
145
1.0
146
1.0
273
1
  9

274
1
275
1
276
1
 42
1.0
 72
1
  3

 73
1
 74
1
 75
1
 94
63
  0
MATERIAL
  5
21
102
{ACAD_REACTORS
330
E
102
}
330
E
100
AcDbMaterial
  1
Global
  2

 70
0
 40
1.0
 71
1
 41
1.0
 91
-1023410177
 42
1.0
 72
1
  3

 73
1
 74
1
 75
1
 44
0.5
 73
0
 45
1.0
 46
1.0
 77
1
  4

 78
1
 79
1
170
1
 48
1.0
171
1
  6

172
1
173
1
174
1
140
1.0
141
1.0
175
1
  7

176
1
177
1
178
1
143
1.0
179
1
  8

270
1
271
1
272
1
145
1.0
146
1.0
273
1
  9

274
1
275
1
276
1
 42
1.0
 72
1
  3

 73
1
 74
1
 75
1
 94
63
  0
MLINESTYLE
  5
22
102
{ACAD_REACTORS
330
10
102
}
330
10
100
AcDbMlineStyle
  2
Standard
 70
0
  3

 62
256
 51
90.0
 52
90.0
 71
2
 49
0.5
 62
256
  6
BYLAYER
 49
-0.5
 62
256
  6
BYLAYER
  0
MLEADERSTYLE
  5
2C
102
{ACAD_REACTORS
330
F
102
}
330
F
100
AcDbMLeaderStyle
179
2
170
2
171
1
172
0
 90
2
 40
0.0
 41
0.0
173
1
 91
-1056964608
 92
-2
290
1
 42
2.0
291
1
 43
8.0
  3
Standard
 44
4.0
300

342
29
174
1
175
1
176
0
178
1
 93
-1056964608
 45
4.0
292
0
297
0
 46
4.0
 94
-1056964608
 47
1.0
 49
1.0
140
1.0
294
1
141
0.0
177
0
142
1.0
295
0
296
0
143
3.75
271
0
272
9
273
9
  0
DICTIONARY
  5
2D
330
A
100
AcDbDictionary
280
1
281
1
  3
CREATED_BY_EZDXF
350
2E
  3
WRITTEN_BY_EZDXF
350
6F
  0
DICTIONARYVAR
  5
2E
330
2D
100
DictionaryVariables
280
0
  1
1.4.3 @ 2026-09-12T13:25:38.322565+00:00
  0
DICTIONARYVAR
  5
6F
330
2D
100
DictionaryVariables
280
0
  1
1.4.3 @ 2026-09-12T13:25:38.871994+00:00
  0
ENDSEC
  0
EOF
