  0
SECTION
  2
HEADER
  9
$ACADVER
  1
AC1024
  9
$ACADMAINTVER
 70
6
  9
$DWGCODEPAGE
  3
ANSI_1252
  9
$LASTSAVEDBY
  1
ezdxf
  9
$INSBASE
 10
0.0
 20
0.0
 30
0.0
  9
$EXTMIN
 10
1e+20
 20
1e+20
 30
1e+20
  9
$EXTMAX
 10
-1e+20
 20
-1e+20
 30
-1e+20
  9
$LIMMIN
 10
0.0
 20
0.0
  9
$LIMMAX
 10
420.0
 20
297.0
  9
$ORTHOMODE
 70
0
  9
$REGENMODE
 70
1
  9
$FILLMODE
 70
1
  9
$QTEXTMODE
 70
0
  9
$MIRRTEXT
 70
1
  9
$LTSCALE
 40
1.0
  9
$ATTMODE
 70
1
  9
$TEXTSIZE
 40
2.5
  9
$TRACEWID
 40
1.0
  9
$TEXTSTYLE
  7
Standard
  9
$CLAYER
  8
0
  9
$CELTYPE
  6
ByLayer
  9
$CECOLOR
 62
256
  9
$CELTSCALE
 40
1.0
  9
$DISPSILH
 70
0
  9
$DIMSCALE
 40
1.0
  9
$DIMASZ
 40
2.5
  9
$DIMEXO
 40
0.625
  9
$DIMDLI
 40
3.75
  9
$DIMRND
 40
0.0
  9
$DIMDLE
 40
0.0
  9
$DIMEXE
 40
1.25
  9
$DIMTP
 40
0.0
  9
$DIMTM
 40
0.0
  9
$DIMTXT
 40
2.5
  9
$DIMCEN
 40
2.5
  9
$DIMTSZ
 40
0.0
  9
$DIMTOL
 70
0
  9
$DIMLIM
 70
0
  9
$DIMTIH
 70
0
  9
$DIMTOH
 70
0
  9
$DIMSE1
 70
0
  9
$DIMSE2
 70
0
  9
$DIMTAD
 70
1
  9
$DIMZIN
 70
8
  9
$DIMBLK
  1

  9
$DIMASO
 70
1
  9
$DIMSHO
 70
1
  9
$DIMPOST
  1

  9
$DIMAPOST
  1

  9
$DIMALT
 70
0
  9
$DIMALTD
 70
3
  9
$DIMALTF
 40
0.03937007874
  9
$DIMLFAC
 40
1.0
  9
$DIMTOFL
 70
1
  9
$DIMTVP
 40
0.0
  9
$DIMTIX
 70
0
  9
$DIMSOXD
 70
0
  9
$DIMSAH
 70
0
  9
$DIMBLK1
  1

  9
$DIMBLK2
  1

  9
$DIMSTYLE
  2
ISO-25
  9
$DIMCLRD
 70
0
  9
$DIMCLRE
 70
0
  9
$DIMCLRT
 70
0
  9
$DIMTFAC
 40
1.0
  9
$DIMGAP
 40
0.625
  9
$DIMJUST
 70
0
  9
$DIMSD1
 70
0
  9
$DIMSD2
 70
0
  9
$DIMTOLJ
 70
0
  9
$DIMTZIN
 70
8
  9
$DIMALTZ
 70
0
  9
$DIMALTTZ
 70
0
  9
$DIMUPT
 70
0
  9
$DIMDEC
 70
2
  9
$DIMTDEC
 70
2
  9
$DIMALTU
 70
2
  9
$DIMALTTD
 70
3
  9
$DIMTXSTY
  7
Standard
  9
$DIMAUNIT
 70
0
  9
$DIMADEC
 70
0
  9
$DIMALTRND
 40
0.0
  9
$DIMAZIN
 70
0
  9
$DIMDSEP
 70
44
  9
$DIMATFIT
 70
3
  9
$DIMFRAC
 70
0
  9
$DIMLDRBLK
  1

  9
$DIMLUNIT
 70
2
  9
$DIMLWD
 70
-2
  9
$DIMLWE
 70
-2
  9
$DIMTMOVE
 70
0
  9
$DIMFXL
 40
1.0
  9
$DIMFXLON
 70
0
  9
$DIMJOGANG
 40
0.785398163397
  9
$DIMTFILL
 70
0
  9
$DIMTFILLCLR
 70
0
  9
$DIMARCSYM
 70
0
  9
$DIMLTYPE
  6

  9
$DIMLTEX1
  6

  9
$DIMLTEX2
  6

  9
$DIMTXTDIRECTION
 70
0
  9
$LUNITS
 70
2
  9
$LUPREC
 70
4
  9
$SKETCHINC
 40
1.0
  9
$FILLETRAD
 40
10.0
  9
$AUNITS
 70
0
  9
$AUPREC
 70
2
  9
$MENU
  1
.
  9
$ELEVATION
 40
0.0
  9
$PELEVATION
 40
0.0
  9
$THICKNESS
 40
0.0
  9
$LIMCHECK
 70
0
  9
$CHAMFERA
 40
0.0
  9
$CHAMFERB
 40
0.0
  9
$CHAMFERC
 40
0.0
  9
$CHAMFERD
 40
0.0
  9
$SKPOLY
 70
0
  9
$TDCREATE
 40
2461296.727708333
  9
$TDUCREATE
 40
2458532.153996898
  9
$TDUPDATE
 40
2461296.727708333
  9
$TDUUPDATE
 40
2458532.1544311
  9
$TDINDWG
 40
0.0
  9
$TDUSRTIMER
 40
0.0
  9
$USRTIMER
 70
1
  9
$ANGBASE
 50
0.0
  9
$ANGDIR
 70
0
  9
$PDMODE
 70
0
  9
$PDSIZE
 40
0.0
  9
$PLINEWID
 40
0.0
  9
$SPLFRAME
 70
0
  9
$SPLINETYPE
 70
6
  9
$SPLINESEGS
 70
8
  9
$HANDSEED
  5
70
  9
$SURFTAB1
 70
6
  9
$SURFTAB2
 70
6
  9
$SURFTYPE
 70
6
  9
$SURFU
 70
6
  9
$SURFV
 70
6
  9
$UCSBASE
  2

  9
$UCSNAME
  2

  9
$UCSORG
 10
0.0
 20
0.0
 30
0.0
  9
$UCSXDIR
 10
1.0
 20
0.0
 30
0.0
  9
$UCSYDIR
 10
0.0
 20
1.0
 30
0.0
  9
$UCSORTHOREF
  2

  9
$UCSORTHOVIEW
 70
0
  9
$UCSORGTOP
 10
0.0
 20
0.0
 30
0.0
  9
$UCSORGBOTTOM
 10
0.0
 20
0.0
 30
0.0
  9
$UCSORGLEFT
 10
0.0
 20
0.0
 30
0.0
  9
$UCSORGRIGHT
 10
0.0
 20
0.0
 30
0.0
  9
$UCSORGFRONT
 10
0.0
 20
0.0
 30
0.0
  9
$UCSORGBACK
 10
0.0
 20
0.0
 30
0.0
  9
$PUCSBASE
  2

  9
$PUCSNAME
  2

  9
$PUCSORG
 10
0.0
 20
0.0
 30
0.0
  9
$PUCSXDIR
 10
1.0
 20
0.0
 30
0.0
  9
$PUCSYDIR
 10
0.0
 20
1.0
 30
0.0
  9
$PUCSORTHOREF
  2

  9
$PUCSORTHOVIEW
 70
0
  9
$PUCSORGTOP
 10
0.0
 20
0.0
 30
0.0
  9
$PUCSORGBOTTOM
 10
0.0
 20
0.0
 30
0.0
  9
$PUCSORGLEFT
 10
0.0
 20
0.0
 30
0.0
  9
$PUCSORGRIGHT
 10
0.0
 20
0.0
 30
0.0
  9
$PUCSORGFRONT
 10
0.0
 20
0.0
 30
0.0
  9
$PUCSORGBACK
 10
0.0
 20
0.0
 30
0.0
  9
$USERI1
 70
0
  9
$USERI2
 70
0
  9
$USERI3
 70
0
  9
$USERI4
 70
0
  9
$USERI5
 70
0
  9
$USERR1
 40
0.0
  9
$USERR2
 40
0.0
  9
$USERR3
 40
0.0
  9
$USERR4
 40
0.0
  9
$USERR5
 40
0.0
  9
$WORLDVIEW
 70
1
  9
$SHADEDGE
 70
3
  9
$SHADEDIF
 70
70
  9
$TILEMODE
 70
1
  9
$MAXACTVP
 70
64
  9
$PINSBASE
 10
0.0
 20
0.0
 30
0.0
  9
$PLIMCHECK
 70
0
  9
$PEXTMIN
 10
1e+20
 20
1e+20
 30
1e+20
  9
$PEXTMAX
 10
-1e+20
 20
-1e+20
 30
-1e+20
  9
$PLIMMIN
 10
0.0
 20
0.0
  9
$PLIMMAX
 10
420.0
 20
297.0
  9
$UNITMODE
 70
0
  9
$VISRETAIN
 70
1
  9
$PLINEGEN
 70
0
  9
$PSLTSCALE
 70
1
  9
$TREEDEPTH
 70
3020
  9
$CMLSTYLE
  2
Standard
  9
$CMLJUST
 70
0
  9
$CMLSCALE
 40
20.0
  9
$PROXYGRAPHICS
 70
1
  9
$MEASUREMENT
 70
1
  9
$CELWEIGHT
370
-1
  9
$ENDCAPS
280
0
  9
$JOINSTYLE
280
0
  9
$LWDISPLAY
290
0
  9
$INSUNITS
 70
6
  9
$HYPERLINKBASE
  1

  9
$STYLESHEET
  1

  9
$XEDIT
290
1
  9
$CEPSNTYPE
380
0
  9
$PSTYLEMODE
290
1
  9
$FINGERPRINTGUID
  2
{3592880B-73B7-4F52-85ED-AE69C29BE5A7}
  9
$VERSIONGUID
  2
{5191FAB7-E061-46CD-BD6F-2F131DB12721}
  9
$EXTNAMES
290
1
  9
$PSVPSCALE
 40
0.0
  9
$OLESTARTUP
290
0
  9
$SORTENTS
280
127
  9
$INDEXCTL
280
0
  9
$HIDETEXT
280
1
  9
$XCLIPFRAME
280
1
  9
$HALOGAP
280
0
  9
$OBSCOLOR
 70
257
  9
$OBSLTYPE
280
0
  9
$INTERSECTIONDISPLAY
280
0
  9
$INTERSECTIONCOLOR
 70
257
  9
$DIMASSOC
280
2
  9
$PROJECTNAME
  1

  9
$CAMERADISPLAY
290
0
  9
$LENSLENGTH
 40
50.0
  9
$CAMERAHEIGHT
 40
0.0
  9
$STEPSPERSEC
 40
24.0
  9
$STEPSIZE
 40
100.0
  9
$3DDWFPREC
 40
2.0
  9
$PSOLWIDTH
 40
0.005
  9
$PSOLHEIGHT
 40
0.08
  9
$LOFTANG1
 40
1.570796326795
  9
$LOFTANG2
 40
1.570796326795
  9
$LOFTMAG1
 40
0.0
  9
$LOFTMAG2
 40
0.0
  9
$LOFTPARAM
 70
7
  9
$LOFTNORMALS
280
1
  9
$LATITUDE
 40
37.795
  9
$LONGITUDE
 40
-122.394
  9
$NORTHDIRECTION
 40
0.0
  9
$TIMEZONE
 70
-8000
  9
$LIGHTGLYPHDISPLAY
280
1
  9
$TILEMODELIGHTSYNCH
280
1
  9
$CMATERIAL
347
20
  9
$SOLIDHIST
280
0
  9
$SHOWHIST
280
1
  9
$DWFFRAME
280
2
  9
$DGNFRAME
280
2
  9
$REALWORLDSCALE
290
1
  9
$INTERFERECOLOR
 62
256
  9
$CSHADOW
280
0
  9
$SHADOWPLANELOCATION
 40
0.0
  0
ENDSEC
  0
SECTION
  2
CLASSES
  0
CLASS
  1
ACDBDICTIONARYWDFLT
  2
AcDbDictionaryWithDefault
  3
ObjectDBX Classes
 90
0
 91
0
280
0
281
0
  0
CLASS
  1
SUN
  2
AcDbSun
  3
SCENEOE
 90
1153
 91
0
280
0
281
0
  0
CLASS
  1
VISUALSTYLE
  2
AcDbVisualStyle
  3
ObjectDBX Classes
 90
4095
 91
0
280
0
281
0
  0
CLASS
  1
MATERIAL
  2
AcDbMaterial
  3
ObjectDBX Classes
 90
1153
 91
0
280
0
281
0
  0
CLASS
  1
SCALE
  2
AcDbScale
  3
ObjectDBX Classes
 90
1153
 91
0
280
0
281
0
  0
CLASS
  1
TABLESTYLE
  2
AcDbTableStyle
  3
ObjectDBX Classes
 90
4095
 91
0
280
0
281
0
  0
CLASS
  1
MLEADERSTYLE
  2
AcDbMLeaderStyle
  3
ACDB_MLEADERSTYLE_CLASS
 90
4095
 91
0
280
0
281
0
  0
CLASS
  1
DICTIONARYVAR
  2
AcDbDictionaryVar
  3
ObjectDBX Classes
 90
0
 91
0
280
0
281
0
  0
CLASS
  1
CELLSTYLEMAP
  2
AcDbCellStyleMap
  3
ObjectDBX Classes
 90
1152
 91
0
280
0
281
0
  0
CLASS
  1
MENTALRAYRENDERSETTINGS
  2
AcDbMentalRayRenderSettings
  3
SCENEOE
 90
1024
 91
0
280
0
281
0
  0
CLASS
  1
ACDBDETAILVIEWSTYLE
  2
AcDbDetailViewStyle
  3
ObjectDBX Classes
 90
1025
 91
0
280
0
281
0
  0
CLASS
  1
ACDBSECTIONVIEWSTYLE
  2
AcDbSectionViewStyle
  3
ObjectDBX Classes
 90
1025
 91
0
280
0
281
0
  0
CLASS
  1
RASTERVARIABLES
  2
AcDbRasterVariables
  3
ISM
 90
0
 91
0
280
0
281
0
  0
CLASS
  1
ACDBPLACEHOLDER
  2
AcDbPlaceHolder
  3
ObjectDBX Classes
 90
0
 91
0
280
0
281
0
  0
CLASS
  1
LAYOUT
  2
AcDbLayout
  3
ObjectDBX Classes
 90
0
 91
0
280
0
281
0
  0
ENDSEC
  0
SECTION
  2
TABLES
  0
TABLE
  2
VPORT
  5
8
330
0
100
AcDbSymbolTable
 70
1
  0
VPORT
  5
23
330
8
100
AcDbSymbolTableRecord
100
AcDbViewportTableRecord
  2
*Active
 70
0
 10
0.0
 20
0.0
 11
1.0
 21
1.0
 12
0.0
 22
0.0
 13
0.0
 23
0.0
 14
0.5
 24
0.5
 15
0.5
 25
0.5
 16
0.0
 26
0.0
 36
1.0
 17
0.0
 27
0.0
 37
0.0
 40
1000.0
 41
1.34
 42
50.0
 43
0.0
 44
0.0
 50
0.0
 51
0.0
 71
0
 72
1000
 73
1
 74
3
 75
0
 76
0
 77
0
 78
0
281
0
 65
0
146
0.0
  0
ENDTAB
  0
TABLE
  2
LTYPE
  5
2
330
0
100
AcDbSymbolTable
 70
3
  0
LTYPE
  5
24
330
2
100
AcDbSymbolTableRecord
100
AcDbLinetypeTableRecord
  2
ByBlock
 70
0
  3

 72
65
 73
0
 40
0.0
  0
LTYPE
  5
25
330
2
100
AcDbSymbolTableRecord
100
AcDbLinetypeTableRecord
  2
ByLayer
 70
0
  3

 72
65
 73
0
 40
0.0
  0
LTYPE
  5
26
330
2
100
AcDbSymbolTableRecord
100
AcDbLinetypeTableRecord
  2
Continuous
 70
0
  3

 72
65
 73
0
 40
0.0
  0
ENDTAB
  0
TABLE
  2
LAYER
  5
1
330
0
100
AcDbSymbolTable
 70
2
  0
LAYER
  5
27
330
1
100
AcDbSymbolTableRecord
100
AcDbLayerTableRecord
  2
0
 70
0
 62
7
  6
Continuous
370
-3
390
13
347
21
  0
LAYER
  5
28
330
1
100
AcDbSymbolTableRecord
100
AcDbLayerTableRecord
  2
Defpoints
 70
0
 62
7
  6
Continuous
290
0
370
-3
390
13
347
21
  0
ENDTAB
  0
TABLE
  2
STYLE
  5
5
330
0
100
AcDbSymbolTable
 70
1
  0
STYLE
  5
29
330
5
100
AcDbSymbolTableRecord
100
AcDbTextStyleTableRecord
  2
Standard
 70
0
 40
0.0
 41
1.0
 50
0.0
 71
0
 42
2.5
  3
txt
  4

  0
ENDTAB
  0
TABLE
  2
VIEW
  5
7
330
0
100
AcDbSymbolTable
 70
0
  0
ENDTAB
  0
TABLE
  2
UCS
  5
6
330
0
100
AcDbSymbolTable
 70
0
  0
ENDTAB
  0
TABLE
  2
APPID
  5
3
330
0
100
AcDbSymbolTable
 70
3
  0
APPID
  5
2A
330
3
100
AcDbSymbolTableRecord
100
AcDbRegAppTableRecord
  2
ACAD
 70
0
  0
APPID
  5
6D
330
3
100
AcDbSymbolTableRecord
100
AcDbRegAppTableRecord
  2
HATCHBACKGROUNDCOLOR
 70
0
  0
APPID
  5
6E
330
3
100
AcDbSymbolTableRecord
100
AcDbRegAppTableRecord
  2
EZDXF
 70
0
  0
ENDTAB
  0
TABLE
  2
DIMSTYLE
  5
4
330
0
100
AcDbSymbolTable
 70
1
100
AcDbDimStyleTable
  0
DIMSTYLE
105
2B
330
4
100
AcDbSymbolTableRecord
100
AcDbDimStyleTableRecord
  2
Standard
 70
0
 40
1.0
 41
2.5
 42
0.625
 43
3.75
 44
1.25
 45
0.0
 46
0.0
 47
0.0
 48
0.0
 49
2.5
140
2.5
141
2.5
142
0.0
143
0.03937007874
144
1.0
145
0.0
146
1.0
147
0.625
148
0.0
 69
0
 70
0
 71
0
 72
0
 73
0
 74
0
 75
0
 76
0
 77
1
 78
8
 79
3
170
0
171
3
172
1
173
0
174
0
175
0
176
0
177
0
178
0
179
2
271
2
272
2
273
2
274
3
275
0
276
0
277
2
278
44
279
0
280
0
281
0
282
0
283
0
284
8
285
0
286
0
288
0
289
3
290
0
371
-2
372
-2
  0
ENDTAB
  0
TABLE
  2
BLOCK_RECORD
  5
9
330
0
100
AcDbSymbolTable
 70
2
  0
BLOCK_RECORD
  5
17
330
9
100
AcDbSymbolTableRecord
100
AcDbBlockTableRecord
  2
*Model_Space
340
1A
 70
0
280
1
281
0
  0
BLOCK_RECORD
  5
1B
330
9
100
AcDbSymbolTableRecord
100
AcDbBlockTableRecord
  2
*Paper_Space
340
1E
 70
0
280
1
281
0
  0
ENDTAB
  0
ENDSEC
  0
SECTION
  2
BLOCKS
  0
BLOCK
  5
18
330
17
100
AcDbEntity
  8
0
100
AcDbBlockBegin
  2
*Model_Space
 70
0
 10
0.0
 20
0.0
 30
0.0
  3
*Model_Space
  1

  0
ENDBLK
  5
19
330
17
100
AcDbEntity
  8
0
100
AcDbBlockEnd
  0
BLOCK
  5
1C
330
1B
100
AcDbEntity
  8
0
100
AcDbBlockBegin
  2
*Paper_Space
 70
0
 10
0.0
 20
0.0
 30
0.0
  3
*Paper_Space
  1

  0
ENDBLK
  5
1D
330
1B
100
AcDbEntity
  8
0
100
AcDbBlockEnd
  0
ENDSEC
  0
SECTION
  2
ENTITIES
  0
LWPOLYLINE
  5
2F
330
17
100
AcDbEntity
  8
CUT
100
AcDbPolyline
 90
1428
 70
1
 10
55.45278018007442
 20
3.5910704447454975
 10
55.04616636374352
 20
3.774266467845422
 10
54.582668819274296
 20
4.022244349256226
 10
54.071803403452016
 20
4.328020999399087
 10
53.523085973061875
 20
4.684613328695207
 10
52.9460323848891
 20
5.085038247565706
 10
52.35015849571892
 20
5.522312666431674
 10
51.74498016233657
 20
5.989453495714372
 10
51.140013241527264
 20
6.479477645834891
 10
50.54477359007625
 20
6.985402027214434
 10
49.96877706476874
 20
7.500243550274064
 10
49.421539522389956
 20
8.017019125435013
 10
48.73849696752703
 20
8.653325412642857
 10
48.05281450564786
 20
9.234032273204065
 10
47.35957830747214
 20
9.761668525811956
 10
46.65387454371956
 20
10.238762989160108
 10
45.930789385109826
 20
10.667844481941927
 10
45.185409002362604
 20
11.051441822850848
 10
44.41281956619759
 20
11.39208383058022
 10
43.6081072473345
 20
11.692299323823534
 10
42.766358216493
 20
11.954617121274197
 10
41.8826586443928
 20
12.181566041625643
 10
40.95209470175356
 20
12.375674903571337
 10
39.53795913736057
 20
12.694262136900846
 10
38.24114632016717
 20
13.097989946957739
 10
37.06531337496526
 20
13.583569040643312
 10
36.014117426546754
 20
14.147710124858946
 10
35.0912155997036
 20
14.787123906505997
 10
34.300265019227695
 20
15.49852109248576
 10
33.64492280991098
 20
16.27861238969959
 10
33.12884609654537
 20
17.124108505048724
 10
32.75569200392279
 20
18.031720145434576
 10
32.52911765683517
 20
18.99815801775847
 10
32.45278018007442
 20
20.020132828921703
 10
32.41341809444322
 20
21.03922184205362
 10
32.2913152885265
 20
22.02447467781238
 10
32.080446938789535
 20
22.987193331974055
 10
31.774788221697598
 20
23.938679800315015
 10
31.368314313715985
 20
24.89023607861131
 10
30.85500039130995
 20
25.853164162639246
 10
30.228821630944786
 20
26.83876604817499
 10
29.48375320908577
 20
27.858343730994676
 10
28.613770302198184
 20
28.92319920687453
 10
27.6128480867473
 20
30.04463447159077
 10
26.4749617391984
 20
31.23395152091959
 10
25.471435124167023
 20
32.261381019264405
 10
24.647235390869163
 20
33.136893437031034
 10
23.98892983032954
 20
33.894147652704305
 10
23.48308573357285
 20
34.56680254476919
 10
23.1162703916238
 20
35.18851699171057
 10
22.875051095507104
 20
35.792949872013395
 10
22.745995136247473
 20
36.41376006416249
 10
22.715669804869627
 20
37.084606446642766
 10
22.77064239239826
 20
37.839147897939085
 10
22.897480189858094
 20
38.71104329653642
 10
23.08275048827383
 20
39.73395152091959
 10
23.305505612188306
 20
40.99787406526397
 10
23.48162376536486
 20
42.208301277103544
 10
23.610821665728885
 20
43.39229764063367
 10
23.692816031205723
 20
44.57692764005003
 10
23.72732357972076
 20
45.78925575954804
 10
23.714061029199364
 20
47.05634648332324
 10
23.65274509756688
 20
48.40526429557113
 10
23.5430925027487
 20
49.86307368048716
 10
23.384819962670186
 20
51.4568391222669
 10
23.17764419525669
 20
53.21362510510579
 10
22.9212819184336
 20
55.16049611319943
 10
22.779359043734964
 20
56.28006613519486
 10
22.682070427810977
 20
57.27228899433155
 10
22.63287873787001
 20
58.15774225008758
 10
22.63524664112036
 20
58.957003461941156
 10
22.692636804770366
 20
59.69065018937033
 10
22.80851189602837
 20
60.37925999185333
 10
22.986334582102707
 20
61.04341042886824
 10
23.229567530201713
 20
61.70367905989315
 10
23.54167340753372
 20
62.38064344440622
 10
23.926114881307058
 20
63.094881141885566
 10
24.38635461873006
 20
63.86696971180933
 10
25.40264020879672
 20
65.35736871376386
 10
26.633907579437448
 20
66.9000753326778
 10
28.056259017119856
 20
68.4750688144953
 10
29.645796808311566
 20
70.06232840516057
 10
31.378623239480184
 20
71.64183335061782
 10
33.23084059709333
 20
73.19356289681127
 10
35.178551167618615
 20
74.69749628968512
 10
37.19785723752367
 20
76.13361277518348
 10
39.2648610932761
 20
77.48189159925062
 10
41.35566502134353
 20
78.72231200783074
 10
43.446371308193555
 20
79.83485324686797
 10
50.2992111015585
 20
83.26318909277336
 10
44.62599564081646
 20
83.92398882254031
 10
42.138349970635616
 20
84.25424952617601
 10
39.84164402715369
 20
84.64676630369289
 10
37.71858293019317
 20
85.10877709333784
 10
35.75187179957646
 20
85.64751983335773
 10
33.924215755126035
 20
86.27023246199943
 10
32.2183199166643
 20
86.98415291750973
 10
30.616889404013726
 20
87.79651913813558
 10
29.102629336996763
 20
88.71456906212376
 10
27.658244835435845
 20
89.7455406277212
 10
26.26644101915341
 20
90.89667177317466
 10
24.90992300797192
 20
92.17520043673107
 10
22.729024128899837
 20
94.45348990044542
 10
20.85873075589494
 20
96.65256097882485
 10
19.271557421076352
 20
98.85480806692155
 10
17.940018656563208
 20
101.14262555978783
 10
16.83662899447465
 20
103.59840785247587
 10
15.933902966929807
 20
106.30454934003795
 10
15.204355106047828
 20
109.34344441752626
 10
14.62049994394783
 20
112.79748747999301
 10
14.154852012748968
 20
116.74907292249048
 10
13.779925844570364
 20
121.28059514007086
 10
13.468235971531165
 20
126.47444852778642
 10
13.267101378695624
 20
130.2037396055253
 10
13.070750500763957
 20
133.3757476917021
 10
12.857394092272063
 20
136.10640225710944
 10
12.605242907755827
 20
138.51163277254003
 10
12.292507701751127
 20
140.70736870878648
 10
11.897399228793855
 20
142.8095395366414
 10
11.398128243419904
 20
144.93407472689753
 10
10.772905500165166
 20
147.19690375034742
 10
9.999941753565516
 20
149.7139560777838
 10
9.057447758156854
 20
152.60116117999922
 10
7.9236342684750625
 20
155.97444852778642
 10
6.858049310781567
 20
159.15440434411636
 10
5.9584298416730626
 20
161.9253658405086
 10
5.208716475537592
 20
164.36464613767703
 10
4.592849826763214
 20
166.5495583563357
 10
4.094770509737982
 20
168.55741561719842
 10
3.6984191388499497
 20
170.46553104097916
 10
3.3877363284871684
 20
172.3512177483919
 10
3.146662693037694
 20
174.29178886015046
 10
2.95913884688958
 20
176.36455749696884
 10
2.8091054044308805
 20
178.64683677956094
 10
2.6805029800496456
 20
181.21593982864073
 10
2.585972430710445
 20
183.53182483839035
 10
2.525096502422798
 20
185.58130476502296
 10
2.5
 20
187.39272836286696
 10
2.512807728255339
 20
188.99444438625082
 10
2.5656444920021073
 20
190.41480158950293
 10
2.660635096053598
 20
191.68214872695174
 10
2.7999043452231067
 20
192.82483455292564
 10
2.9855770443239233
 20
193.87120782175305
 10
3.219777998169345
 20
194.84961728776244
 10
3.50463201157266
 20
195.7884117052822
 10
3.842263889347162
 20
196.71593982864073
 10
4.813057918436691
 20
198.99551016852428
 10
5.838466649070572
 20
200.99014823449085
 10
6.939099048698559
 20
202.71401855018945
 10
8.13556408477039
 20
204.1812856392691
 10
9.448470724735824
 20
205.4061140253788
 10
10.898427936044595
 20
206.4026682321675
 10
12.50604468614646
 20
207.1851127832843
 10
14.29192994249117
 20
207.7676122023781
 10
16.276692672528466
 20
208.16433101309792
 10
18.480941843708102
 20
208.3894337390928
 10
20.925286423479818
 20
208.45708490401168
 10
23.923349080362684
 20
208.39212262478375
 10
26.80729373885628
 20
208.2048471628205
 10
29.61777135940949
 20
207.8839292367629
 10
32.39543290247121
 20
207.418039565252
 10
35.18092932849033
 20
206.7958488669288
 10
38.01491159791573
 20
206.0060278604343
 10
40.93803067119632
 20
205.03724726440947
 10
43.990937508781016
 20
203.8781777974954
 10
47.21428307111868
 20
202.51749017833305
 10
50.64871831865821
 20
200.94385512556343
 10
54.3348942118485
 20
199.14594335782755
 10
60.31223049415137
 20
196.0692472602461
 10
65.83596645173654
 20
193.03421768219448
 10
70.97430172358978
 20
189.98811703777818
 10
75.79543594869693
 20
186.8782077411027
 10
80.36756876604375
 20
183.6517522062735
 10
84.75889981461606
 20
180.2560128473961
 10
89.03762873339969
 20
176.63825207857602
 10
93.27195516138042
 20
172.74573231391867
 10
97.53007873754407
 20
168.52571596752955
 10
101.88019910087644
 20
163.92546545351416
 10
106.3905158903633
 20
158.89224318597803
 10
107.94166552919344
 20
157.12148733794785
 10
109.45145229406194
 20
155.39861631844616
 10
110.90136402716587
 20
153.7447173181701
 10
112.27288857070232
 20
152.18087752781682
 10
113.54751376686832
 20
150.72818413808346
 10
114.70672745786098
 20
149.4077243396672
 10
115.73201748587735
 20
148.24058532326515
 10
116.60487169311452
 20
147.24785427957445
 10
117.3067779217696
 20
146.45061839929224
 10
117.81922401403963
 20
145.8699648731157
 10
118.12369781212166
 20
145.5269808917419
 10
118.40705565801912
 20
145.22873964401973
 10
118.6595987170794
 20
145.00912208318684
 10
118.88736771178316
 20
144.87256129567407
 10
119.09640336461072
 20
144.82349036791226
 10
119.29274639804268
 20
144.86634238633218
 10
119.48243753455944
 20
145.0055504373646
 10
119.67151749664151
 20
145.24554760744041
 10
119.8660270067694
 20
145.59076698299037
 10
120.07200678742359
 20
146.0456416504453
 10
120.29549756108455
 20
146.61460469623597
 10
120.54254005023276
 20
147.3020892067932
 10
120.79900559846132
 20
147.89347599555845
 10
121.22141203837222
 20
148.68619306210735
 10
121.79480227479209
 20
149.65823463481274
 10
122.5042192125475
 20
150.78759494204763
 10
123.33470575646501
 20
152.0522682121848
 10
124.27130481137127
 20
153.43024867359716
 10
125.29905928209283
 20
154.89953055465762
 10
126.4030120734563
 20
156.438108083739
 10
127.56820609028827
 20
158.02397548921422
 10
128.77968423741532
 20
159.63512699945616
 10
130.02248941966405
 20
161.2495568428377
 10
131.33243987155322
 20
162.9740898938876
 10
132.73887083605015
 20
164.9049203726011
 10
134.2171007306542
 20
167.00409652555084
 10
135.74244797286465
 20
169.23366659930946
 10
137.29023098018092
 20
171.55567884044956
 10
138.8357681701023
 20
173.93218149554383
 10
140.35437796012823
 20
176.3252228111649
 10
141.82137876775803
 20
178.69685103388542
 10
143.21208901049104
 20
181.00911441027802
 10
144.50182710582658
 20
183.22406118691532
 10
145.66591147126405
 20
185.30373961036995
 10
147.8149281190433
 20
189.16242834271986
 10
149.875008455121
 20
192.71014345403486
 10
151.8575104691463
 20
195.96223801132723
 10
153.7737921507683
 20
198.93406508160922
 10
155.63521148963613
 20
201.6409777318931
 10
157.45312647539893
 20
204.09832902919106
 10
159.23889509770586
 20
206.32147204051546
 10
161.00387534620606
 20
208.32575983287853
 10
162.75942521054864
 20
210.12654547329248
 10
164.51690268038277
 20
211.7391820287696
 10
166.28766574535754
 20
213.17902256632215
 10
169.3158820815406
 20
215.15833364979235
 10
172.05068232009123
 20
216.251673360702
 10
174.49296860102052
 20
216.45762559205485
 10
176.64364306433953
 20
215.77477423685468
 10
178.5036078500593
 20
214.20170318810517
 10
180.07376509819093
 20
211.73699633881012
 10
181.35501694874543
 20
208.3792375819732
 10
182.34826554173398
 20
204.12701081059825
 10
183.0544130171675
 20
198.97889991768892
 10
183.4743615150572
 20
192.93348879624904
 10
183.60901317541405
 20
185.9893613392823
 10
183.5739855823894
 20
181.25918342493844
 10
183.46054261503488
 20
177.00148381161037
 10
183.24047322974084
 20
173.05986580674426
 10
182.88556638289774
 20
169.2779327177863
 10
182.36761103089592
 20
165.49928785218276
 10
181.6583961301258
 20
161.56753451737976
 10
180.72971063697779
 20
157.3262760208235
 10
179.55334350784224
 20
152.6191156699602
 10
178.1010836991096
 20
147.28965677223607
 10
176.34472016717027
 20
141.18150263509727
 10
174.25604186841466
 20
134.13825656599002
 10
173.3877584601113
 20
131.21276071331607
 10
172.662039780448
 20
128.70443184865485
 10
172.07274065002986
 20
126.58007895994325
 10
171.6137158894619
 20
124.80651103511819
 10
171.27882031934928
 20
123.35053706211654
 10
171.0619087602971
 20
122.17896602887518
 10
170.95683603291042
 20
121.25860692333104
 10
170.95745695779445
 20
120.55626873342095
 10
171.0576263555542
 20
120.03876044708184
 10
171.2511990467948
 20
119.67289105225058
 10
171.53202985212138
 20
119.42546953686409
 10
171.81144158936286
 20
119.2783019120437
 10
172.07292340802056
 20
119.19615763039948
 10
172.31927652889678
 20
119.1816635314278
 10
172.55330217279376
 20
119.23744645462513
 10
172.77780156051386
 20
119.36613323948785
 10
172.99557591285932
 20
119.57035072551237
 10
173.2094264506325
 20
119.85272575219507
 10
173.42215439463564
 20
120.21588515903238
 10
173.63656096567112
 20
120.66245578552073
 10
173.85544738454118
 20
121.19506447115648
 10
174.08161487204814
 20
121.81633805543608
 10
175.17931304367625
 20
124.62400722068553
 10
176.50357147390037
 20
127.39642189379657
 10
178.022563925262
 20
130.09603557108431
 10
179.70446416030245
 20
132.685301748864
 10
181.51744594156312
 20
135.1266739234507
 10
183.42968303158554
 20
137.3826055911596
 10
185.409349192911
 20
139.41555024830586
 10
187.4246181880811
 20
141.18796139120457
 10
189.4436637796371
 20
142.6622925161709
 10
191.43465973012044
 20
143.80099711952005
 10
193.36577980207258
 20
144.5665286975671
 10
196.1814572612236
 20
145.03542249015987
 10
198.79656844079256
 20
144.78772584022556
 10
201.14203262256234
 20
143.9421037556907
 10
203.14876908831562
 20
142.61722124448204
 10
204.74769711983527
 20
140.9317433145261
 10
205.86973599890402
 20
139.00433497374956
 10
206.4458050073047
 20
136.95366123007906
 10
206.4068234268201
 20
134.89838709144118
 10
205.68371053923303
 20
132.9571775657626
 10
204.20738562632627
 20
131.2486976609699
 10
201.90876796988258
 20
129.8916123849897
 10
200.83607901993477
 20
129.49467009267477
 10
199.7860874310726
 20
129.2084309281386
 10
198.76212841848752
 20
129.0323504745374
 10
197.76753719737093
 20
128.96588431502732
 10
196.8056489829143
 20
129.00848803276463
 10
195.87979899030898
 20
129.15961721090554
 10
194.99332243474652
 20
129.4187274326062
 10
194.14955453141826
 20
129.78527428102282
 10
193.35183049551566
 20
130.25871333931164
 10
192.6034855422302
 20
130.83850019062882
 10
191.90785488675323
 20
131.5240904181306
 10
191.12232987869535
 20
132.6764313595226
 10
190.7347517914024
 20
133.88502481880465
 10
190.69760624192477
 20
135.0933052384511
 10
190.9633788473129
 20
136.24470706093643
 10
191.4845552246173
 20
137.28266472873497
 10
192.21362099088853
 20
138.1506126843211
 10
193.10306176317698
 20
138.79198537016924
 10
194.10536315853318
 20
139.15021722875372
 10
195.17301079400758
 20
139.16874270254897
 10
196.2584902866507
 20
138.79099623402936
 10
197.31428725351302
 20
137.96041226566928
 10
197.692477875398
 20
137.56097485164423
 10
197.99236333060492
 20
137.23598096887486
 10
198.2126416812739
 20
136.98277310921952
 10
198.35201098954497
 20
136.79869376453664
 10
198.40916931755834
 20
136.68108542668455
 10
198.38281472745416
 20
136.6272905875216
 10
198.27164528137254
 20
136.63465173890614
 10
198.0743590414536
 20
136.70051137269655
 10
197.78965406983752
 20
136.8222119807512
 10
197.41622842866443
 20
136.99709605492848
 10
196.95278018007443
 20
137.22250608708666
 10
196.22942285769068
 20
137.5361333821082
 10
195.55854462359787
 20
137.74336899790933
 10
194.94360354258527
 20
137.84585082066724
 10
194.38805767944197
 20
137.84521673655928
 10
193.89536509895726
 20
137.74310463176278
 10
193.4689838659203
 20
137.54115239245505
 10
193.1123720451203
 20
137.24099790481336
 10
192.82898770134656
 20
136.84427905501502
 10
192.62228889938817
 20
136.3526337292373
 10
192.4957337040344
 20
135.76769981365757
 10
192.45278018007443
 20
135.09111519445307
 10
192.49876258550438
 20
134.28556687576662
 10
192.63691988045193
 20
133.55796438374577
 10
192.86756718290357
 20
132.90804919943457
 10
193.19101961084576
 20
132.33556280387722
 10
193.60759228226502
 20
131.84024667811775
 10
194.11760031514774
 20
131.42184230320026
 10
194.7213588274805
 20
131.0800911601689
 10
195.41918293724976
 20
130.81473473006773
 10
196.211387762442
 20
130.62551449394084
 10
197.09828842104375
 20
130.51217193283236
 10
198.08020003104141
 20
130.47444852778642
 10
199.2959242594379
 20
130.56935273733768
 10
200.42023318897117
 20
130.84277717195044
 10
201.4401186425781
 20
131.27778954056316
 10
202.3425724431956
 20
131.85745755211437
 10
203.1145864137605
 20
132.56484891554254
 10
203.7431523772097
 20
133.3830313397861
 10
204.21526215648007
 20
134.2950725337836
 10
204.5179075745086
 20
135.28404020647352
 10
204.6380804542321
 20
136.33300206679428
 10
204.56277261858745
 20
137.42502582368445
 10
204.2789758905116
 20
138.5431791860824
 10
203.91450048548774
 20
139.45948341304648
 10
203.4932094241818
 20
140.27130270040382
 10
203.0091291729045
 20
140.98226489375116
 10
202.45628619796642
 20
141.59599783868532
 10
201.82870696567815
 20
142.1161293808031
 10
201.12041794235037
 20
142.54628736570132
 10
200.3254455942937
 20
142.89009963897672
 10
199.43781638781886
 20
143.15119404622615
 10
198.45155678923638
 20
143.33319843304636
 10
197.36069326485693
 20
143.4397406450342
 10
196.15925228099118
 20
143.4744485277864
 10
194.4826067974142
 20
143.2733077351871
 10
192.69618480444197
 20
142.69009333353173
 10
190.8319350795595
 20
141.75511728703412
 10
188.9218064002517
 20
140.49869155990814
 10
186.99774754400354
 20
138.95112811636756
 10
185.09170728830014
 20
137.14273892062627
 10
183.23563441062637
 20
135.10383593689807
 10
181.4614776884673
 20
132.86473112939677
 10
179.8011858993079
 20
130.45573646233623
 10
178.28670782063315
 20
127.90716389993028
 10
176.94999222992803
 20
125.24932540639274
 10
176.0095229694364
 20
123.13648627028985
 10
175.23245836036298
 20
121.25796325582517
 10
174.61729875318125
 20
119.60232174489067
 10
174.16254449836433
 20
118.15812711937832
 10
173.86669594638562
 20
116.91394476118009
 10
173.72825344771852
 20
115.85834005218796
 10
173.7457173528363
 20
114.97987837429386
 10
173.91758801221238
 20
114.26712510938982
 10
174.24236577632004
 20
113.70864563936776
 10
174.71855099563265
 20
113.29300534611968
 10
175.34464402062352
 20
113.00876961153755
 10
176.0726577673467
 20
112.64908833141867
 10
176.85381002923052
 20
112.03054149569422
 10
177.6711339452073
 20
111.18137018652091
 10
178.5076626542094
 20
110.12981548605555
 10
179.34642929516932
 20
108.90411847645485
 10
180.17046700701934
 20
107.53252023987555
 10
180.96280892869189
 20
106.04326185847444
 10
181.70648819911943
 20
104.46458441440822
 10
182.38453795723424
 20
102.82472898983363
 10
182.97999134196883
 20
101.15193666690746
 10
183.47588149225552
 20
99.47444852778642
 10
183.66585144782107
 20
98.78228931488226
 10
183.877076939921
 20
98.0633931926507
 10
184.10547849288136
 20
97.3291324358133
 10
184.3469766310279
 20
96.59087931909173
 10
184.59749187868658
 20
95.8600061172074
 10
184.8529447601833
 20
95.14788510488188
 10
185.109255799844
 20
94.4658885568368
 10
185.36234552199457
 20
93.82538874779362
 10
185.60813445096088
 20
93.23775795247394
 10
185.84254311106892
 20
92.71436844559923
 10
186.06149202664452
 20
92.26659250189115
 10
186.64493130535828
 20
91.00170048032868
 10
187.12888583745166
 20
89.66888617382935
 10
187.51238299215916
 20
88.28629269133987
 10
187.79445013871535
 20
86.87206314180682
 10
187.97411464635465
 20
85.44434063417683
 10
188.05040388431166
 20
84.02126827739653
 10
188.02234522182087
 20
82.6209891804125
 10
187.8889660281168
 20
81.2616464521713
 10
187.64929367243403
 20
79.96138320161964
 10
187.30235552400697
 20
78.73834253770406
 10
186.8471789520702
 20
77.61066756937123
 10
185.61719924421388
 20
75.36672900216757
 10
184.11489238470372
 20
73.2212168073128
 10
182.3651878969058
 20
71.1909821368267
 10
180.39301530418604
 20
69.29287614272911
 10
178.2233041299103
 20
67.54374997703962
 10
175.88098389744457
 20
65.96045479177803
 10
173.3909841301548
 20
64.55984173896408
 10
170.77823435140698
 20
63.35876197061748
 10
168.06766408456699
 20
62.37406663875794
 10
165.28420285300083
 20
61.6226068954052
 10
162.45278018007443
 20
61.12123389257903
 10
161.54857427200164
 20
61.01131069930207
 10
160.86725527830419
 20
60.94841838208191
 10
160.4165158031298
 20
60.93713935100084
 10
160.20404845062632
 20
60.98205601614126
 10
160.2375458249415
 20
61.087750787585435
 10
160.52470053022316
 20
61.25880607541572
 10
161.07320517061902
 20
61.499804289714376
 10
161.890752350277
 20
61.8153278405637
 10
162.98503467334487
 20
62.20995913804606
 10
164.36374474397036
 20
62.68828059224373
 10
166.03457516630132
 20
63.254874613239025
 10
168.40916304691254
 20
64.10323258092396
 10
170.6313419466099
 20
64.99729320050426
 10
172.69386886506928
 20
65.93221952886395
 10
174.58950080196658
 20
66.90317462288692
 10
176.31099475697778
 20
67.90532153945716
 10
177.85110772977882
 20
68.93382333545861
 10
179.20259672004565
 20
69.98384306777518
 10
180.35821872745424
 20
71.05054379329087
 10
181.3107307516805
 20
72.12908856888961
 10
182.05288979240035
 20
73.21464045145532
 10
182.57745284928973
 20
74.302362497872
 10
182.73549189891568
 20
74.69647606211595
 10
182.90738728929398
 20
75.0859950071177
 10
183.09000870185346
 20
75.46580854610434
 10
183.28022581802279
 20
75.83080589230298
 10
183.47490831923076
 20
76.17587625894072
 10
183.67092588690613
 20
76.49590885924462
 10
183.86514820247763
 20
76.7857929064418
 10
184.0544449473741
 20
77.04041761375927
 10
184.2356858030242
 20
77.25467219442419
 10
184.4057404508568
 20
77.42344586166362
 10
184.56147857230053
 20
77.54162782870463
 10
184.70950525643212
 20
77.69458753549776
 10
184.8571701448965
 20
77.96433657125891
 10
185.00245974797443
 20
78.34072737311294
 10
185.1433605759467
 20
78.81361237818507
 10
185.27785913909423
 20
79.37284402360032
 10
185.40394194769786
 20
80.00827474648372
 10
185.51959551203848
 20
80.70975698396038
 10
185.6228063423969
 20
81.46714317315528
 10
185.71156094905402
 20
82.27028575119351
 10
185.78384584229062
 20
83.10903715520013
 10
185.8376475323876
 20
83.9732498223002
 10
185.88620408184048
 20
85.15272640839663
 10
185.90451476077206
 20
86.19807446765415
 10
185.8900538938863
 20
87.12181094032002
 10
185.8402958058872
 20
87.93645276664134
 10
185.75271482147872
 20
88.65451688686534
 10
185.62478526536492
 20
89.2885202412391
 10
185.45398146224974
 20
89.85097977000976
 10
185.2377777368373
 20
90.35441241342454
 10
184.9736484138315
 20
90.81133511173056
 10
184.65906781793635
 20
91.23426480517497
 10
184.2915102738559
 20
91.63571843400496
 10
184.02074310752892
 20
91.92231409859914
 10
183.76199468787055
 20
92.22701974426096
 10
183.51816609166286
 20
92.544641891011
 10
183.29215839568795
 20
92.86998705886992
 10
183.0868726767278
 20
93.19786176785823
 10
182.90521001156458
 20
93.52307253799663
 10
182.7500714769803
 20
93.84042588930572
 10
182.62435814975711
 20
94.144728341806
 10
182.53097110667701
 20
94.43078641551818
 10
182.47281142452206
 20
94.69340663046282
 10
182.45278018007443
 20
94.92739550666053
 10
182.40207767986
 20
95.52832618036803
 10
182.26005656679072
 20
96.22446829778846
 10
182.0418464222275
 20
96.98370177532257
 10
181.76257682753138
 20
97.7739065293712
 10
181.43737736406308
 20
98.5629624763352
 10
181.08137761318375
 20
99.31874953261533
 10
180.7097071562542
 20
100.00914761461243
 10
180.33749557463548
 20
100.60203663872727
 10
179.9798724496885
 20
101.06529652136066
 10
179.65196736277412
 20
101.36680717891346
 10
179.36890989525332
 20
101.47444852778642
 10
179.27081684086465
 20
101.4444898501005
 10
179.2048171398301
 20
101.35750637902609
 10
179.17005187545465
 20
101.21783695753851
 10
179.16566213104304
 20
101.02982042861285
 10
179.19078898990034
 20
100.79779563522442
 10
179.2445735353313
 20
100.5261014203484
 10
179.3261568506409
 20
100.21907662695997
 10
179.4346800191341
 20
99.88106009803437
 10
179.56928412411574
 20
99.51639067654673
 10
179.72911024889072
 20
99.12940720547238
 10
179.91329947676397
 20
98.72444852778642
 10
180.50261968283593
 20
97.4245447033681
 10
180.99101390193246
 20
96.21544804925063
 10
181.37870854689882
 20
95.09489720327755
 10
181.66593003057983
 20
94.06063080329247
 10
181.85290476582068
 20
93.11038748713878
 10
181.93985916546643
 20
92.2419058926601
 10
181.92701964236213
 20
91.45292465769998
 10
181.81461260935285
 20
90.74118242010186
 10
181.60286447928368
 20
90.1044178177093
 10
181.29200166499973
 20
89.54036948836591
 10
180.882250579346
 20
89.0467760699151
 10
180.3408695485082
 20
88.5319520478483
 10
179.84704630527955
 20
88.12703404942826
 10
179.38835053310768
 20
87.83344308584671
 10
178.95235191544023
 20
87.65260016829575
 10
178.5266201357248
 20
87.58592630796727
 10
178.09872487740913
 20
87.63484251605328
 10
177.65623582394076
 20
87.80076980374574
 10
177.18672265876742
 20
88.08512918223653
 10
176.67775506533675
 20
88.4893416627176
 10
176.1169027270964
 20
89.01482825638098
 10
175.49173532749396
 20
89.66300997441857
 10
174.78111969343362
 20
90.59529509233371
 10
174.2147656548681
 20
91.68451086529069
 10
173.79242006976813
 20
92.89000864853222
 10
173.5138297961043
 20
94.17113979730118
 10
173.3787416918473
 20
95.48725566684027
 10
173.38690261496788
 20
96.79770761239234
 10
173.53805942343664
 20
98.0618469892002
 10
173.83195897522435
 20
99.23902515250654
 10
174.26834812830165
 20
100.28859345755421
 10
174.8469737406392
 20
101.169903259586
 10
175.56758267020774
 20
101.84230591384465
 10
175.89409405409893
 20
102.05464289812261
 10
176.2355060162081
 20
102.24627530486586
 10
176.58629639274872
 20
102.41570471044912
 10
176.94094301993408
 20
102.56143269124695
 10
177.29392373397755
 20
102.681960823634
 10
177.6397163710925
 20
102.7757906839849
 10
177.9727987674923
 20
102.84142384867428
 10
178.28764875939035
 20
102.87736189407678
 10
178.57874418300005
 20
102.88210639656697
 10
178.84056287453473
 20
102.85415893251951
 10
179.06758267020777
 20
102.792021078309
 10
179.2715636709094
 20
102.7268484800345
 10
179.46649041290638
 20
102.6900897935667
 10
179.650177385477
 20
102.68068610993768
 10
179.82043907789938
 20
102.69757852017975
 10
179.97508997945172
 20
102.73970811532499
 10
180.1119445794123
 20
102.80601598640564
 10
180.22881736705918
 20
102.8954432244538
 10
180.32352283167063
 20
103.0069309205017
 10
180.39387546252487
 20
103.1394201655815
 10
180.4376897489001
 20
103.29185205072531
 10
180.45278018007443
 20
103.4631676669654
 10
180.3627271151068
 20
104.26636068356552
 10
180.10072334014467
 20
105.12682238226822
 10
179.67900198509898
 20
106.03051996898056
 10
179.10979617988062
 20
106.96342064960962
 10
178.40533905440057
 20
107.91149163006244
 10
177.57786373856973
 20
108.8607001162461
 10
176.639603362299
 20
109.79701331406764
 10
175.6027910554994
 20
110.70639842943409
 10
174.47965994808183
 20
111.57482266825254
 10
173.28244316995725
 20
112.38825323643003
 10
172.02337385103655
 20
113.13265733987363
 10
171.13352139062727
 20
113.63091087948011
 10
170.36403326145245
 20
114.08389336284951
 10
169.7139867070009
 20
114.49247586309161
 10
169.1824589707614
 20
114.8575294533162
 10
168.76852729622252
 20
115.17992520663309
 10
168.47126892687317
 20
115.46053419615198
 10
168.28976110620204
 20
115.70022749498271
 10
168.22308107769783
 20
115.89987617623501
 10
168.27030608484935
 20
116.06035131301869
 10
168.43051337114528
 20
116.18252397844347
 10
168.70278018007443
 20
116.2672652456192
 10
168.96048115678363
 20
116.32946494127407
 10
169.20674336564917
 20
116.40856765578745
 10
169.43880572477767
 20
116.5025530543469
 10
169.65390715227582
 20
116.60940080214016
 10
169.84928656625027
 20
116.72709056435473
 10
170.02218288480773
 20
116.85360200617826
 10
170.1698350260549
 20
116.98691479279837
 10
170.28948190809848
 20
117.12500858940263
 10
170.37836244904514
 20
117.26586306117869
 10
170.43371556700157
 20
117.40745787331412
 10
170.45278018007443
 20
117.54777269099657
 10
170.32898267734166
 20
117.85382437007588
 10
169.97876672841687
 20
118.09569788276455
 10
169.43389717221018
 20
118.27376855126478
 10
168.72613884763157
 20
118.38841169777882
 10
167.88725659359125
 20
118.4400026445089
 10
166.9490152489993
 20
118.42891671365723
 10
165.94317965276585
 20
118.35552922742608
 10
164.90151464380097
 20
118.22021550801759
 10
163.8557850610148
 20
118.02335087763407
 10
162.8377557433175
 20
117.76531065847769
 10
161.87919152961908
 20
117.44647017275071
 10
161.04109939193353
 20
117.15206393251756
 10
160.32363865767027
 20
116.95080375310165
 10
159.72841765582433
 20
116.84151677682729
 10
159.25704471539075
 20
116.82303014601887
 10
158.91112816536454
 20
116.89417100300075
 10
158.69227633474085
 20
117.05376649009723
 10
158.60209755251464
 20
117.30064374963271
 10
158.642200147681
 20
117.63362992393152
 10
158.814192449235
 20
118.051552155318
 10
159.1196827861717
 20
118.55323758611652
 10
159.5602794874861
 20
119.13751335865143
 10
159.86729872024506
 20
119.52001916134546
 10
160.1074906178901
 20
119.83415424581676
 10
160.27898119595773
 20
120.08272793348422
 10
160.37989646998415
 20
120.26854954576672
 10
160.40836245550585
 20
120.39442840408313
 10
160.3625051680592
 20
120.4631738298524
 10
160.24045062318055
 20
120.47759514449334
 10
160.04032483640637
 20
120.44050166942482
 10
159.76025382327305
 20
120.35470272606577
 10
159.39836359931695
 20
120.22300763583502
 10
158.95278018007443
 20
120.0482257201515
 10
158.63920016504815
 20
119.92483712268348
 10
158.30240452267392
 20
119.79624811086113
 10
157.94830985700906
 20
119.6645158676706
 10
157.5828327721105
 20
119.53169757609825
 10
157.21188987203536
 20
119.39985041913032
 10
156.84139776084078
 20
119.27103157975301
 10
156.4772730425838
 20
119.14729824095264
 10
156.1254323213216
 20
119.03070758571539
 10
155.79179220111124
 20
118.92331679702757
 10
155.48226928600982
 20
118.82718305787542
 10
155.20278018007443
 20
118.74436355124519
 10
154.94507920336517
 20
118.65301743216686
 10
154.69881699449965
 20
118.53212711480326
 10
154.46675463537122
 20
118.38498467084005
 10
154.25165320787303
 20
118.21488217196287
 10
154.0562737938986
 20
118.02511168985738
 10
153.88337747534115
 20
117.8189652962092
 10
153.73572533409396
 20
117.59973506270396
 10
153.6160784520504
 20
117.37071306102732
 10
153.52719791110374
 20
117.13519136286486
 10
153.4718447931473
 20
116.89646203990226
 10
153.45278018007443
 20
116.65781716382517
 10
153.44521827027947
 20
116.36818621294404
 10
153.4219080493258
 20
116.1289844268611
 10
153.3819127798601
 20
115.93980494220983
 10
153.32429572452898
 20
115.80024089562372
 10
153.24812014597921
 20
115.70988542373627
 10
153.15244930685745
 20
115.66833166318094
 10
153.03634646981038
 20
115.6751727505912
 10
152.89887489748472
 20
115.73000182260057
 10
152.73909785252712
 20
115.8324120158425
 10
152.5560785975843
 20
115.98199646695046
 10
152.3488803953029
 20
116.17834831255797
 10
152.10985558048793
 20
116.37481753434842
 10
151.82872812398193
 20
116.52476380738136
 10
151.50061874248777
 20
116.62779480835462
 10
151.12064815270824
 20
116.6835182139661
 10
150.68393707134624
 20
116.6915417009135
 10
150.18560621510463
 20
116.65147294589471
 10
149.6207763006863
 20
116.56291962560756
 10
148.98456804479406
 20
116.42548941674981
 10
148.27210216413087
 20
116.23878999601932
 10
147.47849937539954
 20
116.0024290401139
 10
146.5988803953029
 20
115.71601422573136
 10
144.87355057060972
 20
115.11023516135333
 10
143.35577043101142
 20
114.51768425176503
 10
142.0173226906542
 20
113.91621556934838
 10
140.8299900636843
 20
113.28368318648525
 10
139.765555264248
 20
112.59794117555747
 10
138.79580100649147
 20
111.83684360894698
 10
137.892510004561
 20
110.9782445590356
 10
137.02746497260284
 20
109.9999980982052
 10
136.17244862476323
 20
108.87995829883768
 10
135.29924367518836
 20
107.59597923331488
 10
134.37963283802452
 20
106.1259149740187
 10
133.89624147204822
 20
105.34849949415359
 10
133.38864787056494
 20
104.56892884330458
 10
132.86517495384592
 20
103.79805680378675
 10
132.3341456421625
 20
103.04673715791523
 10
131.8038828557859
 20
102.32582368800502
 10
131.28270951498752
 20
101.64617017637119
 10
130.77894854003858
 20
101.01863040532885
 10
130.3009228512105
 20
100.454058157193
 10
129.8569553687745
 20
99.96330721427873
 10
129.4553690130019
 20
99.5572313589011
 10
129.104486704164
 20
99.24668437337522
 10
128.74563739840895
 20
98.94888092521325
 10
128.44480674599492
 20
98.67841103051498
 10
128.20205291339215
 20
98.43541100739711
 10
128.0174340670706
 20
98.22001717397666
 10
127.89100837350048
 20
98.0323658483704
 10
127.82283399915192
 20
97.87259334869523
 10
127.812969110495
 20
97.74083599306798
 10
127.86147187399988
 20
97.63723009960549
 10
127.96840045613666
 20
97.5619119864246
 10
128.13381302337552
 20
97.51501797164224
 10
128.3577677421865
 20
97.49668437337522
 10
128.62066383131454
 20
97.47999015525704
 10
128.82490659941277
 20
97.4373918943609
 10
128.96994785143275
 20
97.36625038536096
 10
129.0552393923261
 20
97.26392642293135
 10
129.08023302704433
 20
97.12778080174627
 10
129.0443805605391
 20
96.95517431647983
 10
128.94713379776195
 20
96.74346776180619
 10
128.78794454366457
 20
96.49002193239946
 10
128.56626460319848
 20
96.1921976229338
 10
128.28154578131532
 20
95.84735562808339
 10
127.9332398829666
 20
95.45285674252233
 10
127.66141639078472
 20
95.1308853608353
 10
127.39695790361563
 20
94.77591907441882
 10
127.14310046592448
 20
94.39466336787092
 10
126.90308012217648
 20
93.99382372578964
 10
126.68013291683695
 20
93.58010563277304
 10
126.47749489437106
 20
93.16021457341915
 10
126.29840209924407
 20
92.74085603232609
 10
126.14609057592125
 20
92.3287354940918
 10
126.02379636886772
 20
91.9305584433144
 10
125.93475552254884
 20
91.55303036459188
 10
125.88220408142979
 20
91.20285674252233
 10
125.84173342040353
 20
90.85019482660331
 10
125.78776849421618
 20
90.4654421153937
 10
125.72179571711271
 20
90.05566446708343
 10
125.64530150333789
 20
89.62792773986274
 10
125.55977226713665
 20
89.18929779192149
 10
125.46669442275396
 20
88.74684048144985
 10
125.36755438443458
 20
88.30762166663783
 10
125.26383856642354
 20
87.87870720567537
 10
125.15703338296566
 20
87.46716295675265
 10
125.04862524830585
 20
87.08005477805966
 10
124.94010057668902
 20
86.72444852778642
 10
124.830920374067
 20
86.35193468164235
 10
124.75134682889035
 20
86.00977774992555
 10
124.70119002787882
 20
85.69905665393355
 10
124.68026005775229
 20
85.42085031496381
 10
124.68836700523062
 20
85.17623765431381
 10
124.72532095703363
 20
84.96629759328101
 10
124.7909319998812
 20
84.79210905316287
 10
124.88501022049311
 20
84.65475095525687
 10
125.00736570558928
 20
84.55530222086048
 10
125.15780854188955
 20
84.49484177127118
 10
125.33614881611376
 20
84.47444852778642
 10
125.50058138360907
 20
84.43631930164068
 10
125.65771515856764
 20
84.32561306572782
 10
125.80578836348053
 20
84.14785198383453
 10
125.94303922083893
 20
83.90855821974733
 10
126.06770595313381
 20
83.613253937253
 10
126.17802678285645
 20
83.26746130013805
 10
126.27223993249791
 20
82.87670247218915
 10
126.34858362454932
 20
82.4464996171929
 10
126.4052960815018
 20
81.98237489893592
 10
126.44061552584645
 20
81.48985048120488
 10
126.45278018007443
 20
80.97444852778642
 10
126.46336276230761
 20
80.45904657436799
 10
126.49408874244673
 20
79.96652215663693
 10
126.54342547065119
 20
79.50239743837997
 10
126.60984029708027
 20
79.07219458338372
 10
126.69180057189322
 20
78.68143575543482
 10
126.7877736452495
 20
78.33564311831984
 10
126.89622686730834
 20
78.04033883582551
 10
127.01562758822914
 20
77.80104507173834
 10
127.14444315817119
 20
77.62328398984502
 10
127.28114092729382
 20
77.51257775393216
 10
127.42418824575637
 20
77.47444852778642
 10
127.57641010522477
 20
77.43904281779396
 10
127.7397456796127
 20
77.33624417016063
 10
127.91133359245106
 20
77.17118030840251
 10
128.0883124672707
 20
76.94897895603583
 10
128.26782092760257
 20
76.67476783657679
 10
128.4469975969775
 20
76.35367467354149
 10
128.62298109892643
 20
75.99082719044608
 10
128.79291005698022
 20
75.59135311080672
 10
128.95392309466982
 20
75.16038015813953
 10
129.1031588355261
 20
74.70303605596072
 10
129.23775590307991
 20
74.22444852778642
 10
129.37370878175776
 20
73.74586099961215
 10
129.52688105008448
 20
73.28851689743334
 10
129.69421497273862
 20
72.85754394476615
 10
129.8726528143985
 20
72.45806986512679
 10
130.0591368397426
 20
72.09522238203135
 10
130.2506093134494
 20
71.77412921899602
 10
130.44401250019726
 20
71.49991809953701
 10
130.63628866466473
 20
71.27771674717036
 10
130.82438007153021
 20
71.11265288541227
 10
131.00522898547217
 20
71.00985423777891
 10
131.17577767116902
 20
70.97444852778642
 10
131.360327397572
 20
70.9449855499904
 10
131.58182760901252
 20
70.85944131790674
 10
131.83519283323912
 20
70.72208288349205
 10
132.11533759800042
 20
70.53717729870314
 10
132.41717643104496
 20
70.30899161549658
 10
132.73562386012136
 20
70.04179288582904
 10
133.0655944129782
 20
69.73984816165725
 10
133.4020026173641
 20
69.40742449493777
 10
133.73976300102763
 20
69.04878893762736
 10
134.07379009171737
 20
68.66820854168265
 10
134.3989984171819
 20
68.26995035906035
 10
134.74668207552008
 20
67.85206569827625
 10
135.10108043444146
 20
67.47224773995143
 10
135.45853738117287
 20
67.13267861401027
 10
135.81539680294117
 20
66.83554045037752
 10
136.16800258697324
 20
66.58301537897768
 10
136.51269862049602
 20
66.37728552973527
 10
136.8458287907363
 20
66.2205330325749
 10
137.1637369849211
 20
66.11494001742108
 10
137.4627670902772
 20
66.06268861419835
 10
137.73926299403146
 20
66.06596095283135
 10
137.98956858341086
 20
66.12693916324457
 10
138.20503775917797
 20
66.19988114023528
 10
138.41094274193912
 20
66.25061092414595
 10
138.6049749333825
 20
66.2796534321939
 10
138.78482573519628
 20
66.28753358159673
 10
138.94818654906874
 20
66.2747762895718
 10
139.092748776688
 20
66.2419064733366
 10
139.21620381974233
 20
66.18944905010855
 10
139.31624307991996
 20
66.11792893710506
 10
139.39055795890903
 20
66.02787105154366
 10
139.43683985839778
 20
65.9198003106417
 10
139.45278018007443
 20
65.7942416316167
 10
139.3627989232735
 20
65.39100324731464
 10
139.1106058272293
 20
65.0912813449037
 10
138.72282690347998
 20
64.89169702466535
 10
138.2260881635634
 20
64.7888713868812
 10
137.6470156190176
 20
64.77942553183271
 10
137.0122352813806
 20
64.85998055980144
 10
136.34837316219037
 20
65.02715757106887
 10
135.68205527298497
 20
65.27757766591654
 10
135.03990762530233
 20
65.60786194462597
 10
134.4485562306805
 20
66.01463150747867
 10
133.93462710065748
 20
66.49450745475616
 10
133.51692016784494
 20
66.93581935598147
 10
133.14065044659952
 20
67.25626770228263
 10
132.7782187585828
 20
67.43448250756904
 10
132.40202592545631
 20
67.44909378575008
 10
131.9844727688817
 20
67.27873155073513
 10
131.4979601105204
 20
66.90202581643354
 10
130.91488877203415
 20
66.29760659675469
 10
130.20765957508445
 20
65.4441039056079
 10
129.34867334133284
 20
64.32014775690254
 10
128.310330892441
 20
62.90436816454806
 10
127.06503305007038
 20
61.175395142453766
 10
126.21320381587137
 20
59.99172104780814
 10
125.22190527848437
 20
58.6204598214172
 10
124.11247034987855
 20
57.090827072999446
 10
122.90623194202297
 20
55.43203841227344
 10
121.62452296688681
 20
53.67330944895784
 10
120.28867633643915
 20
51.843855792771194
 10
118.92002496264917
 20
49.97289305343202
 10
117.53990175748595
 20
48.089636840658954
 10
116.16963963291863
 20
46.22330276417051
 10
114.83057150091634
 20
44.40310643368528
 10
113.54403027344821
 20
42.65826345892185
 10
105.189584909817
 20
31.34207839005731
 10
105.69213723727924
 20
25.081335380848202
 10
106.04560526963095
 20
22.050104598669662
 10
106.59606244555866
 20
19.30110590899494
 10
107.342419130645
 20
16.83565824954303
 10
108.28358569047268
 20
14.65508055803295
 10
109.4184724906244
 20
12.760691772183549
 10
110.74598989668286
 20
11.153810829713848
 10
112.26504827423076
 20
9.83575666834281
 10
113.97455798885082
 20
8.807848225789343
 10
115.87342940612572
 20
8.07140443977238
 10
117.96057289163821
 20
7.627744248010941
 10
120.23489881097089
 20
7.478186588223963
 10
121.55744224769867
 20
7.522623384336924
 10
122.88343324904375
 20
7.65438974658008
 10
124.19682776789455
 20
7.867724626752448
 10
125.48158175713945
 20
8.15686697665322
 10
126.7216511696669
 20
8.516055748081527
 10
127.9009919583653
 20
8.939529892836362
 10
129.00356007612308
 20
9.421528362716913
 10
130.0133114758287
 20
9.956290109522172
 10
130.91420211037052
 20
10.538054085051328
 10
131.69018793263703
 20
11.161059241103487
 10
132.32522489551658
 20
11.819544529477696
 10
132.62439642593085
 20
12.194456477887854
 10
132.84134536167576
 20
12.508689703339257
 10
132.96783581315916
 20
12.76750603812593
 10
132.99563189078896
 20
12.976167314542096
 10
132.91649770497298
 20
13.139935364881865
 10
132.72219736611925
 20
13.26407202143929
 10
132.40449498463556
 20
13.353839116508595
 10
131.95515467092991
 20
13.414498482383834
 10
131.36594053541015
 20
13.451311951359116
 10
130.62861668848416
 20
13.469541355728609
 10
129.73494724055988
 20
13.474448527786421
 10
128.32503893954075
 20
13.588065202700477
 10
126.70262569484987
 20
13.912050349854326
 10
124.92137384600431
 20
14.421106652865575
 10
123.03494973252117
 20
15.08993679535206
 10
121.09701969391764
 20
15.893243460931302
 10
119.16125006971075
 20
16.805729333221052
 10
117.28130719941768
 20
17.802097095838974
 10
115.51085742255552
 20
18.85704943240262
 10
113.90356707864143
 20
19.945289026529764
 10
112.51310250719246
 20
21.041518561838046
 10
111.3931300477258
 20
22.1204407219451
 10
110.84038952441244
 20
22.73260922199313
 10
110.4173216636936
 20
23.217393340174908
 10
110.13249450646663
 20
23.57257510916449
 10
109.99447609362886
 20
23.795936561635898
 10
110.01183446607766
 20
23.8852597302631
 10
110.19313766471043
 20
23.838326647720066
 10
110.54695373042452
 20
23.652919346680847
 10
111.08185070411727
 20
23.326819859819352
 10
111.80639662668611
 20
22.857810219809664
 10
112.72915953902839
 20
22.243672459325666
 10
113.85870748204141
 20
21.482188611041465
 10
116.53623757629185
 20
19.77077471465884
 10
119.14488914793841
 20
18.302097789352587
 10
121.67428803735532
 20
17.07837095825124
 10
124.1140600849167
 20
16.101807344483376
 10
126.45383113099669
 20
15.374620071177503
 10
128.6832270159695
 20
14.899022261462193
 10
130.79187358020926
 20
14.677227038465958
 10
132.76939666409015
 20
14.711447525317254
 10
134.60542210798636
 20
15.003896845144709
 10
136.28957575227201
 20
15.556788121076806
 10
137.8114834373213
 20
16.372334476242145
 10
138.53080547911225
 20
16.90175579710092
 10
139.30447324225713
 20
17.567638003055038
 10
140.10657781338705
 20
18.338303099206655
 10
140.91121027913312
 20
19.182073090657866
 10
141.69246172612654
 20
20.067269982510908
 10
142.4244232409984
 20
20.962215779867876
 10
143.08118591037987
 20
21.835232487830893
 10
143.63684082090214
 20
22.65464211150214
 10
144.0654790591963
 20
23.388766655983716
 10
144.34119171189352
 20
24.00592812637774
 10
144.4380698656249
 20
24.47444852778642
 10
144.37926428058782
 20
24.549738672967635
 10
144.20896470775784
 20
24.62492278728365
 10
143.9356575641867
 20
24.69897138889317
 10
143.56782926692628
 20
24.77085499595495
 10
143.1139662330284
 20
24.839544126627715
 10
142.58255487954486
 20
24.904009299070168
 10
141.98208162352753
 20
24.963221031441066
 10
141.32103288202822
 20
25.016149841898994
 10
140.60789507209873
 20
25.061766248602765
 10
139.85115461079093
 20
25.09904076971111
 10
139.05929791515663
 20
25.12694392338267
 10
137.31348634948313
 20
25.235452834155012
 10
135.58265795507165
 20
25.46164620938464
 10
133.8663807407174
 20
25.805704232766544
 10
132.16422271521537
 20
26.267807087995976
 10
130.4757518873608
 20
26.8481349587681
 10
128.80053626594867
 20
27.546868028777908
 10
127.13814385977415
 20
28.364186481720623
 10
125.48814267763245
 20
29.30027050129138
 10
123.85010072831861
 20
30.35530027118523
 10
122.22358602062772
 20
31.52945597509739
 10
120.60816656335496
 20
32.822917796722976
 10
119.26423777121695
 20
33.972048760921865
 10
118.23261453765235
 20
34.89530228080696
 10
117.50913604808713
 20
35.59230082683169
 10
117.08964148794715
 20
36.06266686944949
 10
116.96997004265836
 20
36.3060228791137
 10
117.14596089764666
 20
36.32199132627787
 10
117.61345323833797
 20
36.11019468139537
 10
118.36828625015823
 20
35.67025541491958
 10
119.40629911853335
 20
35.00179599730393
 10
120.72333102888925
 20
34.10443889900188
 10
122.31522116665181
 20
32.97780659046683
 10
123.96713689946486
 20
31.843870621060063
 10
125.61406016412576
 20
30.819424690153255
 10
127.2568654574871
 20
29.904153558251124
 10
128.8964272764014
 20
29.097741985858733
 10
130.5336201177212
 20
28.399874733480743
 10
132.16931847829915
 20
27.810236561622048
 10
133.80439685498774
 20
27.328512230787425
 10
135.4397297446396
 20
26.954386501481736
 10
137.0761916441073
 20
26.68754413420976
 10
138.71465705024337
 20
26.527669889476414
 10
140.3560004599004
 20
26.47444852778642
 10
142.02524156799578
 20
26.528842267176856
 10
143.52134877300946
 20
26.691249051651454
 10
144.84275179097918
 20
26.960507230664916
 10
145.98788033794253
 20
27.335455153672285
 10
146.9551641299372
 20
27.814931170128318
 10
147.7430328830009
 20
28.39777362948803
 10
148.34991631317135
 20
29.082820881206146
 10
148.7742441364862
 20
29.868911274737513
 10
149.01444606898312
 20
30.754883159537087
 10
149.06895182669984
 20
31.73957488505971
 10
148.936191125674
 20
32.821824800760254
 10
148.62067126585703
 20
34.3568866326963
 10
148.33452586607305
 20
35.63770672131332
 10
148.06293265080694
 20
36.68747486893727
 10
147.79106934454367
 20
37.52938087789411
 10
147.50411367176824
 20
38.18661455050972
 10
147.18724335696552
 20
38.68236568911004
 10
146.8256361246206
 20
39.03982409602099
 10
146.40446969921834
 20
39.282179573568555
 10
145.90892180524375
 20
39.432621924078546
 10
145.32417016718176
 20
39.51434094987701
 10
144.63539250951735
 20
39.55052645328979
 10
144.20222795912602
 20
39.57662437089522
 10
143.7140211301969
 20
39.630576600056855
 10
143.1805267078478
 20
39.71010592176941
 10
142.61149937719654
 20
39.812935117027564
 10
142.01669382336092
 20
39.93678696682599
 10
141.40586473145876
 20
40.07938425215937
 10
140.78876678660794
 20
40.23844975402241
 10
140.17515467392627
 20
40.411706253409704
 10
139.5747830785316
 20
40.596876531315985
 10
138.99740668554168
 20
40.7916833687359
 10
138.45278018007443
 20
40.993849546664194
 10
137.59953743706743
 20
41.32893712697489
 10
136.92869974903297
 20
41.6011153882761
 10
136.4499846441504
 20
41.81378002647986
 10
136.17310965059897
 20
41.97032673749834
 10
136.10779229655802
 20
42.07415121724358
 10
136.26375011020687
 20
42.12864916162775
 10
136.6507006197248
 20
42.13721626656297
 10
137.27836135329125
 20
42.103248227961274
 10
138.15644983908544
 20
42.03014074173484
 10
139.29468360528674
 20
41.92128950379572
 10
140.70278018007443
 20
41.78009021005602
 10
146.45278018007443
 20
41.19908570557686
 10
146.45278018007443
 20
44.271667455507156
 10
146.4911018015359
 20
45.31976982145579
 10
146.60060242974123
 20
46.37498693142018
 10
146.77308571042153
 20
47.41478753767899
 10
147.0003552893079
 20
48.41664039251094
 10
147.2742148121315
 20
49.35801424819462
 10
147.58646792462355
 20
50.21637785700864
 10
147.92891827251518
 20
50.96919997123172
 10
148.29336950153748
 20
51.593949343142356
 10
148.67162525742165
 20
52.06809472501925
 10
149.0554891858989
 20
52.36910486914107
 10
149.43676493270027
 20
52.47444852778642
 10
149.60489817700574
 20
52.42604402106679
 10
149.74681609159802
 20
52.28201048541379
 10
149.86239411213057
 20
52.044117897586545
 10
149.95150767425687
 20
51.71413623434415
 10
150.01403221363037
 20
51.29383547244572
 10
150.0498431659047
 20
50.78498558865033
 10
150.05881596673314
 20
50.18935655971703
 10
150.04082605176933
 20
49.50871836240489
 10
149.99574885666678
 20
48.744840973473
 10
149.9234598170789
 20
47.8994943696805
 10
149.8238343686592
 20
46.97444852778642
 10
149.68674023679083
 20
45.755843511222366
 10
149.5877804021438
 20
44.72849021913447
 10
149.53019049814196
 20
43.87654507780155
 10
149.5172061582092
 20
43.18416451350265
 10
149.55206301576933
 20
42.635504952516555
 10
149.63799670424635
 20
42.21472282112211
 10
149.77824285706404
 20
41.90597454559827
 10
149.97603710764636
 20
41.69341655222394
 10
150.2346150894172
 20
41.5612052672779
 10
150.55721243580035
 20
41.493497117039084
 10
150.94706478021976
 20
41.47444852778642
 10
151.24632543027025
 20
41.49834570137119
 10
151.60761845513315
 20
41.56772990881373
 10
152.02255180693555
 20
41.67914018014662
 10
152.48273343780437
 20
41.82911554540243
 10
152.97977129986654
 20
42.01419503461375
 10
153.50527334524907
 20
42.23091767781315
 10
154.05084752607888
 20
42.47582250503311
 10
154.60810179448302
 20
42.74544854630625
 10
155.16864410258844
 20
43.0363348316651
 10
155.72408240252207
 20
43.345020391142214
 10
156.26602464641093
 20
43.668044254770194
 10
157.10626947379538
 20
44.18443895808565
 10
157.79779152749092
 20
44.59924049647432
 10
158.35151885285248
 20
44.913402096206
 10
158.77837949523482
 20
45.12787698355041
 10
159.08930149999276
 20
45.243618384777164
 10
159.29521291248116
 20
45.261579526156
 10
159.4070417780549
 20
45.18271363395658
 10
159.43571614206874
 20
45.007973934448614
 10
159.39216404987764
 20
44.73831365390174
 10
159.28731354683637
 20
44.37468601858569
 10
159.13209267829973
 20
43.918044254770194
 10
158.99846751915743
 20
43.5222942327662
 10
158.9070561031171
 20
43.21059419435008
 10
158.8606877782083
 20
42.98383922667358
 10
158.86219189246046
 20
42.84292441688848
 10
158.91439779390316
 20
42.788744852146465
 10
159.02013483056584
 20
42.822195619599285
 10
159.18223235047813
 20
42.94417180639866
 10
159.40351970166952
 20
43.15556849969627
 10
159.68682623216947
 20
43.457280786643935
 10
160.0349812900076
 20
43.850203754393306
 10
160.45081422321334
 20
44.33523249009616
 10
160.74561912745435
 20
44.698010318164705
 10
161.027338303803
 20
45.07416421097267
 10
161.29281312828533
 20
45.45777756446293
 10
161.53888497692733
 20
45.84293377457837
 10
161.76239522575494
 20
46.223716237261954
 10
161.96018525079418
 20
46.59420834845653
 10
162.12909642807102
 20
46.948493504105045
 10
162.26597013361152
 20
47.28065510015034
 10
162.36764774344155
 20
47.584776532535386
 10
162.4309706335872
 20
47.854941197203004
 10
162.45278018007443
 20
48.08523249009616
 10
162.49187050694638
 20
48.516263559931815
 10
162.60123335449367
 20
48.86573887232811
 10
162.7690065231134
 20
49.13295200867094
 10
162.98332781320252
 20
49.317196550346125
 10
163.23233502515805
 20
49.41776607873945
 10
163.50416595937702
 20
49.43395417523675
 10
163.7869584162565
 20
49.365054421223874
 10
164.06885019619355
 20
49.21036039808655
 10
164.3379790995851
 20
48.96916568721065
 10
164.58248292682825
 20
48.64076386998201
 10
164.79049947832004
 20
48.22444852778642
 10
164.86563425365054
 20
48.08122914386462
 10
164.9391092164143
 20
48.023941390295874
 10
165.0100040059803
 20
48.04864086437547
 10
165.0773982617173
 20
48.15138316339872
 10
165.14037162299428
 20
48.32822388466096
 10
165.1980037291801
 20
48.57521862545735
 10
165.24937421964367
 20
48.88842298308319
 10
165.2935627337539
 20
49.263892554833774
 10
165.32964891087968
 20
49.697682938004306
 10
165.35671239038987
 20
50.185849729890094
 10
165.3738328116534
 20
50.72444852778642
 10
165.39533258610223
 20
51.2766649064491
 10
165.43511129106773
 20
51.804369639732386
 10
165.49161431476787
 20
52.301646123579076
 10
165.56328704542054
 20
52.76257775393219
 10
165.64857487124357
 20
53.181247926734585
 10
165.74592318045495
 20
53.551740037929164
 10
165.85377736127262
 20
53.86813748345884
 10
165.97058280191447
 20
54.124523659266515
 10
166.0947848905984
 20
54.314981961295075
 10
166.22482901554235
 20
54.43359578548737
 10
166.3591605649642
 20
54.47444852778642
 10
166.48648885094602
 20
54.497940182499576
 10
166.59619936272944
 20
54.56614698687349
 10
166.6877517542722
 20
54.6756667012601
 10
166.76060567953158
 20
54.82309708601139
 10
166.81422079246522
 20
55.00503590147912
 10
166.84805674703057
 20
55.21808090801531
 10
166.86157319718515
 20
55.45882986597172
 10
166.8542297968865
 20
55.723880535700346
 10
166.82548620009212
 20
56.009830677553055
 10
166.77480206075953
 20
56.313278051881724
 10
166.70163703284618
 20
56.63082041903829
 10
166.60465654818486
 20
57.02956510655417
 10
166.5380656152422
 20
57.37012832226597
 10
166.50244674034386
 20
57.653652853899445
 10
166.49838242981505
 20
57.88128148918062
 10
166.52645518998145
 20
58.05415701583519
 10
166.58724752716853
 20
58.17342222158905
 10
166.6813419477017
 20
58.240219894168035
 10
166.80932095790652
 20
58.25569282129794
 10
166.97176706410843
 20
58.22098379070465
 10
167.169262772633
 20
58.13723559011399
 10
167.4023905898056
 20
58.00559100725178
 10
167.6373071209052
 20
57.871829441130444
 10
167.8342951114303
 20
57.78543618267085
 10
167.99391288714494
 20
57.747682434386235
 10
168.1167187738131
 20
57.75983939878989
 10
168.20327109719878
 20
57.82317827839509
 10
168.254128183066
 20
57.93897027571501
 10
168.26984835717886
 20
58.10848659326297
 10
168.2509899453013
 20
58.33299843355218
 10
168.19811127319744
 20
58.613776999095876
 10
168.1117706666312
 20
58.952093492407386
 10
167.9925264513666
 20
59.349219115999915
 10
167.79029987907293
 20
60.07114110776169
 10
167.6849959605965
 20
60.63722166983598
 10
167.6664428328959
 20
61.049524273252416
 10
167.72446863292967
 20
61.31011238904085
 10
167.8489014976564
 20
61.42104948823095
 10
168.0295695640347
 20
61.38439904185242
 10
168.2563009690231
 20
61.20222452093503
 10
168.51892384958023
 20
60.876589396508535
 10
168.80726634266463
 20
60.40955713960261
 10
169.11115658523497
 20
59.80319122124703
 10
169.42042271424972
 20
59.059555112471486
 10
169.5611940871897
 20
58.63168363298519
 10
169.67231998517286
 20
58.16908683287855
 10
169.75384597530734
 20
57.675440747750486
 10
169.80581762470135
 20
57.15442141320017
 10
169.82828050046302
 20
56.60970486482648
 10
169.82128016970057
 20
56.044967138228515
 10
169.78486219952222
 20
55.463884269005234
 10
169.71907215703618
 20
54.8701322927557
 10
169.6239556093506
 20
54.26738724507885
 10
169.49955812357365
 20
53.659325161573776
 10
169.34592526681357
 20
53.049622077839445
 10
169.15531101946215
 20
52.31584002260183
 10
169.01022729656913
 20
51.65159257559236
 10
168.9115812871559
 20
51.047422684247096
 10
168.86028018024402
 20
50.49387329600248
 10
168.8572311648549
 20
49.98148735829463
 10
168.90334143001002
 20
49.50080781855979
 10
168.99951816473092
 20
49.042377624234234
 10
169.1466685580391
 20
48.59673972275411
 10
169.34569979895602
 20
48.15443706155571
 10
169.59751907650315
 20
47.706012588075254
 10
169.903033579702
 20
47.242009249749
 10
170.41711542027033
 20
46.32509746729758
 10
170.8300769326787
 20
45.224463293439385
 10
171.14165426482364
 20
43.997217033703976
 10
171.35158356460153
 20
42.70046899362083
 10
171.4596009799089
 20
41.391329478719626
 10
171.46544265864216
 20
40.12690879452981
 10
171.3688447486979
 20
38.964317246581004
 10
171.16954339797255
 20
37.96066514040268
 10
170.8672747543625
 20
37.173062781524436
 10
170.4617749657643
 20
36.65862047547586
 10
169.95278018007443
 20
36.47444852778642
 10
169.6779250516823
 20
36.50183708550762
 10
169.43311057947304
 20
36.58544402979757
 10
169.21746317282685
 20
36.72743126734588
 10
169.03010924112397
 20
36.92996070484216
 10
168.87017519374464
 20
37.195194248976065
 10
168.73678744006915
 20
37.52529380643713
 10
168.62907238947767
 20
37.922421283915014
 10
168.54615645135053
 20
38.38873858809927
 10
168.48716603506793
 20
38.9264076256795
 10
168.45122755001015
 20
39.53759030334538
 10
168.43746740555738
 20
40.22444852778642
 10
168.4242859154519
 20
40.7930060033687
 10
168.3904063628896
 20
41.368156266328896
 10
168.337435375969
 20
41.94161607098704
 10
168.2669795827885
 20
42.5051021716632
 10
168.18064561144664
 20
43.05033132267749
 10
168.08004009004185
 20
43.56902027834991
 10
167.96676964667262
 20
44.05288579300057
 10
167.84244090943744
 20
44.49364462094945
 10
167.70866050643482
 20
44.88301351651671
 10
167.56703506576324
 20
45.21270923402233
 10
167.41917121552112
 20
45.47444852778642
 10
167.19653631104214
 20
45.792416909652616
 10
166.99534659270418
 20
46.041627179941514
 10
166.80975243314998
 20
46.22077051402414
 10
166.63390420502193
 20
46.32853808727154
 10
166.46195228096272
 20
46.36362107505482
 10
166.28804703361496
 20
46.32471065274498
 10
166.1063388356212
 20
46.210497995713155
 10
165.91097805962406
 20
46.0196742793303
 10
165.6961150782661
 20
45.750930678967535
 10
165.45590026418995
 20
45.40295836999587
 10
165.18448399003816
 20
44.97444852778642
 10
164.72944170255343
 20
44.19946519950588
 10
164.3223369880959
 20
43.428109965034054
 10
163.96157514885488
 20
42.65477840892612
 10
163.64556148701942
 20
41.87386611573726
 10
163.37270130477884
 20
41.07976867002267
 10
163.14139990432236
 20
40.2668816563376
 10
162.95006258783926
 20
39.42960065923728
 10
162.79709465751873
 20
38.56232126327677
 10
162.68090141555004
 20
37.65943905301131
 10
162.5998881641224
 20
36.715349612996135
 10
162.55246020542504
 20
35.72444852778642
 10
162.52225992429538
 20
35.13109049912663
 10
162.46945778369798
 20
34.60258868664681
 10
162.39311786185067
 20
34.13718458383397
 10
162.29230423697138
 20
33.73311968417519
 10
162.16608098727812
 20
33.38863548115745
 10
162.01351219098873
 20
33.10197346826777
 10
161.8336619263213
 20
32.871375138993216
 10
161.6255942714936
 20
32.69508198682075
 10
161.38837330472376
 20
32.57133550523747
 10
161.1210631042296
 20
32.49837718773037
 10
160.82272774822903
 20
32.47444852778642
 10
160.4847901296557
 20
32.4958852765038
 10
160.2011785006636
 20
32.566571614322186
 10
159.96952374679375
 20
32.69607167874108
 10
159.7874567535872
 20
32.89394960726017
 10
159.65260840658487
 20
33.16976953737881
 10
159.56260959132783
 20
33.533095606596675
 10
159.51509119335705
 20
33.993491952413166
 10
159.50768409821356
 20
34.560522712327895
 10
159.53801919143837
 20
35.24375202384036
 10
159.60372735857246
 20
36.05274402445011
 10
159.70243948515687
 20
36.997062851656636
 10
159.79471068374104
 20
37.87456519355379
 10
159.8586383008506
 20
38.6267990564933
 10
159.89331429178378
 20
39.25837676887588
 10
159.8978306118387
 20
39.77391065910234
 10
159.8712792163137
 20
40.1780130555733
 10
159.81275206050688
 20
40.47529628668957
 10
159.72134109971662
 20
40.670372680851756
 10
159.59613828924108
 20
40.767854566460585
 10
159.43623558437847
 20
40.77235427191681
 10
159.24072494042704
 20
40.68848412562113
 10
159.00869831268503
 20
40.52085645597424
 10
158.7908057666585
 20
40.355684597970566
 10
158.57584630034503
 20
40.224301903673165
 10
158.36376840568926
 20
40.12670932959472
 10
158.15452057463574
 20
40.06290783224824
 10
157.94805129912908
 20
40.032898368146334
 10
157.7443090711139
 20
40.036681893801926
 10
157.5432423825348
 20
40.07425936572781
 10
157.34479972533634
 20
40.14563174043667
 10
157.14892959146323
 20
40.25079997444146
 10
156.95558047285996
 20
40.38976502425484
 10
156.7647008614712
 20
40.56252784638974
 10
156.30339178926155
 20
40.895786164723546
 10
155.81887426959327
 20
41.011484354382674
 10
155.32111811678024
 20
40.92265199848012
 10
154.82009314513624
 20
40.64231868012891
 10
154.32576916897509
 20
40.18351398244204
 10
153.84811600261057
 20
39.55926748853247
 10
153.39710346035653
 20
38.78260878151332
 10
152.98270135652686
 20
37.866567444497434
 10
152.6148795054353
 20
36.82417306059787
 10
152.30360772139574
 20
35.66845521292768
 10
152.05885581872192
 20
34.412443484599805
 10
151.92346978291732
 20
33.69724427593326
 10
151.748161168321
 20
32.99022061899271
 10
151.5347266325015
 20
32.294989017083566
 10
151.28496283302724
 20
31.615165973511296
 10
151.00066642746677
 20
30.95436799158145
 10
150.68363407338862
 20
30.316211574599436
 10
150.33566242836122
 20
29.704313225870692
 10
149.95854814995315
 20
29.122289448700656
 10
149.55408789573286
 20
28.57375674639485
 10
149.12407832326892
 20
28.062331622258682
 10
148.67031609012975
 20
27.59163057959762
 10
148.24858580531253
 20
27.162894050961114
 10
147.8035950403356
 20
26.67089970855386
 10
147.34275276988626
 20
26.125906921259258
 10
146.8734679686515
 20
25.538175057960842
 10
146.40314961131858
 20
24.917963487542067
 10
145.9392066725746
 20
24.275531578886472
 10
145.4890481271068
 20
23.62113870087748
 10
145.06008294960228
 20
22.965044222398518
 10
144.65972011474824
 20
22.317507512333123
 10
144.29536859723189
 20
21.688787939564776
 10
143.9744373717403
 20
21.089144872976902
 10
143.64458607250796
 20
20.493774391946943
 10
143.25433558226854
 20
19.87746005035018
 10
142.8123867484578
 20
19.24984242881675
 10
142.3274404185116
 20
18.62056210797701
 10
141.8081974398657
 20
17.999259668461264
 10
141.26335865995594
 20
17.395575690899705
 10
140.70162492621816
 20
16.81915075592258
 10
140.13169708608817
 20
16.27962544416016
 10
139.5622759870018
 20
15.786640336242783
 10
139.00206247639485
 20
15.349836012800608
 10
138.45975740170317
 20
14.978853054463968
 10
137.92361679403237
 20
14.631575113826898
 10
137.38130149456885
 20
14.26359708315374
 10
136.84061956586956
 20
13.881126402580435
 10
136.3093790704914
 20
13.490370512242777
 10
135.7953880709913
 20
13.097536852276676
 10
135.3064546299262
 20
12.708832862817872
 10
134.85038680985306
 20
12.33046598400233
 10
134.4349926733288
 20
11.968643655965764
 10
134.0680802829103
 20
11.629573318844109
 10
133.75745770115458
 20
11.319462412773191
 10
133.51093299061853
 20
11.044518377888835
 10
132.1317026559861
 20
9.687504765843784
 10
130.4495078147176
 20
8.531813947563165
 10
128.52433163178392
 20
7.584708430183241
 10
126.41615727215594
 20
6.8534507208403
 10
124.1849679008046
 20
6.345303326670603
 10
121.89074668270078
 20
6.0675287548103825
 10
119.59347678281537
 20
6.027389512395871
 10
117.35314136611933
 20
6.232148106563329
 10
115.2297235975835
 20
6.68906704444899
 10
113.28320664217884
 20
7.405408833189142
 10
111.57357366487619
 20
8.388435979920018
 10
110.42351272805834
 20
9.309208379733263
 10
109.36087389547336
 20
10.366820023330348
 10
108.3901639737145
 20
11.551125347998749
 10
107.51588976937487
 20
12.851978791026426
 10
106.74255808904772
 20
14.25923478970094
 10
106.07467573932621
 20
15.762747781310054
 10
105.51674952680352
 20
17.352372203141442
 10
105.07328625807293
 20
19.01796249248281
 10
104.74879273972755
 20
20.74937308662186
 10
104.54777577836063
 20
22.536458422846238
 10
104.47474218056533
 20
24.369072938443736
 10
104.45278018007443
 20
29.76369734910105
 10
98.41768626904093
 20
23.17745629225152
 10
96.43618603736158
 20
21.08583940807435
 10
94.36206581090406
 20
19.03053608507986
 10
92.2160873846521
 20
17.027768218071657
 10
90.01901255358928
 20
15.093757701853349
 10
87.7916031126993
 20
13.244726431228656
 10
85.55462085696587
 20
11.496896301001044
 10
83.3288275813726
 20
9.866489205974261
 10
81.13498508090314
 20
8.369727040951773
 10
78.99385515054121
 20
7.022831700737299
 10
76.92619958527038
 20
5.84202508013442
 10
74.95278018007443
 20
4.8435290739467405
 10
73.39315533461675
 20
4.202355379366111
 10
71.67408754584065
 20
3.6591411001412837
 10
69.83451763303432
 20
3.2163873524335145
 10
67.91338641548592
 20
2.8765952524041722
 10
65.9496347124836
 20
2.642265916214626
 10
63.98220334331549
 20
2.515900460026103
 10
62.05003312726981
 20
2.5
 10
60.19206488363469
 20
2.5970656522975446
 10
58.447239431698314
 20
2.8095985330801057
 10
56.85449759074884
 20
3.1400997585089954
 10
55.45278018007442
 20
3.5910704447454975
  0
LWPOLYLINE
  5
30
330
17
100
AcDbEntity
  8
CUT
100
AcDbPolyline
 90
58
 70
1
 10
78.42476958470701
 20
9.460158588317597
 10
79.76613078338985
 20
10.169735637614622
 10
80.86798640332464
 20
10.808065588658309
 10
81.73065107636893
 20
11.3759213675161
 10
82.35443943438034
 20
11.874075900255576
 10
82.73966610921642
 20
12.303302112944152
 10
82.88664573273473
 20
12.664372931649353
 10
82.79569293679285
 20
12.958061282438678
 10
82.46712235324841
 20
13.185140091379537
 10
81.90124861395893
 20
13.346382284539459
 10
81.098386350782
 20
13.44256078798594
 10
80.05885019557522
 20
13.474448527786421
 10
78.37563247148947
 20
13.558581430490051
 10
76.81076324863864
 20
13.806408144531474
 10
75.37253558162666
 20
14.21107067880638
 10
74.06924252505749
 20
14.765711042210711
 10
72.90917713353508
 20
15.46347124364027
 10
71.90063246166335
 20
16.297493291990833
 10
71.05190156404632
 20
17.260919196158227
 10
70.3712774952879
 20
18.346890965038256
 10
69.86705330999209
 20
19.54855060752675
 10
69.54752206276277
 20
20.859040132519453
 10
69.42097680820396
 20
22.271501548912255
 10
69.40830711016741
 20
22.637603706151168
 10
69.38250052302178
 20
22.927531218726017
 10
69.33923072703783
 20
23.140468503035493
 10
69.27417140248622
 20
23.275599975478144
 10
69.18299622963772
 20
23.33211005245252
 10
69.06137888876302
 20
23.309183150357285
 10
68.90499306013285
 20
23.206003685590986
 10
68.70951242401793
 20
23.021756074552115
 10
68.47061066068903
 20
22.755624733639365
 10
68.18396145041683
 20
22.406794079251284
 10
67.84523847347202
 20
21.97444852778642
 10
67.58951102974842
 20
21.632053433072258
 10
67.28987244267958
 20
21.211594697259358
 10
66.95286759513067
 20
20.723162142842398
 10
66.58504136996694
 20
20.176845592316198
 10
66.1929386500536
 20
19.582734868175294
 10
65.78310431825582
 20
18.950919792914306
 10
65.36208325743885
 20
18.291490189028053
 10
64.93642035046787
 20
17.614535879011044
 10
64.51266048020813
 20
16.930146685357983
 10
64.09734852952482
 20
16.248412430563576
 10
63.69702938128316
 20
15.579422937122445
 10
61.09275525195576
 20
11.18439734645844
 10
63.38355167832489
 20
9.329422937122445
 10
64.30984374762917
 20
8.717798817682024
 10
65.40507507982716
 20
8.231578146760427
 10
66.64233867906964
 20
7.870527053427281
 10
67.99472754950745
 20
7.634411666752413
 10
69.43533469529132
 20
7.522998115805535
 10
70.93725312057205
 20
7.536052529656416
 10
72.4735758295005
 20
7.673341037374769
 10
74.01739582622741
 20
7.934629768030334
 10
75.54180611490361
 20
8.319684850692823
 10
77.01989969967988
 20
8.828272414431979
 10
78.42476958470701
 20
9.460158588317597
  0
LWPOLYLINE
  5
31
330
17
100
AcDbEntity
  8
CUT
100
AcDbPolyline
 90
34
 70
1
 10
57.45278018007442
 20
11.352003812344265
 10
57.38619098832374
 20
11.74899992907072
 10
57.20012513546687
 20
12.157439973624975
 10
56.915135205096554
 20
12.563264165926086
 10
56.55177378080551
 20
12.952412725893282
 10
56.13059344618649
 20
13.31082587344548
 10
55.672146784832215
 20
13.624443828501853
 10
55.196986380335424
 20
13.879206810981401
 10
54.72566481628885
 20
14.06105504080324
 10
54.27873467628522
 20
14.15592873788637
 10
53.876748543917294
 20
14.149768122149908
 10
53.54025900277778
 20
14.02851341351294
 10
53.188109742653815
 20
13.7283935447702
 10
52.9755010896151
 20
13.366672052458398
 10
52.89163557974138
 20
12.962351015163875
 10
52.92571574911238
 20
12.534432511472914
 10
53.06694413380783
 20
12.101918619971855
 10
53.30452326990743
 20
11.683811419247064
 10
53.62765569349096
 20
11.299112987884712
 10
54.02554394063812
 20
10.966825404471138
 10
54.48739054742865
 20
10.705950747592738
 10
55.00239804994229
 20
10.53549109583571
 10
55.55976898425876
 20
10.474448527786421
 10
55.838529460877744
 20
10.484008671757977
 10
56.10491638572842
 20
10.511766055289087
 10
56.3559430394185
 20
10.556336105804519
 10
56.58862270255556
 20
10.616334250729182
 10
56.7999686557473
 20
10.690375917487927
 10
56.986994179601375
 20
10.777076533505493
 10
57.146712554725404
 20
10.875051526206676
 10
57.27613706172708
 20
10.982916323016354
 10
57.37228098121404
 20
11.099286351359297
 10
57.43215759379394
 20
11.222777038660297
 10
57.45278018007442
 20
11.352003812344265
  0
LWPOLYLINE
  5
32
330
17
100
AcDbEntity
  8
CUT
100
AcDbPolyline
 90
69
 70
1
 10
62.354004309387875
 20
16.03160870954821
 10
62.971788986999485
 20
17.08607497770967
 10
63.47160952376896
 20
17.961328853882236
 10
63.8557041795537
 20
18.67004915159586
 10
64.12631121421097
 20
19.224914684380593
 10
64.28566888759812
 20
19.638604265766503
 10
64.33601545957248
 20
19.923796709283522
 10
64.27958918999136
 20
20.09317082846181
 10
64.11862833871211
 20
20.15940543683118
 10
63.85537116559209
 20
20.13517934792179
 10
63.49205593048862
 20
20.033171375263606
 10
63.03092089325898
 20
19.866060332386667
 10
62.405447897231
 20
19.712759628171682
 10
61.73399967603865
 20
19.70482080829973
 10
61.03141267359157
 20
19.83229608688822
 10
60.31252333379937
 20
20.085237678054852
 10
59.59216810057172
 20
20.453697795917236
 10
58.88518341781825
 20
20.927728654592954
 10
58.20640572944861
 20
21.497382468199504
 10
57.57067147937246
 20
22.152711450854554
 10
56.9928171114994
 20
22.88376781667563
 10
56.48767906973911
 20
23.680603779780313
 10
56.0700937980012
 20
24.533271554286216
 10
54.8501683006204
 20
27.434620081805463
 10
51.68103540198143
 20
23.311211837712648
 10
51.21993852128022
 20
22.694975797102245
 10
50.79018218686018
 20
22.088499413156
 10
50.39595805585917
 20
21.499596582859425
 10
50.041457785415005
 20
20.936081203198228
 10
49.73087303266551
 20
20.40576717115806
 10
49.46839545474854
 20
19.91646838372455
 10
49.25821670880193
 20
19.475998737883288
 10
49.104528451963525
 20
19.09217213061993
 10
49.011522341371155
 20
18.77280245892007
 10
48.98339003416266
 20
18.525703619769388
 10
49.024323187475865
 20
18.35868951015351
 10
49.14302935325443
 20
18.223638578344662
 10
49.34070696499704
 20
18.06934317268889
 10
49.61028400217418
 20
17.898988040282433
 10
49.94468844425626
 20
17.71575792822179
 10
50.33684827071373
 20
17.522837583603234
 10
50.779691461017016
 20
17.32341175352309
 10
51.26614599463658
 20
17.120665185077712
 10
51.78913985104287
 20
16.917782625363373
 10
52.3416010097063
 20
16.717948821476455
 10
52.91645745009733
 20
16.524348520513342
 10
53.50663715168641
 20
16.340166469570306
 10
54.10333312609985
 20
16.150438899522413
 10
54.69710922758782
 20
15.940737470675543
 10
55.27994969955659
 20
15.71505007427217
 10
55.84383878541234
 20
15.477364601554882
 10
56.380760728561306
 20
15.231668943766294
 10
56.882699772409715
 20
14.981950992148938
 10
57.34164016036379
 20
14.732198637945316
 10
57.74956613582973
 20
14.486399772398102
 10
58.09846194221381
 20
14.248542286749739
 10
58.3803118229222
 20
14.022614072242789
 10
58.58710002136116
 20
13.812603020119923
 10
58.95382077189122
 20
13.371459161651586
 10
59.26037999358177
 20
13.026309685403561
 10
59.525213202301764
 20
12.788014573863478
 10
59.76675591392004
 20
12.667433809519025
 10
60.00344364430554
 20
12.675427374857861
 10
60.253711909327116
 20
12.822855252367617
 10
60.53599622485368
 20
13.120577424536009
 10
60.868732106754145
 20
13.579453873850554
 10
61.2703550708974
 20
14.210344582799053
 10
61.75930063315235
 20
15.024109533869023
 10
62.354004309387875
 20
16.03160870954821
  0
LWPOLYLINE
  5
33
330
17
100
AcDbEntity
  8
CUT
100
AcDbPolyline
 90
80
 70
1
 10
95.0969248596025
 20
28.72444852778642
 10
98.26494585059831
 20
32.932235438992365
 10
101.4704077796066
 20
37.087601384239775
 10
104.67331062605953
 20
41.14350709421751
 10
107.83365436938908
 20
45.052913299614374
 10
110.91143898902729
 20
48.76878073111925
 10
113.86666446440628
 20
52.244070119420854
 10
116.65933077495802
 20
55.4317421952081
 10
119.24943790011466
 20
58.28475768916974
 10
121.5969858193082
 20
60.75607733199462
 10
123.66197451197073
 20
62.79866185437152
 10
125.40440395753424
 20
64.36547198698929
 10
126.41916276393832
 20
65.24691512587651
 10
127.28478302796788
 20
66.06699903632551
 10
128.00201886971456
 20
66.82733429973112
 10
128.57162440927013
 20
67.52953149748828
 10
128.99435376672625
 20
68.17520121099184
 10
129.27096106217462
 20
68.76595402163676
 10
129.40220041570697
 20
69.30340051081785
 10
129.38882594741503
 20
69.78915125993007
 10
129.23159177739046
 20
70.22481685036823
 10
128.931252025725
 20
70.61200786352728
 10
128.48856081251031
 20
70.95233488080208
 10
128.26720032023917
 20
70.97344481628974
 10
127.90106233964539
 20
70.86380629270707
 10
127.40316339965463
 20
70.63213096877999
 10
126.78652002919247
 20
70.28713050323458
 10
126.06414875718451
 20
69.83751655479682
 10
125.24906611255642
 20
69.2920007821927
 10
124.35428862423376
 20
68.65929484414823
 10
123.39283282114224
 20
67.9481103993894
 10
122.37771523220741
 20
67.16715910664215
 10
121.32195238635487
 20
66.32515262463258
 10
120.23856081251031
 20
65.43080261208664
 10
119.04923677232983
 20
64.46693277676488
 10
117.72108658287601
 20
63.45283187101592
 10
116.27833346222758
 20
62.404126402201285
 10
114.7452006284633
 20
61.3364428776824
 10
113.14591129966198
 20
60.26540780482074
 10
111.50468869390235
 20
59.20664769097786
 10
109.84575602926324
 20
58.17578904351521
 10
108.19333652382338
 20
57.188458369794205
 10
106.57165339566157
 20
56.26028217717635
 10
105.00492986285656
 20
55.40688697302315
 10
103.51738914348715
 20
54.643899264696046
 10
101.61890674072944
 20
53.68138183893359
 10
99.84607809964021
 20
52.731699941874325
 10
98.17501409424113
 20
51.777958342414024
 10
96.5818255985539
 20
50.80326180944843
 10
95.04262348660026
 20
49.79071511187334
 10
93.53351863240195
 20
48.723423018584555
 10
92.03062190998062
 20
47.58449029847782
 10
90.51004419335806
 20
46.35702172044887
 10
88.94789635655593
 20
45.024122053393455
 10
87.32028927359596
 20
43.56889606620737
 10
85.60333381849989
 20
41.97444852778642
 10
82.79097915626014
 20
39.285090119248025
 10
80.34797785445016
 20
36.8664072310892
 10
78.25294150593399
 20
34.688807008429364
 10
76.4844817035758
 20
32.72269659638789
 10
75.0212100402396
 20
30.938483140084088
 10
73.84173810878954
 20
29.306573784637436
 10
72.92467750208968
 20
27.797375675167245
 10
72.24863981300416
 20
26.381295956792826
 10
71.79223663439703
 20
25.028741774633573
 10
71.53407955913244
 20
23.710120273808883
 10
71.45278018007443
 20
22.39583859943812
 10
71.5046526569908
 20
21.046555563156403
 10
71.66751569601394
 20
19.867934687038
 10
71.95223770955462
 20
18.85109296816441
 10
72.3696871100237
 20
17.98714740361737
 10
72.93073230983205
 20
17.267214990478465
 10
73.64624172139045
 20
16.682412725829295
 10
74.5270837571098
 20
16.223857606751523
 10
75.58412682940096
 20
15.882666630326753
 10
76.82823935067472
 20
15.649956793636505
 10
78.27028973334197
 20
15.516845093762527
 10
79.92114638981352
 20
15.474448527786421
 10
85.24665545669546
 20
15.474448527786421
 10
95.0969248596025
 20
28.72444852778642
  0
LWPOLYLINE
  5
34
330
17
100
AcDbEntity
  8
CUT
100
AcDbPolyline
 90
34
 70
1
 10
99.82131274187569
 20
28.47444852778642
 10
101.95457202958383
 20
31.060781109307015
 10
104.3029754603264
 20
33.978663054148484
 10
106.79235634831704
 20
37.13000422061762
 10
109.3485480077693
 20
40.416714467021336
 10
111.89738375289687
 20
43.740703651666365
 10
114.36469689791343
 20
47.00388163285962
 10
116.67632075703253
 20
50.1081582689078
 10
118.75808864446785
 20
52.95544341811777
 10
120.53583387443302
 20
55.44764693879631
 10
121.93538976114169
 20
57.486678689250255
 10
122.88258961880746
 20
58.97444852778642
 10
123.52953303884706
 20
60.36057686085675
 10
122.95338870960288
 20
60.18949398330878
 10
121.34335541494391
 20
58.68262433993186
 10
118.88863193873902
 20
56.061392375515425
 10
115.77841706485702
 20
52.54722253484883
 10
112.20190957716687
 20
48.361539262721465
 10
108.34830825953745
 20
43.725767003922726
 10
104.40681189583762
 20
38.86133020324195
 10
100.5666192699363
 20
33.98965330546852
 10
97.01692916570232
 20
29.33216075539184
 10
93.94694036700466
 20
25.110276997801293
 10
92.46652064910023
 20
22.935668541401412
 10
91.45419778298637
 20
21.29449118148443
 10
90.88823638941057
 20
20.174297368012873
 10
90.74690108912034
 20
19.562639550949342
 10
91.00845650286317
 20
19.447070180256446
 10
91.65116725138662
 20
19.815141705896707
 10
92.65329795543818
 20
20.654406577832816
 10
93.99311323576535
 20
21.952417246027238
 10
95.64887771311564
 20
23.69672616044261
 10
97.5988560082366
 20
25.87488577104145
 10
99.82131274187569
 20
28.47444852778642
  0
LWPOLYLINE
  5
35
330
17
100
AcDbEntity
  8
CUT
100
AcDbPolyline
 90
69
 70
1
 10
53.79555584492264
 20
28.72444852778642
 10
53.70148492052267
 20
28.834891803518985
 10
53.56053066699595
 20
28.94043275017563
 10
53.37721651973313
 20
29.039888046944952
 10
53.15606591412482
 20
29.13207437301557
 10
52.90160228556163
 20
29.21580840757605
 10
52.618349069434224
 20
29.289906829814953
 10
52.310829701133194
 20
29.353186318920905
 10
51.9835676160492
 20
29.40446355408244
 10
51.64108624957286
 20
29.442555214488152
 10
51.28790903709479
 20
29.466277979326605
 10
50.928559414005626
 20
29.47444852778642
 10
50.537035023575285
 20
29.507106045195457
 10
50.090440038334215
 20
29.60192545781041
 10
49.59795768756386
 20
29.754177056213564
 10
49.06877120054561
 20
29.95913113098709
 10
48.51206380656088
 20
30.212057972713126
 10
47.93701873489112
 20
30.50822787197376
 10
47.35281921481771
 20
30.842911119351186
 10
46.76864847562209
 20
31.21137800542749
 10
46.19368974658568
 20
31.60889882078493
 10
45.63712625698989
 20
32.030743856005586
 10
45.10814123611614
 20
32.47218340167166
 10
44.39635731219959
 20
33.085658689337436
 10
43.77171023771578
 20
33.596568361731556
 10
43.225144445999995
 20
34.00821346412255
 10
42.74760437038744
 20
34.32389504177911
 10
42.330034444213425
 20
34.546914139969886
 10
41.963379100813164
 20
34.68057180396346
 10
41.63858277352194
 20
34.728169079028504
 10
41.34658989567499
 20
34.693007010433575
 10
41.07834490060758
 20
34.578386643447374
 10
40.82479222165499
 20
34.387609023338484
 10
40.57687629215244
 20
34.12397519537552
 10
40.37136457664979
 20
33.84918592944683
 10
40.22151883552471
 20
33.58319199496728
 10
40.128694313025626
 20
33.32169765752246
 10
40.094246253400904
 20
33.060407182698015
 10
40.119529900898954
 20
32.79502483607959
 10
40.20590049976817
 20
32.52125488325282
 10
40.354713294256946
 20
32.23480158980328
 10
40.56732352861369
 20
31.93136922131663
 10
40.84508644708679
 20
31.60666204337852
 10
41.18935729392465
 20
31.25638432157453
 10
41.601491313375654
 20
30.876240321490314
 10
41.9383462450995
 20
30.54815906068191
 10
42.30208980027268
 20
30.141090362760792
 10
42.68623197297495
 20
29.664990547316336
 10
43.084282757286026
 20
29.12981593393792
 10
43.48975214728568
 20
28.545522842214922
 10
43.89615013705366
 20
27.922067591736777
 10
44.29698672066971
 20
27.269406502092806
 10
44.68577189221359
 20
26.597495892872473
 10
45.05601564576505
 20
25.91629208366504
 10
45.40122797540384
 20
25.235751394060003
 10
45.71491887520971
 20
24.565830143646735
 10
47.68669787242744
 20
20.15721175950702
 10
50.9715316854741
 20
24.065830143646735
 10
51.450228670733274
 20
24.649574849350273
 10
51.89789905898808
 20
25.22332332669768
 10
52.31008721482544
 20
25.779725388906968
 10
52.682337502832205
 20
26.311430849196427
 10
53.01019428759529
 20
26.811089520784066
 10
53.289201933701584
 20
27.271351216888036
 10
53.51490480573799
 20
27.68486575072643
 10
53.682847268291404
 20
28.044282935517344
 10
53.78857368594873
 20
28.3422525844789
 10
53.82762842329684
 20
28.571424510829218
 10
53.79555584492264
 20
28.72444852778642
  0
LWPOLYLINE
  5
36
330
17
100
AcDbEntity
  8
CUT
100
AcDbPolyline
 90
34
 70
1
 10
43.45278018007442
 20
23.274448527786433
 10
43.40841634521872
 20
23.846892108897407
 10
43.28083896963524
 20
24.40937737712008
 10
43.078319246799374
 20
24.952515410131014
 10
42.80912837018653
 20
25.466917285606854
 10
42.481537533272075
 20
25.943194081224135
 10
42.10381792953145
 20
26.371956874659446
 10
41.68424075244002
 20
26.74381674358935
 10
41.23107719547321
 20
27.049384765690434
 10
40.752598452106405
 20
27.27927201863926
 10
40.25707571581501
 20
27.424089580112366
 10
39.75278018007442
 20
27.47444852778642
 10
39.313180077376416
 20
27.41423410602951
 10
38.969040290151945
 20
27.243036703912452
 10
38.719492408401386
 20
26.975025116165966
 10
38.56366802212512
 20
26.62436813752069
 10
38.5006987213235
 20
26.205234562707346
 10
38.529716095996946
 20
25.73179318645657
 10
38.64985173614579
 20
25.218212803499085
 10
38.86023723177045
 20
24.67866220856547
 10
39.16000417287128
 20
24.127310196386475
 10
39.54828414944867
 20
23.578325561692765
 10
40.02420875150299
 20
23.045877099214977
 10
40.57269923306173
 20
22.532576361803535
 10
41.082208431982345
 20
22.126650226119352
 10
41.54994329781951
 20
21.827912488799257
 10
41.97311078012791
 20
21.63617694648036
 10
42.34891782846222
 20
21.551257395799553
 10
42.674571392377125
 20
21.572967633393887
 10
42.9472784214273
 20
21.701121455900307
 10
43.16424586516744
 20
21.93553265995581
 10
43.32268067315221
 20
22.276015042197315
 10
43.419789794936314
 20
22.722382399261875
 10
43.45278018007442
 20
23.274448527786433
  0
LWPOLYLINE
  5
37
330
17
100
AcDbEntity
  8
CUT
100
AcDbPolyline
 90
89
 70
1
 10
71.55718737279403
 20
28.721005969077765
 10
72.56707556980899
 20
29.855352649724836
 10
73.66476116921066
 20
31.070311551722
 10
74.8302924468102
 20
32.344711813734705
 10
76.04371767841886
 20
33.657382574428254
 10
77.28508513984775
 20
34.98715297246807
 10
78.53444310690813
 20
36.31285214651936
 10
79.7718398554112
 20
37.613309235247584
 10
80.97732366116816
 20
38.86735337731801
 10
82.13094279999024
 20
40.053813711396
 10
83.21274554768857
 20
41.151519376146894
 10
84.20278018007443
 20
42.139299510236015
 10
85.12314081117884
 20
43.053711859711285
 10
86.00264869998423
 20
43.938397956721246
 10
86.8314428397288
 20
44.78281261908208
 10
87.59966222365068
 20
45.576410664610194
 10
88.29744584498803
 20
46.30864691112197
 10
88.91493269697901
 20
46.968976176433614
 10
89.4422617728618
 20
47.54685327836154
 10
89.86957206587456
 20
48.03173303472195
 10
90.1870025692555
 20
48.413070263331235
 10
90.38469227624273
 20
48.68031978200571
 10
90.45278018007443
 20
48.822936408561645
 10
90.41744639146322
 20
48.88818414603233
 10
90.31485656384041
 20
48.93079709708678
 10
90.15012800452209
 20
48.951435228994995
 10
89.92837802082434
 20
48.95075850902708
 10
89.65472392006325
 20
48.92942690445307
 10
89.33428300955498
 20
48.88810038254297
 10
88.97217259661556
 20
48.82743891056691
 10
88.57350998856111
 20
48.74810245579482
 10
88.1434124927078
 20
48.65075098549687
 10
87.68699741637164
 20
48.53604446694305
 10
87.20938206686876
 20
48.404642867403396
 10
86.69539900656474
 20
48.26766458748986
 10
86.13339216300591
 20
48.136766465919465
 10
85.53374589127961
 20
48.01341612711974
 10
84.90684454647311
 20
47.89908119551842
 10
84.26307248367371
 20
47.79522929554312
 10
83.61281405796873
 20
47.703328051621526
 10
82.96645362444548
 20
47.62484508818133
 10
82.33437553819124
 20
47.56124802965002
 10
81.72696415429331
 20
47.514004500455314
 10
81.15460382783903
 20
47.4845821250249
 10
80.62767891391567
 20
47.47444852778642
 10
79.42290383630396
 20
47.340609674254466
 10
78.10453878950952
 20
46.95680367189047
 10
76.70661917611895
 20
46.34959635804253
 10
75.2631803987187
 20
45.54555357005876
 10
73.80825785989535
 20
44.571241145287104
 10
72.37588696223537
 20
43.45322492107567
 10
71.00010310832533
 20
42.21807073477245
 10
69.71494170075175
 20
40.89234442372552
 10
68.55443814210113
 20
39.50261182528291
 10
67.55262783496002
 20
38.07543877679265
 10
66.74354618191492
 20
36.63739111560281
 10
66.4088667912221
 20
36.01068819495646
 10
66.02234363545426
 20
35.39158636728047
 10
65.58695922597445
 20
34.78304202611804
 10
65.10569607414575
 20
34.18801156501246
 10
64.58153669133122
 20
33.60945137750687
 10
64.017463588894
 20
33.05031785714465
 10
63.416459278197095
 20
32.51356739746896
 10
62.781506270603614
 20
32.00215639202298
 10
62.11558707747662
 20
31.51904123435
 10
61.4216842101792
 20
31.06717831799324
 10
60.70278018007442
 20
30.649524036495933
 10
59.5419799420626
 20
29.991622976446422
 10
58.584178563626885
 20
29.390024410231376
 10
57.82277343452542
 20
28.82768412714978
 10
57.25116194451636
 20
28.287557916500788
 10
56.8627414833578
 20
27.75260156758344
 10
56.650909440807915
 20
27.205770869696835
 10
56.609063206624846
 20
26.630021612140013
 10
56.730600170566724
 20
26.008309584211986
 10
57.00891772239171
 20
25.323590575211938
 10
57.43741325185791
 20
24.558820374438852
 10
58.00948414872348
 20
23.696954771191827
 10
58.8416319044912
 20
22.667837121658835
 10
59.71120448596688
 20
21.920140674148996
 10
60.63235772646379
 20
21.45911499976205
 10
61.61924745929517
 20
21.290009669597993
 10
62.6860295177743
 20
21.418074254756675
 10
63.846859735214366
 20
21.848558326337923
 10
65.11589394492876
 20
22.586711455441616
 10
66.50728798023064
 20
23.637783213167523
 10
68.0351976744333
 20
25.00702317061564
 10
69.71377886085003
 20
26.69968089888576
 10
71.55718737279403
 20
28.721005969077765
  0
LWPOLYLINE
  5
38
330
17
100
AcDbEntity
  8
CUT
100
AcDbPolyline
 90
78
 70
1
 10
134.13663630251037
 20
34.737823565422104
 10
133.59904959396493
 20
36.3499874605138
 10
133.1310758850943
 20
37.88014905294952
 10
132.73509147023952
 20
39.31323530492577
 10
132.4134726437416
 20
40.634173178639145
 10
132.16859569994162
 20
41.82788963628633
 10
132.00283693318065
 20
42.879311640063804
 10
131.91857263779968
 20
43.773366152168165
 10
131.91817910813984
 20
44.49498013479604
 10
132.00403263854216
 20
45.02908055014396
 10
132.17850952334769
 20
45.360594360408584
 10
132.44398605689744
 20
45.47444852778642
 10
132.56744651615674
 20
45.50168368931912
 10
132.6987414520888
 20
45.58075957211403
 10
132.83563133046738
 20
45.70773177346638
 10
132.97587661706612
 20
45.87865589067147
 10
133.11723777765877
 20
46.08958752102458
 10
133.25747527801906
 20
46.33658226182098
 10
133.39434958392064
 20
46.615695710355965
 10
133.5256211611373
 20
46.92298346392465
 10
133.64905047544275
 20
47.25450111982249
 10
133.76239799261063
 20
47.606304275344655
 10
133.86342417841473
 20
47.97444852778642
 10
133.97195604691692
 20
48.342592780228244
 10
134.10709592557382
 20
48.69439593575041
 10
134.2655172502511
 20
49.02591359164819
 10
134.44389345681452
 20
49.333201345216935
 10
134.63889798112973
 20
49.612314793751835
 10
134.8472042590625
 20
49.85930953454826
 10
135.0654857264785
 20
50.070241164901404
 10
135.2904158192435
 20
50.24116528210649
 10
135.51866797322313
 20
50.36813748345884
 10
135.7469156242832
 20
50.44721336625372
 10
135.97183220828933
 20
50.47444852778642
 10
136.42107354364975
 20
50.47501448543713
 10
136.78037204371572
 20
50.45985004042234
 10
137.0495745467522
 20
50.40366171579171
 10
137.22852789102424
 20
50.28115603459517
 10
137.31707891479675
 20
50.06703951988243
 10
137.31507445633477
 20
49.73601869470315
 10
137.22236135390332
 20
49.26280008210716
 10
137.03878644576739
 20
48.62209020514416
 10
136.76419657019196
 20
47.78859558686395
 10
136.39843856544204
 20
46.73702275031627
 10
135.94135926978265
 20
45.44207821855085
 10
135.61409038523095
 20
44.491777210087605
 10
135.35156057735284
 20
43.6678724858543
 10
135.1535672304384
 20
42.95231548623951
 10
135.01990772877784
 20
42.32705765163186
 10
134.95037945666124
 20
41.774050422419805
 10
134.94477979837882
 20
41.275245238992
 10
135.0029061382207
 20
40.81259354173696
 10
135.12455586047707
 20
40.368046771043225
 10
135.30952634943807
 20
39.92355636729934
 10
135.55761498939384
 20
39.46107377089393
 10
135.86861916463457
 20
38.962550422215514
 10
136.0879278703987
 20
38.59949410974008
 10
136.31201699142716
 20
38.17518125614609
 10
136.53753739563882
 20
37.69882898889546
 10
136.76113995095247
 20
37.17965443545009
 10
136.97947552528694
 20
36.62687472327198
 10
137.18919498656098
 20
36.049706979823014
 10
137.3869492026935
 20
35.457368332565125
 10
137.56938904160324
 20
34.859075908960165
 10
137.73316537120908
 20
34.26404683647013
 10
137.87492905942983
 20
33.681498242556955
 10
137.99133097418425
 20
33.120647254682524
 10
138.19282730613938
 20
31.724141608046097
 10
138.2230984970267
 20
30.661864975050634
 10
138.10242471918295
 20
29.925309129474755
 10
137.85108614494467
 20
29.505965845097307
 10
137.48936294664858
 20
29.395326895696883
 10
137.03753529663132
 20
29.584884055052328
 10
136.51588336722952
 20
30.066129096942348
 10
135.94468733077989
 20
30.83055379514559
 10
135.34422735961905
 20
31.869649923440818
 10
134.73478362608367
 20
33.174909255606735
 10
134.13663630251037
 20
34.737823565422104
  0
LWPOLYLINE
  5
39
330
17
100
AcDbEntity
  8
CUT
100
AcDbPolyline
 90
34
 70
1
 10
62.71852632119732
 20
34.27865620737086
 10
64.17980359111556
 20
36.0392176058871
 10
65.2463260177955
 20
37.96251093365234
 10
65.92832492242826
 20
39.99714528479444
 10
66.2360316262048
 20
42.091729753441456
 10
66.17967745031618
 20
44.19487343372114
 10
65.76949371595336
 20
46.25518541976152
 10
65.01571174430742
 20
48.221274805690484
 10
63.928562856569414
 20
50.04175068563592
 10
62.518278373930315
 20
51.66522215372575
 10
60.79508961758116
 20
53.04029830408794
 10
58.769227908712985
 20
54.115588230850335
 10
55.93256875859796
 20
54.94447834523447
 10
53.17223111436807
 20
55.09593159869331
 10
50.557195805444564
 20
54.641829679440264
 10
48.15644366124865
 20
53.654054275688935
 10
46.03895551120157
 20
52.20448707565282
 10
44.27371218472455
 20
50.36500976754539
 10
42.929694511238786
 20
48.20750403958013
 10
42.075883320165545
 20
45.80385157997051
 10
41.78125944092603
 20
43.225934076930116
 10
42.11480370294149
 20
40.54563321867232
 10
43.14549693563311
 20
37.83483069341074
 10
44.36920852495081
 20
35.88296234376463
 10
45.83178727909623
 20
34.233601873337705
 10
47.490654457690894
 20
32.89448530639061
 10
49.30323132035625
 20
31.87334866718402
 10
51.226939126713766
 20
31.177927979978705
 10
53.21919913638494
 20
30.81595926903529
 10
55.237432608991234
 20
30.79517855861451
 10
57.23906080415416
 20
31.12332187297693
 10
59.18150498149516
 20
31.808125236383376
 10
61.02218640063571
 20
32.85732467309444
 10
62.71852632119732
 20
34.27865620737086
  0
LWPOLYLINE
  5
3A
330
17
100
AcDbEntity
  8
CUT
100
AcDbPolyline
 90
34
 70
1
 10
33.82109754046655
 20
39.72909467332903
 10
33.58934696353393
 20
40.147533977690046
 10
33.34260325387253
 20
40.53840223322396
 10
33.085090044959145
 20
40.897835659429376
 10
32.821030970270535
 20
41.22197047580477
 10
32.55464966328352
 20
41.50694290184876
 10
32.29016975747488
 20
41.74888915705981
 10
32.031814886321406
 20
41.943945460936504
 10
31.783808683299902
 20
42.088248032977276
 10
31.55037478188715
 20
42.177933092680746
 10
31.33573681555994
 20
42.209136859545396
 10
31.144118417795077
 20
42.17799555306979
 10
30.74513514611573
 20
41.92712621967797
 10
30.458605129234428
 20
41.51956182227045
 10
30.2798170987072
 20
40.98514671241537
 10
30.204059786090106
 20
40.35372524168102
 10
30.226621922939167
 20
39.65514176163549
 10
30.342792240810432
 20
38.919240623846974
 10
30.547859471259947
 20
38.1758661798836
 10
30.837112345843757
 20
37.45486278131355
 10
31.205839596117904
 20
36.78607477970499
 10
31.64932995363843
 20
36.19934652662607
 10
32.16287214996136
 20
35.724522373645016
 10
32.80616991464685
 20
35.31712250299981
 10
33.368132266930466
 20
35.105489206712264
 10
33.843034344152
 20
35.07579708652244
 10
34.22515128365126
 20
35.21422074417046
 10
34.50875822276806
 20
35.50693478139627
 10
34.688130298842204
 20
35.94011379993998
 10
34.757542649213505
 20
36.499932401541685
 10
34.71127041122178
 20
37.17256518794136
 10
34.54358872220684
 20
37.94418676087912
 10
34.2487727195085
 20
38.80097172209497
 10
33.82109754046655
 20
39.72909467332903
  0
LWPOLYLINE
  5
3B
330
17
100
AcDbEntity
  8
CUT
100
AcDbPolyline
 90
56
 70
1
 10
40.51609738021747
 20
40.25367435326075
 10
40.279487111942665
 20
41.28979657232816
 10
40.146637802100706
 20
42.36897517279988
 10
40.114260015552844
 20
43.476623008729774
 10
40.179064317160275
 20
44.59815293417191
 10
40.33776127178422
 20
45.71897780318011
 10
40.58706144428594
 20
46.82451046980833
 10
40.923675399526665
 20
47.90016378811055
 10
41.34431370236762
 20
48.93135061214065
 10
41.845686917670044
 20
49.90348379595258
 10
42.42450561029516
 20
50.80197619360027
 10
43.0774803451042
 20
51.612240659137655
 10
43.61543007933308
 20
52.22503926325112
 10
43.99678774956162
 20
52.706414725212426
 10
44.21365256346579
 20
53.05493796286612
 10
44.25812372872156
 20
53.26917989405678
 10
44.122300453004826
 20
53.34771143662894
 10
43.79828194399159
 20
53.28910350842719
 10
43.27816740935777
 20
53.091927027296094
 10
42.554056056779366
 20
52.754752911080175
 10
41.6180470939323
 20
52.276152077623976
 10
40.46223972849253
 20
51.654695444772074
 10
39.07873316813601
 20
50.88895393036904
 10
37.73730488342425
 20
50.10193580958969
 10
36.640592472139794
 20
49.358507360552665
 10
35.78205281370849
 20
48.62707311216741
 10
35.15514278755618
 20
47.876037593343455
 10
34.753319273108744
 20
47.07380533299013
 10
34.57003914979203
 20
46.18878086001695
 10
34.5987592970319
 20
45.18936870333329
 10
34.832936594254214
 20
44.043973391848624
 10
35.26602792088484
 20
42.72099945447229
 10
35.89149015634962
 20
41.18885142011382
 10
36.70278018007442
 20
39.41593381768263
 10
37.159756345619336
 20
38.4728272568679
 10
37.57222899829395
 20
37.67047767736878
 10
37.94574036189608
 20
37.003227900644106
 10
38.28583266022344
 20
36.465420748153065
 10
38.59804811707383
 20
36.0513990413545
 10
38.88792895624499
 20
35.755505601707426
 10
39.161017401534714
 20
35.57208325067077
 10
39.422855676740745
 20
35.49547480970358
 10
39.678986005660875
 20
35.52002310026472
 10
39.93495061209285
 20
35.640070943813214
 10
40.19629171983444
 20
35.84996116180804
 10
40.41921017909368
 20
36.09137890461926
 10
40.6027245854943
 20
36.3558365536629
 10
40.74704660882877
 20
36.64624879486462
 10
40.8523879188895
 20
36.96553031415027
 10
40.91896018546899
 20
37.316595797445586
 10
40.94697507835969
 20
37.70235993067621
 10
40.93664426735406
 20
38.125737399767985
 10
40.88817942224457
 20
38.58964289064659
 10
40.80179221282366
 20
39.09699108923775
 10
40.67769430888381
 20
39.650696681467196
 10
40.51609738021747
 20
40.25367435326075
  0
LWPOLYLINE
  5
3C
330
17
100
AcDbEntity
  8
CUT
100
AcDbPolyline
 90
34
 70
1
 10
151.13589421516215
 20
38.66194852778642
 10
151.0509523975459
 20
38.853938709590295
 10
150.9705710864096
 20
38.99510299798999
 10
150.89523128460596
 20
39.08592239583837
 10
150.82541399498788
 20
39.126877905988266
 10
150.76160022040818
 20
39.11845053129255
 10
150.70427096371972
 20
39.06112127460409
 10
150.6539072277753
 20
38.95537113877572
 10
150.61099001542786
 20
38.80168112666024
 10
150.57600032953016
 20
38.6005322411105
 10
150.5494191729351
 20
38.352405484979386
 10
150.53172754849547
 20
38.057781861119736
 10
150.5266837712273
 20
37.78211976495146
 10
150.53468420290383
 20
37.53151401739328
 10
150.5549001729567
 20
37.30803542986504
 10
150.5865030108177
 20
37.1137548137869
 10
150.62866404591858
 20
36.95074298057881
 10
150.68055460769116
 20
36.82107074166069
 10
150.7413460255672
 20
36.7268089084526
 10
150.8102096289784
 20
36.67002829237444
 10
150.88631674735663
 20
36.652799704846245
 10
150.96883871013364
 20
36.67719395728804
 10
151.0569468467411
 20
36.745281861119736
 10
151.14019326811007
 20
36.8485485152645
 10
151.20859949216003
 20
36.975082449649705
 10
151.26204095880564
 20
37.12185962220164
 10
151.3003931079614
 20
37.285855990846784
 10
151.32353137954195
 20
37.464047513511446
 10
151.33133121346182
 20
37.65341014812199
 10
151.32366804963564
 20
37.850919852604875
 10
151.300417327978
 20
38.05355258488635
 10
151.26145448840347
 20
38.25828430289286
 10
151.2066549708267
 20
38.462090964550754
 10
151.13589421516215
 20
38.66194852778642
  0
LWPOLYLINE
  5
3D
330
17
100
AcDbEntity
  8
CUT
100
AcDbPolyline
 90
60
 70
1
 10
72.02323465080639
 20
48.37170177729496
 10
71.00607682940534
 20
49.05895550305186
 10
70.18100918704047
 20
49.78151512574257
 10
69.54737594739805
 20
50.54936969974389
 10
69.10452133416436
 20
51.37250827943237
 10
68.85178957102579
 20
52.26091991918469
 10
68.78852488166865
 20
53.22459367337743
 10
68.91407148977922
 20
54.273518596387305
 10
69.22777361904389
 20
55.417683742590896
 10
69.72897549314897
 20
56.66707816636483
 10
70.41702133578076
 20
58.0316909220858
 10
71.29125537062558
 20
59.52151106413038
 10
71.73886853565105
 20
60.25086924810981
 10
72.15535310668929
 20
60.94785285963707
 10
72.53668851056207
 20
61.60464734674093
 10
72.87885417409103
 20
62.21343815745027
 10
73.177829524098
 20
62.76641073979383
 10
73.42959398740459
 20
63.25575054180044
 10
73.63012699083254
 20
63.673643011498825
 10
73.77540796120365
 20
64.01227359691785
 10
73.86141632533955
 20
64.26382774608624
 10
73.88413151006202
 20
64.42049090703284
 10
73.83953294219273
 20
64.47444852778642
 10
73.6586826052158
 20
64.44039056659199
 10
73.28579782583952
 20
64.34150503788263
 10
72.7365910457219
 20
64.18272447396913
 10
72.02677470652091
 20
63.96898140716266
 10
71.17206124989454
 20
63.70520836977391
 10
70.18816311750084
 20
63.39633789411394
 10
69.09079275099774
 20
63.047302512493616
 10
67.89566259204327
 20
62.66303475722384
 10
66.61848508229545
 20
62.248467160615576
 10
65.27497266341226
 20
61.808532254979724
 10
63.88083777705168
 20
61.34816257262722
 10
61.49737310983438
 20
60.53443989901348
 10
59.45896435593898
 20
59.78906564312379
 10
57.76829974237808
 20
59.113967516413226
 10
56.428067496164225
 20
58.511073230336876
 10
55.44095584431003
 20
57.98231049634981
 10
54.80965301382809
 20
57.529607025907126
 10
54.53684723173098
 20
57.15489053046386
 10
54.62522672503132
 20
56.86008872147508
 10
55.07747972074167
 20
56.64712931039588
 10
55.89629444587465
 20
56.51794000868128
 10
57.08435912744283
 20
56.47444852778642
 10
58.17388339857147
 20
56.29105192400644
 10
59.41123272679301
 20
55.77641409215116
 10
60.74339666319903
 20
54.98386300144742
 10
62.11736475888105
 20
53.966726621122405
 10
63.48012656493066
 20
52.77833292040302
 10
64.7786716324394
 20
51.47200986851627
 10
65.95998951249882
 20
50.10108543468914
 10
66.97106975620048
 20
48.71888758814862
 10
67.75890191463594
 20
47.37874429812169
 10
68.27047553889673
 20
46.13398353383539
 10
68.45278018007443
 20
45.03793326451665
 10
68.45278018007443
 20
42.33826010651006
 10
71.56394879902479
 20
44.55360756665678
 10
74.67511741797517
 20
46.768955026803496
 10
72.02323465080639
 20
48.37170177729496
  0
LWPOLYLINE
  5
3E
330
17
100
AcDbEntity
  8
CUT
100
AcDbPolyline
 90
67
 70
1
 10
94.45278018007443
 20
52.52759124777873
 10
96.8022418245042
 20
53.578679616838116
 10
99.22383678953454
 20
54.734311906700384
 10
101.69547099384656
 20
55.981657786782336
 10
104.19505035612116
 20
57.30788692650077
 10
106.7004807950394
 20
58.70016899527238
 10
109.18966822928229
 20
60.145673662513985
 10
111.64051857753086
 20
61.63157059764225
 10
114.03093775846614
 20
63.14502947007395
 10
116.33883169076915
 20
64.67321994922591
 10
118.5421062931209
 20
66.20331170451482
 10
120.6186674842024
 20
67.72247440535745
 10
122.21443804498739
 20
68.92850393580446
 10
123.52188699101006
 20
69.93634971781336
 10
124.56061645893328
 20
70.77336361338286
 10
125.35022858541996
 20
71.46689748451175
 10
125.91032550713305
 20
72.04430319319874
 10
126.26050936073545
 20
72.53293260144258
 10
126.42038228289007
 20
72.96013757124194
 10
126.40954641025982
 20
73.3532699645956
 10
126.24760387950766
 20
73.73968164350225
 10
125.95415682729646
 20
74.14672446996067
 10
125.54880739028917
 20
74.60175030596955
 10
125.10355954803106
 20
75.0458905687803
 10
124.62530956373237
 20
75.40389157425443
 10
124.03700106134346
 20
75.67745087185833
 10
123.26157766481447
 20
75.8682660110585
 10
122.2219829980956
 20
75.97803454132125
 10
120.84116068513708
 20
76.00845401211308
 10
119.04205434988916
 20
75.96122197290038
 10
116.74760761630202
 20
75.83803597314952
 10
113.8807641083259
 20
75.64059356232696
 10
110.36446744991105
 20
75.37059228989904
 10
106.12166126500762
 20
75.02972970533222
 10
101.16302468991796
 20
74.62455542405567
 10
97.08373113978456
 20
74.25634403817972
 10
93.74628604539532
 20
73.87117648776541
 10
91.01319483753807
 20
73.41513371287363
 10
88.7469629470007
 20
72.83429665356542
 10
86.81009580457103
 20
72.07474624990161
 10
85.06509884103707
 20
71.08256344194325
 10
83.3744774871866
 20
69.80382916975122
 10
81.60073717380757
 20
68.18462437338653
 10
79.6063833316878
 20
66.17102999291006
 10
77.2539213916152
 20
63.709126968382805
 10
75.59251291770747
 20
61.90923750324234
 10
74.17551828598388
 20
60.249998946895346
 10
73.00072011307009
 20
58.725876487758086
 10
72.06590101559172
 20
57.3313353142471
 10
71.36884361017451
 20
56.0608406147787
 10
70.90733051344407
 20
54.908857577769226
 10
70.67914434202606
 20
53.86985139163508
 10
70.6820677125462
 20
52.938287244792605
 10
70.91388324163012
 20
52.108630325658226
 10
71.37237354590349
 20
51.375345822648285
 10
72.05532124199198
 20
50.73289892417918
 10
73.07378553559121
 20
50.21680189410952
 10
74.50576294490926
 20
49.853380542190195
 10
76.28126032051563
 20
49.63702636754897
 10
78.33028451297963
 20
49.56213086931385
 10
80.58284237287077
 20
49.62308554661263
 10
82.9689407507584
 20
49.81428189857317
 10
85.418586497212
 20
50.130111424323445
 10
87.86178646280098
 20
50.564965622991224
 10
90.22854749809477
 20
51.11323599370448
 10
92.44887645366279
 20
51.76931403559101
 10
94.45278018007443
 20
52.52759124777873
  0
LWPOLYLINE
  5
3F
330
17
100
AcDbEntity
  8
CUT
100
AcDbPolyline
 90
38
 70
1
 10
40.31732070965875
 20
56.33073393507948
 10
40.1522765613146
 20
56.82344491321348
 10
40.035511513725055
 20
57.312926353967754
 10
39.968129643111105
 20
57.80606958487249
 10
39.95123502569367
 20
58.30976593345798
 10
39.98593173769374
 20
58.83090672725436
 10
40.073323855332255
 20
59.376383293791974
 10
40.2145154548302
 20
59.9530869606009
 10
40.41061061240853
 20
60.56790905521143
 10
40.662713404288205
 20
61.22774090515372
 10
40.97192790669019
 20
61.939473837958076
 10
41.33935819583544
 20
62.70999918115464
 10
43.28876461048018
 20
66.65009930000559
 10
40.6207723952773
 20
65.9992232794057
 10
39.346850649371476
 20
65.63811171172887
 10
38.24883706759978
 20
65.21176444658735
 10
37.319233894215195
 20
64.70711509909785
 10
36.550543373470674
 20
64.11109728437717
 10
35.93526774961922
 20
63.41064461754206
 10
35.465909266913826
 20
62.592690713709146
 10
35.13497016960748
 20
61.64416918799532
 10
34.93495270195316
 20
60.55201365551713
 10
34.858359108203864
 20
59.30315773139142
 10
34.89769163261256
 20
57.884535030734924
 10
35.04545251943225
 20
56.283079168664386
 10
35.700500718604545
 20
50.70964122491236
 10
38.47259517836567
 20
52.30060501638383
 10
39.06948780639159
 20
52.65492721233875
 10
39.5662338552408
 20
52.98040055470028
 10
39.96760283083891
 20
53.28744487201891
 10
40.27836423911153
 20
53.58647999284506
 10
40.50328758598431
 20
53.88792574572929
 10
40.647142377382835
 20
54.20220195922204
 10
40.71469811923276
 20
54.53972846187372
 10
40.710724317459686
 20
54.91092508223488
 10
40.63999047798925
 20
55.32621164885586
 10
40.50726610674706
 20
55.79600799028728
 10
40.31732070965875
 20
56.33073393507948
  0
LWPOLYLINE
  5
40
330
17
100
AcDbEntity
  8
CUT
100
AcDbPolyline
 90
34
 70
1
 10
32.266138664162554
 20
54.72444852778642
 10
32.11842933561487
 20
55.62533101823584
 10
31.874365857882566
 20
56.395975973368934
 10
31.553887890648035
 20
57.028473961553345
 10
31.17693509359362
 20
57.514915551156605
 10
30.763447126401715
 20
57.84739131054647
 10
30.333363648754684
 20
58.01799180809036
 10
29.906624320334913
 20
58.01880761215605
 10
29.503168800824767
 20
57.84192929111106
 10
29.142936749906625
 20
57.47944741332299
 10
28.845867827262857
 20
56.92345254715951
 10
28.631901692575845
 20
56.166035260988224
 10
28.531133806706023
 20
55.46297501696287
 10
28.503335126379866
 20
54.795212470092395
 10
28.545160152293832
 20
54.16941854527107
 10
28.653263385144363
 20
53.59226416739318
 10
28.824299325627912
 20
53.07042026135309
 10
29.054922474440936
 20
52.61055775204508
 10
29.341787332279864
 20
52.21934756436343
 10
29.681548399841184
 20
51.90346062320245
 10
30.07086017782131
 20
51.669567853456385
 10
30.506377166916714
 20
51.524340180019635
 10
30.984753867823848
 20
51.47444852778642
 10
31.289653034732268
 20
51.49516905283454
 10
31.55251350132876
 20
51.55978621961248
 10
31.77478752505275
 20
51.671983415570736
 10
31.957927363343607
 20
51.83544402815983
 10
32.10338527364077
 20
52.0538514448302
 10
32.21261351338361
 20
52.330889053032365
 10
32.28706434001156
 20
52.67024024021677
 10
32.328190010964036
 20
53.07558839383387
 10
32.337442783680416
 20
53.550616901334195
 10
32.316274915600125
 20
54.09900915016823
 10
32.266138664162554
 20
54.72444852778642
  0
LWPOLYLINE
  5
41
330
17
100
AcDbEntity
  8
CUT
100
AcDbPolyline
 90
34
 70
1
 10
123.53172754849547
 20
53.057781861119736
 10
123.54941917293507
 20
53.352405484979414
 10
123.57600032953013
 20
53.60053224111056
 10
123.61099001542786
 20
53.80168112666024
 10
123.65390722777533
 20
53.95537113877569
 10
123.7042709637197
 20
54.06112127460409
 10
123.76160022040818
 20
54.11845053129258
 10
123.82541399498788
 20
54.126877905988266
 10
123.89523128460596
 20
54.08592239583834
 10
123.97057108640959
 20
53.99510299798993
 10
124.05095239754596
 20
53.85393870959027
 10
124.13589421516215
 20
53.66194852778642
 10
124.20665497082666
 20
53.46209096455081
 10
124.26145448840344
 20
53.25828430289289
 10
124.30041732797798
 20
53.05355258488635
 10
124.32366804963564
 20
52.850919852604875
 10
124.33133121346182
 20
52.65341014812199
 10
124.32353137954192
 20
52.464047513511446
 10
124.30039310796141
 20
52.28585599084681
 10
124.26204095880564
 20
52.12185962220164
 10
124.20859949216006
 20
51.975082449649676
 10
124.1401932681101
 20
51.8485485152645
 10
124.05694684674111
 20
51.745281861119736
 10
123.96883871013358
 20
51.67719395728804
 10
123.88631674735663
 20
51.65279970484633
 10
123.81020962897841
 20
51.67002829237444
 10
123.7413460255672
 20
51.72680890845257
 10
123.68055460769116
 20
51.82107074166069
 10
123.62866404591861
 20
51.95074298057878
 10
123.5865030108177
 20
52.1137548137869
 10
123.55490017295668
 20
52.30803542986507
 10
123.53468420290383
 20
52.53151401739322
 10
123.52668377122737
 20
52.78211976495143
 10
123.53172754849547
 20
53.057781861119736
  0
LWPOLYLINE
  5
42
330
17
100
AcDbEntity
  8
CUT
100
AcDbPolyline
 90
58
 70
1
 10
62.45278018007443
 20
62.091515937060564
 10
63.87232951788715
 20
62.57786172142093
 10
65.26899596516668
 20
63.04350383396127
 10
66.62480717267493
 20
63.48317055275993
 10
67.92179079117378
 20
63.89159015589533
 10
69.14197447142516
 20
64.26349092144588
 10
70.26738586419094
 20
64.59360112748996
 10
71.2800526202331
 20
64.87664905210588
 10
72.16200239031355
 20
65.10736297337209
 10
72.89526282519418
 20
65.28047116936696
 10
73.4618615756369
 20
65.39070191816887
 10
73.84382629240363
 20
65.43278349785624
 10
74.49317143662364
 20
65.59998861448923
 10
75.46949719668692
 20
66.04427437639825
 10
76.69087765398663
 20
66.70995556363533
 10
78.07538688991593
 20
67.54134695625231
 10
79.54109898586793
 20
68.48276333430124
 10
81.00608802323586
 20
69.47851947783403
 10
82.38842808341283
 20
70.47293016690259
 10
83.60619324779202
 20
71.41031018155886
 10
84.57745759776657
 20
72.23497430185478
 10
85.22029521472965
 20
72.89123730784232
 10
85.45278018007443
 20
73.32341397957342
 10
85.0468032996082
 20
73.44544518606347
 10
83.90696588973483
 20
73.47896553146916
 10
82.15040779774239
 20
73.43318813273316
 10
79.89426887091884
 20
73.31732610679825
 10
77.25568895655215
 20
73.14059257060717
 10
74.35180790193033
 20
72.91220064110263
 10
71.2997655543414
 20
72.6413634352273
 10
68.21670176107335
 20
72.33729406992393
 10
65.21975636941417
 20
72.00920566213523
 10
62.42606922665186
 20
71.66631132880391
 10
59.95278018007442
 20
71.31782418687271
 10
56.61045366365207
 20
70.69785508846249
 10
53.56683790178652
 20
69.9128716653108
 10
50.83529209586422
 20
68.97331575786819
 10
48.42917544727166
 20
67.88962920658537
 10
46.36184715739536
 20
66.67225385191287
 10
44.646666427621795
 20
65.33163153430121
 10
43.29699245933747
 20
63.87820409420107
 10
42.32618445392887
 20
62.322413372062925
 10
41.74760161278248
 20
60.67470120833741
 10
41.57460313728483
 20
58.94550944347509
 10
41.82054822882238
 20
57.14527991792656
 10
42.48078865366442
 20
54.514672533719846
 10
47.71678441686942
 20
56.65329296995745
 10
48.591318729106966
 20
57.004167381828324
 10
49.62862301644602
 20
57.40948434220158
 10
50.805447398268484
 20
57.86066363452497
 10
52.0985419939562
 20
58.349125042246385
 10
53.48465692289103
 20
58.86628834881367
 10
54.94054230445486
 20
59.403573337674715
 10
56.44294825802955
 20
59.95239979227739
 10
57.968624902996986
 20
60.50418749606942
 10
59.49432235873903
 20
61.05035623249873
 10
60.99679074463756
 20
61.582325785013154
 10
62.45278018007443
 20
62.091515937060564
  0
LWPOLYLINE
  5
43
330
17
100
AcDbEntity
  8
CUT
100
AcDbPolyline
 90
34
 70
1
 10
39.45278018007442
 20
70.08295644948495
 10
39.371926679802925
 20
70.66287146789011
 10
39.149047232077464
 20
71.06704878950592
 10
38.81366341653156
 20
71.30663942769988
 10
38.39529681279875
 20
71.39279439583973
 10
37.923469000512526
 20
71.33666470729304
 10
37.427701559306435
 20
71.14940137542735
 10
36.93751606881397
 20
70.84215541361036
 10
36.48243410866869
 20
70.42607783520958
 10
36.0919772585041
 20
69.91231965359265
 10
35.795667097953725
 20
69.31203188212717
 10
35.623025206651086
 20
68.63636553418075
 10
35.55579280591572
 20
68.12050742379438
 10
35.517897141871686
 20
67.69688298569349
 10
35.51464752294361
 20
67.36183759360975
 10
35.55135325755615
 20
67.11171662127475
 10
35.63332365413394
 20
66.94286544242016
 10
35.76586802110162
 20
66.85162943077756
 10
35.95429566688384
 20
66.8343539600786
 10
36.20391589990525
 20
66.8873844040549
 10
36.5200380285905
 20
67.00706613643808
 10
36.907971361364226
 20
67.18974453095979
 10
37.373025206651086
 20
67.43176496135163
 10
37.679285142632274
 20
67.6124269059174
 10
37.97195088757757
 20
67.81770878342428
 10
38.24774108503003
 20
68.04342764712166
 10
38.503374378532705
 20
68.28540055025897
 10
38.73556941162865
 20
68.53944454608552
 10
38.94104482786094
 20
68.80137668785076
 10
39.11651927077261
 20
69.06701402880407
 10
39.25871138390674
 20
69.33217362219472
 10
39.36433981080638
 20
69.59267252127219
 10
39.430123195014595
 20
69.8443277792858
 10
39.45278018007442
 20
70.08295644948495
  0
LWPOLYLINE
  5
44
330
17
100
AcDbEntity
  8
CUT
100
AcDbPolyline
 90
67
 70
1
 10
48.59861351340775
 20
70.1026886056436
 10
49.09337960980789
 20
70.23048496704504
 10
49.540786023436546
 20
70.38783985563231
 10
49.94313314399996
 20
70.57721079665183
 10
50.30272136120433
 20
70.80105531534997
 10
50.62185106475589
 20
71.06183093697328
 10
50.90282264436086
 20
71.36199518676807
 10
51.14793648972549
 20
71.70400558998088
 10
51.359492990556
 20
72.090319671858
 10
51.539792536558615
 20
72.5233949576459
 10
51.69113551743956
 20
73.005688972591
 10
51.81582232290507
 20
73.53965924193972
 10
51.958114626320025
 20
74.10308084383792
 10
52.157585507213874
 20
74.64100315499539
 10
52.420003162763614
 20
75.15929863962424
 10
52.75113579014626
 20
75.66383976193669
 10
53.156751586538824
 20
76.16049898614486
 10
53.64261874911832
 20
76.65514877646098
 10
54.21450547506176
 20
77.15366159709708
 10
54.87817996154616
 20
77.6619099122654
 10
55.63941040574853
 20
78.18576618617811
 10
56.503965004845874
 20
78.73110288304736
 10
57.47761195601522
 20
79.30379246708526
 10
59.2027369263353
 20
80.35797717863773
 10
60.39466345575014
 20
81.23008437752438
 10
61.08531066868219
 20
81.91523571438955
 10
61.30659768955386
 20
82.40855283987767
 10
61.09044364278757
 20
82.7051574046331
 10
60.46876765280579
 20
82.80017105930014
 10
59.47348884403093
 20
82.68871545452319
 10
58.13652634088543
 20
82.36591224094656
 10
56.489799267791746
 20
81.8268830692146
 10
54.56522674917229
 20
81.06674958997175
 10
52.3947279094495
 20
80.08063345386228
 10
50.80706411329307
 20
79.25293525776888
 10
49.281945225612766
 20
78.33744919716517
 10
47.838052361936825
 20
77.3527347459617
 10
46.494066637793445
 20
76.31735137806933
 10
45.26866916871089
 20
75.24985856739875
 10
44.18054107021742
 20
74.16881578786067
 10
43.24836345784124
 20
73.09278251336588
 10
42.49081744711062
 20
72.04031821782505
 10
41.92658415355378
 20
71.0299823751489
 10
41.57434469269897
 20
70.0803344592482
 10
41.45278018007442
 20
69.20993394403368
 10
41.47729182545383
 20
69.07425819871631
 10
41.54846011996923
 20
68.95820045538872
 10
41.662735101186364
 20
68.86227828811172
 10
41.81656680667096
 20
68.78700927094621
 10
42.00640527398877
 20
68.73291097795294
 10
42.228700540705525
 20
68.70050098319277
 10
42.47990264438696
 20
68.69029686072642
 10
42.756461622598835
 20
68.70281618461476
 10
43.054827512906876
 20
68.7385765289186
 10
43.37145035287683
 20
68.79809546769872
 10
43.70278018007442
 20
68.88189057501597
 10
44.062933886560764
 20
68.98255886061636
 10
44.463245369155295
 20
69.09106819979101
 10
44.89599017256127
 20
69.20549246491828
 10
45.353443841481884
 20
69.32390552837666
 10
45.82788192062037
 20
69.44438126254454
 10
46.31157995467997
 20
69.56499353980044
 10
46.79681348836392
 20
69.68381623252264
 10
47.27585806637544
 20
69.79892321308964
 10
47.740989233417764
 20
69.90838835387984
 10
48.18448253419413
 20
70.01028552727169
 10
48.59861351340775
 20
70.1026886056436
  0
LWPOLYLINE
  5
45
330
17
100
AcDbEntity
  8
CUT
100
AcDbPolyline
 90
60
 70
1
 10
67.22541506594098
 20
73.4154562080858
 10
68.72302104818749
 20
73.57189080258931
 10
70.56793876860615
 20
73.74443298285402
 10
72.7156321890754
 20
73.9298195206901
 10
75.12156527147374
 20
74.12478718790774
 10
77.7412019776798
 20
74.32607275631707
 10
80.53000626957203
 20
74.53041299772832
 10
83.44344210902895
 20
74.73454468395164
 10
86.43697345792913
 20
74.93520458679711
 10
89.4660642781511
 20
75.12912947807496
 10
92.48617853157336
 20
75.31305612959534
 10
95.45278018007443
 20
75.48372131316842
 10
101.21722870899379
 20
75.81309854464126
 10
106.22440993741967
 20
76.11823849953205
 10
110.51820730601284
 20
76.40375978923728
 10
114.14250425543409
 20
76.67428102515353
 10
117.14118422634417
 20
76.93442081867738
 10
119.5581306594039
 20
77.1887977812053
 10
121.43722699527405
 20
77.44203052413388
 10
122.8223566746154
 20
77.69873765885961
 10
123.7574031380887
 20
77.96353779677912
 10
124.2862498263548
 20
78.2410495492889
 10
124.45278018007443
 20
78.53589152778551
 10
124.34641569925898
 20
78.92988585195567
 10
123.96972017081589
 20
79.27268039591755
 10
123.23629046574999
 20
79.57245285177669
 10
122.05972345506609
 20
79.83738091163869
 10
120.35361600976898
 20
80.07564226760897
 10
118.03156500086354
 20
80.29541461179309
 10
115.00716729935453
 20
80.50487563629653
 10
111.19401977624685
 20
80.7122030332248
 10
106.50571930254523
 20
80.92557449468336
 10
100.85586274925458
 20
81.15316771277782
 10
94.15804698737966
 20
81.40316037961361
 10
67.3633137946849
 20
82.37847602648918
 10
61.354015418550055
 20
79.7723168176044
 10
60.24847048448806
 20
79.27565480845851
 10
59.23822766185558
 20
78.78513292149049
 10
58.31942860125326
 20
78.29789305872168
 10
57.48821495328172
 20
77.81107712217371
 10
56.74072836854162
 20
77.32182701386805
 10
56.07311049763364
 20
76.82728463582606
 10
55.48150299115837
 20
76.32459189006929
 10
54.962047499716526
 20
75.81089067861916
 10
54.510885673908724
 20
75.28332290349721
 10
54.124159164335616
 20
74.73903046672487
 10
53.798009621597835
 20
74.17515527032361
 10
52.25130220078048
 20
71.18415293192763
 10
55.374676076294
 20
71.80882770703033
 10
55.92969341194807
 20
71.91151334560769
 10
56.64526816640991
 20
72.03047791152758
 10
57.50270270490996
 20
72.16318652886793
 10
58.48329939267868
 20
72.30710432170676
 10
59.56836059494652
 20
72.45969641412208
 10
60.73918867694393
 20
72.61842793019179
 10
61.977086003901434
 20
72.78076399399393
 10
63.263354941049414
 20
72.94416972960639
 10
64.57929785361836
 20
73.1061102611072
 10
65.90621710683874
 20
73.26405071257435
 10
67.22541506594098
 20
73.4154562080858
  0
LWPOLYLINE
  5
46
330
17
100
AcDbEntity
  8
CUT
100
AcDbPolyline
 90
67
 70
1
 10
164.35278018007443
 20
80.57444852778642
 10
163.95210615160016
 20
80.98945204596316
 10
163.6180069006438
 20
81.36845186683658
 10
163.34931927750011
 20
81.71547929132632
 10
163.14488013246395
 20
82.03456562035197
 10
163.0035263158301
 20
82.32974215483321
 10
162.92409467789335
 20
82.60504019568964
 10
162.90542206894852
 20
82.8644910438409
 10
162.94634533929045
 20
83.11212600020656
 10
163.0457013392139
 20
83.35197636570629
 10
163.20232691901373
 20
83.58807344125967
 10
163.4150589289847
 20
83.82444852778642
 10
163.6461049889703
 20
84.03594427743437
 10
163.86232567107118
 20
84.19638133532456
 10
164.0662881221806
 20
84.30504318509668
 10
164.26055948919182
 20
84.36121331039044
 10
164.44770691899808
 20
84.3641751948455
 10
164.6302975584927
 20
84.3132123221016
 10
164.81089855456898
 20
84.20760817579838
 10
164.99207705412013
 20
84.04664623957555
 10
165.1764002040395
 20
83.82960999707285
 10
165.36643515122034
 20
83.55578293192988
 10
165.56474904255592
 20
83.22444852778642
 10
165.9369211528114
 20
82.68940486976533
 10
166.38373559879952
 20
82.25504029111403
 10
166.89118516512272
 20
81.92194952439547
 10
167.44526263638355
 20
81.69072730217272
 10
168.03196079718452
 20
81.56196835700877
 10
168.6372724321281
 20
81.5362674214665
 10
169.2471903258169
 20
81.61421922810908
 10
169.84770726285342
 20
81.79641850949932
 10
170.4248160278402
 20
82.08345999820031
 10
170.9645094053797
 20
82.47593842677503
 10
171.45278018007443
 20
82.97444852778642
 10
171.87820939387584
 20
83.44635904702656
 10
172.29023996924258
 20
83.82524244541418
 10
172.6831579895814
 20
84.11099072236684
 10
173.0512495382987
 20
84.30349587730208
 10
173.38880069880125
 20
84.40264990963755
 10
173.69009755449554
 20
84.40834481879065
 10
173.94942618878818
 20
84.320472604179
 10
174.16107268508583
 20
84.13892526522011
 10
174.31932312679498
 20
83.86359480133154
 10
174.41846359732233
 20
83.49437321193079
 10
174.45278018007443
 20
83.03115249643548
 10
174.36237451392665
 20
82.52576773760245
 10
174.1067495133692
 20
81.9872300984274
 10
173.70929317523093
 20
81.43266646859112
 10
173.19339349634058
 20
80.87920373777439
 10
172.58243847352693
 20
80.34396879565796
 10
171.89981610361883
 20
79.84408853192252
 10
171.168914383445
 20
79.39668983624884
 10
170.41312130983434
 20
79.01889959831766
 10
169.6558248796156
 20
78.72784470780965
 10
168.92041308961754
 20
78.54065205440571
 10
168.230273936669
 20
78.47444852778642
 10
167.94564675688494
 20
78.49732606347388
 10
167.62909185034087
 20
78.56374980502162
 10
167.28672697578122
 20
78.67040645415759
 10
166.92466989195034
 20
78.81398271260983
 10
166.54903835759276
 20
78.99116528210646
 10
166.1659501314529
 20
79.19864086437545
 10
165.78152297227516
 20
79.43309616114479
 10
165.401874638804
 20
79.69121787414255
 10
165.03312288978387
 20
79.96969270509669
 10
164.6813854839592
 20
80.2652073557353
 10
164.35278018007443
 20
80.57444852778642
  0
LWPOLYLINE
  5
47
330
17
100
AcDbEntity
  8
CUT
100
AcDbPolyline
 90
78
 70
1
 10
122.65223054569148
 20
84.72444852778642
 10
122.69788445811272
 20
85.08029000036348
 10
122.73332997791755
 20
85.46808113484883
 10
122.75864130121346
 20
85.88072200637396
 10
122.77389262410782
 20
86.31111269007042
 10
122.7791581427081
 20
86.75215326106968
 10
122.77451205312184
 20
87.19674379450319
 10
122.7600285514564
 20
87.63778436550243
 10
122.73578183381935
 20
88.06817504919889
 10
122.70184609631804
 20
88.48081592072407
 10
122.65829553506
 20
88.8686070552094
 10
122.6052043461527
 20
89.22444852778642
 10
122.49368706436974
 20
89.78083878422368
 10
122.31352615182456
 20
90.23705223290955
 10
121.98280093259513
 20
90.60308832960303
 10
121.41959073075913
 20
90.88894653006315
 10
120.5419748703944
 20
91.10462629004891
 10
119.26803267557875
 20
91.26012706531932
 10
117.51584347038997
 20
91.36544831163332
 10
115.20348657890588
 20
91.43058948474993
 10
112.24904132520427
 20
91.46555004042816
 10
108.57058703336298
 20
91.48032943442698
 10
104.08620302745979
 20
91.48492712250541
 10
100.73187913454214
 20
91.50714254515051
 10
97.28662560890189
 20
91.57002029947716
 10
93.74901984311148
 20
91.67364461726643
 10
90.1176392297433
 20
91.81809973029956
 10
86.39106116136983
 20
92.00346987035755
 10
82.5678630305635
 20
92.22983926922166
 10
78.64662222989674
 20
92.49729215867296
 10
74.62591615194202
 20
92.80591277049263
 10
70.50432218927176
 20
93.15578533646175
 10
66.28041773445841
 20
93.54699408836149
 10
61.95278018007443
 20
93.979623257973
 10
54.4829954901842
 20
94.75664726825542
 10
48.48166298064558
 20
95.37801508488238
 10
43.7989323625322
 20
95.84224968524134
 10
40.284953346917646
 20
96.14787404671983
 10
37.78987564487556
 20
96.29341114670538
 10
36.16384896747956
 20
96.27738396258542
 10
35.25702302580327
 20
96.09831547174744
 10
34.91954753092032
 20
95.754728651579
 10
35.00157219390433
 20
95.24514647946751
 10
35.35324672582892
 20
94.56809193280051
 10
35.82472083776771
 20
93.72208798896551
 10
36.608365274622884
 20
92.28713000462352
 10
37.39385985339066
 20
91.07372369395475
 10
38.24455543763508
 20
90.05572640956933
 10
39.223802890920226
 20
89.20699550407753
 10
40.39495307681013
 20
88.5013883300895
 10
41.821356858868874
 20
87.91276224021544
 10
43.5663651006605
 20
87.41497458706553
 10
45.693328665749085
 20
86.9818827232499
 10
48.265598417698676
 20
86.58734400137882
 10
51.34652522007334
 20
86.20521577406245
 10
54.99945993643713
 20
85.80935539391098
 10
59.72586953003597
 20
85.34184010478086
 10
64.61818799969012
 20
84.90299001862965
 10
69.63713216708402
 20
84.49509730438604
 10
74.74341885390211
 20
84.12045413097866
 10
79.8977648818288
 20
83.78135266733611
 10
85.06088707254855
 20
83.480085082387
 10
90.19350224774581
 20
83.21894354506
 10
95.25632722910501
 20
83.00022022428368
 10
100.21007883831058
 20
82.82620728898672
 10
105.01547389704697
 20
82.69919690809769
 10
109.6332292269986
 20
82.62148125054523
 10
112.73163284832268
 20
82.58823336885101
 10
115.28124563034447
 20
82.57308595014311
 10
117.33734064970494
 20
82.58496728843139
 10
118.95519098304499
 20
82.63280567772577
 10
120.19006970700553
 20
82.72552941203608
 10
121.09724989822752
 20
82.87206678537223
 10
121.73200463335186
 20
83.08134609174414
 10
122.1496069890195
 20
83.36229562516161
 10
122.40533004187137
 20
83.72384367963454
 10
122.55444686854838
 20
84.17491854917287
 10
122.65223054569148
 20
84.72444852778642
  0
LWPOLYLINE
  5
48
330
17
100
AcDbEntity
  8
CUT
100
AcDbPolyline
 90
78
 70
1
 10
147.33435912744287
 20
86.22444852778642
 10
147.31808011649574
 20
86.34267029521402
 10
147.30478201736275
 20
86.47079569017146
 10
147.29448375692223
 20
86.6065148516708
 10
147.2872042620524
 20
86.7475179187241
 10
147.2829624596316
 20
86.89149503034344
 10
147.28177727653812
 20
87.03613632554087
 10
147.2836676396503
 20
87.17913194332846
 10
147.2886524758464
 20
87.31817202271822
 10
147.2967507120047
 20
87.45094670272223
 10
147.3079812750035
 20
87.57514612235255
 10
147.32236309172114
 20
87.68846042062125
 10
147.32376503037753
 20
87.78812827119671
 10
147.29730918879852
 20
87.87270593580035
 10
147.24489433827137
 20
87.94185993552401
 10
147.16841925008313
 20
87.99525679145944
 10
147.06978269552098
 20
88.03256302469842
 10
146.9508834458722
 20
88.05344515633274
 10
146.81362027242378
 20
88.05756970745415
 10
146.65989194646303
 20
88.04460319915444
 10
146.49159723927713
 20
88.01421215252535
 10
146.31063492215313
 20
87.96606308865864
 10
146.11890376637825
 20
87.89982252864615
 10
145.68467708324226
 20
87.8517384548679
 10
145.2342712583253
 20
88.01556449253113
 10
144.77980885360392
 20
88.36749743423877
 10
144.33341243105482
 20
88.88373407259357
 10
143.9072045526547
 20
89.5404712001984
 10
143.51330778038013
 20
90.31390560965605
 10
143.16384467620782
 20
91.18023409356937
 10
142.87093780211447
 20
92.1156534445411
 10
142.64670972007667
 20
93.09636045517414
 10
142.5032829920711
 20
94.09855191807128
 10
142.45278018007443
 20
95.09842462583532
 10
142.57335430494334
 20
96.05177799323863
 10
142.9148421749531
 20
97.056812642464
 10
143.4468920332081
 20
98.08350836963436
 10
144.13915212281273
 20
99.10184497087286
 10
144.96127068687142
 20
100.08180224230253
 10
145.88289596848855
 20
100.99335998004645
 10
146.8736762107686
 20
101.80649798022768
 10
147.90325965681595
 20
102.4911960389692
 10
148.94129454973498
 20
103.01743395239413
 10
149.95742913263018
 20
103.35519151662552
 10
150.9213116486059
 20
103.47444852778642
 10
151.3359762860804
 20
103.44789023258804
 10
151.78336978881276
 20
103.3707244652224
 10
152.2557074566546
 20
103.24671490303402
 10
152.7452045894575
 20
103.07962522336734
 10
153.24407648707322
 20
102.87321910356678
 10
153.74453844935334
 20
102.6312602209768
 10
154.2388057761496
 20
102.35751225294183
 10
154.71909376731364
 20
102.05573887680632
 10
155.17761772269708
 20
101.72970376991472
 10
155.60659294215165
 20
101.38317060961145
 10
155.998234725529
 20
101.01990307324098
 10
157.23727835767718
 20
99.45370980241117
 10
158.056436863562
 20
97.71439048539077
 10
158.47973570979468
 20
95.86985181293218
 10
158.53120036298648
 20
93.98800047578794
 10
158.23485628974862
 20
92.13674316471051
 10
157.61472895669237
 20
90.3839865704523
 10
156.69484383042894
 20
88.79763738376585
 10
155.49922637756967
 20
87.44560229540355
 10
154.05190206472574
 20
86.39578799611789
 10
152.37689635850842
 20
85.71610117666137
 10
150.498234725529
 20
85.47444852778642
 10
150.04847800413734
 20
85.48261907624624
 10
149.61617209678988
 20
85.50634184108472
 10
149.20630884327332
 20
85.54443350149043
 10
148.8238800833741
 20
85.59571073665194
 10
148.47387765687895
 20
85.65899022575786
 10
148.1612934035744
 20
85.7330886479968
 10
147.8911191632471
 20
85.81682268255727
 10
147.66834677568372
 20
85.90900900862789
 10
147.4979680806708
 20
86.00846430539724
 10
147.38497491799498
 20
86.11400525205389
 10
147.33435912744287
 20
86.22444852778642
  0
LWPOLYLINE
  5
49
330
17
100
AcDbEntity
  8
CUT
100
AcDbPolyline
 90
45
 70
1
 10
145.93827342350696
 20
91.54049735780623
 10
145.76278254433876
 20
92.66860001189323
 10
145.72394480586277
 20
93.79919712371785
 10
145.81436439605628
 20
94.91567605816891
 10
146.02664550289657
 20
96.00142418013539
 10
146.35339231436097
 20
97.0398288545062
 10
146.78720901842672
 20
98.01427744617024
 10
147.32069980307114
 20
98.90815732001647
 10
147.94646885627154
 20
99.7048558409337
 10
148.65712036600516
 20
100.38776037381095
 10
149.44525852024935
 20
100.94025828353708
 10
150.30348750698138
 20
101.34573693500101
 10
150.91510811239016
 20
101.57197134063347
 10
151.40740302626259
 20
101.76084191503779
 10
151.781792727678
 20
101.91608318233489
 10
152.03969769571583
 20
102.04142966664574
 10
152.18253840945542
 20
102.14061589209129
 10
152.21173534797614
 20
102.21737638279245
 10
152.12870899035732
 20
102.2754456628702
 10
151.93487981567839
 20
102.31855825644539
 10
151.6316683030187
 20
102.35044868763904
 10
151.22049493145758
 20
102.37485148057203
 10
150.70278018007443
 20
102.39550115936538
 10
149.45583524967685
 20
102.270340789263
 10
148.27113010434718
 20
101.83399456778574
 10
147.17226990307753
 20
101.12886971624164
 10
146.18285980485985
 20
100.19737345593879
 10
145.32650496868612
 20
99.0819130081853
 10
144.62681055354844
 20
97.82489559428919
 10
144.10738171843886
 20
96.4687284355586
 10
143.79182362234934
 20
95.05581875330154
 10
143.70374142427195
 20
93.62857376882607
 10
143.86674028319877
 20
92.22940070344035
 10
144.3044253581217
 20
90.90070677845239
 10
144.70792828110098
 20
90.07069627171012
 10
145.0748147207507
 20
89.42395054409337
 10
145.40029208613598
 20
88.95859288833918
 10
145.67956778632185
 20
88.6727465971847
 10
145.90784923037342
 20
88.5645349633669
 10
146.08034382735573
 20
88.6320812796229
 10
146.1922589863339
 20
88.8735088386897
 10
146.23880211637302
 20
89.28694093330438
 10
146.2151806265382
 20
89.87050085620399
 10
146.11660192589446
 20
90.62231190012557
 10
145.93827342350696
 20
91.54049735780623
  0
LWPOLYLINE
  5
4A
330
17
100
AcDbEntity
  8
CUT
100
AcDbPolyline
 90
34
 70
1
 10
33.69848378778119
 20
90.72444852778642
 10
33.84712687844562
 20
91.233684680848
 10
33.92035538778138
 20
91.73474167425857
 10
33.922312897817115
 20
92.21912409042494
 10
33.857142990581494
 20
92.67833651175403
 10
33.72898924810316
 20
93.10388352065263
 10
33.541995252410786
 20
93.48726969952753
 10
33.300304585533006
 20
93.81999963078562
 10
33.00806082949849
 20
94.09357789683372
 10
32.6694075663359
 20
94.29950908007868
 10
32.288488378073886
 20
94.42929776292729
 10
31.86944684674109
 20
94.47444852778642
 10
31.66083177035742
 20
94.45447607599581
 10
31.461476648894852
 20
94.39648709527955
 10
31.273616643886093
 20
94.30337414762116
 10
31.099486916863803
 20
94.17802979500405
 10
30.94132262936067
 20
94.02334659941178
 10
30.80135894290938
 20
93.84221712282775
 10
30.681831019042612
 20
93.6375339272355
 10
30.58497401929305
 20
93.4121895746184
 10
30.513023105193376
 20
93.16907662695999
 10
30.468213438276273
 20
92.91108764624374
 10
30.45278018007442
 20
92.6411151944531
 10
30.507969948894832
 20
91.86561835821325
 10
30.66219294653107
 20
91.18022118742766
 10
30.898429709745656
 20
90.59497408774484
 10
31.199660775301034
 20
90.11992746481312
 10
31.548866679959744
 20
89.76513172428088
 10
31.929027960484248
 20
89.5406372717965
 10
32.32312515363705
 20
89.45649451300841
 10
32.71413879618066
 20
89.52275385356498
 10
33.08504942487756
 20
89.74946569911458
 10
33.41883757649024
 20
90.14668045530559
 10
33.69848378778119
 20
90.72444852778642
  0
LWPOLYLINE
  5
4B
330
17
100
AcDbEntity
  8
CUT
100
AcDbPolyline
 90
108
 70
1
 10
124.09642292635252
 20
93.70686737350172
 10
124.49316545413626
 20
94.43178252156997
 10
124.77239828783317
 20
95.13169143197067
 10
124.93437848384139
 20
95.80578593275743
 10
124.97936309855916
 20
96.45325785198403
 10
124.90760918838473
 20
97.0732990177041
 10
124.7193738097163
 20
97.66510125797137
 10
124.41491401895203
 20
98.22785640083953
 10
123.99448687249028
 20
98.76075627436217
 10
123.4583494267292
 20
99.26299270659308
 10
122.806758738067
 20
99.73375752558593
 10
122.03997186290192
 20
100.17224255939436
 10
121.451715565395
 20
100.48585882174996
 10
120.62925492661074
 20
100.94300865689866
 10
119.59681606988141
 20
101.52949077523209
 10
118.37862511853936
 20
102.2311038871419
 10
116.99890819591681
 20
103.03364670301977
 10
115.48189142534616
 20
103.92291793325728
 10
113.8518009301597
 20
104.88471628824615
 10
112.1328628336897
 20
105.90484047837796
 10
110.34930325926848
 20
106.96908921404437
 10
108.52534833022838
 20
108.06326120563706
 10
106.68522416990166
 20
109.17315516354765
 10
94.41766815972889
 20
116.59329634932594
 10
77.18522416990166
 20
116.10320699828853
 10
59.95278018007442
 20
115.61311764725112
 10
74.95278018007443
 20
116.60387194447485
 10
77.16978432474218
 20
116.75779686587441
 10
79.30423334916625
 20
116.92052803830161
 10
81.33128213897785
 20
117.08933950785006
 10
83.22608557980817
 20
117.26150532061332
 10
84.96379855728836
 20
117.43429952268501
 10
86.51957595704963
 20
117.60499616015868
 10
87.86857266472313
 20
117.7708692791279
 10
88.98594356594012
 20
117.92919292568621
 10
89.84684354633177
 20
118.07724114592727
 10
90.42642749152921
 20
118.2122879859446
 10
90.69985028716371
 20
118.3316074918318
 10
90.72312616411668
 20
118.51176019068804
 10
90.5764214695561
 20
118.82343305994642
 10
90.27111926354289
 20
119.25508982120161
 10
89.818602606138
 20
119.7951941960482
 10
89.2302545574023
 20
120.43220990608086
 10
88.51745817739675
 20
121.15460067289416
 10
87.69159652618228
 20
121.95083021808273
 10
86.76405266381983
 20
122.80936226324118
 10
85.74620965037028
 20
123.71866052996413
 10
84.64945054589458
 20
124.6671887398462
 10
83.48515841045364
 20
125.64341061448201
 10
75.52339642665427
 20
132.218232486999
 10
62.46437269898669
 20
133.47333437158017
 10
57.8333734954745
 20
133.8687392110138
 10
53.762604157735076
 20
134.1038454586111
 10
50.21860329672119
 20
134.17122721963025
 10
47.167909523385546
 20
134.06345859932964
 10
44.57706144868092
 20
133.77311370296735
 10
42.41259768356003
 20
133.29276663580177
 10
40.641056838975615
 20
132.61499150309106
 10
39.22897752588043
 20
131.73236241009346
 10
38.14289835522722
 20
130.63745346206724
 10
37.349357937968705
 20
129.3228387642706
 10
36.81489488505765
 20
127.78109242196186
 10
36.5967363517415
 20
126.15061836738704
 10
36.75822219404409
 20
124.5842156959277
 10
37.27606264531366
 20
123.10004581950227
 10
38.12696793889849
 20
121.71627015002935
 10
39.287648308146856
 20
120.4510500994274
 10
40.73481398640702
 20
119.32254707961495
 10
42.445175207027255
 20
118.34892250251048
 10
44.39544220335585
 20
117.54833778003248
 10
46.56232520874106
 20
116.93895432409947
 10
48.92253445653116
 20
116.53893354662995
 10
51.45278018007442
 20
116.36643685954243
 10
56.95278018007442
 20
116.25531719314
 10
52.454288320483464
 20
115.37460782224048
 10
50.223605311853575
 20
114.80651047565448
 10
48.208856356309504
 20
114.03256563441023
 10
46.42845312696876
 20
113.07832436797806
 10
44.900807296948834
 20
111.96933774582831
 10
43.64433053936722
 20
110.73115683743139
 10
42.677434527341426
 20
109.3893327122576
 10
42.01853093398894
 20
107.96941643977733
 10
41.686031432427285
 20
106.49695908946089
 10
41.69834769577394
 20
104.99751173077863
 10
42.07389139714641
 20
103.49662543320093
 10
42.831074209662205
 20
102.01985126619812
 10
43.74428312072413
 20
100.7026496469988
 10
44.686879133401135
 20
99.59885836593742
 10
45.781163308615554
 20
98.67961946640528
 10
47.149436707289695
 20
97.91607499179378
 10
48.91400039034591
 20
97.27936698549425
 10
51.19715541870654
 20
96.74063749089802
 10
54.12120285329389
 20
96.27102855139648
 10
57.80844375503033
 20
95.8416822103809
 10
62.381179184838174
 20
95.42374051124264
 10
67.96171020363974
 20
94.98834549737307
 10
74.67233787235739
 20
94.50663921216352
 10
82.92666210729257
 20
93.94866534171996
 10
90.44020915970339
 20
93.48755936708389
 10
97.20915638418708
 20
93.12338314562987
 10
103.22968113534091
 20
92.85619853473253
 10
108.49796076776215
 20
92.68606739176639
 10
113.01017263604805
 20
92.61305157410607
 10
116.76249409479593
 20
92.63721293912616
 10
119.75110249860305
 20
92.75861334420114
 10
121.97217520206667
 20
92.97731464670571
 10
123.42188955978409
 20
93.29337870401437
 10
124.09642292635252
 20
93.70686737350172
  0
LWPOLYLINE
  5
4C
330
17
100
AcDbEntity
  8
CUT
100
AcDbPolyline
 90
34
 70
1
 10
152.29656040321828
 20
97.035362451302
 10
152.1343716706593
 20
97.64143177031053
 10
151.90912414093938
 20
98.15149288801229
 10
151.6330268065467
 20
98.56232332396743
 10
151.31828865996934
 20
98.87070059773606
 10
150.9771186936955
 20
99.07340222887836
 10
150.6217259002133
 20
99.16720573695446
 10
150.26431927201085
 20
99.14888864152451
 10
149.91710780157638
 20
99.01522846214863
 10
149.59230048139798
 20
98.76300271838701
 10
149.30210630396377
 20
98.38898892979972
 10
149.05873426176197
 20
97.88996461594698
 10
148.91213139205902
 20
97.31254750293479
 10
148.8925539260303
 20
96.71897941432945
 10
148.9834665840519
 20
96.13153777068669
 10
149.16833408649987
 20
95.57249999256209
 10
149.43062115375017
 20
95.0641435005113
 10
149.7537925061789
 20
94.62874571508999
 10
150.12131286416215
 20
94.28858405685381
 10
150.5166469480759
 20
94.06593594635834
 10
150.92325947829625
 20
93.98307880415928
 10
151.3246151751992
 20
94.06229005081224
 10
151.70417875916084
 20
94.32584710687286
 10
151.83829063950333
 20
94.48302317854174
 10
151.9591546292347
 20
94.6708528548138
 10
152.0658360916513
 20
94.88506116782776
 10
152.15740039004953
 20
95.12137314972247
 10
152.23291288772577
 20
95.3755138326367
 10
152.2914389479764
 20
95.64320824870913
 10
152.33204393409773
 20
95.92018143007863
 10
152.35379320938623
 20
96.20215840888386
 10
152.35575213713824
 20
96.48486421726366
 10
152.33698608065012
 20
96.76402388735679
 10
152.29656040321828
 20
97.035362451302
  0
LWPOLYLINE
  5
4D
330
17
100
AcDbEntity
  8
CUT
100
AcDbPolyline
 90
34
 70
1
 10
177.45278018007443
 20
96.91543153341149
 10
177.44263887681234
 20
97.13389504807256
 10
177.41319412734097
 20
97.35486985140915
 10
177.36591467213293
 20
97.57517468498267
 10
177.3022692516605
 20
97.79162829035462
 10
177.22372660639616
 20
98.00104940908639
 10
177.13175547681237
 20
98.20025678273944
 10
177.0278246033815
 20
98.38606915287522
 10
176.91340272657615
 20
98.55530526105508
 10
176.7899585868686
 20
98.70478384884058
 10
176.6589609247314
 20
98.83132365779304
 10
176.52187848063693
 20
98.93174342947395
 10
176.19898280894284
 20
99.06986634606517
 10
175.8848458717688
 20
99.092946839528
 10
175.58856478238422
 20
99.01523149342523
 10
175.31923665405876
 20
98.85096689131981
 10
175.08595860006184
 20
98.61439961677456
 10
174.89782773366304
 20
98.31977625335233
 10
174.76394116813188
 20
97.981343384616
 10
174.69339601673792
 20
97.61334759412836
 10
174.69528939275065
 20
97.23003546545232
 10
174.77871840943965
 20
96.84565358215073
 10
174.95278018007443
 20
96.47444852778642
 10
175.21826968761567
 20
96.11216964188716
 10
175.5064269012995
 20
95.8357110713217
 10
175.80714813372722
 20
95.6432905943152
 10
176.11032969749994
 20
95.53312598909295
 10
176.40586790521897
 20
95.5034350338801
 10
176.68365906948551
 20
95.55243550690182
 10
176.9335995029008
 20
95.67834518638338
 10
177.14558551806613
 20
95.87938185054992
 10
177.3095134275827
 20
96.15376327762664
 10
177.41527954405169
 20
96.49970724583878
 10
177.45278018007443
 20
96.91543153341149
  0
LWPOLYLINE
  5
4E
330
17
100
AcDbEntity
  8
CUT
100
AcDbPolyline
 90
38
 70
1
 10
42.00948414872347
 20
99.69695477119186
 10
41.45446854481854
 20
100.65825478442997
 10
41.02309289548955
 20
101.75717319088577
 10
40.71406765722166
 20
102.96004708472512
 10
40.52610328649998
 20
104.23321356011397
 10
40.457910239809664
 20
105.54300971121812
 10
40.50819897363583
 20
106.85577263220353
 10
40.67567994446363
 20
108.13783941723601
 10
40.95906360877821
 20
109.35554716048145
 10
41.3570604230647
 20
110.47523295610571
 10
41.86838084380823
 20
111.4632338982747
 10
42.491735327493956
 20
112.28588708115429
 10
44.53069047491349
 20
114.47444852778642
 10
37.219021297816376
 20
114.47444852778642
 10
29.90735212071926
 20
114.47444852778642
 10
30.51768103078345
 20
108.22444852778642
 10
30.77178013156277
 20
105.79303257883528
 10
31.040832095032442
 20
103.7762396482349
 10
31.361953924594886
 20
102.13363029042779
 10
31.77226262365251
 20
100.82476505985633
 10
32.30887519560772
 20
99.80920451096301
 10
33.00890864386294
 20
99.04650919819022
 10
33.909479971820566
 20
98.49623967598043
 10
35.047706182883026
 20
98.11795649877604
 10
36.460704280452724
 20
97.87122022101948
 10
38.18559126793207
 20
97.71559139715322
 10
40.25948414872347
 20
97.61063058161969
 10
41.06112616122308
 20
97.58045433930533
 10
41.7123671320648
 20
97.56814859863286
 10
42.220504001574014
 20
97.58241266423698
 10
42.59283371007611
 20
97.63194584075248
 10
42.83665319789645
 20
97.72544743281395
 10
42.95925940536045
 20
97.87161674505614
 10
42.967949272793454
 20
98.07915308211375
 10
42.87001974052089
 20
98.3567557486214
 10
42.67276774886812
 20
98.71312404921383
 10
42.38349023816051
 20
99.15695728852577
 10
42.00948414872347
 20
99.69695477119186
  0
LWPOLYLINE
  5
4F
330
17
100
AcDbEntity
  8
CUT
100
AcDbPolyline
 90
34
 70
1
 10
26.68453309534481
 20
102.504204163505
 10
26.572345196551204
 20
103.18499867404188
 10
26.39952428827928
 20
103.85272814080946
 10
26.173432096452224
 20
104.49648397081192
 10
25.9014303469932
 20
105.10535757105345
 10
25.59088076582541
 20
105.66844034853814
 10
25.24914507887201
 20
106.17482371027022
 10
24.883585012056187
 20
106.61359906325382
 10
24.50156229130112
 20
106.97385781449306
 10
24.110438642529992
 20
107.24469137099214
 10
23.717575791665972
 20
107.41519113975521
 10
23.33033546463225
 20
107.47444852778642
 10
23.029884129763865
 20
107.41553245583285
 10
22.79620283964926
 20
107.24423879307702
 10
22.628851416698907
 20
106.96874936917624
 10
22.527389683323236
 20
106.59724601378802
 10
22.491377461932693
 20
106.13791055656972
 10
22.520374574937755
 20
105.5989248271787
 10
22.613940844748846
 20
104.98847065527238
 10
22.771636093776458
 20
104.31472987050813
 10
22.99302014443102
 20
103.58588430254332
 10
23.277652819122984
 20
102.81011578103539
 10
23.625093940262808
 20
101.99560613564171
 10
24.021229841612723
 20
101.23982232080212
 10
24.434890114649086
 20
100.65127914771455
 10
24.852366297538474
 20
100.22769773574106
 10
25.25994992844737
 20
99.9667992042437
 10
25.643932545542327
 20
99.8663046725845
 10
25.99060568698986
 20
99.92393526012555
 10
26.286260890956505
 20
100.1374120862288
 10
26.5171896956088
 20
100.50445627025636
 10
26.669683639113266
 20
101.0227889315702
 10
26.73003425963642
 20
101.6901311895324
 10
26.68453309534481
 20
102.504204163505
  0
LWPOLYLINE
  5
50
330
17
100
AcDbEntity
  8
CUT
100
AcDbPolyline
 90
69
 70
1
 10
129.32172545333836
 20
102.29039913575139
 10
131.32685914787865
 20
105.10634974371632
 10
127.76679260375724
 20
111.54039913575137
 10
123.49459313680015
 20
118.80925577493812
 10
118.93702447838584
 20
125.7303184869329
 10
114.16738835057515
 20
132.23246128308958
 10
109.258986475429
 20
138.24455817476195
 10
104.2851205750083
 20
143.69548317330396
 10
99.31909237137393
 20
148.51411029006925
 10
94.43420358658679
 20
152.62931353641187
 10
89.70375594270777
 20
155.9699669236855
 10
85.2010511617978
 20
158.464944463244
 10
80.9993909659178
 20
160.0431201664412
 10
77.17207707712859
 20
160.63336804463103
 10
76.5051697770106
 20
160.63871392828042
 10
75.82145519469799
 20
160.62909262180824
 10
75.131274194409
 20
160.60546103761197
 10
74.44496764036197
 20
160.56877608808907
 10
73.77287639677516
 20
160.51999468563702
 10
73.12534132786695
 20
160.46007374265326
 10
72.51270329785558
 20
160.38997017153523
 10
71.94530317095939
 20
160.3106408846804
 10
71.43348181139666
 20
160.22304279448625
 10
70.98758008338575
 20
160.1281328133502
 10
70.61793885114488
 20
160.02686785366976
 10
69.96961356170797
 20
159.73378639709415
 10
69.31185762108004
 20
159.2761286350925
 10
68.65986537670801
 20
158.6782753762816
 10
68.0288311760387
 20
157.96460742927817
 10
67.43394936651893
 20
157.15950560269897
 10
66.89041429559558
 20
156.28735070516075
 10
66.41342031071554
 20
155.37252354528027
 10
66.01816175932564
 20
154.43940493167426
 10
65.71983298887272
 20
153.51237567295948
 10
65.53362834680368
 20
152.61581657775267
 10
65.47474218056533
 20
151.77410845467062
 10
65.98645407955152
 20
148.94529268984792
 10
67.41530535787555
 20
145.70203041133007
 10
69.69709323521667
 20
142.1060512041076
 10
72.76761493125414
 20
138.21908465317094
 10
76.5626676656673
 20
134.1028603435107
 10
81.01804865813534
 20
129.81910786011736
 10
86.06955512833764
 20
125.42955678798138
 10
91.65298429595339
 20
120.99593671209331
 10
97.70413338066194
 20
116.57997721744363
 10
104.15879960214252
 20
112.24340788902288
 10
110.95278018007443
 20
108.04795831182153
 10
112.44714531906766
 20
107.16343204834695
 10
113.9176186473922
 20
106.29104347976201
 10
115.34526703206541
 20
105.44213725758772
 10
116.7111573401045
 20
104.62805803334511
 10
117.9963564385267
 20
103.86015045855521
 10
119.1819311943494
 20
103.14975918473903
 10
120.24894847458984
 20
102.50822886341763
 10
121.17847514626527
 20
101.94690414611193
 10
121.95157807639299
 20
101.47712968434303
 10
122.54932413199029
 20
101.11025012963194
 10
122.95278018007443
 20
100.85761013349963
 10
123.72878713637024
 20
100.38841697215287
 10
124.4264228910225
 20
100.03034653737981
 10
125.05867704914883
 20
99.78632103412289
 10
125.63853921586676
 20
99.6592626673247
 10
126.17899899629398
 20
99.65209364192768
 10
126.69304599554812
 20
99.76773616287437
 10
127.19366981874671
 20
100.00911243510731
 10
127.6938600710074
 20
100.37914466356895
 10
128.20660635744787
 20
100.88075505320182
 10
128.74489828318562
 20
101.51686580894847
 10
129.32172545333836
 20
102.29039913575139
  0
LWPOLYLINE
  5
51
330
17
100
AcDbEntity
  8
CUT
100
AcDbPolyline
 90
113
 70
1
 10
134.9619772047054
 20
110.50342578646453
 10
134.93058608229921
 20
112.67726683823201
 10
133.86526701450396
 20
115.83680518020823
 10
131.8663820766215
 20
119.84499022601881
 10
129.03429334395358
 20
124.56477138928928
 10
125.46936289180192
 20
129.85909808364522
 10
121.2719527954684
 20
135.59091972271227
 10
116.54242513025474
 20
141.62318572011588
 10
111.3811419714628
 20
147.8188454894817
 10
105.8884653943943
 20
154.04084844443528
 10
100.16475747435109
 20
160.15214399860218
 10
94.31038028663491
 20
166.01568156560796
 10
90.95137481177176
 20
169.22437611641294
 10
87.80434676564491
 20
172.1391375891768
 10
84.81446082595431
 20
174.80144285058248
 10
81.92688167040001
 20
177.25276876731283
 10
79.08677397668191
 20
179.53459220605077
 10
76.23930242250003
 20
181.6883900334792
 10
73.32963168555435
 20
183.755639116281
 10
70.30292644354483
 20
185.77781632113906
 10
67.10435137417147
 20
187.79639851473624
 10
63.67907115513424
 20
189.85286256375548
 10
59.97225046413309
 20
191.98868533487962
 10
57.68622365929556
 20
193.27509018142283
 10
55.73948643678738
 20
194.34366049455602
 10
54.07223461155285
 20
195.214402604047
 10
52.62466399853627
 20
195.9073228396636
 10
51.33697041268197
 20
196.44242753117373
 10
50.149349668934256
 20
196.83972300834517
 10
49.00199758223746
 20
197.11921560094578
 10
47.83510996753588
 20
197.30091163874346
 10
46.58888263977382
 20
197.40481745150595
 10
45.20351141389563
 20
197.45093936900116
 10
43.619192104845595
 20
197.45928372099695
 10
36.95278018007442
 20
197.44411891420748
 10
47.0906105022225
 20
192.04263791105993
 10
50.37301019274455
 20
190.28261929430622
 10
53.29309255338199
 20
188.68928368766325
 10
55.91380089253813
 20
187.22297717699973
 10
58.29807851861627
 20
185.84404584818438
 10
60.50886874001966
 20
184.51283578708592
 10
62.60911486515167
 20
183.18969307957303
 10
64.66176020241554
 20
181.83496381151446
 10
66.7297480602146
 20
180.4089940687789
 10
68.87602174695212
 20
178.87212993723506
 10
71.16352457103145
 20
177.18471750275165
 10
73.65519984085583
 20
175.30710285119739
 10
76.5296410600501
 20
173.0826737510701
 10
79.29223019413931
 20
170.86544600180815
 10
81.90461135585201
 20
168.69167546776018
 10
84.32842865791659
 20
166.5976180132749
 10
86.52532621306159
 20
164.61952950270106
 10
88.45694813401548
 20
162.79366580038737
 10
90.08493853350672
 20
161.1562827706825
 10
91.37094152426383
 20
159.7436362779352
 10
92.27660121901528
 20
158.59198218649414
 10
92.76356173048953
 20
157.73757636070803
 10
92.7934671714151
 20
157.21667466492562
 10
92.70919796146984
 20
157.0689195137225
 10
92.6508837684971
 20
156.94145219550677
 10
92.61789795421933
 20
156.83491050418775
 10
92.60961388035898
 20
156.74993223367463
 10
92.62540490863844
 20
156.68715517787666
 10
92.66464440078025
 20
156.6472171307031
 10
92.72670571850679
 20
156.63075588606313
 10
92.81096222354054
 20
156.63840923786603
 10
92.91678727760396
 20
156.67081498002105
 10
93.0435542424195
 20
156.72861090643738
 10
93.19063647970958
 20
156.81243481102427
 10
94.10513420641871
 20
156.58203910608984
 10
95.74439662015476
 20
155.3588362241352
 10
97.98040039990158
 20
153.28935796827267
 10
100.68512222464298
 20
150.5201361416145
 10
103.73053877336281
 20
147.19770254727302
 10
106.98862672504492
 20
143.46858898836047
 10
110.33136275867315
 20
139.47932726798913
 10
113.63072355323135
 20
135.37644918927126
 10
116.75868578770337
 20
131.30648655531917
 10
119.58722614107302
 20
127.4159711692451
 10
121.98832129232417
 20
123.85143483416137
 10
122.52557886801429
 20
122.99756993582704
 10
123.10425018027098
 20
122.05232408780745
 10
123.71408549045228
 20
121.03374723277929
 10
124.34483505991616
 20
119.95988931341934
 10
124.98624915002077
 20
118.84880027240422
 10
125.62807802212407
 20
117.71853005241069
 10
126.26007193758412
 20
116.5871285961154
 10
126.87198115775902
 20
115.47264584619512
 10
127.45355594400678
 20
114.3931317453265
 10
127.99454655768545
 20
113.36663623618625
 10
128.48470326015305
 20
112.4112092614511
 10
129.13015554374837
 20
111.15178474132516
 10
129.70051521086836
 20
110.08493221408453
 10
130.20495302008624
 20
109.2005782326083
 10
130.6526397299752
 20
108.48864934977554
 10
131.0527460991085
 20
107.93907211846532
 10
131.41444288605942
 20
107.54177309155672
 10
131.74690084940116
 20
107.28667882192879
 10
132.05929074770697
 20
107.16371586246056
 10
132.36078333955012
 20
107.16281076603116
 10
132.66054938350382
 20
107.2738900855196
 10
132.9677596381413
 20
107.48688037380496
 10
133.18142594533072
 20
107.67903983882677
 10
133.39805668888863
 20
107.90189185493594
 10
133.6145054699496
 20
108.15067703417861
 10
133.82762588964826
 20
108.42063598860099
 10
134.0342715491193
 20
108.70700933024919
 10
134.23129604949733
 20
109.00503767116935
 10
134.41555299191705
 20
109.30996162340762
 10
134.58389597751304
 20
109.61702179901013
 10
134.73317860742
 20
109.92145881002301
 10
134.86025448277258
 20
110.21851326849244
 10
134.9619772047054
 20
110.50342578646453
  0
LWPOLYLINE
  5
52
330
17
100
AcDbEntity
  8
CUT
100
AcDbPolyline
 90
89
 70
1
 10
142.14561999831264
 20
115.65511785345808
 10
142.70960299355977
 20
115.97852715998806
 10
143.25507601414506
 20
116.2920395625244
 10
143.775547194127
 20
116.59188298203904
 10
144.2645246675642
 20
116.87428533950394
 10
144.71551656851523
 20
117.13547455589102
 10
145.12203103103863
 20
117.37167855217223
 10
145.47757618919292
 20
117.5791252493195
 10
145.77566017703674
 20
117.75404256830475
 10
146.00979112862862
 20
117.89265843009994
 10
146.17347717802713
 20
117.99120075567697
 10
146.2602264592908
 20
118.0458974660078
 10
146.26823524776773
 20
118.13522151698162
 10
146.20330234914414
 20
118.33430253504618
 10
146.07033969298558
 20
118.63435344701129
 10
145.87425920885772
 20
119.02658717968689
 10
145.619972826326
 20
119.5022166598828
 10
145.3123924749562
 20
120.05245481440885
 10
144.95643008431378
 20
120.66851457007492
 10
144.55699758396443
 20
121.34160885369081
 10
144.11900690347372
 20
122.06295059206641
 10
143.6473699724073
 20
122.82375271201157
 10
143.14699872033069
 20
123.61522814033613
 10
142.61411005939266
 20
124.46212031822358
 10
142.04806051363212
 20
125.38382210414095
 10
141.4584714304497
 20
126.36352055082347
 10
140.85496415724612
 20
127.38440271100637
 10
140.24716004142203
 20
128.42965563742487
 10
139.6446804303782
 20
129.48246638281424
 10
139.0571466715153
 20
130.5260219999097
 10
138.49418011223403
 20
131.54350954144638
 10
137.96540209993506
 20
132.51811606015963
 10
137.48043398201918
 20
133.4330286087846
 10
137.048897105887
 20
134.27143424005658
 10
136.2922042825475
 20
135.72148544936442
 10
135.5929280518558
 20
136.94945090058644
 10
134.93369875099333
 20
137.96789235488387
 10
134.29714671714152
 20
138.78937157341798
 10
133.66590228748177
 20
139.42645031734997
 10
133.0225957991956
 20
139.89169034784118
 10
132.3498575894644
 20
140.19765342605274
 10
131.6303179954696
 20
140.35690131314593
 10
130.84660735439266
 20
140.381995770282
 10
129.981356003415
 20
140.28549855862224
 10
129.01719427971804
 20
140.07997143932778
 10
127.94986378582263
 20
139.73733740519097
 10
127.11363865952711
 20
139.28966437170925
 10
126.51053171328073
 20
138.7171467891745
 10
126.14255575953285
 20
137.99997910787874
 10
126.01172361073287
 20
137.11835577811382
 10
126.12004807933002
 20
136.05247125017172
 10
126.46954197777367
 20
134.78251997434438
 10
127.06221811851327
 20
133.28869640092364
 10
127.90008931399805
 20
131.55119498020147
 10
128.98516837667736
 20
129.55021016246985
 10
130.3194681190006
 20
127.26593639802064
 10
131.065598361724
 20
126.01499227888775
 10
131.80491383768143
 20
124.76122016912451
 10
132.52760917993075
 20
123.52204089857878
 10
133.2238790215298
 20
122.31487529709844
 10
133.8839179955364
 20
121.15714419453136
 10
134.49792073500848
 20
120.06626842072534
 10
135.05608187300385
 20
119.05966880552829
 10
135.54859604258044
 20
118.15476617878801
 10
135.96565787679603
 20
117.36898137035236
 10
136.2974620087085
 20
116.71973521006922
 10
136.53420307137574
 20
116.22444852778642
 10
136.71982043488865
 20
115.81948985010048
 10
136.90318955063586
 20
115.4325063790261
 10
137.0819091736217
 20
115.06783695753849
 10
137.25357805885054
 20
114.72982042861287
 10
137.4157949613267
 20
114.42279563522442
 10
137.5661586360545
 20
114.15110142034841
 10
137.70226783803832
 20
113.91907662695999
 10
137.8217213222825
 20
113.73106009803436
 10
137.92211784379143
 20
113.59139067654675
 10
138.0010561575694
 20
113.50440720547236
 10
138.05613501862075
 20
113.47444852778642
 10
138.13918496830507
 20
113.49820488032005
 10
138.29933589114842
 20
113.56718022112454
 10
138.5301355569048
 20
113.67793397500539
 10
138.8251317353283
 20
113.82702556676806
 10
139.177872196173
 20
114.01101442121804
 10
139.58190470919288
 20
114.22645996316079
 10
140.03077704414207
 20
114.46992161740184
 10
140.51803697077457
 20
114.73795880874658
 10
141.03723225884445
 20
115.02713096200057
 10
141.5819106781058
 20
115.33399750196924
 10
142.14561999831264
 20
115.65511785345808
  0
LWPOLYLINE
  5
53
330
17
100
AcDbEntity
  8
CUT
100
AcDbPolyline
 90
60
 70
1
 10
37.90732563461987
 20
118.92899398233187
 10
37.15355932625459
 20
119.84882485620848
 10
36.527070791344705
 20
120.94620123361959
 10
36.03070448089905
 20
122.17731988250742
 10
35.66730484592643
 20
123.49837757081418
 10
35.439716337435684
 20
124.86557106648205
 10
35.3507834064356
 20
126.23509713745318
 10
35.40335050393502
 20
127.56315255166979
 10
35.60026208094276
 20
128.80593407707403
 10
35.944362588467634
 20
129.91963848160813
 10
36.43849647751846
 20
130.86046253321425
 10
37.08550819910407
 20
131.58460299983457
 10
37.44982943461167
 20
131.89459456840234
 10
37.734912145812714
 20
132.15977937373015
 10
37.93833563723008
 20
132.38668607893345
 10
38.057679213386685
 20
132.58184334712763
 10
38.09052217880539
 20
132.75177984142812
 10
38.0344438380091
 20
132.90302422495031
 10
37.887023495520715
 20
133.04210516080963
 10
37.64584045586313
 20
133.17555131212146
 10
37.308474023559235
 20
133.3098913420012
 10
36.87250350313191
 20
133.4516539135643
 10
36.33550819910407
 20
133.60736768992615
 10
35.949227438976486
 20
133.70678063857434
 10
35.51112829700484
 20
133.80389606494714
 10
35.030097872242465
 20
133.89750319390825
 10
34.51502326374265
 20
133.98639125032156
 10
33.97479157055873
 20
134.06934945905087
 10
33.418289891744
 20
134.14516704495998
 10
32.85440532635179
 20
134.2126332329127
 10
32.29202497343541
 20
134.27053724777284
 10
31.74003593204818
 20
134.3176683144042
 10
31.207325301243415
 20
134.3528156576706
 10
30.70278018007442
 20
134.3747685024358
 10
27.45278018007442
 20
134.47444852778642
 10
27.45278018007442
 20
128.623671793013
 10
27.464739958112126
 20
127.72779202038987
 10
27.49946455503543
 20
126.80485228944391
 10
27.555221865059544
 20
125.86905244991209
 10
27.630279782399676
 20
124.9345923515315
 10
27.722906201271087
 20
124.0156718440392
 10
27.83136901588899
 20
123.12649077717217
 10
27.953936120468605
 20
122.28124900066751
 10
28.088875409225174
 20
121.4941463642622
 10
28.234454776373916
 20
120.77938271769332
 10
28.388942116130053
 20
120.15115791069792
 10
28.550605322708826
 20
119.62367179301299
 10
28.821789156237664
 20
118.87329895584293
 10
29.080900309419526
 20
118.25242849823506
 10
29.35300254410177
 20
117.74883161453918
 10
29.663159622131722
 20
117.35027949910521
 10
30.036435305356733
 20
117.04454334628295
 10
30.49789335562415
 20
116.81939435042223
 10
31.07259753478131
 20
116.66260370587293
 10
31.78561160467556
 20
116.56194260698484
 10
32.66199932715424
 20
116.50518224810784
 10
33.7268244640647
 20
116.48009382359174
 10
35.00515077725428
 20
116.47444852778642
 10
40.361871089165334
 20
116.47444852778642
 10
37.90732563461987
 20
118.92899398233187
  0
LWPOLYLINE
  5
54
330
17
100
AcDbEntity
  8
CUT
100
AcDbPolyline
 90
47
 70
1
 10
149.60588372479438
 20
129.97444852778642
 10
149.95278018007443
 20
139.97444852778642
 10
145.99234470147954
 20
147.22444852778642
 10
145.11826825643226
 20
148.80546455096905
 10
144.3509451417247
 20
150.14400027046622
 10
143.67249724642045
 20
151.25942077990032
 10
143.065046459583
 20
152.17109117289377
 10
142.5107146702758
 20
152.89837654306882
 10
141.99162376756257
 20
153.46064198404792
 10
141.4898956405067
 20
153.87725258945343
 10
140.98765217817183
 20
154.16757345290767
 10
140.4670152696215
 20
154.35096966803297
 10
139.91010680391926
 20
154.44680632845177
 10
139.2990486701286
 20
154.47444852778642
 10
138.01935597113066
 20
154.3267801046978
 10
136.87940755450245
 20
153.90090864982824
 10
135.88890741753113
 20
153.22253488477236
 10
135.05755955750382
 20
152.31735953112462
 10
134.39506797170768
 20
151.21108331047958
 10
133.9111366574299
 20
149.92940694443183
 10
133.61546961195756
 20
148.4980311545759
 10
133.5177708325779
 20
146.9426566625063
 10
133.62774431657797
 20
145.28898418981757
 10
133.95509406124503
 20
143.56271445810427
 10
134.50952406386617
 20
141.78954818896096
 10
135.26069542189822
 20
140.0650196470306
 10
136.38349006219195
 20
137.84137845475686
 10
137.7887316429684
 20
135.26285260897131
 10
139.38724382244843
 20
132.47367010650566
 10
141.08985025885295
 20
129.61805894419157
 10
142.80737461040297
 20
126.84024711886059
 10
144.45064053531942
 20
124.28446262734445
 10
145.93047169182327
 20
122.09493346647471
 10
147.1576917381354
 20
120.41588763308305
 10
148.04312433247682
 20
119.39155312400108
 10
148.49759313306842
 20
119.16615793606044
 10
148.61349339553644
 20
119.39412559644985
 10
148.7316101968314
 20
119.82417279992866
 10
148.8501949191903
 20
120.43924664623941
 10
148.96749894484998
 20
121.22229423512475
 10
149.08177365604743
 20
122.15626266632721
 10
149.19127043501962
 20
123.22409903958939
 10
149.29424066400344
 20
124.40875045465387
 10
149.3889357252359
 20
125.69316401126324
 10
149.47360700095393
 20
127.06028680916006
 10
149.5465058733944
 20
128.49306594808692
 10
149.60588372479438
 20
129.97444852778642
  0
LWPOLYLINE
  5
55
330
17
100
AcDbEntity
  8
CUT
100
AcDbPolyline
 90
144
 70
1
 10
158.4701273285015
 20
121.17420519685055
 10
159.52575756218525
 20
121.56184865757515
 10
160.4290709779892
 20
121.92725441296379
 10
161.1965464632024
 20
122.28591550649683
 10
161.84466290511386
 20
122.6533249816547
 10
162.3898991910127
 20
123.0449758819178
 10
162.848734208188
 20
123.47636125076642
 10
163.23764684392887
 20
123.96297413168104
 10
163.57311598552442
 20
124.52030756814196
 10
163.8716205202637
 20
125.16385460362959
 10
164.14963933543578
 20
125.90910828162433
 10
164.42365131832977
 20
126.77156164560651
 10
164.75538137013615
 20
127.87065212784137
 10
165.01524678454453
 20
128.76196962643024
 10
165.19011212730496
 20
129.47418391488327
 10
165.26684196416755
 20
130.0359647667105
 10
165.23230086088242
 20
130.47598195542207
 10
165.07335338319962
 20
130.822905254528
 10
164.77686409686928
 20
131.10540443753848
 10
164.3296975676415
 20
131.35214927796352
 10
163.71871836126635
 20
131.59180954931327
 10
162.93079104349397
 20
131.85305502509775
 10
161.95278018007443
 20
132.1645554788271
 10
160.9534712288944
 20
132.6033040101797
 10
160.11049657359442
 20
133.20612802845466
 10
159.42962757074437
 20
133.9396377646169
 10
158.9166355769143
 20
134.77044344963136
 10
158.57729194867417
 20
135.665155314463
 10
158.41736804259406
 20
136.59038359007664
 10
158.44263521524383
 20
137.51273850743732
 10
158.6588648231935
 20
138.3988302975099
 10
159.07182822301317
 20
139.21526919125932
 10
159.6872967712727
 20
139.92866541965049
 10
160.51104182454216
 20
140.50562921364838
 10
160.97309442568354
 20
140.74029195259274
 10
161.38776504920165
 20
140.9205876468339
 10
161.76312541233662
 20
141.04518360485116
 10
162.1072472323283
 20
141.11274713512404
 10
162.4282022264167
 20
141.12194554613188
 10
162.73406211184175
 20
141.07144614635416
 10
163.03289860584346
 20
140.9599162442703
 10
163.3327834256618
 20
140.78602314835962
 10
163.6417882885367
 20
140.5484341671016
 10
163.96798491170816
 20
140.24581660897564
 10
164.31944501241614
 20
139.87683778246114
 10
164.69810279820098
 20
139.45984543712518
 10
164.99981826100534
 20
139.12310570872086
 10
165.22398375796976
 20
138.86503979930896
 10
165.36999164623472
 20
138.68406891095037
 10
165.43723428294084
 20
138.57861424570584
 10
165.4251040252286
 20
138.54709700563626
 10
165.33299323023857
 20
138.58793839280239
 10
165.16029425511138
 20
138.69955960926504
 10
164.90639945698754
 20
138.88038185708504
 10
164.57070119300752
 20
139.12882633832322
 10
164.15259182031198
 20
139.4433142550404
 10
163.75659462922684
 20
139.73053114387733
 10
163.40323083247776
 20
139.95690812380795
 10
163.08357972136602
 20
140.1216165718351
 10
162.788720587193
 20
140.2238278649616
 10
162.5097327212601
 20
140.2627133801902
 10
162.23769541486863
 20
140.23744449452383
 10
161.96368795932003
 20
140.14719258496524
 10
161.6787896459156
 20
139.9911290285172
 10
161.3740797659568
 20
139.76842520218258
 10
161.04063761074497
 20
139.4782524829642
 10
160.66954247158142
 20
139.11978224786483
 10
160.16703703881672
 20
138.51098270166707
 10
159.84408549126786
 20
137.88348111812928
 10
159.6929456923024
 20
137.25103381708422
 10
159.7058755052877
 20
136.6273971183648
 10
159.87513279359132
 20
136.02632734180386
 10
160.19297542058075
 20
135.4615808072342
 10
160.6516612496234
 20
134.94691383448873
 10
161.2434481440869
 20
134.4960827434002
 10
161.9605939673386
 20
134.1228438538015
 10
162.79535658274605
 20
133.84095348552546
 10
163.73999385367674
 20
133.6641679584049
 10
164.30859154446082
 20
133.61082516206648
 10
164.80032344391103
 20
133.60355258506456
 10
165.22498715864504
 20
133.65176179525503
 10
165.59238029528044
 20
133.76486436049373
 10
165.91230046043486
 20
133.95227184863649
 10
166.19454526072596
 20
134.22339582753915
 10
166.4489123027713
 20
134.5876478650575
 10
166.68519919318865
 20
135.05443952904744
 10
166.91320353859552
 20
135.63318238736474
 10
167.14272294560962
 20
136.3332880078653
 10
167.38355502084858
 20
137.1641679584049
 10
167.76578218924115
 20
138.60299162951836
 10
168.0552506279906
 20
139.85430129384764
 10
168.24860570492248
 20
140.9387123019946
 10
168.34249278786228
 20
141.87684000456088
 10
168.3335572446355
 20
142.6892997521482
 10
168.21844444306768
 20
143.3967068953583
 10
167.99379975098432
 20
144.01967678479292
 10
167.65626853621103
 20
144.57882477105372
 10
167.20249616657324
 20
145.09476620474243
 10
166.6291280098965
 20
145.58811643646078
 10
165.93280943400637
 20
146.07949081681048
 10
165.35742814590998
 20
146.44391957968952
 10
164.8398346170639
 20
146.7376454827138
 10
164.3613425994067
 20
146.96138053747433
 10
163.90326584487698
 20
147.11583675556238
 10
163.44691810541343
 20
147.20172614856898
 10
162.97361313295468
 20
147.21976072808525
 10
162.4646646794393
 20
147.17065250570232
 10
161.90138649680603
 20
147.0551134930113
 10
161.26509233699343
 20
146.8738557016033
 10
160.53709595194016
 20
146.62759114306945
 10
159.69871109358485
 20
146.31703182900085
 10
158.11566204856712
 20
145.62663297049642
 10
156.72664546823634
 20
144.82422487262923
 10
155.522545128495
 20
143.89120811572758
 10
154.49424480524547
 20
142.80898328011966
 10
153.6326282743902
 20
141.55895094613373
 10
152.92857931183167
 20
140.12251169409805
 10
152.3729816934722
 20
138.48106610434084
 10
151.9567191952143
 20
136.61601475719033
 10
151.67067559296046
 20
134.50875823297474
 10
151.505734662613
 20
132.1406971120223
 10
151.45278018007443
 20
129.4932319746613
 10
151.46295356277832
 20
127.49826012479349
 10
151.49529676407215
 20
125.76623439595554
 10
151.55254436372897
 20
124.28178430478391
 10
151.6374309415219
 20
123.02953936791525
 10
151.75269107722406
 20
121.99412910198605
 10
151.90105935060848
 20
121.16018302363288
 10
152.08527034144825
 20
120.51233064949227
 10
152.30805862951658
 20
120.03520149620078
 10
152.5721587945865
 20
119.71342508039496
 10
152.88030541643113
 20
119.53163091871131
 10
153.23523307482353
 20
119.47444852778642
 10
153.35350592762236
 20
119.49296578676572
 10
153.5680823426467
 20
119.54672969042282
 10
153.8707029074753
 20
119.63305842883658
 10
154.2531082096868
 20
119.7492701920859
 10
154.7070388368599
 20
119.89268317024961
 10
155.22423537657338
 20
120.06061555340658
 10
155.79643841640595
 20
120.25038553163569
 10
156.41538854393636
 20
120.45931129501577
 10
157.07282634674326
 20
120.68471103362569
 10
157.76049241240537
 20
120.92390293754433
 10
158.4701273285015
 20
121.17420519685055
  0
LWPOLYLINE
  5
56
330
17
100
AcDbEntity
  8
CUT
100
AcDbPolyline
 90
100
 70
1
 10
165.85653570598484
 20
120.07588965829682
 10
166.4305635376184
 20
120.60160174593898
 10
167.13395095473095
 20
121.75326531257879
 10
167.94683853311338
 20
123.47141608282564
 10
168.84936684855666
 20
125.69658978128899
 10
169.82167647685168
 20
128.3693221325783
 10
170.84390799378951
 20
131.43014886130294
 10
171.89620197516098
 20
134.81960569207237
 10
172.9586989967572
 20
138.478228349496
 10
174.01153963436897
 20
142.34655255818328
 10
175.03486446378741
 20
146.3651140427436
 10
176.00881406080336
 20
150.47444852778642
 10
176.90103570232475
 20
154.67242733233996
 10
177.69906452394403
 20
158.99669427757445
 10
178.39674757713757
 20
163.3767101643802
 10
178.98793191338143
 20
167.7419357936476
 10
179.46646458415177
 20
172.02183196626706
 10
179.82619264092483
 20
176.14585948312893
 10
180.06096313517682
 20
180.0434791451236
 10
180.16462311838387
 20
183.6441517531414
 10
180.1310196420222
 20
186.87733810807276
 10
179.95399975756806
 20
189.672499010808
 10
179.62741051649752
 20
191.95909526223755
 10
179.3218835136075
 20
193.3758778084165
 10
178.99863585547754
 20
194.67515071421676
 10
178.65941516645992
 20
195.85323704789596
 10
178.30596907090685
 20
196.90645987771182
 10
177.9400451931706
 20
197.83114227192198
 10
177.56339115760338
 20
198.62360729878407
 10
177.1777545885575
 20
199.28017802655583
 10
176.78488311038518
 20
199.79717752349487
 10
176.38652434743872
 20
200.17092885785888
 10
175.98442592407034
 20
200.39775509790553
 10
175.58033546463227
 20
200.47397931189246
 10
175.48784730664144
 20
200.2696516164118
 10
175.39931682578234
 20
199.6765313082617
 10
175.315745133674
 20
198.72420140772763
 10
175.2381333419353
 20
197.4422449350951
 10
175.16748256218543
 20
195.8602449106496
 10
175.10479390604326
 20
194.00778435467663
 10
175.0510684851278
 20
191.91444628746171
 10
175.00730741105806
 20
189.60981372929035
 10
174.97451179545308
 20
187.12346970044803
 10
174.9536827499318
 20
184.48499722122023
 10
174.94582138611327
 20
181.72397931189246
 10
174.93398729929842
 20
177.89182819152919
 10
174.89930460195416
 20
174.46982543598816
 10
174.8384902344984
 20
171.4115829936007
 10
174.74826113734912
 20
168.67071281269813
 10
174.62533425092417
 20
166.20082684161173
 10
174.46642651564164
 20
163.9555370286728
 10
174.26825487191937
 20
161.8884553222127
 10
174.02753626017542
 20
159.9531936705627
 10
173.74098762082767
 20
158.1033640220541
 10
173.4053258942941
 20
156.29257832501824
 10
173.01726802099262
 20
154.47444852778642
 10
172.7366711787511
 20
153.17302400763333
 10
172.47315114106152
 20
151.8324930027249
 10
172.2293960844545
 20
150.47346934638733
 10
172.0080941854605
 20
149.11656687194696
 10
171.81193362061012
 20
147.78239941272994
 10
171.64360256643397
 20
146.49158080206257
 10
171.50578919946255
 20
145.26472487327112
 10
171.40118169622653
 20
144.12244545968176
 10
171.33246823325638
 20
143.0853563946208
 10
171.30233698708275
 20
142.17407151141444
 10
171.31347613423614
 20
141.409204643389
 10
171.3414803391213
 20
140.50793259866094
 10
171.33416391035118
 20
139.67846409975556
 10
171.28909176549436
 20
138.91191325724807
 10
171.2038288221194
 20
138.19939418171384
 10
171.07593999779482
 20
137.53202098372816
 10
170.90299021008929
 20
136.90090777386638
 10
170.6825443765713
 20
136.2971686627037
 10
170.4121674148095
 20
135.71191776081557
 10
170.08942424237242
 20
135.13626917877718
 10
169.71187977682862
 20
134.5613370271639
 10
169.2770989357467
 20
133.978235416551
 10
168.9260625728258
 20
133.50101294222407
 10
168.55342175761376
 20
132.937409221571
 10
168.1654979531347
 20
132.2999434039853
 10
167.76861262241283
 20
131.60113463886057
 10
167.3690872284724
 20
130.8535020755903
 10
166.9732432343376
 20
130.06956486356796
 10
166.5874021030326
 20
129.26184215218706
 10
166.2178852975816
 20
128.44285309084117
 10
165.8710142810089
 20
127.62511682892375
 10
165.55311051633865
 20
126.82115251582835
 10
165.270495466595
 20
126.04347930094843
 10
164.67328398661095
 20
124.30628434561694
 10
164.19878898371738
 20
122.88318771996128
 10
163.849470823243
 20
121.74913576782279
 10
163.62778987051655
 20
120.8790748330429
 10
163.5362064908667
 20
120.24795125946291
 10
163.57718104962217
 20
119.83071139092417
 10
163.7531739121117
 20
119.60230157126806
 10
164.06664544366404
 20
119.53766814433592
 10
164.52005600960783
 20
119.61175745396909
 10
165.11586597527187
 20
119.79951584400894
 10
165.85653570598484
 20
120.07588965829682
  0
LWPOLYLINE
  5
57
330
17
100
AcDbEntity
  8
CUT
100
AcDbPolyline
 90
34
 70
1
 10
23.845791375890094
 20
122.05623599602221
 10
24.114718067652518
 20
122.86962806301763
 10
24.306603584999742
 20
123.69112875562874
 10
24.423903151058127
 20
124.5027073186189
 10
24.46907198895402
 20
125.28633299675145
 10
24.444565321813783
 20
126.02397503478971
 10
24.352838372763756
 20
126.69760267749706
 10
24.1963463649303
 20
127.28918516963682
 10
23.977544521439782
 20
127.78069175597227
 10
23.698888065418544
 20
128.15409168126678
 10
23.362832219992946
 20
128.39135419028372
 10
22.971832208289335
 20
128.47444852778642
 10
22.52816774601211
 20
128.37526675771306
 10
22.106802138719672
 20
128.09591394390895
 10
21.716799558554186
 20
127.66367883099781
 10
21.367224177657775
 20
127.10585016360358
 10
21.067140168172592
 20
126.44971668635009
 10
20.8256117022408
 20
125.72256714386117
 10
20.651702952004527
 20
124.95169028076072
 10
20.55447808960593
 20
124.16437484167255
 10
20.543001287187153
 20
123.38790957122052
 10
20.626336716890343
 20
122.64958321402845
 10
20.813548550857647
 20
121.97668451472023
 10
21.036292894024783
 20
121.4920270876904
 10
21.290027652157953
 20
121.10628293388949
 10
21.56795029329996
 20
120.8192735875662
 10
21.8632582854936
 20
120.63082058296925
 10
22.169149096781666
 20
120.5407454543474
 10
22.47882019520698
 20
120.54886973594938
 10
22.785469048812317
 20
120.65501496202394
 10
23.082293125640497
 20
120.85900266681975
 10
23.362489893734327
 20
121.16065438458557
 10
23.619256821136588
 20
121.55979164957014
 10
23.845791375890094
 20
122.05623599602221
  0
LWPOLYLINE
  5
58
330
17
100
AcDbEntity
  8
CUT
100
AcDbPolyline
 90
67
 70
1
 10
69.50781605462285
 20
139.13724019793187
 10
68.91068079435874
 20
139.98523620350693
 10
68.34005102779005
 20
140.82306837449536
 10
67.80232463270534
 20
141.63975919385746
 10
67.30389948689307
 20
142.4243311445536
 10
66.85117346814184
 20
143.16580670954417
 10
66.45054445424017
 20
143.85320837178944
 10
66.1084103229766
 20
144.4755586142498
 10
65.8311689521397
 20
145.02187991988555
 10
65.62521821951805
 20
145.48119477165704
 10
65.49695600290008
 20
145.84252565252464
 10
65.45278018007443
 20
146.0948950454487
 10
65.2092149979915
 20
146.50979120235831
 10
64.51730519585166
 20
147.00880655243168
 10
63.43522938981823
 20
147.57238289155208
 10
62.02116619605442
 20
148.18096201560263
 10
60.33329423072363
 20
148.81498572046655
 10
58.42979210998913
 20
149.45489580202698
 10
56.368838450014216
 20
150.08113405616712
 10
54.20861186696222
 20
150.67414227877012
 10
52.00729097699642
 20
151.21436226571916
 10
49.82305439628014
 20
151.68223581289743
 10
47.71408074097669
 20
152.0582047161881
 10
45.65134944429365
 20
152.24955392021064
 10
43.72098186838213
 20
152.16718304491587
 10
41.94528732854911
 20
151.82983963123547
 10
40.346575140101514
 20
151.25627122010104
 10
38.947154618346325
 20
150.4652253524443
 10
37.76933507859049
 20
149.4754495691968
 10
36.83542583614095
 20
148.30569141129024
 10
36.167736206304696
 20
146.97469841965622
 10
35.78857550438867
 20
145.50121813522642
 10
35.72025304569983
 20
143.90399809893245
 10
35.985078145545124
 20
142.20178585170598
 10
36.364088548490635
 20
140.9200909905523
 10
36.837714524479495
 20
139.82446642600328
 10
37.450571194556595
 20
138.8965159097719
 10
38.24727367976675
 20
138.11784319357105
 10
39.272437101154836
 20
137.47005202911376
 10
40.570676579765696
 20
136.93474616811292
 10
42.1866072366442
 20
136.49352936228155
 10
44.1648441928352
 20
136.12800536333253
 10
46.550002569383544
 20
135.81977792297886
 10
49.38669748733409
 20
135.5504507929335
 10
52.71954406773168
 20
135.30162772490937
 10
54.5482174546732
 20
135.1752494290831
 10
56.34876976409604
 20
135.04710676107345
 10
58.0979554694518
 20
134.91906149353068
 10
59.772529044192034
 20
134.792975399105
 10
61.3492449617684
 20
134.67071025044663
 10
62.80485769563245
 20
134.55412782020585
 10
64.11612171923582
 20
134.44508988103289
 10
65.25979150603013
 20
134.34545820557793
 10
66.21262152946693
 20
134.25709456649125
 10
66.95136626299782
 20
134.18186073642306
 10
67.45278018007443
 20
134.1216184880236
 10
69.0233805134699
 20
133.9061510836888
 10
70.28864269896053
 20
133.75521074345153
 10
71.25809419316437
 20
133.69205064690095
 10
71.94126245269925
 20
133.73992397362647
 10
72.3476749341832
 20
133.9220839032173
 10
72.48685909423418
 20
134.2617836152627
 10
72.36834238947011
 20
134.78227628935184
 10
72.00165227650899
 20
135.50681510507408
 10
71.39631621196878
 20
136.45865324201867
 10
70.5618616524674
 20
137.66104387977484
 10
69.50781605462285
 20
139.13724019793187
  0
LWPOLYLINE
  5
59
330
17
100
AcDbEntity
  8
CUT
100
AcDbPolyline
 90
40
 70
1
 10
36.642479298428846
 20
137.7725230695617
 10
35.77304052916794
 20
138.78815432373483
 10
35.063248014534864
 20
139.81481333456418
 10
34.51303184562462
 20
140.85355134475412
 10
34.122322113532235
 20
141.90541959700914
 10
33.89104890935274
 20
142.97146933403357
 10
33.819142324181165
 20
144.0527517985319
 10
33.906532449112525
 20
145.1503182332085
 10
34.15314937524186
 20
146.26521988076786
 10
34.55892319366418
 20
147.39850798391433
 10
35.12378399547452
 20
148.5512337853524
 10
35.84766187176789
 20
149.72444852778642
 10
38.39250657947196
 20
153.47444852778642
 10
31.999758127362774
 20
153.47444852778642
 10
25.607009675253593
 20
153.47444852778642
 10
26.1117196233947
 20
145.72444852778642
 10
26.190255770803148
 20
144.5695837644506
 10
26.273513512103456
 20
143.43945604093443
 10
26.360086272571543
 20
142.34826520697501
 10
26.44856747748331
 20
141.31021111230933
 10
26.537550552114702
 20
140.33949360667447
 10
26.625628921741622
 20
139.45031253980744
 10
26.711396011639984
 20
138.65686776144534
 10
26.793445247085735
 20
137.97335912132513
 10
26.87037005335477
 20
137.41398646918387
 10
26.940763855723027
 20
136.9929496547586
 10
27.00322007946641
 20
136.72444852778642
 10
27.11831807240013
 20
136.51304648710664
 10
27.32602943914734
 20
136.320200362381
 10
27.624734033338143
 20
136.1462425600944
 10
28.012811708602626
 20
135.99150548673168
 10
28.48864231857089
 20
135.85632154877763
 10
29.05060571687303
 20
135.7410231527171
 10
29.697081757139138
 20
135.64594270503494
 10
30.426450292999313
 20
135.57141261221597
 10
31.237091178083652
 20
135.51776528074498
 10
32.12738426602224
 20
135.48533311710688
 10
33.09570941044519
 20
135.47444852778642
 10
38.80140823349338
 20
135.47444852778642
 10
36.642479298428846
 20
137.7725230695617
  0
LWPOLYLINE
  5
5A
330
17
100
AcDbEntity
  8
CUT
100
AcDbPolyline
 90
67
 70
1
 10
128.2234469066697
 20
141.35734996704468
 10
128.56848898847062
 20
141.52887722302728
 10
128.9189967335507
 20
141.67994721530295
 10
129.2698424183939
 20
141.8096064621102
 10
129.6158983194839
 20
141.91690148168743
 10
129.95203671330464
 20
142.00087879227306
 10
130.27312987633994
 20
142.06058491210547
 10
130.57405008507365
 20
142.09506635942313
 10
130.84966961598965
 20
142.10336965246444
 10
131.09486074557176
 20
142.0845413094678
 10
131.30449575030383
 20
142.0376278486716
 10
131.4734469066697
 20
141.96167578831435
 10
131.61766127300126
 20
141.87725154143584
 10
131.75547428735788
 20
141.80573952529164
 10
131.88534079581464
 20
141.74741326444405
 10
132.00571564444652
 20
141.7025462834552
 10
132.11505367932853
 20
141.67141210688732
 10
132.2118097465357
 20
141.65428425930259
 10
132.29443869214302
 20
141.65143626526316
 10
132.36139536222555
 20
141.66314164933127
 10
132.41113460285825
 20
141.68967393606906
 10
132.4421112601162
 20
141.7313066500388
 10
132.45278018007443
 20
141.78831331580258
 10
132.35465396483826
 20
142.28966920985766
 10
132.08366863367706
 20
143.07912725070298
 10
131.67491415841155
 20
144.08588683342674
 10
131.16348051086246
 20
145.23914735311732
 10
130.58445766285064
 20
146.4681082048629
 10
129.9729355861968
 20
147.70196878375174
 10
129.3640042527217
 20
148.86992848487213
 10
128.79275363424622
 20
149.90118670331236
 10
128.29427370259103
 20
150.72494283416063
 10
127.90365442957696
 20
151.27039627250528
 10
127.65598578702475
 20
151.46674641343452
 10
127.25273441459191
 20
151.27975843537115
 10
126.7455684022822
 20
150.76574393004358
 10
126.16447480878074
 20
149.98391245847085
 10
125.53944069277253
 20
148.99347358167188
 10
124.90045311294276
 20
147.8536368606658
 10
124.27749912797637
 20
146.62361185647148
 10
123.70056579655855
 20
145.36260813010801
 10
123.19964017737436
 20
144.12983524259437
 10
122.8047093291089
 20
142.98450275494952
 10
122.54576031044724
 20
141.98582022819247
 10
122.45278018007443
 20
141.19299722334225
 10
122.48082211208302
 20
140.404429380867
 10
122.56190485990558
 20
139.71575077524182
 10
122.69146385123716
 20
139.1314617804328
 10
122.86493451377277
 20
138.65606277040598
 10
123.07775227520747
 20
138.29405411912728
 10
123.32535256323635
 20
138.04993620056277
 10
123.60317080555444
 20
137.92820938867843
 10
123.90664242985682
 20
137.93337405744023
 10
124.23120286383855
 20
138.0699305808142
 10
124.57228753519462
 20
138.34237933276637
 10
124.92533187162016
 20
138.75522068726272
 10
125.10136833742982
 20
138.9734605712093
 10
125.31777415062524
 20
139.20768053474023
 10
125.56934567366062
 20
139.4537750395478
 10
125.8508792689899
 20
139.70763854732436
 10
126.15717129906724
 20
139.96516551976217
 10
126.48301812634674
 20
140.22225041855356
 10
126.82321611328248
 20
140.4747877053908
 10
127.17256162232857
 20
140.71867184196623
 10
127.52585101593905
 20
140.94979728997217
 10
127.87788065656807
 20
141.16405851110088
 10
128.2234469066697
 20
141.35734996704468
  0
LWPOLYLINE
  5
5B
330
17
100
AcDbEntity
  8
CUT
100
AcDbPolyline
 90
34
 70
1
 10
22.266138664162554
 20
143.64743681484094
 10
22.108507207103223
 20
144.69490359681183
 10
21.871735342281433
 20
145.5752425196822
 10
21.575661311942625
 20
146.28085909473566
 10
21.240123358332248
 20
146.80415883325583
 10
20.88495972369578
 20
147.13754724652625
 10
20.53000865027866
 20
147.2734298458306
 10
20.195108380326353
 20
147.2042121424524
 10
19.900097156084318
 20
146.9222996476753
 10
19.664813219798013
 20
146.4200978727829
 10
19.509094813712895
 20
145.6900123290587
 10
19.45278018007442
 20
144.72444852778642
 10
19.460042889816467
 20
144.28768419019565
 10
19.4811297918951
 20
143.85616027334117
 10
19.51498904558907
 20
143.4355304210997
 10
19.5605688101771
 20
143.03144827734815
 10
19.61681724493793
 20
142.64956748596322
 10
19.682682509150304
 20
142.29554169082172
 10
19.75711276209295
 20
141.97502453580046
 10
19.83905616304462
 20
141.69366966477617
 10
19.927460871284037
 20
141.45713072162565
 10
20.02127504608995
 20
141.2710613502257
 10
20.119446846741088
 20
141.14111519445308
 10
20.520710925645666
 20
140.78785727661761
 10
20.888684893946333
 20
140.56008118970092
 10
21.22072477002304
 20
140.45470001258812
 10
21.514186572255653
 20
140.46862682416435
 10
21.766426319024106
 20
140.59877470331472
 10
21.97480002870831
 20
140.84205672892438
 10
22.13666371968818
 20
141.19538597987844
 10
22.24937341034363
 20
141.655675535062
 10
22.310285119054562
 20
142.21983847336017
 10
22.316754864200902
 20
142.88478787365813
 10
22.266138664162554
 20
143.64743681484094
  0
LWPOLYLINE
  5
5C
330
17
100
AcDbEntity
  8
CUT
100
AcDbPolyline
 90
45
 70
1
 10
153.8467201040676
 20
155.71598158583032
 10
153.70697180078736
 20
157.5369308236729
 10
153.30380484185574
 20
159.2394550786184
 10
152.67513415448983
 20
160.79157367042473
 10
151.85887466590646
 20
162.1613059188498
 10
150.89294130332266
 20
163.3166711436515
 10
149.8152489939553
 20
164.22568866458778
 10
148.6637126650214
 20
164.8563778014165
 10
147.47624724373793
 20
165.1767578738956
 10
146.29076765732182
 20
165.154848201783
 10
145.14518883299002
 20
164.7586681048366
 10
144.07742569795946
 20
163.9562369028143
 10
143.3645238611265
 20
163.00893858036483
 10
142.89724102435244
 20
161.84786580318917
 10
142.6727076474958
 20
160.48424830581774
 10
142.68805419041504
 20
158.92931582278106
 10
142.9404111129686
 20
157.1942980886096
 10
143.42690887501504
 20
155.29042483783377
 10
144.14467793641288
 20
153.2289258049841
 10
145.09084875702052
 20
151.02103072459104
 10
146.2625517966965
 20
148.677969331185
 10
147.65691751529928
 20
146.21097135929654
 10
149.27107637268742
 20
143.63126654345604
 10
149.6505482793218
 20
143.059038941064
 10
149.969568781823
 20
142.61644599331555
 10
150.241475896509
 20
142.31660647367084
 10
150.47960763969795
 20
142.1726391555899
 10
150.6973020277078
 20
142.19766281253283
 10
150.90789707685667
 20
142.40479621795973
 10
151.12473080346254
 20
142.80715814533062
 10
151.36114122384353
 20
143.41786736810565
 10
151.6304663543177
 20
144.25004265974482
 10
151.94604421120306
 20
145.31680279370826
 10
152.32121281081768
 20
146.63126654345604
 10
152.54460029514672
 20
147.458851741255
 10
152.7582674369632
 20
148.32909706613006
 10
152.95980735022962
 20
149.22766900824732
 10
153.1468131489086
 20
150.14023405777283
 10
153.31687794696262
 20
151.0524587048726
 10
153.46759485835437
 20
151.95000943971274
 10
153.59655699704626
 20
152.81855275245925
 10
153.701357477001
 20
153.64375513327823
 10
153.77958941218108
 20
154.4112830723357
 10
153.8288459165491
 20
155.1068030597977
 10
153.8467201040676
 20
155.71598158583032
  0
LWPOLYLINE
  5
5D
330
17
100
AcDbEntity
  8
CUT
100
AcDbPolyline
 90
58
 70
1
 10
162.89232702039635
 20
148.47444852778642
 10
163.37061939652725
 20
148.4615572179943
 10
163.8527916054987
 20
148.42412796680472
 10
164.33199019003405
 20
148.3640277914979
 10
164.8013616928565
 20
148.2831237093542
 10
165.2540526566893
 20
148.18328273765368
 10
165.68320962425582
 20
148.06637189367672
 10
166.08197913827925
 20
147.93425819470355
 10
166.44350774148288
 20
147.78880865801432
 10
166.76094197659003
 20
147.63189030088935
 10
167.0274283863239
 20
147.46537014060885
 10
167.2361135134078
 20
147.29111519445308
 10
167.68369763478947
 20
146.89047772734267
 10
168.07898766883403
 20
146.63993813258838
 10
168.42402048100612
 20
146.54332525943994
 10
168.72083293677048
 20
146.60446795714722
 10
168.97146190159185
 20
146.82719507495995
 10
169.1779442409349
 20
147.21533546212794
 10
169.3423168202644
 20
147.77271796790095
 10
169.46661650504504
 20
148.5031714415287
 10
169.55288016074155
 20
149.41052473226108
 10
169.60314465281868
 20
150.49860668934775
 10
169.6194468467411
 20
151.7712461620386
 10
169.57620889896006
 20
153.14705514958274
 10
169.44749386232576
 20
154.4262654845797
 10
169.23479994690123
 20
155.60603492517322
 10
168.9396253627495
 20
156.68352122950722
 10
168.56346831993358
 20
157.6558821557256
 10
168.1078270285166
 20
158.52027546197218
 10
167.5741996985615
 20
159.27385890639079
 10
166.9640845401315
 20
159.91379024712532
 10
166.27897976328953
 20
160.4372272423196
 10
165.52038357809863
 20
160.8413276501175
 10
164.6897941946219
 20
161.1232492286629
 10
163.63414265544608
 20
161.24461239508415
 10
162.5690703920421
 20
161.08416589734856
 10
161.50417561218762
 20
160.65311754486697
 10
160.4490565236602
 20
159.96267514705042
 10
159.4133113342375
 20
159.0240465133097
 10
158.40653825169707
 20
157.84843945305573
 10
157.43833548381647
 20
156.44706177569947
 10
156.51830123837343
 20
154.8311212906517
 10
155.65603372314547
 20
153.01182580732342
 10
154.8611311459102
 20
151.0003831351255
 10
154.14319171444524
 20
148.80800108346884
 10
152.6102052097236
 20
143.64155363915125
 10
156.17103953522093
 20
146.05800108346884
 10
156.72982999248072
 20
146.4138415786501
 10
157.33088134273473
 20
146.75388711307585
 10
157.96358900016864
 20
147.074325110012
 10
158.61734837896807
 20
147.37134299272452
 10
159.28155489331877
 20
147.6411281844793
 10
159.94560395740638
 20
147.87986810854224
 10
160.5988909854165
 20
148.08375018817924
 10
161.23081139153493
 20
148.24896184665627
 10
161.83076058994723
 20
148.37169050723918
 10
162.38813399483917
 20
148.44812359319394
 10
162.89232702039635
 20
148.47444852778642
  0
LWPOLYLINE
  5
5E
330
17
100
AcDbEntity
  8
CUT
100
AcDbPolyline
 90
47
 70
1
 10
137.09315474251824
 20
155.5440522732009
 10
137.86982597792337
 20
155.9350464233422
 10
138.4974756384787
 20
156.2670838294003
 10
138.98194317011675
 20
156.55796410402542
 10
139.3290680187698
 20
156.82548685986774
 10
139.54468963037039
 20
157.08745170957746
 10
139.63464745085093
 20
157.36165826580472
 10
139.60478092614386
 20
157.66590614119977
 10
139.46092950218159
 20
158.01799494841276
 10
139.20893262489662
 20
158.43572430009388
 10
138.85462974022133
 20
158.93689380889333
 10
138.40386029408813
 20
159.53930308746126
 10
136.5741912832142
 20
161.96495015630717
 10
133.47674665281542
 20
158.99740986591002
 10
132.53496569227713
 20
158.04275492179056
 10
131.73037207700662
 20
157.11334402921813
 10
131.0620140066691
 20
156.20609521757774
 10
130.52893968092985
 20
155.31792651625432
 10
130.1301972994541
 20
154.4457559546329
 10
129.86483506190706
 20
153.58650156209842
 10
129.731901167954
 20
152.73708136803583
 10
129.73044381726018
 20
151.89441340183015
 10
129.8595112094908
 20
151.0554156928663
 10
130.11815154431108
 20
150.21700627052928
 10
130.50541302138632
 20
149.37610316420407
 10
130.80741204669897
 20
148.81740168670706
 10
131.06098594164203
 20
148.37637319333948
 10
131.27629485213657
 20
148.05805138929418
 10
131.46349892410325
 20
147.8674699797639
 10
131.6327583034631
 20
147.80966266994153
 10
131.79423313613694
 20
147.8896631650198
 10
131.95808356804565
 20
148.1125051701916
 10
132.13446974511012
 20
148.4832223906497
 10
132.33355181325123
 20
149.00684853158688
 10
132.5654899183899
 20
149.688417298196
 10
132.8404442064469
 20
150.5329623956698
 10
133.0567714825001
 20
151.1322057462262
 10
133.3097215939615
 20
151.70573507351776
 10
133.59843911387372
 20
152.252542403611
 10
133.92206861527941
 20
152.77161976257244
 10
134.27975467122118
 20
153.26195917646862
 10
134.6706418547417
 20
153.72255267136606
 10
135.0938747388836
 20
154.15239227333132
 10
135.54859789668956
 20
154.5504700084309
 10
136.03395590120223
 20
154.91577790273132
 10
136.54909332546424
 20
155.24730798229916
 10
137.09315474251824
 20
155.5440522732009
  0
LWPOLYLINE
  5
5F
330
17
100
AcDbEntity
  8
CUT
100
AcDbPolyline
 90
80
 70
1
 10
64.25278018007441
 20
152.90813663172395
 10
64.25911711954612
 20
153.42402703123076
 10
64.27751609552948
 20
153.9369901237477
 10
64.30705934437688
 20
154.44012339704148
 10
64.34682910244067
 20
154.92652433887895
 10
64.39590760607325
 20
155.3892904370268
 10
64.45337709162698
 20
155.8215191792518
 10
64.51831979545423
 20
156.2163080533207
 10
64.58981795390739
 20
156.5667545470002
 10
64.66695380333883
 20
156.86595614805708
 10
64.7488095801009
 20
157.10701034425813
 10
64.83446752054601
 20
157.28301462337006
 10
64.62917054985184
 20
157.72802382511736
 10
63.6833584560508
 20
158.38289467839843
 10
62.106757973130925
 20
159.20566916878334
 10
60.009095835080466
 20
160.15438928184227
 10
57.5000987758875
 20
161.1870970031452
 10
54.68949352954022
 20
162.26183431826234
 10
51.68700683002678
 20
163.3366432127637
 10
48.60236541133533
 20
164.36956567221944
 10
45.54529600745401
 20
165.31864368219965
 10
42.62552535237099
 20
166.1419192282744
 10
39.95278018007442
 20
166.79743429601376
 10
38.85210544885381
 20
167.0339351131123
 10
37.664190288802025
 20
167.27499184227742
 10
36.410198250334076
 20
167.51703406519692
 10
35.11129288386499
 20
167.75649136355867
 10
33.78863773980977
 20
167.98979331905053
 10
32.46339636858345
 20
168.21336951336025
 10
31.15673232060105
 20
168.42364952817576
 10
29.889809146277592
 20
168.61706294518478
 10
28.683790396028094
 20
168.79003934607522
 10
27.55983962026758
 20
168.93900831253484
 10
26.539120369411073
 20
169.06039942625154
 10
25.202348031104457
 20
169.20191368506693
 10
24.06327498924444
 20
169.30697968614498
 10
23.109448685840107
 20
169.3741412398234
 10
22.32841656290055
 20
169.40194215643976
 10
21.70772606243485
 20
169.38892624633172
 10
21.2349246264521
 20
169.33363731983695
 10
20.897559696961387
 20
169.234619187293
 10
20.6831787159718
 20
169.09041565903755
 10
20.579329125492436
 20
168.8995705454082
 10
20.57355836753237
 20
168.66062765674263
 10
20.653413884100708
 20
168.3721308033784
 10
20.748872736930338
 20
168.10508134280963
 10
20.874597690601178
 20
167.73061964324182
 10
21.027190334295057
 20
167.2598187038663
 10
21.20325225719376
 20
166.70375152387447
 10
21.399385048479097
 20
166.07349110245775
 10
21.612190297332866
 20
165.38011043880744
 10
21.83826959293686
 20
164.634682532115
 10
22.07422452447291
 20
163.8482803815717
 10
22.3166566811228
 20
163.031976986369
 10
22.56216765206834
 20
162.1968453456982
 10
22.80735902649132
 20
161.35395845875072
 10
24.43335084352894
 20
155.73346838971503
 10
34.193065511801684
 20
155.01115661185216
 10
35.722858205251306
 20
154.880124409541
 10
37.36511557367166
 20
154.7068626599919
 10
39.09102814989265
 20
154.4960833492433
 10
40.871786466744204
 20
154.25249846333347
 10
42.67858105705625
 20
153.98081998830088
 10
44.4826024536587
 20
153.68575991018386
 10
46.25504118938148
 20
153.3720302150208
 10
47.96708779705453
 20
153.04434288885003
 10
49.58993280950775
 20
152.70740991770995
 10
51.09476675957108
 20
152.3659432876389
 10
52.45278018007442
 20
152.02465498467532
 10
55.40548516495149
 20
151.24053096611237
 10
57.819335809294294
 20
150.61710159976738
 10
59.7486183791376
 20
150.15843137036308
 10
61.24761914051616
 20
149.86858476262216
 10
62.370624359464756
 20
149.75162626126752
 10
63.17192030201815
 20
149.81162035102176
 10
63.70579323421114
 20
150.05263151660776
 10
64.02652942207848
 20
150.47872424274823
 10
64.18841513165498
 20
151.0939630141659
 10
64.24573662897535
 20
151.90241231558355
 10
64.25278018007441
 20
152.90813663172395
  0
LWPOLYLINE
  5
60
330
17
100
AcDbEntity
  8
CUT
100
AcDbPolyline
 90
67
 70
1
 10
173.2784304654806
 20
166.72444852778642
 10
173.60035947367032
 20
169.7605844233604
 10
173.86503359106487
 20
172.79522836850364
 10
174.07219843291736
 20
175.80677165062448
 10
174.22159961448068
 20
178.7736055571313
 10
174.31298275100778
 20
181.67412137543243
 10
174.34609345775164
 20
184.48671039293617
 10
174.3206773499652
 20
187.1897638970509
 10
174.23648004290143
 20
189.76167317518497
 10
174.0932471518133
 20
192.18082951474668
 10
173.89072429195383
 20
194.42562420314437
 10
173.62865707857588
 20
196.47444852778642
 10
173.47608215119803
 20
197.4190343866133
 10
173.31867864735565
 20
198.23123730555318
 10
173.14991974349888
 20
198.92149734598482
 10
172.96327861607773
 20
199.50025456928705
 10
172.75222844154226
 20
199.97794903683862
 10
172.51024239634256
 20
200.3650208100184
 10
172.23079365692877
 20
200.67190995020513
 10
171.90735539975097
 20
200.90905651877767
 10
171.5334008012592
 20
201.08690057711476
 10
171.10240303790357
 20
201.21588218659525
 10
170.60783528613413
 20
201.30644140859792
 10
169.72546250087095
 20
201.36346932769965
 10
168.7753564191794
 20
201.30628618829843
 10
167.78949508248607
 20
201.1483539560167
 10
166.79985653221766
 20
200.9031345964769
 10
165.8384188098008
 20
200.5840900753014
 10
164.9371599566621
 20
200.20468235811265
 10
164.1280580142283
 20
199.77837341053305
 10
163.44309102392597
 20
199.31862519818506
 10
162.91423702718177
 20
198.83889968669104
 10
162.57347406542237
 20
198.35265884167347
 10
162.45278018007443
 20
197.8733646287547
 10
162.46856676298654
 20
197.63225020502782
 10
162.51440228992453
 20
197.3218344515298
 10
162.58800042819084
 20
196.95020919942417
 10
162.68707484508778
 20
196.52546627987425
 10
162.8093392079177
 20
196.05569752404355
 10
162.952507183983
 20
195.54899476309546
 10
163.11429244058607
 20
195.01344982819342
 10
163.2924086450293
 20
194.45715455050086
 10
163.48456946461508
 20
193.88820076118122
 10
163.68848856664573
 20
193.31468029139788
 10
163.90187961842366
 20
192.74468497231433
 10
164.51988674118982
 20
191.07736846492003
 10
165.07805743943453
 20
189.43777979890086
 10
165.58265464263752
 20
187.7958899673549
 10
166.03994128027836
 20
186.12166996338019
 10
166.4561802818368
 20
184.38509078007473
 10
166.8376345767924
 20
182.55612341053657
 10
167.1905670946248
 20
180.60473884786376
 10
167.52124076481377
 20
178.5009080851543
 10
167.83591851683892
 20
176.21460211550624
 10
168.14086328017984
 20
173.7157919320176
 10
168.44233798431623
 20
170.97444852778642
 10
168.94590221993298
 20
166.44654447903102
 10
169.41990204331196
 20
162.76169537861247
 10
169.86993096089236
 20
159.9149856045779
 10
170.30158247911325
 20
157.9014995349745
 10
170.72045010441374
 20
156.71632154784947
 10
171.13212734323304
 20
156.35453602125
 10
171.5422077020102
 20
156.8112273332232
 10
171.95628468718442
 20
158.08147986181626
 10
172.3799518051948
 20
160.16037798507637
 10
172.8188025624805
 20
163.0430060810507
 10
173.2784304654806
 20
166.72444852778642
  0
LWPOLYLINE
  5
61
330
17
100
AcDbEntity
  8
CUT
100
AcDbPolyline
 90
34
 70
1
 10
17.280957849745228
 20
162.10262619745723
 10
17.1169578445871
 20
162.97479164108398
 10
16.855786447208036
 20
163.69267896185974
 10
16.518616294534738
 20
164.2530048697924
 10
16.126620023493906
 20
164.65248607488985
 10
15.700970271012245
 20
164.88783928715998
 10
15.262839674016462
 20
164.95578121661066
 10
14.833400869433255
 20
164.85302857324973
 10
14.433826494189333
 20
164.57629806708513
 10
14.085289185211394
 20
164.12230640812467
 10
13.80896157942615
 20
163.4877703063763
 10
13.626016313760296
 20
162.66940647184785
 10
13.579589555451385
 20
161.9219691457937
 10
13.641735684043397
 20
161.18269618993702
 10
13.79791982349861
 20
160.47227613947342
 10
14.033607097779278
 20
159.8113975295987
 10
14.334262630847686
 20
159.22074889550845
 10
14.685351546666102
 20
158.7210187723984
 10
15.072338969196792
 20
158.33289569546423
 10
15.480690022402037
 20
158.0770681999016
 10
15.895869830244102
 20
157.97422482090616
 10
16.303343516685274
 20
158.04505409367368
 10
16.688576205687802
 20
158.3102445533998
 10
16.820560465102155
 20
158.477089819576
 10
16.939722358091004
 20
158.69746884254232
 10
17.045127247950724
 20
158.96539815013307
 10
17.135840497977693
 20
159.27489427018259
 10
17.21092747146829
 20
159.61997373052515
 10
17.26945353171889
 20
159.99465305899514
 10
17.310484042025877
 20
160.39294878342685
 10
17.33308436568563
 20
160.8088774316546
 10
17.33631986599452
 20
161.23645553151266
 10
17.319255906248927
 20
161.66969961083544
 10
17.280957849745228
 20
162.10262619745723
  0
LWPOLYLINE
  5
62
330
17
100
AcDbEntity
  8
CUT
100
AcDbPolyline
 90
89
 70
1
 10
84.95942225446717
 20
164.05831854734106
 10
82.18109717067932
 20
166.5608154756479
 10
79.26699713792141
 20
169.03971355202975
 10
76.2243491478473
 20
171.49002816994386
 10
73.06038019211081
 20
173.90677472284762
 10
69.78231726236581
 20
176.28496860419835
 10
66.39738735026617
 20
178.61962520745337
 10
62.9128174474657
 20
180.90575992607003
 10
59.33583454561832
 20
183.13838815350562
 10
55.67366563637784
 20
185.3125252832175
 10
51.93353771139814
 20
187.42318670866297
 10
48.12267776233307
 20
189.46538782329935
 10
45.581785546834595
 20
190.78097153806323
 10
43.368305832432306
 20
191.90135786197362
 10
41.45153169919788
 20
192.8380843340348
 10
39.800756227202974
 20
193.60268849325092
 10
38.38527249651928
 20
194.20670787862616
 10
37.17437358721846
 20
194.6616800291648
 10
36.1373525793722
 20
194.97914248387102
 10
35.24350255305216
 20
195.170632781749
 10
34.46211658833003
 20
195.24768846180297
 10
33.76248776527748
 20
195.2218470630371
 10
33.11390916396618
 20
195.10464612445563
 10
32.19891728476333
 20
194.75400855561284
 10
31.138760286836735
 20
194.15216765148458
 10
29.989006946419785
 20
193.35353519870685
 10
28.80522603974582
 20
192.41252298391566
 10
27.64298634304825
 20
191.3835427937471
 10
26.55785663256043
 20
190.32100641483711
 10
25.60540568451576
 20
189.27932563382177
 10
24.8412022751476
 20
188.3129122373371
 10
24.320815180689337
 20
187.47617801201906
 10
24.09981317737435
 20
186.82353474450375
 10
24.23376504143601
 20
186.40939422142714
 10
24.428827697537535
 20
186.2973927076035
 10
24.788944145486838
 20
186.1451871818959
 10
25.30006391713824
 20
185.9570881053129
 10
25.948136544346056
 20
185.73740593886308
 10
26.719111558964634
 20
185.49045114355508
 10
27.59893849284829
 20
185.22053418039752
 10
28.573566877851363
 20
184.93196551039892
 10
29.628946245828182
 20
184.629055594568
 10
30.751026128633065
 20
184.31611489391324
 10
31.925756058120356
 20
183.9974538694433
 10
33.139085566144374
 20
183.6773829821668
 10
36.28599011295531
 20
182.82037333193068
 10
39.395494249688674
 20
181.89626574318186
 10
42.46308141363705
 20
180.90687986979967
 10
45.484235042093026
 20
179.8540353656636
 10
48.45443857234917
 20
178.73955188465303
 10
51.369175441698076
 20
177.5652490806474
 10
54.22392908743232
 20
176.33294660752608
 10
57.01418294684449
 20
175.04446411916854
 10
59.735420457227185
 20
173.70162126945417
 10
62.383125055872966
 20
172.30623771226234
 10
64.95278018007443
 20
170.86013310147257
 10
66.16897101403384
 20
170.15578194946326
 10
67.40544734761761
 20
169.44524239654083
 10
68.64406492838395
 20
168.73863979109092
 10
69.8666795038911
 20
168.0460994814992
 10
71.05514682169726
 20
167.37774681615122
 10
72.19132262936068
 20
166.74370714343263
 10
73.25706267443957
 20
166.1541058117291
 10
74.23422270449214
 20
165.61906816942613
 10
75.10465846707669
 20
165.14871956490944
 10
75.85022570975136
 20
164.7531853465646
 10
76.45278018007443
 20
164.44259086277728
 10
77.96791425042136
 20
163.68880136795036
 10
79.62317237409735
 20
162.88310971794073
 10
81.36174668621209
 20
162.0514950675277
 10
83.12682932187505
 20
161.2199365714906
 10
84.8616124161959
 20
160.41441338460868
 10
86.50928810428425
 20
159.66090466166128
 10
88.01304852124966
 20
158.98538955742762
 10
89.3160858022018
 20
158.4138472266871
 10
90.36159208225024
 20
157.97225682421893
 10
91.09275949650456
 20
157.68659750480245
 10
91.45278018007443
 20
157.58284842321694
 10
91.45022293745885
 20
157.65158001055357
 10
91.29938118789607
 20
157.8549513351079
 10
91.0104998988119
 20
158.18274565213116
 10
90.59382403763215
 20
158.62474621687448
 10
90.05959857178263
 20
159.17073628458917
 10
89.4180684686892
 20
159.81049911052628
 10
88.67947869577768
 20
160.5338179499371
 10
87.8540742204739
 20
161.3304760580728
 10
86.95210001020365
 20
162.19025669018455
 10
85.98380103239282
 20
163.10294310152358
 10
84.95942225446717
 20
164.05831854734106
  0
LWPOLYLINE
  5
63
330
17
100
AcDbEntity
  8
CUT
100
AcDbPolyline
 90
40
 70
1
 10
157.4243081385824
 20
172.91560739530215
 10
156.92334538179784
 20
174.4870189151935
 10
156.42127398504186
 20
176.00805384380462
 10
155.92506878443888
 20
177.4605416238678
 10
155.44170461611293
 20
178.82631169811532
 10
154.97815631618838
 20
180.08719350927944
 10
154.54139872078937
 20
181.22501650009244
 10
154.13840666604025
 20
182.22161011328654
 10
153.77615498806523
 20
183.05880379159402
 10
153.46161852298852
 20
183.71842697774716
 10
153.20177210693438
 20
184.18230911447822
 10
153.00359057602705
 20
184.43227964451944
 10
152.78750346913415
 20
184.54923489047817
 10
152.5435352466135
 20
184.56404575375336
 10
152.27128225926066
 20
184.47626512640528
 10
151.97034085787146
 20
184.2854459004942
 10
151.64030739324153
 20
183.9911409680804
 10
151.28077821616657
 20
183.59290322122413
 10
150.8913496774423
 20
183.09028555198563
 10
150.47161812786445
 20
182.48284085242517
 10
150.02117991822874
 20
181.77012201460303
 10
149.5396313993309
 20
180.95168193057944
 10
149.02656892196651
 20
180.0270734924147
 10
146.14970822096714
 20
174.7088148451516
 10
148.33485838141345
 20
171.64005442306205
 10
148.68417149856717
 20
171.12589898065147
 10
149.07160902028173
 20
170.51329963225174
 10
149.48973577413807
 20
169.81611465617075
 10
149.93111658771704
 20
169.04820233071635
 10
150.3883162885996
 20
168.22342093419638
 10
150.85389970436663
 20
167.35562874491876
 10
151.320431662599
 20
166.4586840411913
 10
151.78047699087767
 20
165.5464451013218
 10
152.22660051678352
 20
164.63277020361824
 10
152.6513670678975
 20
163.73151762638838
 10
153.04734147180048
 20
162.8565456479401
 10
155.57467440174116
 20
157.1417972949077
 10
158.1597695749089
 20
159.72689246807542
 10
160.7448647480766
 20
162.31198764124315
 10
157.4243081385824
 20
172.91560739530215
  0
LWPOLYLINE
  5
64
330
17
100
AcDbEntity
  8
CUT
100
AcDbPolyline
 90
38
 70
1
 10
145.1712996661083
 20
165.95839322673794
 10
146.10380286257288
 20
166.54802490241065
 10
146.8565453832738
 20
167.04366851011477
 10
147.4363032305829
 20
167.46939031584537
 10
147.84985240687183
 20
167.84925658559763
 10
148.10396891451242
 20
168.2073335853667
 10
148.20542875587643
 20
168.5676875811477
 10
148.1610079333356
 20
168.95438483893582
 10
147.97748244926186
 20
169.39149162472614
 10
147.66162830602684
 20
169.90307420451387
 10
147.22022150600236
 20
170.5131988442941
 10
146.6600380515602
 20
171.24593181006196
 10
144.9117676142236
 20
173.5174150923375
 10
141.30475820184708
 20
168.68596908745266
 10
140.4296573512746
 20
167.50721937064242
 10
139.71814470785958
 20
166.52032127093713
 10
139.1617652123299
 20
165.6928076650754
 10
138.7520638054135
 20
164.99221142979582
 10
138.48058542783838
 20
164.38606544183693
 10
138.33887502033244
 20
163.84190257793728
 10
138.31847752362359
 20
163.32725571483545
 10
138.41093787843982
 20
162.80965772926993
 10
138.60780102550908
 20
162.25664149797933
 10
138.90061190555923
 20
161.63573989770222
 10
139.2809154593183
 20
160.91448580517712
 10
140.864082129166
 20
157.97444852778642
 10
141.4154707799224
 20
160.95839322673794
 10
141.53639436295302
 20
161.4778104062517
 10
141.70509465516693
 20
161.9891438094985
 10
141.92034711394447
 20
162.49076324690282
 10
142.18092719666618
 20
162.981038528889
 10
142.4856103607124
 20
163.45833946588152
 10
142.83317206346354
 20
163.92103586830484
 10
143.22238776230003
 20
164.36749754658337
 10
143.65203291460236
 20
164.79609431114147
 10
144.1208829777509
 20
165.20519597240366
 10
144.62771340912607
 20
165.59317234079435
 10
145.1712996661083
 20
165.95839322673794
  0
LWPOLYLINE
  5
65
330
17
100
AcDbEntity
  8
CUT
100
AcDbPolyline
 90
80
 70
1
 10
68.89390981517931
 20
161.0062518996569
 10
69.19946205317444
 20
161.222455159697
 10
69.52983547392367
 20
161.4290616423782
 10
69.8791134733699
 20
161.62375488420003
 10
70.24137944745601
 20
161.80421842166209
 10
70.61071679212492
 20
161.96813579126393
 10
70.9812089033195
 20
162.11319052950512
 10
71.34693917698269
 20
162.23706617288525
 10
71.70199100905737
 20
162.33744625790388
 10
72.04044779548641
 20
162.41201432106055
 10
72.35639293221277
 20
162.45845389885488
 10
72.64390981517931
 20
162.47444852778642
 10
73.47457699886047
 20
162.51586390463152
 10
74.02324857764555
 20
162.6474721966118
 10
74.27693159787671
 20
162.8803166458947
 10
74.22263310589597
 20
163.22544049464773
 10
73.8473601480454
 20
163.69388698503838
 10
73.13811977066715
 20
164.29669935923408
 10
72.08191902010324
 20
165.0449208594024
 10
70.66576494269583
 20
165.94959472771072
 10
68.87666458478694
 20
167.02176420632657
 10
66.7016249927187
 20
168.2724725374174
 10
64.12765321283317
 20
169.71276296315068
 10
61.05975721435944
 20
171.3836536931533
 10
58.155747886173536
 20
172.901926512823
 10
55.3691643125596
 20
174.28633969421256
 10
52.65354557780183
 20
175.5556515093747
 10
49.96243076618445
 20
176.7286202303622
 10
47.24935896199159
 20
177.82400412922772
 10
44.467869249507466
 20
178.86056147802404
 10
41.57150071301629
 20
179.85705054880387
 10
38.51379243680223
 20
180.83222961361997
 10
35.24828350514947
 20
181.80485694452503
 10
31.72851300234222
 20
182.79369081357183
 10
22.50424582461001
 20
185.32037312252805
 10
21.4840899367449
 20
181.64741082515724
 10
21.333803370576298
 20
181.0716267748686
 10
21.19006934598164
 20
180.45339750474983
 10
21.054506224288325
 20
179.80357430210458
 10
20.928732366823724
 20
179.1330084542367
 10
20.814366134915254
 20
178.45255124844988
 10
20.713025889890304
 20
177.77305397204793
 10
20.626329993076254
 20
177.1053679123346
 10
20.555896805800522
 20
176.46034435661363
 10
20.503344689390488
 20
175.84883459218878
 10
20.470292005173548
 20
175.2816899063638
 10
20.458357114477103
 20
174.76976158644248
 10
20.43667136503463
 20
173.89445616707624
 10
20.430968894231675
 20
173.1899329276529
 10
20.52521264742758
 20
172.62534304410562
 10
20.80336556998168
 20
172.16983769236754
 10
21.34939060725332
 20
171.79256804837183
 10
22.247250704601825
 20
171.4626852880516
 10
23.58090880738655
 20
171.14934058734002
 10
25.43432786096683
 20
170.8216851221702
 10
27.89147081070201
 20
170.4488700684753
 10
31.036300601951424
 20
170.00004660218846
 10
34.95278018007442
 20
169.44436589924283
 10
37.3564350672204
 20
169.05512196624835
 10
39.8815911808779
 20
168.56198186278897
 10
42.48717025458037
 20
167.97734241475075
 10
45.13209402186127
 20
167.31360044801977
 10
47.775284216254086
 20
166.58315278848204
 10
50.375662571292274
 20
165.79839626202354
 10
52.89215082050932
 20
164.97172769453033
 10
55.2836706974387
 20
164.11554391188847
 10
57.50914393561387
 20
163.24224173998394
 10
59.5274922685683
 20
162.3642180047028
 10
61.29763742983547
 20
161.49386953193107
 10
62.412150380560774
 20
160.91496788078572
 10
63.36727111374489
 20
160.44776972113291
 10
64.18786751964316
 20
160.0906787408407
 10
64.89880748851093
 20
159.8420986277772
 10
65.52495891060352
 20
159.70043306981052
 10
66.09118967617624
 20
159.66408575480872
 10
66.6223676754845
 20
159.73146037063998
 10
67.14336079878359
 20
159.9009606051723
 10
67.67903693632886
 20
160.17099014627382
 10
68.25426397837566
 20
160.53995268181265
 10
68.89390981517931
 20
161.0062518996569
  0
LWPOLYLINE
  5
66
330
17
100
AcDbEntity
  8
CUT
100
AcDbPolyline
 90
69
 70
1
 10
166.5268211146068
 20
177.4351935179424
 10
166.34974789166256
 20
178.50198651997306
 10
166.1353103367906
 20
179.66784594944693
 10
165.88851946148887
 20
180.91126057493835
 10
165.61438627725514
 20
182.2107191650216
 10
165.3179217955872
 20
183.54471048827097
 10
165.00413702798306
 20
184.89172331326077
 10
164.6780429859405
 20
186.23024640856536
 10
164.34465068095736
 20
187.538768542759
 10
164.00897112453154
 20
188.79577848441602
 10
163.67601532816096
 20
189.9797650021107
 10
163.35079430334335
 20
191.06921686441734
 10
161.21957229084262
 20
197.96931102533347
 10
157.3361762354585
 20
193.5932710292967
 10
156.2463872484535
 20
192.34257291965457
 10
155.35592967007463
 20
191.25401115790152
 10
154.65764786927517
 20
190.2937778509694
 10
154.14438621500807
 20
189.42806510579027
 10
153.80898907622654
 20
188.62306502929601
 10
153.64430082188363
 20
187.84496972841856
 10
153.64316582093258
 20
187.05997131008994
 10
153.7984284423264
 20
186.23426188124205
 10
154.10293305501833
 20
185.33403354880681
 10
154.54952402796138
 20
184.3254784197162
 10
155.13104573010875
 20
183.17478860090222
 10
155.40698072554258
 20
182.6118382527673
 10
155.7267603335133
 20
181.8953069181201
 10
156.0835659840404
 20
181.04352112869475
 10
156.47057910714315
 20
180.07480741622547
 10
156.8809811328409
 20
179.0074923124464
 10
157.30795349115294
 20
177.85990234909178
 10
157.7446776120987
 20
176.65036405789576
 10
158.18433492569753
 20
175.3972039705925
 10
158.62010686196876
 20
174.11874861891621
 10
159.04517485093174
 20
172.83332453460108
 10
159.4527203226058
 20
171.55925824938123
 10
159.95532370564766
 20
169.9972960613551
 10
160.42824371590228
 20
168.6084876596066
 10
160.8746155909076
 20
167.38667038374638
 10
161.29757456820127
 20
166.32568157338505
 10
161.70025588532104
 20
165.41935856813325
 10
162.08579477980473
 20
164.66153870760155
 10
162.45732648919008
 20
164.04605933140056
 10
162.81798625101487
 20
163.56675777914086
 10
163.1709093028169
 20
163.2174713904331
 10
163.51923088213388
 20
162.9920375048879
 10
163.8660862265036
 20
162.8842934621158
 10
164.1338983142265
 20
162.8387632273658
 10
164.4037933074168
 20
162.78108066979604
 10
164.67193988875223
 20
162.7127094804399
 10
164.93450674091073
 20
162.63511335033064
 10
165.18766254657015
 20
162.54975597050162
 10
165.42757598840834
 20
162.4581010319862
 10
165.6504157491032
 20
162.36161222581765
 10
165.85235051133256
 20
162.26175324302932
 10
166.02954895777432
 20
162.15998777465455
 10
166.17817977110636
 20
162.05777951172664
 10
166.29441163400654
 20
161.95659214527893
 10
166.5864945569959
 20
161.89437187608678
 10
166.82716131685257
 20
162.31082764499163
 10
167.01548698206162
 20
163.14435849586283
 10
167.15054662110782
 20
164.3333634725697
 10
167.2314153024761
 20
165.81624161898162
 10
167.25716809465152
 20
167.53139197896792
 10
167.22688006611887
 20
169.41721359639794
 10
167.13962628536316
 20
171.41210551514106
 10
166.9944818208693
 20
173.4544667790666
 10
166.7905217411222
 20
175.48269643204395
 10
166.5268211146068
 20
177.4351935179424
  0
LWPOLYLINE
  5
67
330
17
100
AcDbEntity
  8
CUT
100
AcDbPolyline
 90
34
 70
1
 10
14.95278018007442
 20
179.48814357081858
 10
14.885069089996588
 20
180.74178299078264
 10
14.698059963352158
 20
181.73068600611148
 10
14.415939015524735
 20
182.45740314712833
 10
14.0628924618979
 20
182.92448494415652
 10
13.663106517855248
 20
183.13448192751932
 10
13.240767398780381
 20
183.08994462753998
 10
12.820061320056883
 20
182.79342357454175
 10
12.425174497068362
 20
182.24746929884793
 10
12.080293145198407
 20
181.4546323307818
 10
11.80960347983061
 20
180.4174632006666
 10
11.637291716348567
 20
179.13851243882564
 10
11.577191398449095
 20
178.3171750635351
 10
11.545329283120907
 20
177.6224109110637
 10
11.545390233124447
 20
177.04565561120643
 10
11.58105911122016
 20
176.57834479375828
 10
11.656020780168493
 20
176.2119140885143
 10
11.773960102729895
 20
175.93779912526946
 10
11.938561941664808
 20
175.74743553381882
 10
12.15351115973369
 20
175.6322589439573
 10
12.422492619696975
 20
175.58370498547995
 10
12.74919118431512
 20
175.59320928818178
 10
13.137291716348567
 20
175.6522074818578
 10
13.481595549438808
 20
175.74171580732127
 10
13.784788066558733
 20
175.87195413697293
 10
14.04862241121198
 20
176.04662667856135
 10
14.274851726902185
 20
176.26943763983508
 10
14.465229157132995
 20
176.54409122854267
 10
14.62150784540805
 20
176.8742916524327
 10
14.745440935230981
 20
177.26374311925372
 10
14.83878157010545
 20
177.71614983675425
 10
14.903282893535085
 20
178.23521601268286
 10
14.940698049023528
 20
178.82464585478812
 10
14.95278018007442
 20
179.48814357081858
  0
LWPOLYLINE
  5
68
330
17
100
AcDbEntity
  8
CUT
100
AcDbPolyline
 90
34
 70
1
 10
21.175942827644064
 20
192.44716738582588
 10
21.982408202402
 20
193.01347996147754
 10
22.736878464198668
 20
193.68527221017277
 10
23.42642048025759
 20
194.43666055904373
 10
24.038101117802242
 20
195.2417614352227
 10
24.558987244056112
 20
196.07469126584186
 10
24.9761457262427
 20
196.90956647803347
 10
25.27664343158549
 20
197.7205034989297
 10
25.447547227307986
 20
198.48161875566282
 10
25.475923980633674
 20
199.16702867536503
 10
25.34884055878605
 20
199.75084968516853
 10
25.05336382898861
 20
200.20719821220558
 10
24.306037048482956
 20
200.59238771871333
 10
23.3307678820561
 20
200.5685013400722
 10
22.197183631524815
 20
200.19679618985404
 10
20.97491159870586
 20
199.53852938163075
 10
19.73357908541598
 20
198.6549580289742
 10
18.54281339347195
 20
197.60733924545627
 10
17.472241824690524
 20
196.45693014464885
 10
16.59149168088847
 20
195.26498784012378
 10
15.970190263882543
 20
194.09276944545297
 10
15.6779648754895
 20
193.00153207420828
 10
15.784442817526113
 20
192.0525328399616
 10
15.998223608141885
 20
191.54894256430282
 10
16.22302465791333
 20
191.1500065455696
 10
16.473596252051255
 20
190.85680444101772
 10
16.764688675766457
 20
190.67041590790296
 10
17.111052214269733
 20
190.5919206034811
 10
17.527437152771896
 20
190.62239818500797
 10
18.02859377648374
 20
190.76292830973938
 10
18.62927237061608
 20
191.01459063493104
 10
19.344223220379714
 20
191.37846481783885
 10
20.18819661098544
 20
191.8556305157185
 10
21.175942827644064
 20
192.44716738582588
  0
LWPOLYLINE
  5
69
330
17
100
AcDbEntity
  8
CUT
100
AcDbPolyline
 90
34
 70
1
 10
157.45278018007443
 20
197.15591023760354
 10
157.44538828153304
 20
197.47270872980317
 10
157.42124706591375
 20
197.73015882241916
 10
157.37740825322373
 20
197.92890933204643
 10
157.31092356347017
 20
198.06960907527997
 10
157.21884471666024
 20
198.15290686871475
 10
157.09822343280112
 20
198.17945152894578
 10
156.9461114319
 20
198.149891872568
 10
156.75956043396414
 20
198.06487671617637
 10
156.53562215900064
 20
197.92505487636592
 10
156.27134832701674
 20
197.73107516973158
 10
155.9637906580196
 20
197.4835864128684
 10
155.75060532902273
 20
197.29177508572343
 10
155.5587253589636
 20
197.0893161993261
 10
155.38961948831474
 20
196.87958420062165
 10
155.2447564575484
 20
196.6659535365554
 10
155.12560500713707
 20
196.4517986540726
 10
155.03363387755329
 20
196.24049400011856
 10
154.97031180926942
 20
196.03541402163847
 10
154.93710754275793
 20
195.8399331655777
 10
154.93548981849125
 20
195.65742587888147
 10
154.96692737694184
 20
195.49126660849504
 10
155.0328889585821
 20
195.34482980136374
 10
155.2670648759596
 20
195.05722187459298
 10
155.53184856873796
 20
194.88509492676388
 10
155.8160917246948
 20
194.82010540508213
 10
156.10864603160746
 20
194.8539097567533
 10
156.39836317725366
 20
194.97816442898295
 10
156.67409484941078
 20
195.18452586897675
 10
156.92469273585644
 20
195.46465052394026
 10
157.13900852436808
 20
195.8101948410791
 10
157.30589390272328
 20
196.21281526759884
 10
157.41420055869958
 20
196.66416825070513
 10
157.45278018007443
 20
197.15591023760354
  0
LWPOLYLINE
  5
6A
330
17
100
AcDbEntity
  8
CUT
100
AcDbPolyline
 90
34
 70
1
 10
166.99389869601208
 20
203.5409796841405
 10
167.19648351021183
 20
203.92961422763474
 10
167.305657126412
 20
204.28065546274368
 10
167.3265577896466
 20
204.5902047363932
 10
167.26432374494962
 20
204.85436339550918
 10
167.12409323735503
 20
205.06923278701754
 10
166.91100451189678
 20
205.2309142578442
 10
166.63019581360888
 20
205.33550915491506
 10
166.2868053875254
 20
205.379118825156
 10
165.8859714786802
 20
205.35784461549295
 10
165.43283233210732
 20
205.26778787285178
 10
164.9325261928408
 20
205.10504994415845
 10
164.70273566055852
 20
205.0032981309414
 10
164.49635222963224
 20
204.88469312874025
 10
164.31492859221652
 20
204.75179649356866
 10
164.1600174404657
 20
204.60716978144032
 10
164.03317146653433
 20
204.45337454836897
 10
163.9359433625768
 20
204.2929723503683
 10
163.8698858207476
 20
204.128524743452
 10
163.83655153320117
 20
203.96259328363374
 10
163.83749319209198
 20
203.79773952692727
 10
163.8742634895745
 20
203.63652502934627
 10
163.9484151178031
 20
203.48151134690443
 10
164.18332961858468
 20
203.15699941580618
 10
164.44243072164133
 20
202.89877957862515
 10
164.7204527357275
 20
202.70674901362725
 10
165.01212996959762
 20
202.58080489907832
 10
165.31219673200613
 20
202.52084441324425
 10
165.61538733170744
 20
202.5267647343909
 10
165.91643607745604
 20
202.59846304078414
 10
166.21007727800637
 20
202.73583651068986
 10
166.49104524211288
 20
202.9387823223739
 10
166.75407427852997
 20
203.20719765410215
 10
166.99389869601208
 20
203.5409796841405
  0
LWPOLYLINE
  5
6B
330
17
100
AcDbEntity
  8
CUT
100
AcDbPolyline
 90
34
 70
1
 10
174.71721251144635
 20
205.07221419249169
 10
174.95707981268762
 20
205.40374089023652
 10
175.073368952039
 20
205.77743092486364
 10
175.076909247408
 20
206.17774767292804
 10
174.97853001670202
 20
206.5891545109847
 10
174.78906057782865
 20
206.99611481558867
 10
174.51933024869527
 20
207.383091963295
 10
174.18016834720936
 20
207.73454933065858
 10
173.78240419127843
 20
208.03495029423453
 10
173.3368670988099
 20
208.26875823057782
 10
172.85438638771134
 20
208.42043651624343
 10
172.34579137589012
 20
208.47444852778642
 10
171.80178172020126
 20
208.44840823109743
 10
171.35268190995322
 20
208.37144726135895
 10
170.998922572525
 20
208.2453054990637
 10
170.74093433529538
 20
208.0717228247044
 10
170.57914782564325
 20
207.85243911877384
 10
170.51399367094743
 20
207.5891942617647
 10
170.54590249858686
 20
207.28372813416976
 10
170.67530493594043
 20
206.93778061648172
 10
170.90263161038692
 20
206.55309158919334
 10
171.2283131493053
 20
206.1314009327973
 10
171.65278018007442
 20
205.6744485277864
 10
172.00428840190037
 20
205.3399558661768
 10
172.3337447134066
 20
205.06287950874085
 10
172.64363818707113
 20
204.84273029313226
 10
172.9364578953719
 20
204.6790190570047
 10
173.21469291078697
 20
204.57125663801187
 10
173.48083230579434
 20
204.5189538738075
 10
173.737365152872
 20
204.52162160204526
 10
173.98678052449807
 20
204.57877066037886
 10
174.23156749315044
 20
204.689911886462
 10
174.4742151313072
 20
204.8545561179484
 10
174.71721251144635
 20
205.07221419249169
  0
LWPOLYLINE
  5
6C
330
17
100
AcDbEntity
  8
SHEET_BORDER
 62
3
100
AcDbPolyline
 90
5
 70
0
 10
0.0
 20
0.0
 10
1200.0
 20
0.0
 10
1200.0
 20
600.0
 10
0.0
 20
600.0
 10
0.0
 20
0.0
  0
ENDSEC
  0
SECTION
  2
OBJECTS
  0
DICTIONARY
  5
A
330
0
100
AcDbDictionary
281
1
  3
ACAD_COLOR
350
B
  3
ACAD_GROUP
350
C
  3
ACAD_LAYOUT
350
D
  3
ACAD_MATERIAL
350
E
  3
ACAD_MLEADERSTYLE
350
F
  3
ACAD_MLINESTYLE
350
10
  3
ACAD_PLOTSETTINGS
350
11
  3
ACAD_PLOTSTYLENAME
350
12
  3
ACAD_SCALELIST
350
14
  3
ACAD_TABLESTYLE
350
15
  3
ACAD_VISUALSTYLE
350
16
  3
EZDXF_META
350
2D
  0
DICTIONARY
  5
B
330
A
100
AcDbDictionary
281
1
  0
DICTIONARY
  5
C
330
A
100
AcDbDictionary
281
1
  0
DICTIONARY
  5
D
330
A
100
AcDbDictionary
281
1
  3
Model
350
1A
  3
Layout1
350
1E
  0
DICTIONARY
  5
E
330
A
100
AcDbDictionary
281
1
  3
ByBlock
350
1F
  3
ByLayer
350
20
  3
Global
350
21
  0
DICTIONARY
  5
F
330
A
100
AcDbDictionary
281
1
  3
Standard
350
2C
  0
DICTIONARY
  5
10
330
A
100
AcDbDictionary
281
1
  3
Standard
350
22
  0
DICTIONARY
  5
11
330
A
100
AcDbDictionary
281
1
  0
ACDBDICTIONARYWDFLT
  5
12
330
A
100
AcDbDictionary
281
1
  3
Normal
350
13
100
AcDbDictionaryWithDefault
340
13
  0
ACDBPLACEHOLDER
  5
13
330
12
  0
DICTIONARY
  5
14
330
A
100
AcDbDictionary
281
1
  0
DICTIONARY
  5
15
330
A
100
AcDbDictionary
281
1
  0
DICTIONARY
  5
16
330
A
100
AcDbDictionary
281
1
  0
LAYOUT
  5
1A
330
D
100
AcDbPlotSettings
  1

  4
A3
  6

 40
7.5
 41
20.0
 42
7.5
 43
20.0
 44
420.0
 45
297.0
 46
0.0
 47
0.0
 48
0.0
 49
0.0
140
0.0
141
0.0
142
1.0
143
1.0
 70
1024
 72
1
 73
0
 74
5
  7

 75
16
 76
0
 77
2
 78
300
147
1.0
148
0.0
149
0.0
100
AcDbLayout
  1
Model
 70
1
 71
0
 10
0.0
 20
0.0
 11
420.0
 21
297.0
 12
0.0
 22
0.0
 32
0.0
 14
1e+20
 24
1e+20
 34
1e+20
 15
-1e+20
 25
-1e+20
 35
-1e+20
146
0.0
 13
0.0
 23
0.0
 33
0.0
 16
1.0
 26
0.0
 36
0.0
 17
0.0
 27
1.0
 37
0.0
 76
1
330
17
  0
LAYOUT
  5
1E
330
D
100
AcDbPlotSettings
  1

  4
A3
  6

 40
7.5
 41
20.0
 42
7.5
 43
20.0
 44
420.0
 45
297.0
 46
0.0
 47
0.0
 48
0.0
 49
0.0
140
0.0
141
0.0
142
1.0
143
1.0
 70
0
 72
1
 73
0
 74
5
  7

 75
16
 76
0
 77
2
 78
300
147
1.0
148
0.0
149
0.0
100
AcDbLayout
  1
Layout1
 70
1
 71
1
 10
0.0
 20
0.0
 11
420.0
 21
297.0
 12
0.0
 22
0.0
 32
0.0
 14
1e+20
 24
1e+20
 34
1e+20
 15
-1e+20
 25
-1e+20
 35
-1e+20
146
0.0
 13
0.0
 23
0.0
 33
0.0
 16
1.0
 26
0.0
 36
0.0
 17
0.0
 27
1.0
 37
0.0
 76
1
330
1B
  0
MATERIAL
  5
1F
102
{ACAD_REACTORS
330
E
102
}
330
E
100
AcDbMaterial
  1
ByBlock
  2

 70
0
 40
1.0
 71
1
 41
1.0
 91
-1023410177
 42
1.0
 72
1
  3

 73
1
 74
1
 75
1
 44
0.5
 73
0
 45
1.0
 46
1.0
 77
1
  4

 78
1
 79
1
170
1
 48
1.0
171
1
  6

172
1
173
1
174
1
140
1.0
141
1.0
175
1
  7

176
1
177
1
178
1
143
1.0
179
1
  8

270
1
271
1
272
1
145
1.0
146
1.0
273
1
  9

274
1
275
1
276
1
 42
1.0
 72
1
  3

 73
1
 74
1
 75
1
 94
63
  0
MATERIAL
  5
20
102
{ACAD_REACTORS
330
E
102
}
330
E
100
AcDbMaterial
  1
ByLayer
  2

 70
0
 40
1.0
 71
1
 41
1.0
 91
-1023410177
 42
1.0
 72
1
  3

 73
1
 74
1
 75
1
 44
0.5
 73
0
 45
1.0
 46
1.0
 77
1
  4

 78
1
 79
1
170
1
 48
1.0
171
1
  6

172
1
173
1
174
1
140
1.0
141
1.0
175
1
  7

176
1
177
1
178
1
143
1.0
179
1
  8

270
1
271
1
272
1
145
1.0
146
1.0
273
1
  9

274
1
275
1
276
1
 42
1.0
 72
1
  3

 73
1
 74
1
 75
1
 94
63
  0
MATERIAL
  5
21
102
{ACAD_REACTORS
330
E
102
}
330
E
100
AcDbMaterial
  1
Global
  2

 70
0
 40
1.0
 71
1
 41
1.0
 91
-1023410177
 42
1.0
 72
1
  3

 73
1
 74
1
 75
1
 44
0.5
 73
0
 45
1.0
 46
1.0
 77
1
  4

 78
1
 79
1
170
1
 48
1.0
171
1
  6

172
1
173
1
174
1
140
1.0
141
1.0
175
1
  7

176
1
177
1
178
1
143
1.0
179
1
  8

270
1
271
1
272
1
145
1.0
146
1.0
273
1
  9

274
1
275
1
276
1
 42
1.0
 72
1
  3

 73
1
 74
1
 75
1
 94
63
  0
MLINESTYLE
  5
22
102
{ACAD_REACTORS
330
10
102
}
330
10
100
AcDbMlineStyle
  2
Standard
 70
0
  3

 62
256
 51
90.0
 52
90.0
 71
2
 49
0.5
 62
256
  6
BYLAYER
 49
-0.5
 62
256
  6
BYLAYER
  0
MLEADERSTYLE
  5
2C
102
{ACAD_REACTORS
330
F
102
}
330
F
100
AcDbMLeaderStyle
179
2
170
2
171
1
172
0
 90
2
 40
0.0
 41
0.0
173
1
 91
-1056964608
 92
-2
290
1
 42
2.0
291
1
 43
8.0
  3
Standard
 44
4.0
300

342
29
174
1
175
1
176
0
178
1
 93
-1056964608
 45
4.0
292
0
297
0
 46
4.0
 94
-1056964608
 47
1.0
 49
1.0
140
1.0
294
1
141
0.0
177
0
142
1.0
295
0
296
0
143
3.75
271
0
272
9
273
9
  0
DICTIONARY
  5
2D
330
A
100
AcDbDictionary
280
1
281
1
  3
CREATED_BY_EZDXF
350
2E
  3
WRITTEN_BY_EZDXF
350
6F
  0
DICTIONARYVAR
  5
2E
330
2D
100
DictionaryVariables
280
0
  1
1.4.3 @ 2026-09-12T14:27:54.741142+00:00
  0
DICTIONARYVAR
  5
6F
330
2D
100
DictionaryVariables
280
0
  1
1.4.3 @ 2026-09-12T14:27:54.887164+00:00
  0
ENDSEC
  0
EOF
